10000 195 1 10000
2
3
3
3
3
3
3
3
3
3
3
3
3
3
3
3
3
3
3
3
3
3
3
3
3
3
3
3
3
3
3
3
3
3
3
3
3
3
3
3
3
3
3
3
3
3
3
3
3
3
3
3
3
3
3
3
3
3
3
3
3
3
3
3
3
3
3
3
3
3
3
3
3
3
3
3
3
3
3
3
3
3
3
3
3
3
3
3
3
3
3
3
3
3
3
3
3
3
3
2
3
4
4
4
4
4
4
4
4
4
4
4
4
4
4
4
4
4
4
4
4
4
4
4
4
4
4
4
4
4
4
4
4
4
4
4
4
4
4
4
4
4
4
4
4
4
4
4
4
4
4
4
4
4
4
4
4
4
4
4
4
4
4
4
4
4
4
4
4
4
4
4
4
4
4
4
4
4
4
4
4
4
4
4
4
4
4
4
4
4
4
4
4
4
4
4
4
4
4
3
3
4
4
4
4
4
4
4
4
4
4
4
4
4
4
4
4
4
4
4
4
4
4
4
4
4
4
4
4
4
4
4
4
4
4
4
4
4
4
4
4
4
4
4
4
4
4
4
4
4
4
4
4
4
4
4
4
4
4
4
4
4
4
4
4
4
4
4
4
4
4
4
4
4
4
4
4
4
4
4
4
4
4
4
4
4
4
4
4
4
4
4
4
4
4
4
4
4
4
3
3
4
4
4
4
4
4
4
4
4
4
4
4
4
4
4
4
4
4
4
4
4
4
4
4
4
4
4
4
4
4
4
4
4
4
4
4
4
4
4
4
4
4
4
4
4
4
4
4
4
4
4
4
4
4
4
4
4
4
4
4
4
4
4
4
4
4
4
4
4
4
4
4
4
4
4
4
4
4
4
4
4
4
4
4
4
4
4
4
4
4
4
4
4
4
4
4
4
4
3
3
4
4
4
4
4
4
4
4
4
4
4
4
4
4
4
4
4
4
4
4
4
4
4
4
4
4
4
4
4
4
4
4
4
4
4
4
4
4
4
4
4
4
4
4
4
4
4
4
4
4
4
4
4
4
4
4
4
4
4
4
4
4
4
4
4
4
4
4
4
4
4
4
4
4
4
4
4
4
4
4
4
4
4
4
4
4
4
4
4
4
4
4
4
4
4
4
4
4
3
3
4
4
4
4
4
4
4
4
4
4
4
4
4
4
4
4
4
4
4
4
4
4
4
4
4
4
4
4
4
4
4
4
4
4
4
4
4
4
4
4
4
4
4
4
4
4
4
4
4
4
4
4
4
4
4
4
4
4
4
4
4
4
4
4
4
4
4
4
4
4
4
4
4
4
4
4
4
4
4
4
4
4
4
4
4
4
4
4
4
4
4
4
4
4
4
4
4
4
3
3
4
4
4
4
4
4
4
4
4
4
4
4
4
4
4
4
4
4
4
4
4
4
4
4
4
4
4
4
4
4
4
4
4
4
4
4
4
4
4
4
4
4
4
4
4
4
4
4
4
4
4
4
4
4
4
4
4
4
4
4
4
4
4
4
4
4
4
4
4
4
4
4
4
4
4
4
4
4
4
4
4
4
4
4
4
4
4
4
4
4
4
4
4
4
4
4
4
4
3
3
4
4
4
4
4
4
4
4
4
4
4
4
4
4
4
4
4
4
4
4
4
4
4
4
4
4
4
4
4
4
4
4
4
4
4
4
4
4
4
4
4
4
4
4
4
4
4
4
4
4
4
4
4
4
4
4
4
4
4
4
4
4
4
4
4
4
4
4
4
4
4
4
4
4
4
4
4
4
4
4
4
4
4
4
4
4
4
4
4
4
4
4
4
4
4
4
4
4
3
3
4
4
4
4
4
4
4
4
4
4
4
4
4
4
4
4
4
4
4
4
4
4
4
4
4
4
4
4
4
4
4
4
4
4
4
4
4
4
4
4
4
4
4
4
4
4
4
4
4
4
4
4
4
4
4
4
4
4
4
4
4
4
4
4
4
4
4
4
4
4
4
4
4
4
4
4
4
4
4
4
4
4
4
4
4
4
4
4
4
4
4
4
4
4
4
4
4
4
3
3
4
4
4
4
4
4
4
4
4
4
4
4
4
4
4
4
4
4
4
4
4
4
4
4
4
4
4
4
4
4
4
4
4
4
4
4
4
4
4
4
4
4
4
4
4
4
4
4
4
4
4
4
4
4
4
4
4
4
4
4
4
4
4
4
4
4
4
4
4
4
4
4
4
4
4
4
4
4
4
4
4
4
4
4
4
4
4
4
4
4
4
4
4
4
4
4
4
4
3
3
4
4
4
4
4
4
4
4
4
4
4
4
4
4
4
4
4
4
4
4
4
4
4
4
4
4
4
4
4
4
4
4
4
4
4
4
4
4
4
4
4
4
4
4
4
4
4
4
4
4
4
4
4
4
4
4
4
4
4
4
4
4
4
4
4
4
4
4
4
4
4
4
4
4
4
4
4
4
4
4
4
4
4
4
4
4
4
4
4
4
4
4
4
4
4
4
4
4
3
3
4
4
4
4
4
4
4
4
4
4
4
4
4
4
4
4
4
4
4
4
4
4
4
4
4
4
4
4
4
4
4
4
4
4
4
4
4
4
4
4
4
4
4
4
4
4
4
4
4
4
4
4
4
4
4
4
4
4
4
4
4
4
4
4
4
4
4
4
4
4
4
4
4
4
4
4
4
4
4
4
4
4
4
4
4
4
4
4
4
4
4
4
4
4
4
4
4
4
3
3
4
4
4
4
4
4
4
4
4
4
4
4
4
4
4
4
4
4
4
4
4
4
4
4
4
4
4
4
4
4
4
4
4
4
4
4
4
4
4
4
4
4
4
4
4
4
4
4
4
4
4
4
4
4
4
4
4
4
4
4
4
4
4
4
4
4
4
4
4
4
4
4
4
4
4
4
4
4
4
4
4
4
4
4
4
4
4
4
4
4
4
4
4
4
4
4
4
4
3
3
4
4
4
4
4
4
4
4
4
4
4
4
4
4
4
4
4
4
4
4
4
4
4
4
4
4
4
4
4
4
4
4
4
4
4
4
4
4
4
4
4
4
4
4
4
4
4
4
4
4
4
4
4
4
4
4
4
4
4
4
4
4
4
4
4
4
4
4
4
4
4
4
4
4
4
4
4
4
4
4
4
4
4
4
4
4
4
4
4
4
4
4
4
4
4
4
4
4
3
3
4
4
4
4
4
4
4
4
4
4
4
4
4
4
4
4
4
4
4
4
4
4
4
4
4
4
4
4
4
4
4
4
4
4
4
4
4
4
4
4
4
4
4
4
4
4
4
4
4
4
4
4
4
4
4
4
4
4
4
4
4
4
4
4
4
4
4
4
4
4
4
4
4
4
4
4
4
4
4
4
4
4
4
4
4
4
4
4
4
4
4
4
4
4
4
4
4
4
3
3
4
4
4
4
4
4
4
4
4
4
4
4
4
4
4
4
4
4
4
4
4
4
4
4
4
4
4
4
4
4
4
4
4
4
4
4
4
4
4
4
4
4
4
4
4
4
4
4
4
4
4
4
4
4
4
4
4
4
4
4
4
4
4
4
4
4
4
4
4
4
4
4
4
4
4
4
4
4
4
4
4
4
4
4
4
4
4
4
4
4
4
4
4
4
4
4
4
4
3
3
4
4
4
4
4
4
4
4
4
4
4
4
4
4
4
4
4
4
4
4
4
4
4
4
4
4
4
4
4
4
4
4
4
4
4
4
4
4
4
4
4
4
4
4
4
4
4
4
4
4
4
4
4
4
4
4
4
4
4
4
4
4
4
4
4
4
4
4
4
4
4
4
4
4
4
4
4
4
4
4
4
4
4
4
4
4
4
4
4
4
4
4
4
4
4
4
4
4
3
3
4
4
4
4
4
4
4
4
4
4
4
4
4
4
4
4
4
4
4
4
4
4
4
4
4
4
4
4
4
4
4
4
4
4
4
4
4
4
4
4
4
4
4
4
4
4
4
4
4
4
4
4
4
4
4
4
4
4
4
4
4
4
4
4
4
4
4
4
4
4
4
4
4
4
4
4
4
4
4
4
4
4
4
4
4
4
4
4
4
4
4
4
4
4
4
4
4
4
3
3
4
4
4
4
4
4
4
4
4
4
4
4
4
4
4
4
4
4
4
4
4
4
4
4
4
4
4
4
4
4
4
4
4
4
4
4
4
4
4
4
4
4
4
4
4
4
4
4
4
4
4
4
4
4
4
4
4
4
4
4
4
4
4
4
4
4
4
4
4
4
4
4
4
4
4
4
4
4
4
4
4
4
4
4
4
4
4
4
4
4
4
4
4
4
4
4
4
4
3
3
4
4
4
4
4
4
4
4
4
4
4
4
4
4
4
4
4
4
4
4
4
4
4
4
4
4
4
4
4
4
4
4
4
4
4
4
4
4
4
4
4
4
4
4
4
4
4
4
4
4
4
4
4
4
4
4
4
4
4
4
4
4
4
4
4
4
4
4
4
4
4
4
4
4
4
4
4
4
4
4
4
4
4
4
4
4
4
4
4
4
4
4
4
4
4
4
4
4
3
3
4
4
4
4
4
4
4
4
4
4
4
4
4
4
4
4
4
4
4
4
4
4
4
4
4
4
4
4
4
4
4
4
4
4
4
4
4
4
4
4
4
4
4
4
4
4
4
4
4
4
4
4
4
4
4
4
4
4
4
4
4
4
4
4
4
4
4
4
4
4
4
4
4
4
4
4
4
4
4
4
4
4
4
4
4
4
4
4
4
4
4
4
4
4
4
4
4
4
3
3
4
4
4
4
4
4
4
4
4
4
4
4
4
4
4
4
4
4
4
4
4
4
4
4
4
4
4
4
4
4
4
4
4
4
4
4
4
4
4
4
4
4
4
4
4
4
4
4
4
4
4
4
4
4
4
4
4
4
4
4
4
4
4
4
4
4
4
4
4
4
4
4
4
4
4
4
4
4
4
4
4
4
4
4
4
4
4
4
4
4
4
4
4
4
4
4
4
4
3
3
4
4
4
4
4
4
4
4
4
4
4
4
4
4
4
4
4
4
4
4
4
4
4
4
4
4
4
4
4
4
4
4
4
4
4
4
4
4
4
4
4
4
4
4
4
4
4
4
4
4
4
4
4
4
4
4
4
4
4
4
4
4
4
4
4
4
4
4
4
4
4
4
4
4
4
4
4
4
4
4
4
4
4
4
4
4
4
4
4
4
4
4
4
4
4
4
4
4
3
3
4
4
4
4
4
4
4
4
4
4
4
4
4
4
4
4
4
4
4
4
4
4
4
4
4
4
4
4
4
4
4
4
4
4
4
4
4
4
4
4
4
4
4
4
4
4
4
4
4
4
4
4
4
4
4
4
4
4
4
4
4
4
4
4
4
4
4
4
4
4
4
4
4
4
4
4
4
4
4
4
4
4
4
4
4
4
4
4
4
4
4
4
4
4
4
4
4
4
3
3
4
4
4
4
4
4
4
4
4
4
4
4
4
4
4
4
4
4
4
4
4
4
4
4
4
4
4
4
4
4
4
4
4
4
4
4
4
4
4
4
4
4
4
4
4
4
4
4
4
4
4
4
4
4
4
4
4
4
4
4
4
4
4
4
4
4
4
4
4
4
4
4
4
4
4
4
4
4
4
4
4
4
4
4
4
4
4
4
4
4
4
4
4
4
4
4
4
4
3
3
4
4
4
4
4
4
4
4
4
4
4
4
4
4
4
4
4
4
4
4
4
4
4
4
4
4
4
4
4
4
4
4
4
4
4
4
4
4
4
4
4
4
4
4
4
4
4
4
4
4
4
4
4
4
4
4
4
4
4
4
4
4
4
4
4
4
4
4
4
4
4
4
4
4
4
4
4
4
4
4
4
4
4
4
4
4
4
4
4
4
4
4
4
4
4
4
4
4
3
3
4
4
4
4
4
4
4
4
4
4
4
4
4
4
4
4
4
4
4
4
4
4
4
4
4
4
4
4
4
4
4
4
4
4
4
4
4
4
4
4
4
4
4
4
4
4
4
4
4
4
4
4
4
4
4
4
4
4
4
4
4
4
4
4
4
4
4
4
4
4
4
4
4
4
4
4
4
4
4
4
4
4
4
4
4
4
4
4
4
4
4
4
4
4
4
4
4
4
3
3
4
4
4
4
4
4
4
4
4
4
4
4
4
4
4
4
4
4
4
4
4
4
4
4
4
4
4
4
4
4
4
4
4
4
4
4
4
4
4
4
4
4
4
4
4
4
4
4
4
4
4
4
4
4
4
4
4
4
4
4
4
4
4
4
4
4
4
4
4
4
4
4
4
4
4
4
4
4
4
4
4
4
4
4
4
4
4
4
4
4
4
4
4
4
4
4
4
4
3
3
4
4
4
4
4
4
4
4
4
4
4
4
4
4
4
4
4
4
4
4
4
4
4
4
4
4
4
4
4
4
4
4
4
4
4
4
4
4
4
4
4
4
4
4
4
4
4
4
4
4
4
4
4
4
4
4
4
4
4
4
4
4
4
4
4
4
4
4
4
4
4
4
4
4
4
4
4
4
4
4
4
4
4
4
4
4
4
4
4
4
4
4
4
4
4
4
4
4
3
3
4
4
4
4
4
4
4
4
4
4
4
4
4
4
4
4
4
4
4
4
4
4
4
4
4
4
4
4
4
4
4
4
4
4
4
4
4
4
4
4
4
4
4
4
4
4
4
4
4
4
4
4
4
4
4
4
4
4
4
4
4
4
4
4
4
4
4
4
4
4
4
4
4
4
4
4
4
4
4
4
4
4
4
4
4
4
4
4
4
4
4
4
4
4
4
4
4
4
3
3
4
4
4
4
4
4
4
4
4
4
4
4
4
4
4
4
4
4
4
4
4
4
4
4
4
4
4
4
4
4
4
4
4
4
4
4
4
4
4
4
4
4
4
4
4
4
4
4
4
4
4
4
4
4
4
4
4
4
4
4
4
4
4
4
4
4
4
4
4
4
4
4
4
4
4
4
4
4
4
4
4
4
4
4
4
4
4
4
4
4
4
4
4
4
4
4
4
4
3
3
4
4
4
4
4
4
4
4
4
4
4
4
4
4
4
4
4
4
4
4
4
4
4
4
4
4
4
4
4
4
4
4
4
4
4
4
4
4
4
4
4
4
4
4
4
4
4
4
4
4
4
4
4
4
4
4
4
4
4
4
4
4
4
4
4
4
4
4
4
4
4
4
4
4
4
4
4
4
4
4
4
4
4
4
4
4
4
4
4
4
4
4
4
4
4
4
4
4
3
3
4
4
4
4
4
4
4
4
4
4
4
4
4
4
4
4
4
4
4
4
4
4
4
4
4
4
4
4
4
4
4
4
4
4
4
4
4
4
4
4
4
4
4
4
4
4
4
4
4
4
4
4
4
4
4
4
4
4
4
4
4
4
4
4
4
4
4
4
4
4
4
4
4
4
4
4
4
4
4
4
4
4
4
4
4
4
4
4
4
4
4
4
4
4
4
4
4
4
3
3
4
4
4
4
4
4
4
4
4
4
4
4
4
4
4
4
4
4
4
4
4
4
4
4
4
4
4
4
4
4
4
4
4
4
4
4
4
4
4
4
4
4
4
4
4
4
4
4
4
4
4
4
4
4
4
4
4
4
4
4
4
4
4
4
4
4
4
4
4
4
4
4
4
4
4
4
4
4
4
4
4
4
4
4
4
4
4
4
4
4
4
4
4
4
4
4
4
4
3
3
4
4
4
4
4
4
4
4
4
4
4
4
4
4
4
4
4
4
4
4
4
4
4
4
4
4
4
4
4
4
4
4
4
4
4
4
4
4
4
4
4
4
4
4
4
4
4
4
4
4
4
4
4
4
4
4
4
4
4
4
4
4
4
4
4
4
4
4
4
4
4
4
4
4
4
4
4
4
4
4
4
4
4
4
4
4
4
4
4
4
4
4
4
4
4
4
4
4
3
3
4
4
4
4
4
4
4
4
4
4
4
4
4
4
4
4
4
4
4
4
4
4
4
4
4
4
4
4
4
4
4
4
4
4
4
4
4
4
4
4
4
4
4
4
4
4
4
4
4
4
4
4
4
4
4
4
4
4
4
4
4
4
4
4
4
4
4
4
4
4
4
4
4
4
4
4
4
4
4
4
4
4
4
4
4
4
4
4
4
4
4
4
4
4
4
4
4
4
3
3
4
4
4
4
4
4
4
4
4
4
4
4
4
4
4
4
4
4
4
4
4
4
4
4
4
4
4
4
4
4
4
4
4
4
4
4
4
4
4
4
4
4
4
4
4
4
4
4
4
4
4
4
4
4
4
4
4
4
4
4
4
4
4
4
4
4
4
4
4
4
4
4
4
4
4
4
4
4
4
4
4
4
4
4
4
4
4
4
4
4
4
4
4
4
4
4
4
4
3
3
4
4
4
4
4
4
4
4
4
4
4
4
4
4
4
4
4
4
4
4
4
4
4
4
4
4
4
4
4
4
4
4
4
4
4
4
4
4
4
4
4
4
4
4
4
4
4
4
4
4
4
4
4
4
4
4
4
4
4
4
4
4
4
4
4
4
4
4
4
4
4
4
4
4
4
4
4
4
4
4
4
4
4
4
4
4
4
4
4
4
4
4
4
4
4
4
4
4
3
3
4
4
4
4
4
4
4
4
4
4
4
4
4
4
4
4
4
4
4
4
4
4
4
4
4
4
4
4
4
4
4
4
4
4
4
4
4
4
4
4
4
4
4
4
4
4
4
4
4
4
4
4
4
4
4
4
4
4
4
4
4
4
4
4
4
4
4
4
4
4
4
4
4
4
4
4
4
4
4
4
4
4
4
4
4
4
4
4
4
4
4
4
4
4
4
4
4
4
3
3
4
4
4
4
4
4
4
4
4
4
4
4
4
4
4
4
4
4
4
4
4
4
4
4
4
4
4
4
4
4
4
4
4
4
4
4
4
4
4
4
4
4
4
4
4
4
4
4
4
4
4
4
4
4
4
4
4
4
4
4
4
4
4
4
4
4
4
4
4
4
4
4
4
4
4
4
4
4
4
4
4
4
4
4
4
4
4
4
4
4
4
4
4
4
4
4
4
4
3
3
4
4
4
4
4
4
4
4
4
4
4
4
4
4
4
4
4
4
4
4
4
4
4
4
4
4
4
4
4
4
4
4
4
4
4
4
4
4
4
4
4
4
4
4
4
4
4
4
4
4
4
4
4
4
4
4
4
4
4
4
4
4
4
4
4
4
4
4
4
4
4
4
4
4
4
4
4
4
4
4
4
4
4
4
4
4
4
4
4
4
4
4
4
4
4
4
4
4
3
3
4
4
4
4
4
4
4
4
4
4
4
4
4
4
4
4
4
4
4
4
4
4
4
4
4
4
4
4
4
4
4
4
4
4
4
4
4
4
4
4
4
4
4
4
4
4
4
4
4
4
4
4
4
4
4
4
4
4
4
4
4
4
4
4
4
4
4
4
4
4
4
4
4
4
4
4
4
4
4
4
4
4
4
4
4
4
4
4
4
4
4
4
4
4
4
4
4
4
3
3
4
4
4
4
4
4
4
4
4
4
4
4
4
4
4
4
4
4
4
4
4
4
4
4
4
4
4
4
4
4
4
4
4
4
4
4
4
4
4
4
4
4
4
4
4
4
4
4
4
4
4
4
4
4
4
4
4
4
4
4
4
4
4
4
4
4
4
4
4
4
4
4
4
4
4
4
4
4
4
4
4
4
4
4
4
4
4
4
4
4
4
4
4
4
4
4
4
4
3
3
4
4
4
4
4
4
4
4
4
4
4
4
4
4
4
4
4
4
4
4
4
4
4
4
4
4
4
4
4
4
4
4
4
4
4
4
4
4
4
4
4
4
4
4
4
4
4
4
4
4
4
4
4
4
4
4
4
4
4
4
4
4
4
4
4
4
4
4
4
4
4
4
4
4
4
4
4
4
4
4
4
4
4
4
4
4
4
4
4
4
4
4
4
4
4
4
4
4
3
3
4
4
4
4
4
4
4
4
4
4
4
4
4
4
4
4
4
4
4
4
4
4
4
4
4
4
4
4
4
4
4
4
4
4
4
4
4
4
4
4
4
4
4
4
4
4
4
4
4
4
4
4
4
4
4
4
4
4
4
4
4
4
4
4
4
4
4
4
4
4
4
4
4
4
4
4
4
4
4
4
4
4
4
4
4
4
4
4
4
4
4
4
4
4
4
4
4
4
3
3
4
4
4
4
4
4
4
4
4
4
4
4
4
4
4
4
4
4
4
4
4
4
4
4
4
4
4
4
4
4
4
4
4
4
4
4
4
4
4
4
4
4
4
4
4
4
4
4
4
4
4
4
4
4
4
4
4
4
4
4
4
4
4
4
4
4
4
4
4
4
4
4
4
4
4
4
4
4
4
4
4
4
4
4
4
4
4
4
4
4
4
4
4
4
4
4
4
4
3
3
4
4
4
4
4
4
4
4
4
4
4
4
4
4
4
4
4
4
4
4
4
4
4
4
4
4
4
4
4
4
4
4
4
4
4
4
4
4
4
4
4
4
4
4
4
4
4
4
4
4
4
4
4
4
4
4
4
4
4
4
4
4
4
4
4
4
4
4
4
4
4
4
4
4
4
4
4
4
4
4
4
4
4
4
4
4
4
4
4
4
4
4
4
4
4
4
4
4
3
3
4
4
4
4
4
4
4
4
4
4
4
4
4
4
4
4
4
4
4
4
4
4
4
4
4
4
4
4
4
4
4
4
4
4
4
4
4
4
4
4
4
4
4
4
4
4
4
4
4
4
4
4
4
4
4
4
4
4
4
4
4
4
4
4
4
4
4
4
4
4
4
4
4
4
4
4
4
4
4
4
4
4
4
4
4
4
4
4
4
4
4
4
4
4
4
4
4
4
3
3
4
4
4
4
4
4
4
4
4
4
4
4
4
4
4
4
4
4
4
4
4
4
4
4
4
4
4
4
4
4
4
4
4
4
4
4
4
4
4
4
4
4
4
4
4
4
4
4
4
4
4
4
4
4
4
4
4
4
4
4
4
4
4
4
4
4
4
4
4
4
4
4
4
4
4
4
4
4
4
4
4
4
4
4
4
4
4
4
4
4
4
4
4
4
4
4
4
4
3
3
4
4
4
4
4
4
4
4
4
4
4
4
4
4
4
4
4
4
4
4
4
4
4
4
4
4
4
4
4
4
4
4
4
4
4
4
4
4
4
4
4
4
4
4
4
4
4
4
4
4
4
4
4
4
4
4
4
4
4
4
4
4
4
4
4
4
4
4
4
4
4
4
4
4
4
4
4
4
4
4
4
4
4
4
4
4
4
4
4
4
4
4
4
4
4
4
4
4
3
3
4
4
4
4
4
4
4
4
4
4
4
4
4
4
4
4
4
4
4
4
4
4
4
4
4
4
4
4
4
4
4
4
4
4
4
4
4
4
4
4
4
4
4
4
4
4
4
4
4
4
4
4
4
4
4
4
4
4
4
4
4
4
4
4
4
4
4
4
4
4
4
4
4
4
4
4
4
4
4
4
4
4
4
4
4
4
4
4
4
4
4
4
4
4
4
4
4
4
3
3
4
4
4
4
4
4
4
4
4
4
4
4
4
4
4
4
4
4
4
4
4
4
4
4
4
4
4
4
4
4
4
4
4
4
4
4
4
4
4
4
4
4
4
4
4
4
4
4
4
4
4
4
4
4
4
4
4
4
4
4
4
4
4
4
4
4
4
4
4
4
4
4
4
4
4
4
4
4
4
4
4
4
4
4
4
4
4
4
4
4
4
4
4
4
4
4
4
4
3
3
4
4
4
4
4
4
4
4
4
4
4
4
4
4
4
4
4
4
4
4
4
4
4
4
4
4
4
4
4
4
4
4
4
4
4
4
4
4
4
4
4
4
4
4
4
4
4
4
4
4
4
4
4
4
4
4
4
4
4
4
4
4
4
4
4
4
4
4
4
4
4
4
4
4
4
4
4
4
4
4
4
4
4
4
4
4
4
4
4
4
4
4
4
4
4
4
4
4
3
3
4
4
4
4
4
4
4
4
4
4
4
4
4
4
4
4
4
4
4
4
4
4
4
4
4
4
4
4
4
4
4
4
4
4
4
4
4
4
4
4
4
4
4
4
4
4
4
4
4
4
4
4
4
4
4
4
4
4
4
4
4
4
4
4
4
4
4
4
4
4
4
4
4
4
4
4
4
4
4
4
4
4
4
4
4
4
4
4
4
4
4
4
4
4
4
4
4
4
3
3
4
4
4
4
4
4
4
4
4
4
4
4
4
4
4
4
4
4
4
4
4
4
4
4
4
4
4
4
4
4
4
4
4
4
4
4
4
4
4
4
4
4
4
4
4
4
4
4
4
4
4
4
4
4
4
4
4
4
4
4
4
4
4
4
4
4
4
4
4
4
4
4
4
4
4
4
4
4
4
4
4
4
4
4
4
4
4
4
4
4
4
4
4
4
4
4
4
4
3
3
4
4
4
4
4
4
4
4
4
4
4
4
4
4
4
4
4
4
4
4
4
4
4
4
4
4
4
4
4
4
4
4
4
4
4
4
4
4
4
4
4
4
4
4
4
4
4
4
4
4
4
4
4
4
4
4
4
4
4
4
4
4
4
4
4
4
4
4
4
4
4
4
4
4
4
4
4
4
4
4
4
4
4
4
4
4
4
4
4
4
4
4
4
4
4
4
4
4
3
3
4
4
4
4
4
4
4
4
4
4
4
4
4
4
4
4
4
4
4
4
4
4
4
4
4
4
4
4
4
4
4
4
4
4
4
4
4
4
4
4
4
4
4
4
4
4
4
4
4
4
4
4
4
4
4
4
4
4
4
4
4
4
4
4
4
4
4
4
4
4
4
4
4
4
4
4
4
4
4
4
4
4
4
4
4
4
4
4
4
4
4
4
4
4
4
4
4
4
3
3
4
4
4
4
4
4
4
4
4
4
4
4
4
4
4
4
4
4
4
4
4
4
4
4
4
4
4
4
4
4
4
4
4
4
4
4
4
4
4
4
4
4
4
4
4
4
4
4
4
4
4
4
4
4
4
4
4
4
4
4
4
4
4
4
4
4
4
4
4
4
4
4
4
4
4
4
4
4
4
4
4
4
4
4
4
4
4
4
4
4
4
4
4
4
4
4
4
4
3
3
4
4
4
4
4
4
4
4
4
4
4
4
4
4
4
4
4
4
4
4
4
4
4
4
4
4
4
4
4
4
4
4
4
4
4
4
4
4
4
4
4
4
4
4
4
4
4
4
4
4
4
4
4
4
4
4
4
4
4
4
4
4
4
4
4
4
4
4
4
4
4
4
4
4
4
4
4
4
4
4
4
4
4
4
4
4
4
4
4
4
4
4
4
4
4
4
4
4
3
3
4
4
4
4
4
4
4
4
4
4
4
4
4
4
4
4
4
4
4
4
4
4
4
4
4
4
4
4
4
4
4
4
4
4
4
4
4
4
4
4
4
4
4
4
4
4
4
4
4
4
4
4
4
4
4
4
4
4
4
4
4
4
4
4
4
4
4
4
4
4
4
4
4
4
4
4
4
4
4
4
4
4
4
4
4
4
4
4
4
4
4
4
4
4
4
4
4
4
3
3
4
4
4
4
4
4
4
4
4
4
4
4
4
4
4
4
4
4
4
4
4
4
4
4
4
4
4
4
4
4
4
4
4
4
4
4
4
4
4
4
4
4
4
4
4
4
4
4
4
4
4
4
4
4
4
4
4
4
4
4
4
4
4
4
4
4
4
4
4
4
4
4
4
4
4
4
4
4
4
4
4
4
4
4
4
4
4
4
4
4
4
4
4
4
4
4
4
4
3
3
4
4
4
4
4
4
4
4
4
4
4
4
4
4
4
4
4
4
4
4
4
4
4
4
4
4
4
4
4
4
4
4
4
4
4
4
4
4
4
4
4
4
4
4
4
4
4
4
4
4
4
4
4
4
4
4
4
4
4
4
4
4
4
4
4
4
4
4
4
4
4
4
4
4
4
4
4
4
4
4
4
4
4
4
4
4
4
4
4
4
4
4
4
4
4
4
4
4
3
3
4
4
4
4
4
4
4
4
4
4
4
4
4
4
4
4
4
4
4
4
4
4
4
4
4
4
4
4
4
4
4
4
4
4
4
4
4
4
4
4
4
4
4
4
4
4
4
4
4
4
4
4
4
4
4
4
4
4
4
4
4
4
4
4
4
4
4
4
4
4
4
4
4
4
4
4
4
4
4
4
4
4
4
4
4
4
4
4
4
4
4
4
4
4
4
4
4
4
3
3
4
4
4
4
4
4
4
4
4
4
4
4
4
4
4
4
4
4
4
4
4
4
4
4
4
4
4
4
4
4
4
4
4
4
4
4
4
4
4
4
4
4
4
4
4
4
4
4
4
4
4
4
4
4
4
4
4
4
4
4
4
4
4
4
4
4
4
4
4
4
4
4
4
4
4
4
4
4
4
4
4
4
4
4
4
4
4
4
4
4
4
4
4
4
4
4
4
4
3
3
4
4
4
4
4
4
4
4
4
4
4
4
4
4
4
4
4
4
4
4
4
4
4
4
4
4
4
4
4
4
4
4
4
4
4
4
4
4
4
4
4
4
4
4
4
4
4
4
4
4
4
4
4
4
4
4
4
4
4
4
4
4
4
4
4
4
4
4
4
4
4
4
4
4
4
4
4
4
4
4
4
4
4
4
4
4
4
4
4
4
4
4
4
4
4
4
4
4
3
3
4
4
4
4
4
4
4
4
4
4
4
4
4
4
4
4
4
4
4
4
4
4
4
4
4
4
4
4
4
4
4
4
4
4
4
4
4
4
4
4
4
4
4
4
4
4
4
4
4
4
4
4
4
4
4
4
4
4
4
4
4
4
4
4
4
4
4
4
4
4
4
4
4
4
4
4
4
4
4
4
4
4
4
4
4
4
4
4
4
4
4
4
4
4
4
4
4
4
3
3
4
4
4
4
4
4
4
4
4
4
4
4
4
4
4
4
4
4
4
4
4
4
4
4
4
4
4
4
4
4
4
4
4
4
4
4
4
4
4
4
4
4
4
4
4
4
4
4
4
4
4
4
4
4
4
4
4
4
4
4
4
4
4
4
4
4
4
4
4
4
4
4
4
4
4
4
4
4
4
4
4
4
4
4
4
4
4
4
4
4
4
4
4
4
4
4
4
4
3
3
4
4
4
4
4
4
4
4
4
4
4
4
4
4
4
4
4
4
4
4
4
4
4
4
4
4
4
4
4
4
4
4
4
4
4
4
4
4
4
4
4
4
4
4
4
4
4
4
4
4
4
4
4
4
4
4
4
4
4
4
4
4
4
4
4
4
4
4
4
4
4
4
4
4
4
4
4
4
4
4
4
4
4
4
4
4
4
4
4
4
4
4
4
4
4
4
4
4
3
3
4
4
4
4
4
4
4
4
4
4
4
4
4
4
4
4
4
4
4
4
4
4
4
4
4
4
4
4
4
4
4
4
4
4
4
4
4
4
4
4
4
4
4
4
4
4
4
4
4
4
4
4
4
4
4
4
4
4
4
4
4
4
4
4
4
4
4
4
4
4
4
4
4
4
4
4
4
4
4
4
4
4
4
4
4
4
4
4
4
4
4
4
4
4
4
4
4
4
3
3
4
4
4
4
4
4
4
4
4
4
4
4
4
4
4
4
4
4
4
4
4
4
4
4
4
4
4
4
4
4
4
4
4
4
4
4
4
4
4
4
4
4
4
4
4
4
4
4
4
4
4
4
4
4
4
4
4
4
4
4
4
4
4
4
4
4
4
4
4
4
4
4
4
4
4
4
4
4
4
4
4
4
4
4
4
4
4
4
4
4
4
4
4
4
4
4
4
4
3
3
4
4
4
4
4
4
4
4
4
4
4
4
4
4
4
4
4
4
4
4
4
4
4
4
4
4
4
4
4
4
4
4
4
4
4
4
4
4
4
4
4
4
4
4
4
4
4
4
4
4
4
4
4
4
4
4
4
4
4
4
4
4
4
4
4
4
4
4
4
4
4
4
4
4
4
4
4
4
4
4
4
4
4
4
4
4
4
4
4
4
4
4
4
4
4
4
4
4
3
3
4
4
4
4
4
4
4
4
4
4
4
4
4
4
4
4
4
4
4
4
4
4
4
4
4
4
4
4
4
4
4
4
4
4
4
4
4
4
4
4
4
4
4
4
4
4
4
4
4
4
4
4
4
4
4
4
4
4
4
4
4
4
4
4
4
4
4
4
4
4
4
4
4
4
4
4
4
4
4
4
4
4
4
4
4
4
4
4
4
4
4
4
4
4
4
4
4
4
3
3
4
4
4
4
4
4
4
4
4
4
4
4
4
4
4
4
4
4
4
4
4
4
4
4
4
4
4
4
4
4
4
4
4
4
4
4
4
4
4
4
4
4
4
4
4
4
4
4
4
4
4
4
4
4
4
4
4
4
4
4
4
4
4
4
4
4
4
4
4
4
4
4
4
4
4
4
4
4
4
4
4
4
4
4
4
4
4
4
4
4
4
4
4
4
4
4
4
4
3
3
4
4
4
4
4
4
4
4
4
4
4
4
4
4
4
4
4
4
4
4
4
4
4
4
4
4
4
4
4
4
4
4
4
4
4
4
4
4
4
4
4
4
4
4
4
4
4
4
4
4
4
4
4
4
4
4
4
4
4
4
4
4
4
4
4
4
4
4
4
4
4
4
4
4
4
4
4
4
4
4
4
4
4
4
4
4
4
4
4
4
4
4
4
4
4
4
4
4
3
3
4
4
4
4
4
4
4
4
4
4
4
4
4
4
4
4
4
4
4
4
4
4
4
4
4
4
4
4
4
4
4
4
4
4
4
4
4
4
4
4
4
4
4
4
4
4
4
4
4
4
4
4
4
4
4
4
4
4
4
4
4
4
4
4
4
4
4
4
4
4
4
4
4
4
4
4
4
4
4
4
4
4
4
4
4
4
4
4
4
4
4
4
4
4
4
4
4
4
3
3
4
4
4
4
4
4
4
4
4
4
4
4
4
4
4
4
4
4
4
4
4
4
4
4
4
4
4
4
4
4
4
4
4
4
4
4
4
4
4
4
4
4
4
4
4
4
4
4
4
4
4
4
4
4
4
4
4
4
4
4
4
4
4
4
4
4
4
4
4
4
4
4
4
4
4
4
4
4
4
4
4
4
4
4
4
4
4
4
4
4
4
4
4
4
4
4
4
4
3
3
4
4
4
4
4
4
4
4
4
4
4
4
4
4
4
4
4
4
4
4
4
4
4
4
4
4
4
4
4
4
4
4
4
4
4
4
4
4
4
4
4
4
4
4
4
4
4
4
4
4
4
4
4
4
4
4
4
4
4
4
4
4
4
4
4
4
4
4
4
4
4
4
4
4
4
4
4
4
4
4
4
4
4
4
4
4
4
4
4
4
4
4
4
4
4
4
4
4
3
3
4
4
4
4
4
4
4
4
4
4
4
4
4
4
4
4
4
4
4
4
4
4
4
4
4
4
4
4
4
4
4
4
4
4
4
4
4
4
4
4
4
4
4
4
4
4
4
4
4
4
4
4
4
4
4
4
4
4
4
4
4
4
4
4
4
4
4
4
4
4
4
4
4
4
4
4
4
4
4
4
4
4
4
4
4
4
4
4
4
4
4
4
4
4
4
4
4
4
3
3
4
4
4
4
4
4
4
4
4
4
4
4
4
4
4
4
4
4
4
4
4
4
4
4
4
4
4
4
4
4
4
4
4
4
4
4
4
4
4
4
4
4
4
4
4
4
4
4
4
4
4
4
4
4
4
4
4
4
4
4
4
4
4
4
4
4
4
4
4
4
4
4
4
4
4
4
4
4
4
4
4
4
4
4
4
4
4
4
4
4
4
4
4
4
4
4
4
4
3
3
4
4
4
4
4
4
4
4
4
4
4
4
4
4
4
4
4
4
4
4
4
4
4
4
4
4
4
4
4
4
4
4
4
4
4
4
4
4
4
4
4
4
4
4
4
4
4
4
4
4
4
4
4
4
4
4
4
4
4
4
4
4
4
4
4
4
4
4
4
4
4
4
4
4
4
4
4
4
4
4
4
4
4
4
4
4
4
4
4
4
4
4
4
4
4
4
4
4
3
3
4
4
4
4
4
4
4
4
4
4
4
4
4
4
4
4
4
4
4
4
4
4
4
4
4
4
4
4
4
4
4
4
4
4
4
4
4
4
4
4
4
4
4
4
4
4
4
4
4
4
4
4
4
4
4
4
4
4
4
4
4
4
4
4
4
4
4
4
4
4
4
4
4
4
4
4
4
4
4
4
4
4
4
4
4
4
4
4
4
4
4
4
4
4
4
4
4
4
3
3
4
4
4
4
4
4
4
4
4
4
4
4
4
4
4
4
4
4
4
4
4
4
4
4
4
4
4
4
4
4
4
4
4
4
4
4
4
4
4
4
4
4
4
4
4
4
4
4
4
4
4
4
4
4
4
4
4
4
4
4
4
4
4
4
4
4
4
4
4
4
4
4
4
4
4
4
4
4
4
4
4
4
4
4
4
4
4
4
4
4
4
4
4
4
4
4
4
4
3
3
4
4
4
4
4
4
4
4
4
4
4
4
4
4
4
4
4
4
4
4
4
4
4
4
4
4
4
4
4
4
4
4
4
4
4
4
4
4
4
4
4
4
4
4
4
4
4
4
4
4
4
4
4
4
4
4
4
4
4
4
4
4
4
4
4
4
4
4
4
4
4
4
4
4
4
4
4
4
4
4
4
4
4
4
4
4
4
4
4
4
4
4
4
4
4
4
4
4
3
3
4
4
4
4
4
4
4
4
4
4
4
4
4
4
4
4
4
4
4
4
4
4
4
4
4
4
4
4
4
4
4
4
4
4
4
4
4
4
4
4
4
4
4
4
4
4
4
4
4
4
4
4
4
4
4
4
4
4
4
4
4
4
4
4
4
4
4
4
4
4
4
4
4
4
4
4
4
4
4
4
4
4
4
4
4
4
4
4
4
4
4
4
4
4
4
4
4
4
3
3
4
4
4
4
4
4
4
4
4
4
4
4
4
4
4
4
4
4
4
4
4
4
4
4
4
4
4
4
4
4
4
4
4
4
4
4
4
4
4
4
4
4
4
4
4
4
4
4
4
4
4
4
4
4
4
4
4
4
4
4
4
4
4
4
4
4
4
4
4
4
4
4
4
4
4
4
4
4
4
4
4
4
4
4
4
4
4
4
4
4
4
4
4
4
4
4
4
4
3
3
4
4
4
4
4
4
4
4
4
4
4
4
4
4
4
4
4
4
4
4
4
4
4
4
4
4
4
4
4
4
4
4
4
4
4
4
4
4
4
4
4
4
4
4
4
4
4
4
4
4
4
4
4
4
4
4
4
4
4
4
4
4
4
4
4
4
4
4
4
4
4
4
4
4
4
4
4
4
4
4
4
4
4
4
4
4
4
4
4
4
4
4
4
4
4
4
4
4
3
3
4
4
4
4
4
4
4
4
4
4
4
4
4
4
4
4
4
4
4
4
4
4
4
4
4
4
4
4
4
4
4
4
4
4
4
4
4
4
4
4
4
4
4
4
4
4
4
4
4
4
4
4
4
4
4
4
4
4
4
4
4
4
4
4
4
4
4
4
4
4
4
4
4
4
4
4
4
4
4
4
4
4
4
4
4
4
4
4
4
4
4
4
4
4
4
4
4
4
3
3
4
4
4
4
4
4
4
4
4
4
4
4
4
4
4
4
4
4
4
4
4
4
4
4
4
4
4
4
4
4
4
4
4
4
4
4
4
4
4
4
4
4
4
4
4
4
4
4
4
4
4
4
4
4
4
4
4
4
4
4
4
4
4
4
4
4
4
4
4
4
4
4
4
4
4
4
4
4
4
4
4
4
4
4
4
4
4
4
4
4
4
4
4
4
4
4
4
4
3
3
4
4
4
4
4
4
4
4
4
4
4
4
4
4
4
4
4
4
4
4
4
4
4
4
4
4
4
4
4
4
4
4
4
4
4
4
4
4
4
4
4
4
4
4
4
4
4
4
4
4
4
4
4
4
4
4
4
4
4
4
4
4
4
4
4
4
4
4
4
4
4
4
4
4
4
4
4
4
4
4
4
4
4
4
4
4
4
4
4
4
4
4
4
4
4
4
4
4
3
3
4
4
4
4
4
4
4
4
4
4
4
4
4
4
4
4
4
4
4
4
4
4
4
4
4
4
4
4
4
4
4
4
4
4
4
4
4
4
4
4
4
4
4
4
4
4
4
4
4
4
4
4
4
4
4
4
4
4
4
4
4
4
4
4
4
4
4
4
4
4
4
4
4
4
4
4
4
4
4
4
4
4
4
4
4
4
4
4
4
4
4
4
4
4
4
4
4
4
3
3
4
4
4
4
4
4
4
4
4
4
4
4
4
4
4
4
4
4
4
4
4
4
4
4
4
4
4
4
4
4
4
4
4
4
4
4
4
4
4
4
4
4
4
4
4
4
4
4
4
4
4
4
4
4
4
4
4
4
4
4
4
4
4
4
4
4
4
4
4
4
4
4
4
4
4
4
4
4
4
4
4
4
4
4
4
4
4
4
4
4
4
4
4
4
4
4
4
4
3
3
4
4
4
4
4
4
4
4
4
4
4
4
4
4
4
4
4
4
4
4
4
4
4
4
4
4
4
4
4
4
4
4
4
4
4
4
4
4
4
4
4
4
4
4
4
4
4
4
4
4
4
4
4
4
4
4
4
4
4
4
4
4
4
4
4
4
4
4
4
4
4
4
4
4
4
4
4
4
4
4
4
4
4
4
4
4
4
4
4
4
4
4
4
4
4
4
4
4
3
3
4
4
4
4
4
4
4
4
4
4
4
4
4
4
4
4
4
4
4
4
4
4
4
4
4
4
4
4
4
4
4
4
4
4
4
4
4
4
4
4
4
4
4
4
4
4
4
4
4
4
4
4
4
4
4
4
4
4
4
4
4
4
4
4
4
4
4
4
4
4
4
4
4
4
4
4
4
4
4
4
4
4
4
4
4
4
4
4
4
4
4
4
4
4
4
4
4
4
3
3
4
4
4
4
4
4
4
4
4
4
4
4
4
4
4
4
4
4
4
4
4
4
4
4
4
4
4
4
4
4
4
4
4
4
4
4
4
4
4
4
4
4
4
4
4
4
4
4
4
4
4
4
4
4
4
4
4
4
4
4
4
4
4
4
4
4
4
4
4
4
4
4
4
4
4
4
4
4
4
4
4
4
4
4
4
4
4
4
4
4
4
4
4
4
4
4
4
4
3
3
4
4
4
4
4
4
4
4
4
4
4
4
4
4
4
4
4
4
4
4
4
4
4
4
4
4
4
4
4
4
4
4
4
4
4
4
4
4
4
4
4
4
4
4
4
4
4
4
4
4
4
4
4
4
4
4
4
4
4
4
4
4
4
4
4
4
4
4
4
4
4
4
4
4
4
4
4
4
4
4
4
4
4
4
4
4
4
4
4
4
4
4
4
4
4
4
4
4
3
3
4
4
4
4
4
4
4
4
4
4
4
4
4
4
4
4
4
4
4
4
4
4
4
4
4
4
4
4
4
4
4
4
4
4
4
4
4
4
4
4
4
4
4
4
4
4
4
4
4
4
4
4
4
4
4
4
4
4
4
4
4
4
4
4
4
4
4
4
4
4
4
4
4
4
4
4
4
4
4
4
4
4
4
4
4
4
4
4
4
4
4
4
4
4
4
4
4
4
3
3
4
4
4
4
4
4
4
4
4
4
4
4
4
4
4
4
4
4
4
4
4
4
4
4
4
4
4
4
4
4
4
4
4
4
4
4
4
4
4
4
4
4
4
4
4
4
4
4
4
4
4
4
4
4
4
4
4
4
4
4
4
4
4
4
4
4
4
4
4
4
4
4
4
4
4
4
4
4
4
4
4
4
4
4
4
4
4
4
4
4
4
4
4
4
4
4
4
4
3
3
4
4
4
4
4
4
4
4
4
4
4
4
4
4
4
4
4
4
4
4
4
4
4
4
4
4
4
4
4
4
4
4
4
4
4
4
4
4
4
4
4
4
4
4
4
4
4
4
4
4
4
4
4
4
4
4
4
4
4
4
4
4
4
4
4
4
4
4
4
4
4
4
4
4
4
4
4
4
4
4
4
4
4
4
4
4
4
4
4
4
4
4
4
4
4
4
4
4
3
3
4
4
4
4
4
4
4
4
4
4
4
4
4
4
4
4
4
4
4
4
4
4
4
4
4
4
4
4
4
4
4
4
4
4
4
4
4
4
4
4
4
4
4
4
4
4
4
4
4
4
4
4
4
4
4
4
4
4
4
4
4
4
4
4
4
4
4
4
4
4
4
4
4
4
4
4
4
4
4
4
4
4
4
4
4
4
4
4
4
4
4
4
4
4
4
4
4
4
3
2
3
3
3
3
3
3
3
3
3
3
3
3
3
3
3
3
3
3
3
3
3
3
3
3
3
3
3
3
3
3
3
3
3
3
3
3
3
3
3
3
3
3
3
3
3
3
3
3
3
3
3
3
3
3
3
3
3
3
3
3
3
3
3
3
3
3
3
3
3
3
3
3
3
3
3
3
3
3
3
3
3
3
3
3
3
3
3
3
3
3
3
3
3
3
3
3
3
3
2
101 51 1378
2 29 275
102 70 4033
3 87 4596
1 43 2305
103 17 181
4 75 2654
2 45 373
104 46 3000
5 45 3476
3 18 1899
105 71 3675
6 75 5238
4 71 142
106 90 1417
7 82 3625
5 78 46
107 100 4073
8 91 1097
6 75 3012
108 73 2562
9 68 5647
7 48 2540
109 18 732
10 35 4346
8 37 2351
110 85 4477
11 80 646
9 24 3784
111 97 3540
12 13 4680
10 98 3596
112 20 987
13 65 4808
11 75 3688
113 43 1755
14 33 5070
12 70 3749
114 96 4204
15 88 3470
13 48 3971
115 36 4775
16 93 1843
14 63 2141
116 63 5523
17 32 809
15 33 2845
117 78 2828
18 35 2057
16 96 983
118 71 3326
19 48 3088
17 97 897
119 38 5447
20 38 4313
18 18 2224
120 72 4182
21 30 2779
19 37 5316
121 43 5227
22 44 2177
20 94 3585
122 66 3126
23 23 1131
21 54 278
123 68 1901
24 42 24
22 10 152
124 40 360
25 84 2631
23 27 5433
125 42 2946
26 85 910
24 49 5263
126 72 346
27 42 3805
25 68 1878
127 47 3488
28 14 5741
26 90 3334
128 41 3717
29 35 5685
27 24 3466
129 67 5612
30 99 2821
28 61 5314
130 33 2013
31 42 842
29 49 2599
131 44 5545
32 19 5811
30 12 343
132 27 4571
33 79 5751
31 10 3417
133 85 4270
34 93 4975
32 99 3275
134 93 351
35 68 434
33 36 1144
135 63 595
36 10 5828
34 59 801
136 28 2708
37 36 5108
35 45 5495
137 34 2545
38 25 1994
36 25 4067
138 14 1164
39 48 5030
37 73 3112
139 63 1800
40 40 1445
38 71 2454
140 64 1059
41 76 2708
39 11 4658
141 33 2662
42 75 3352
40 65 1088
142 58 222
43 32 4699
41 13 3397
143 72 479
44 94 553
42 22 807
144 87 396
45 15 57
43 65 288
145 24 253
46 61 2930
44 10 3653
146 27 1989
47 60 5427
45 34 700
147 40 4563
48 14 3370
46 77 5556
148 87 557
49 45 3914
47 74 3127
149 23 3720
50 12 2555
48 98 4944
150 47 2798
51 76 2826
49 82 2752
151 72 4772
52 31 2306
50 71 761
152 85 1445
53 72 4126
51 89 118
153 76 4774
54 21 2525
52 68 4714
154 15 2156
55 83 631
53 69 4637
155 84 1649
56 69 1686
54 64 1221
156 88 2079
57 44 4513
55 36 3393
157 66 3425
58 33 2501
56 61 2942
158 26 2593
59 80 4643
57 10 323
159 12 4403
60 80 4881
58 36 382
160 16 690
61 30 2474
59 26 4424
161 87 4696
62 22 2073
60 13 5132
162 93 1399
63 76 5096
61 30 4599
163 55 825
64 74 5496
62 23 5556
164 97 4638
65 64 5667
63 16 4374
165 58 4267
66 16 5321
64 16 1254
166 51 3494
67 72 2551
65 91 4053
167 45 5246
68 27 5689
66 27 1439
168 92 4622
69 97 4649
67 88 3669
169 80 3175
70 65 5196
68 20 3010
170 56 1733
71 54 2945
69 40 487
171 96 5920
72 91 3465
70 19 2004
172 13 2691
73 50 5247
71 10 1778
173 76 5404
74 71 2836
72 85 2805
174 39 5405
75 32 3459
73 91 2214
175 10 2014
76 97 5403
74 20 3657
176 31 5244
77 41 2393
75 99 5726
177 20 5490
78 21 1437
76 76 838
178 57 3148
79 39 1585
77 20 1650
179 67 901
80 84 312
78 51 2571
180 64 5508
81 82 1276
79 38 3124
181 60 1727
82 48 4713
80 75 3176
182 10 4931
83 56 5449
81 88 2745
183 62 4546
84 39 3645
82 27 3378
184 51 3518
85 14 997
83 81 3506
185 44 2633
86 12 2492
84 19 5905
186 21 230
87 88 604
85 56 5448
187 99 5131
88 65 625
86 40 2021
188 76 4278
89 47 3352
87 71 979
189 64 684
90 18 4125
88 100 1448
190 89 5497
91 40 2669
89 57 1405
191 86 1931
92 79 4307
90 41 5342
192 34 3937
93 89 3325
91 79 10
193 88 2087
94 81 4222
92 66 1310
194 42 2544
95 10 2068
93 47 689
195 99 4090
96 22 5849
94 88 2830
196 94 2441
97 42 711
95 73 1065
197 31 1807
98 56 5185
96 95 1839
198 79 5506
99 86 4426
97 68 448
199 95 1527
100 31 1490
98 93 1922
200 32 4709
99 64 5888
201 94 1989
1 16 5008
102 29 4688
202 31 3391
2 40 422
103 38 4540
101 37 964
203 66 3472
3 10 3753
104 10 5477
102 16 2810
204 60 3839
4 49 5700
105 54 4763
103 49 292
205 20 5753
5 47 407
106 10 5182
104 48 5594
206 94 4103
6 47 610
107 48 219
105 44 4445
207 14 4613
7 17 3520
108 52 3729
106 56 4663
208 24 2472
8 24 30
109 10 75
107 28 4568
209 19 4570
9 84 524
110 100 1562
108 63 4469
210 39 1507
10 85 616
111 15 4682
109 25 288
211 92 589
11 62 3256
112 66 4249
110 81 4495
212 60 51
12 70 579
113 98 4998
111 43 3294
213 59 1390
13 86 1736
114 10 1046
112 72 2066
214 65 1876
14 73 4074
115 11 5022
113 55 1185
215 41 4339
15 24 4175
116 54 3477
114 95 4097
216 70 1606
16 15 432
117 74 2490
115 46 574
217 95 2799
17 66 2797
118 59 1639
116 32 4549
218 59 2627
18 33 1996
119 92 4696
117 83 4213
219 16 1450
19 53 3441
120 90 121
118 82 1516
220 95 5672
20 61 5352
121 25 52
119 73 3020
221 26 4123
21 62 2590
122 10 5588
120 18 1492
222 77 2289
22 62 1487
123 74 1430
121 89 5476
223 31 4786
23 17 82
124 62 5268
122 34 5076
224 52 491
24 17 3614
125 28 926
123 60 1146
225 89 5543
25 55 2129
126 17 4174
124 82 4696
226 10 791
26 93 1347
127 43 5371
125 84 422
227 56 5513
27 39 604
128 96 362
126 56 2389
228 23 5351
28 27 4857
129 94 4200
127 58 3595
229 96 3738
29 52 5436
130 49 2808
128 81 575
230 91 1264
30 52 1702
131 83 4255
129 11 235
231 20 3865
31 99 3229
132 19 2504
130 40 3408
232 79 4540
32 25 905
133 87 4740
131 73 5722
233 56 5561
33 79 525
134 20 4599
132 62 5231
234 75 3305
34 67 3138
135 91 2196
133 90 4936
235 74 2490
35 34 4168
136 57 2048
134 13 5510
236 45 1693
36 48 1890
137 40 2448
135 86 5178
237 77 5072
37 94 2225
138 25 2443
136 30 5261
238 76 246
38 50 562
139 77 2690
137 93 3873
239 34 3409
39 47 4816
140 42 3971
138 65 1516
240 62 4217
40 89 5453
141 26 1569
139 54 944
241 53 4602
41 40 2703
142 81 4602
140 72 4195
242 26 1784
42 41 796
143 68 1840
141 36 5076
243 31 3288
43 43 4120
144 63 1732
142 23 5070
244 52 5566
44 50 4900
145 85 4804
143 74 5733
245 73 4183
45 72 88
146 96 4228
144 31 512
246 39 133
46 53 4622
147 40 4169
145 53 2576
247 76 4824
47 27 1341
148 35 1527
146 30 1128
248 70 2560
48 60 3857
149 73 3522
147 88 91
249 68 3805
49 92 2960
150 89 2726
148 36 5866
250 67 2888
50 61 269
151 83 4816
149 96 3950
251 29 4162
51 61 1578
152 89 258
150 90 2825
252 70 3134
52 86 1364
153 44 3074
151 54 804
253 70 5872
53 47 2801
154 100 1568
152 21 4892
254 89 1024
54 93 4404
155 11 937
153 79 4760
255 88 5727
55 12 5821
156 11 398
154 51 1664
256 52 5938
56 68 1268
157 28 1995
155 34 2380
257 44 4852
57 94 4509
158 56 2041
156 41 2003
258 89 275
58 98 219
159 94 2221
157 82 4161
259 91 4424
59 84 5264
160 41 5630
158 74 1471
260 70 1028
60 92 1302
161 48 1803
159 13 2431
261 61 2295
61 67 1943
162 76 2103
160 75 2543
262 18 127
62 16 1786
163 23 4081
161 63 799
263 94 2729
63 68 2737
164 66 1451
162 90 2525
264 48 3767
64 51 1268
165 52 3197
163 64 399
265 60 2740
65 76 5397
166 26 5557
164 36 4730
266 18 743
66 88 4265
167 96 152
165 97 5462
267 25 3847
67 83 4812
168 63 5143
166 37 491
268 84 1164
68 22 2571
169 71 1956
167 71 1323
269 90 379
69 53 2407
170 19 4430
168 50 5467
270 72 4840
70 24 4478
171 65 4575
169 87 3629
271 52 3461
71 14 3476
172 26 1985
170 20 1644
272 25 4768
72 45 5802
173 29 1688
171 67 391
273 98 3347
73 58 3695
174 28 1404
172 60 4537
274 58 2200
74 71 2269
175 53 988
173 14 3699
275 23 1101
75 98 3119
176 12 148
174 12 5761
276 74 818
76 24 2349
177 88 5934
175 89 3936
277 69 3311
77 70 4047
178 42 4387
176 16 443
278 14 5335
78 81 1186
179 40 1319
177 43 99
279 79 426
79 41 3894
180 78 5069
178 51 2535
280 61 1428
80 57 2893
181 66 4436
179 88 4762
281 13 3221
81 19 2327
182 72 3574
180 84 1798
282 67 2117
82 27 3075
183 58 5381
181 95 2552
283 87 210
83 76 425
184 14 3998
182 15 2006
284 75 3186
84 69 586
185 15 5901
183 23 5252
285 38 2861
85 53 1593
186 96 5471
184 55 3413
286 90 3197
86 40 2329
187 65 4841
185 81 2022
287 57 4483
87 76 5462
188 27 2939
186 100 1473
288 11 4503
88 53 1094
189 33 1213
187 99 431
289 53 3685
89 22 2812
190 46 2961
188 14 3969
290 86 1904
90 15 3892
191 67 683
189 13 83
291 51 2556
91 78 2870
192 25 802
190 27 2644
292 42 3497
92 22 2442
193 10 2250
191 55 3190
293 68 2235
93 93 1144
194 94 5604
192 81 4578
294 42 609
94 23 958
195 20 4743
193 93 4759
295 88 1938
95 89 4192
196 70 4889
194 63 1375
296 35 4650
96 83 5898
197 93 3964
195 34 1721
297 38 4471
97 26 1229
198 23 1740
196 21 5070
298 59 1567
98 60 2653
199 65 5622
197 78 2284
299 64 5375
99 73 3142
200 41 3322
198 61 1793
300 67 5780
100 12 5702
199 16 517
301 20 5404
101 21 3582
202 55 1941
302 96 5232
102 95 5035
203 40 1079
201 97 2907
303 43 5254
103 85 100
204 50 5253
202 30 163
304 56 5444
104 80 2100
205 84 3686
203 31 2727
305 39 4880
105 55 1108
206 28 1720
204 27 2511
306 65 2070
106 16 1721
207 93 4118
205 74 3606
307 18 5780
107 86 5885
208 44 4162
206 68 3386
308 88 411
108 71 3956
209 92 789
207 90 4489
309 100 5467
109 97 1855
210 49 1003
208 72 2334
310 59 2112
110 65 3725
211 79 3069
209 97 2408
311 56 4025
111 94 4274
212 17 4356
210 72 4752
312 66 3865
112 61 329
213 42 3519
211 70 3889
313 27 1001
113 33 2140
214 51 2938
212 33 2100
314 87 5617
114 21 1715
215 74 2816
213 76 1257
315 97 3614
115 79 2596
216 29 553
214 70 4071
316 95 4210
116 86 4470
217 27 4043
215 35 1505
317 16 2328
117 79 2958
218 11 2982
216 36 533
318 76 2188
118 60 5289
219 50 2999
217 68 4434
319 62 672
119 23 656
220 95 96
218 54 5149
320 50 2960
120 33 3685
221 13 1057
219 78 2517
321 48 2778
121 81 5232
222 57 511
220 22 5646
322 81 3067
122 24 4822
223 100 3306
221 62 3807
323 34 4854
123 28 3721
224 17 5833
222 48 5613
324 72 1642
124 90 1359
225 100 4740
223 53 5081
325 23 3021
125 64 4623
226 92 3041
224 63 3492
326 43 4019
126 88 3537
227 51 5592
225 54 1370
327 16 3917
127 10 1796
228 84 801
226 20 5681
328 55 4027
128 78 781
229 16 3680
227 40 3377
329 87 4467
129 92 389
230 41 4682
228 70 4816
330 32 4136
130 92 3338
231 48 847
229 35 764
331 89 798
131 83 2257
232 38 2470
230 92 479
332 97 1575
132 62 1048
233 24 4957
231 71 3919
333 52 23
133 24 3799
234 12 418
232 14 1562
334 58 3337
134 43 5048
235 21 5584
233 60 1139
335 93 5587
135 60 1398
236 94 4901
234 43 5702
336 83 3778
136 23 38
237 100 403
235 81 4682
337 16 1871
137 34 1383
238 14 1158
236 60 604
338 36 5170
138 78 2882
239 95 1163
237 43 1510
339 55 4276
139 98 5772
240 25 2050
238 52 3606
340 76 2399
140 36 5626
241 74 4021
239 10 3703
341 24 5058
141 26 1226
242 94 5841
240 61 2599
342 51 5618
142 90 857
243 76 2482
241 87 1224
343 42 4880
143 46 495
244 23 362
242 45 523
344 24 4486
144 89 5479
245 12 3923
243 99 3178
345 82 2111
145 33 3245
246 51 642
244 83 4800
346 40 476
146 60 5380
247 64 2005
245 46 288
347 61 2530
147 40 2530
248 10 3587
246 77 3316
348 18 4403
148 16 1002
249 72 4732
247 12 1738
349 42 2521
149 81 5468
250 60 4562
248 67 5188
350 62 4827
150 53 3447
251 23 5286
249 81 777
351 15 4748
151 90 2454
252 37 2353
250 88 2870
352 43 3607
152 26 437
253 25 4468
251 10 5731
353 48 5339
153 74 2006
254 41 5417
252 79 846
354 53 72
154 74 5719
255 22 3502
253 47 1647
355 39 3795
155 77 1296
256 41 259
254 57 1570
356 38 5865
156 71 2578
257 61 882
255 71 1119
357 43 2748
157 17 4697
258 17 2769
256 15 4992
358 74 3495
158 93 2279
259 68 2389
257 87 3515
359 66 2538
159 44 5482
260 18 778
258 10 3841
360 65 4735
160 11 1773
261 66 2584
259 93 918
361 21 1019
161 42 2021
262 100 1170
260 65 279
362 23 263
162 66 5077
263 30 5444
261 36 4003
363 44 5143
163 10 175
264 22 1863
262 70 2700
364 51 5666
164 99 4433
265 44 278
263 82 516
365 65 5321
165 97 4828
266 91 3584
264 12 488
366 73 2515
166 92 2763
267 67 5554
265 89 3691
367 76 3088
167 77 2451
268 84 1903
266 32 5605
368 100 1225
168 82 5124
269 16 4012
267 70 587
369 90 938
169 13 5018
270 63 3641
268 30 347
370 42 218
170 15 5601
271 22 573
269 43 1188
371 75 3018
171 80 4818
272 91 5562
270 94 3843
372 43 1268
172 68 4114
273 27 3711
271 10 2909
373 83 717
173 36 2308
274 20 3612
272 69 1003
374 87 5795
174 27 630
275 91 2331
273 26 3353
375 63 974
175 37 3104
276 15 4718
274 55 2941
376 18 5715
176 85 5206
277 74 1045
275 66 3762
377 28 5088
177 83 5820
278 19 1544
276 35 1932
378 45 5232
178 98 3333
279 98 4123
277 31 321
379 50 4320
179 43 3384
280 94 3713
278 30 343
380 30 1412
180 40 5233
281 88 3652
279 55 1503
381 68 4080
181 57 2956
282 63 3320
280 50 5031
382 56 556
182 43 1848
283 29 2358
281 26 4752
383 40 406
183 36 1540
284 32 1411
282 63 4802
384 32 2389
184 19 106
285 71 2778
283 27 3454
385 15 3739
185 91 1132
286 80 3977
284 24 5704
386 53 5503
186 42 235
287 57 628
285 39 2655
387 25 4515
187 66 2742
288 26 5081
286 40 5688
388 24 4793
188 90 1962
289 64 3537
287 24 4460
389 76 5772
189 38 2098
290 27 1176
288 48 4040
390 73 4178
190 42 5892
291 85 4450
289 34 3549
391 59 6
191 91 1983
292 12 5758
290 53 1208
392 22 4006
192 33 1304
293 66 246
291 86 3830
393 48 5196
193 72 4891
294 76 4842
292 11 2088
394 98 4264
194 63 3564
295 46 5191
293 96 4880
395 19 5763
195 59 543
296 85 5217
294 91 3774
396 41 370
196 38 3146
297 29 2275
295 66 3805
397 46 829
197 79 4593
298 73 3927
296 82 44
398 14 2201
198 10 1395
299 42 2699
297 49 2387
399 98 1573
199 44 3664
300 89 1025
298 40 2024
400 17 4854
200 79 1836
299 95 3009
401 92 1759
201 93 3439
302 49 1113
402 74 4558
202 70 5798
303 22 4763
301 80 1658
403 55 4805
203 52 3700
304 62 5807
302 82 1488
404 48 754
204 80 3091
305 84 2416
303 31 1931
405 20 2630
205 78 2892
306 45 3786
304 76 590
406 26 1659
206 63 12
307 79 2909
305 27 4981
407 21 5820
207 95 880
308 77 3013
306 37 4539
408 88 3339
208 61 468
309 37 4858
307 72 4946
409 27 699
209 20 3731
310 52 2935
308 29 2822
410 43 3728
210 85 3805
311 38 5220
309 54 4568
411 61 4498
211 58 2481
312 14 1324
310 60 3118
412 46 2940
212 21 5938
313 12 3765
311 75 468
413 90 1355
213 54 1893
314 34 665
312 27 604
414 57 3488
214 90 683
315 41 45
313 16 367
415 15 2898
215 70 1663
316 71 5177
314 74 786
416 81 1580
216 98 5589
317 25 4389
315 96 2251
417 77 5532
217 77 371
318 32 5332
316 44 2743
418 82 4369
218 24 4139
319 41 5648
317 46 4225
419 35 4693
219 94 787
320 87 1443
318 84 4417
420 90 4888
220 41 219
321 79 3111
319 22 4633
421 15 3469
221 85 5932
322 39 3009
320 90 3471
422 89 1504
222 23 5490
323 40 4839
321 57 886
423 28 1955
223 67 3400
324 84 2261
322 84 2295
424 37 3336
224 53 3146
325 20 70
323 58 893
425 15 1525
225 38 328
326 43 3288
324 45 1376
426 38 4216
226 73 2757
327 20 4739
325 47 3262
427 46 2898
227 13 1519
328 35 2587
326 92 5186
428 47 503
228 36 2023
329 11 3376
327 98 192
429 17 830
229 39 4064
330 45 3595
328 87 623
430 31 3011
230 34 427
331 25 5126
329 50 1176
431 51 4392
231 97 5208
332 58 4185
330 61 2494
432 47 5588
232 92 1978
333 65 3148
331 100 2876
433 30 3097
233 40 1518
334 31 2573
332 98 4802
434 38 4772
234 45 636
335 23 3257
333 74 2752
435 51 1200
235 79 1931
336 19 2095
334 93 5750
436 98 3028
236 88 4721
337 74 1645
335 29 4251
437 72 3454
237 80 4986
338 28 5164
336 18 1274
438 61 948
238 22 250
339 62 1725
337 26 4024
439 87 3887
239 32 5170
340 74 4574
338 45 5884
440 75 1810
240 22 2474
341 20 5913
339 17 2647
441 75 2530
241 77 4763
342 44 398
340 19 2738
442 90 3658
242 13 4702
343 64 1843
341 79 3470
443 77 5049
243 77 5918
344 18 5847
342 98 3084
444 22 374
244 69 2029
345 99 4170
343 79 5029
445 79 3585
245 88 4435
346 29 2292
344 50 869
446 14 4148
246 86 4244
347 100 2097
345 27 4825
447 66 1850
247 61 2341
348 27 61
346 48 4489
448 39 1381
248 65 1787
349 84 5419
347 82 613
449 92 371
249 75 4270
350 71 303
348 53 3602
450 95 419
250 14 3248
351 79 2139
349 60 1399
451 88 2905
251 85 457
352 75 5870
350 25 1009
452 96 138
252 99 2455
353 53 5922
351 99 643
453 52 2055
253 32 1673
354 92 1265
352 60 693
454 31 3229
254 83 4438
355 58 2603
353 12 1036
455 90 153
255 27 1882
356 65 5837
354 91 2210
456 46 5846
256 14 4455
357 29 2020
355 29 4877
457 45 4916
257 75 4002
358 72 3480
356 39 3798
458 70 1052
258 12 376
359 90 5623
357 90 4191
459 74 2774
259 90 2225
360 98 4825
358 37 670
460 75 1582
260 54 467
361 92 531
359 29 358
461 65 4220
261 57 1698
362 59 4488
360 30 5864
462 22 4680
262 58 1735
363 56 5096
361 37 273
463 43 4907
263 81 3565
364 71 2815
362 34 5860
464 20 2176
264 11 2727
365 85 4054
363 13 462
465 36 5100
265 58 5383
366 56 1959
364 68 4977
466 33 4553
266 67 864
367 26 247
365 40 1226
467 85 3927
267 18 2929
368 32 1437
366 72 136
468 38 4577
268 66 3055
369 14 3988
367 61 1083
469 11 4147
269 53 5308
370 79 440
368 29 642
470 69 2393
270 64 4612
371 79 5283
369 16 220
471 68 5144
271 29 3065
372 19 4708
370 11 4300
472 33 1941
272 18 159
373 58 2249
371 78 3649
473 14 1107
273 62 637
374 30 1232
372 68 4549
474 23 735
274 12 4324
375 27 3848
373 30 4579
475 90 582
275 39 522
376 89 5586
374 42 2509
476 19 991
276 94 5902
377 79 5300
375 68 5457
477 41 5027
277 12 3465
378 10 1206
376 39 1185
478 41 5306
278 13 4408
379 26 2220
377 53 1138
479 82 259
279 21 4678
380 60 4284
378 93 3451
480 79 4418
280 54 5676
381 17 2054
379 49 1357
481 78 3285
281 44 5437
382 82 3485
380 32 4222
482 91 215
282 44 4266
383 96 1539
381 21 552
483 81 2278
283 91 585
384 47 1262
382 71 2432
484 45 2721
284 47 5244
385 72 5271
383 94 5607
485 19 579
285 86 4634
386 70 3769
384 50 4401
486 41 3866
286 95 1167
387 15 3874
385 23 2385
487 10 388
287 83 3231
388 87 1275
386 76 2508
488 57 410
288 98 3285
389 24 2166
387 59 1566
489 36 1332
289 81 3021
390 39 4223
388 72 5576
490 70 319
290 65 1454
391 71 5157
389 57 3032
491 90 2588
291 82 4772
392 71 3467
390 63 4901
492 47 321
292 51 3014
393 55 3123
391 80 486
493 70 3138
293 90 1518
394 53 293
392 25 3100
494 79 3688
294 13 3643
395 70 302
393 55 1143
495 60 4941
295 96 3297
396 39 4131
394 61 3861
496 75 4413
296 67 1007
397 17 3265
395 55 2299
497 100 5670
297 37 1881
398 25 1647
396 86 4201
498 23 2997
298 13 369
399 90 4471
397 90 1786
499 45 4581
299 74 3625
400 28 693
398 40 5762
500 49 3848
300 88 5352
399 28 4024
501 51 878
301 76 4145
402 56 3507
502 49 5766
302 35 1885
403 52 4928
401 52 4637
503 70 5440
303 13 5629
404 39 4365
402 87 5192
504 63 1823
304 19 1874
405 57 4864
403 33 5095
505 80 1258
305 53 2224
406 65 3975
404 30 2815
506 56 1987
306 73 4429
407 50 5568
405 78 5413
507 46 3351
307 55 4441
408 52 1035
406 62 309
508 48 4988
308 94 4748
409 33 4108
407 25 2710
509 34 2429
309 24 605
410 93 2876
408 66 3897
510 72 4259
310 26 5331
411 12 3956
409 79 4811
511 29 2148
311 69 5284
412 91 5384
410 80 3861
512 36 2885
312 21 1702
413 16 2133
411 98 5180
513 61 182
313 67 239
414 97 4313
412 98 2566
514 55 3653
314 41 250
415 62 4093
413 45 4196
515 81 3466
315 52 4261
416 82 2258
414 12 4838
516 51 1989
316 75 2049
417 57 1257
415 57 2999
517 66 4699
317 56 3489
418 38 2802
416 70 3449
518 67 4200
318 84 4544
419 27 4844
417 64 1955
519 35 2650
319 45 2163
420 82 1028
418 58 4461
520 20 5808
320 60 2386
421 58 5401
419 89 3528
521 31 5281
321 82 841
422 49 5326
420 75 5287
522 38 653
322 14 1347
423 89 2362
421 60 5250
523 20 5119
323 58 1308
424 90 5248
422 69 3579
524 40 839
324 94 839
425 15 2197
423 81 4510
525 73 4933
325 47 4535
426 59 5058
424 47 1807
526 52 56
326 87 5193
427 64 4887
425 58 2932
527 25 2840
327 18 489
428 80 4863
426 76 3530
528 12 5599
328 34 3391
429 19 3135
427 27 2794
529 22 5149
329 26 3590
430 77 3260
428 17 1000
530 80 1432
330 78 2084
431 61 4291
429 31 2757
531 26 1198
331 73 4191
432 90 872
430 51 1664
532 11 3872
332 72 2563
433 49 2287
431 10 3050
533 67 1324
333 13 4477
434 39 1005
432 24 823
534 89 361
334 17 955
435 13 5134
433 20 5364
535 92 1394
335 32 3422
436 97 1335
434 36 1960
536 75 3668
336 47 3711
437 82 4272
435 77 2009
537 77 1727
337 79 3295
438 75 1004
436 26 4811
538 60 4690
338 97 34
439 26 4859
437 94 1156
539 55 7
339 47 1404
440 58 4571
438 81 2823
540 10 4491
340 72 979
441 54 4948
439 76 5277
541 87 4147
341 18 1797
442 61 5859
440 44 4645
542 41 5408
342 50 3905
443 11 5637
441 28 2628
543 33 2893
343 52 2719
444 45 2037
442 70 5591
544 66 5499
344 60 5315
445 61 2923
443 69 4780
545 39 595
345 42 3713
446 93 5656
444 86 4055
546 73 33
346 10 2170
447 17 2116
445 99 1435
547 70 2003
347 82 4723
448 43 5078
446 81 3742
548 29 3972
348 53 4066
449 98 2777
447 23 2236
549 53 2784
349 47 4193
450 36 382
448 74 1658
550 36 4143
350 96 4721
451 66 344
449 45 2354
551 57 4045
351 44 3180
452 98 3214
450 11 3515
552 46 3043
352 48 2902
453 88 4413
451 87 1391
553 77 5878
353 47 4508
454 15 3056
452 15 2237
554 58 2713
354 72 4060
455 19 1005
453 88 2971
555 40 105
355 28 1963
456 92 5484
454 66 4762
556 55 4017
356 22 3966
457 53 3942
455 36 3328
557 100 3036
357 85 1037
458 19 2008
456 77 5176
558 38 1052
358 77 3198
459 93 2068
457 40 189
559 56 3611
359 95 2486
460 97 1746
458 82 4025
560 39 3784
360 38 882
461 24 3309
459 79 4706
561 45 4970
361 77 5081
462 91 3774
460 46 768
562 50 4108
362 73 5336
463 18 4503
461 49 3530
563 43 147
363 64 4216
464 48 4366
462 32 4555
564 94 1392
364 17 1721
465 26 148
463 86 1261
565 95 5337
365 58 3813
466 18 4407
464 64 4426
566 26 1302
366 10 5369
467 10 1153
465 46 1427
567 48 5585
367 95 900
468 25 3939
466 89 2919
568 67 4273
368 55 5209
469 35 2023
467 33 4646
569 21 5220
369 28 4792
470 51 811
468 43 2046
570 23 5624
370 49 5450
471 49 2396
469 44 230
571 80 31
371 58 5605
472 41 4805
470 61 5012
572 37 4495
372 37 156
473 20 4231
471 16 165
573 36 3857
373 34 413
474 14 4883
472 88 5910
574 45 1099
374 76 281
475 26 2694
473 99 5574
575 80 4800
375 82 5235
476 25 5402
474 12 1944
576 99 1181
376 71 3130
477 48 754
475 99 2207
577 72 5894
377 26 826
478 62 2819
476 71 3354
578 64 4187
378 76 3781
479 24 1097
477 97 1887
579 74 4142
379 25 4505
480 29 4763
478 29 2596
580 82 5512
380 41 5152
481 78 2660
479 49 2341
581 38 5795
381 35 2330
482 96 4996
480 88 3101
582 100 5564
382 99 1233
483 96 3750
481 84 559
583 24 2424
383 39 3375
484 97 5554
482 36 4978
584 12 767
384 30 3376
485 43 4354
483 50 4006
585 30 3693
385 95 1689
486 72 974
484 12 107
586 66 4002
386 74 939
487 29 3608
485 54 2775
587 63 3818
387 26 5037
488 13 1360
486 56 1392
588 93 2843
388 61 5165
489 21 3561
487 89 2133
589 24 740
389 14 733
490 66 1621
488 75 5223
590 55 331
390 19 3745
491 14 4305
489 33 2765
591 72 5364
391 59 4168
492 80 4721
490 56 2017
592 49 3012
392 29 5871
493 93 5745
491 39 3366
593 54 600
393 63 2028
494 36 4588
492 45 1938
594 54 72
394 73 2257
495 69 1274
493 71 3795
595 88 3601
395 11 3293
496 60 4562
494 27 1488
596 33 3924
396 81 3905
497 52 595
495 66 4575
597 64 24
397 99 2459
498 12 2742
496 40 2358
598 52 3454
398 59 5434
499 60 1067
497 47 5756
599 47 3689
399 20 4919
500 82 4888
498 24 1427
600 89 2332
400 71 2810
499 31 529
601 67 5890
401 85 2534
502 52 3697
602 13 5752
402 72 5880
503 68 3901
501 20 4229
603 54 2354
403 17 4303
504 30 522
502 89 1529
604 11 5421
404 19 886
505 12 1186
503 42 2907
605 40 2643
405 97 4822
506 62 5435
504 45 2421
606 83 4003
406 85 5311
507 72 2365
505 78 2113
607 71 4247
407 96 5789
508 18 4341
506 54 723
608 19 3064
408 55 5265
509 20 411
507 21 4168
609 17 4455
409 60 3487
510 38 4147
508 41 1457
610 69 4704
410 95 3714
511 31 3178
509 15 2435
611 90 940
411 72 4647
512 10 3033
510 55 1041
612 79 5802
412 59 640
513 42 2785
511 100 3282
613 21 2953
413 89 1323
514 27 875
512 90 5429
614 61 752
414 56 3125
515 91 4910
513 24 1973
615 51 101
415 39 440
516 92 4103
514 83 1461
616 15 5293
416 66 3117
517 78 5772
515 48 2837
617 12 4776
417 16 641
518 23 2925
516 41 2773
618 83 2513
418 100 5845
519 51 1301
517 56 255
619 15 533
419 95 322
520 64 3650
518 29 2210
620 74 3866
420 38 2518
521 37 3388
519 61 4563
621 41 4185
421 68 4709
522 25 1657
520 53 1608
622 18 3635
422 35 2317
523 69 1807
521 42 2812
623 23 2490
423 21 2069
524 39 4298
522 43 4412
624 26 4235
424 83 3753
525 15 124
523 72 20
625 71 1076
425 99 2668
526 60 951
524 62 3441
626 46 5520
426 27 3665
527 43 3691
525 14 5232
627 12 59
427 68 1884
528 57 2874
526 23 5634
628 19 1956
428 67 2851
529 62 5467
527 44 5179
629 51 4486
429 13 1651
530 11 35
528 98 2242
630 83 4808
430 71 1900
531 28 5833
529 46 864
631 45 2263
431 12 3446
532 20 1389
530 99 818
632 72 4402
432 99 4036
533 17 3360
531 91 4266
633 73 2978
433 42 4477
534 93 1683
532 30 1166
634 60 1532
434 45 2236
535 47 4772
533 82 2840
635 19 3141
435 16 187
536 100 450
534 77 726
636 98 5674
436 77 856
537 47 5128
535 96 5166
637 31 442
437 79 1782
538 61 5043
536 62 673
638 77 1746
438 31 2706
539 74 1299
537 89 3048
639 44 3834
439 58 1386
540 62 5437
538 39 4468
640 56 4071
440 61 3144
541 46 170
539 46 50
641 50 5177
441 27 2038
542 14 5006
540 97 2603
642 36 4728
442 54 2820
543 94 316
541 26 415
643 47 2253
443 36 2504
544 35 5254
542 13 2570
644 80 4771
444 74 3169
545 65 2798
543 99 1212
645 57 4722
445 30 5673
546 10 930
544 51 4108
646 33 4229
446 74 2408
547 27 2994
545 55 496
647 88 2245
447 26 2407
548 13 4960
546 64 5647
648 27 388
448 11 1596
549 79 2904
547 62 4229
649 76 1649
449 83 2499
550 48 2572
548 46 4655
650 18 1437
450 85 863
551 20 1099
549 50 728
651 27 4310
451 39 4048
552 41 3536
550 85 507
652 94 909
452 50 3592
553 11 2658
551 76 4307
653 99 4993
453 73 2982
554 48 3261
552 68 469
654 55 4359
454 93 2150
555 16 117
553 44 446
655 54 2426
455 93 2586
556 48 5890
554 78 381
656 42 4539
456 76 1924
557 64 5299
555 83 2730
657 78 4671
457 45 4023
558 81 388
556 31 3776
658 29 1120
458 83 1917
559 41 4056
557 14 3202
659 47 1704
459 92 3126
560 22 2601
558 14 4852
660 30 1631
460 57 1202
561 59 5910
559 95 1665
661 59 2024
461 82 2051
562 50 1031
560 16 5627
662 84 4088
462 46 1368
563 78 2643
561 68 5511
663 90 4820
463 73 68
564 27 3487
562 51 3568
664 29 2049
464 32 2521
565 85 4162
563 54 5882
665 51 1642
465 99 1370
566 94 4719
564 78 2229
666 12 2056
466 74 4421
567 36 3398
565 68 4590
667 54 5115
467 34 4209
568 20 4657
566 60 2457
668 23 3881
468 20 1924
569 44 5285
567 27 1071
669 30 5143
469 14 3248
570 35 1485
568 56 4201
670 36 3757
470 33 4276
571 96 4351
569 61 1697
671 72 4643
471 39 1307
572 53 211
570 71 3321
672 45 3285
472 100 3903
573 93 5927
571 32 447
673 79 2662
473 66 480
574 57 3023
572 18 125
674 72 996
474 94 3060
575 93 1791
573 80 5818
675 63 5456
475 63 3231
576 43 4700
574 94 2172
676 10 4704
476 47 408
577 51 319
575 33 2252
677 78 5811
477 29 218
578 86 4784
576 42 2493
678 76 1097
478 71 389
579 94 1696
577 31 5664
679 33 3240
479 16 1141
580 63 3190
578 14 4806
680 60 2037
480 51 1527
581 91 2564
579 71 5614
681 75 4241
481 84 1291
582 78 4722
580 84 828
682 62 1013
482 37 4047
583 13 4419
581 96 2524
683 90 3858
483 72 5445
584 77 2578
582 17 1435
684 50 2278
484 68 1568
585 28 1407
583 53 3791
685 40 201
485 33 3629
586 65 4546
584 84 968
686 76 1992
486 54 4119
587 95 2376
585 40 3417
687 48 3816
487 94 4718
588 79 4930
586 23 5143
688 57 3014
488 43 4190
589 94 1939
587 55 5915
689 18 4586
489 57 5478
590 41 2346
588 41 53
690 88 2162
490 87 755
591 82 3560
589 100 4207
691 60 2668
491 61 1917
592 58 1270
590 15 4197
692 41 3005
492 48 383
593 22 4239
591 59 447
693 16 5208
493 74 969
594 71 2738
592 84 3077
694 89 2072
494 12 5698
595 65 2233
593 33 3480
695 71 2061
495 20 2876
596 60 5840
594 92 3690
696 16 2886
496 94 2147
597 100 3810
595 51 3761
697 71 1550
497 99 951
598 58 5198
596 93 1999
698 75 4648
498 64 5094
599 86 5500
597 57 4916
699 14 2364
499 92 244
600 68 2255
598 58 4809
700 31 522
500 69 4946
599 29 1789
701 100 3741
501 94 3262
602 91 4012
702 84 4584
502 71 3640
603 82 420
601 81 2013
703 98 3019
503 43 1831
604 43 385
602 96 4362
704 45 4792
504 40 2620
605 57 12
603 26 5772
705 66 4959
505 40 4486
606 50 5574
604 46 5117
706 83 5440
506 91 5241
607 53 3156
605 56 244
707 66 3301
507 91 5667
608 87 1570
606 60 3620
708 47 3183
508 82 5776
609 62 5902
607 57 5761
709 38 3655
509 34 5876
610 86 853
608 33 3049
710 22 260
510 92 2577
611 53 4383
609 75 5843
711 15 1117
511 93 5696
612 52 338
610 36 3618
712 40 4125
512 94 1495
613 71 4846
611 68 3041
713 97 2182
513 90 4342
614 24 3391
612 78 3882
714 58 4570
514 45 5223
615 94 4897
613 27 4209
715 84 4829
515 49 3111
616 49 4995
614 30 4448
716 45 3106
516 71 332
617 76 1267
615 58 975
717 35 1733
517 12 684
618 38 873
616 63 2059
718 45 2205
518 95 3182
619 76 5352
617 22 2749
719 88 2696
519 34 5891
620 79 706
618 92 5316
720 78 1990
520 58 3124
621 93 1874
619 91 2851
721 56 90
521 53 581
622 11 4625
620 18 1407
722 76 3846
522 44 675
623 18 1050
621 73 3910
723 49 2054
523 44 4161
624 59 5381
622 46 2078
724 78 846
524 59 5579
625 27 2969
623 26 1512
725 82 3634
525 37 3302
626 49 3761
624 29 3347
726 10 4156
526 77 55
627 65 3755
625 72 5610
727 34 2058
527 50 1182
628 19 5500
626 36 5093
728 28 1958
528 23 5842
629 61 1294
627 71 1878
729 67 2491
529 85 1913
630 36 3889
628 22 2957
730 98 2582
530 78 4193
631 35 3491
629 44 5769
731 24 1783
531 76 5836
632 97 1528
630 52 467
732 34 382
532 67 2251
633 33 1050
631 30 1156
733 66 1162
533 57 1832
634 98 259
632 65 4234
734 64 663
534 78 4086
635 62 1133
633 95 4362
735 39 563
535 82 4411
636 82 3905
634 35 284
736 82 5370
536 86 1930
637 15 3467
635 52 4436
737 40 4418
537 20 4693
638 27 5255
636 76 3957
738 26 973
538 71 1095
639 24 3370
637 41 2039
739 22 3960
539 58 708
640 20 890
638 46 2593
740 61 3896
540 12 5709
641 72 4129
639 90 4974
741 57 2036
541 12 1146
642 13 3492
640 81 3155
742 89 1777
542 68 2699
643 22 143
641 18 4923
743 46 4555
543 57 3565
644 51 1206
642 87 1
744 23 3945
544 87 5026
645 100 4752
643 27 3825
745 97 3676
545 78 1644
646 19 2974
644 85 1820
746 70 1213
546 24 3254
647 91 1282
645 67 995
747 40 1705
547 67 4947
648 35 2685
646 12 2501
748 58 1406
548 75 985
649 89 2911
647 49 5933
749 32 5101
549 23 1933
650 72 3017
648 54 1499
750 65 4882
550 80 3468
651 83 5465
649 76 4495
751 84 4252
551 63 5278
652 31 2454
650 56 307
752 86 3187
552 59 2110
653 30 374
651 28 1731
753 28 3806
553 62 4940
654 54 3314
652 73 4461
754 69 247
554 23 1248
655 85 4628
653 25 5733
755 45 3717
555 40 3067
656 66 3263
654 59 4403
756 25 4298
556 53 4474
657 81 3565
655 21 2157
757 80 5367
557 66 5163
658 49 137
656 36 112
758 27 4787
558 69 1006
659 53 3169
657 74 1675
759 29 5292
559 36 2549
660 16 1836
658 31 2960
760 87 5477
560 42 120
661 81 4098
659 84 1280
761 56 4865
561 41 4853
662 91 5624
660 12 3152
762 83 5149
562 61 48
663 33 1005
661 35 1367
763 60 3081
563 35 238
664 57 677
662 85 4608
764 88 778
564 82 1421
665 76 1362
663 30 965
765 58 5840
565 66 1775
666 45 211
664 32 1903
766 53 309
566 20 4619
667 16 1331
665 74 2549
767 16 1163
567 12 740
668 89 4240
666 98 4608
768 68 4212
568 71 292
669 23 3483
667 20 3133
769 62 3581
569 98 2013
670 38 3355
668 47 2714
770 60 5760
570 25 3299
671 71 4404
669 17 780
771 45 1086
571 47 5288
672 57 253
670 37 796
772 71 4502
572 42 3698
673 29 756
671 56 3029
773 98 1421
573 45 5183
674 100 4420
672 30 2207
774 99 5633
574 20 5373
675 83 4594
673 79 4459
775 87 1061
575 34 4588
676 60 2624
674 81 103
776 11 5167
576 17 5606
677 31 480
675 11 3267
777 78 1390
577 64 4860
678 13 4658
676 79 1379
778 82 3106
578 61 5424
679 82 3258
677 40 2230
779 34 3625
579 15 2565
680 25 665
678 12 1043
780 36 2460
580 14 2525
681 17 885
679 68 2873
781 87 1634
581 38 2366
682 30 5267
680 71 4700
782 94 1695
582 39 5534
683 43 4632
681 36 65
783 100 3155
583 31 245
684 41 4780
682 48 34
784 85 1252
584 100 4042
685 36 3295
683 52 4669
785 100 1925
585 85 1689
686 24 3360
684 78 3550
786 51 4087
586 68 4771
687 100 4028
685 86 4471
787 84 2433
587 59 2346
688 59 4595
686 77 5401
788 18 5030
588 88 5417
689 12 481
687 84 1002
789 63 3869
589 86 2252
690 25 4134
688 22 2275
790 63 4547
590 19 336
691 79 4105
689 93 1210
791 24 3912
591 43 2095
692 66 3812
690 100 5248
792 55 5513
592 77 4556
693 40 2871
691 53 2959
793 45 2025
593 88 4771
694 53 5921
692 69 3419
794 16 327
594 20 121
695 11 1572
693 60 1503
795 36 1870
595 81 1226
696 85 4294
694 97 2068
796 65 3305
596 40 1242
697 76 3620
695 82 2334
797 100 2152
597 40 3700
698 25 1517
696 15 1869
798 33 834
598 94 4881
699 93 2723
697 40 2849
799 58 1767
599 23 2499
700 20 3483
698 86 2691
800 18 3035
600 90 670
699 51 4466
801 43 674
601 60 3358
702 47 4548
802 67 3338
602 59 1972
703 84 3236
701 72 2055
803 67 4948
603 83 2246
704 13 5228
702 10 2536
804 68 439
604 75 1084
705 16 2042
703 76 4168
805 85 676
605 40 1105
706 94 2140
704 24 5566
806 43 2494
606 93 5261
707 86 896
705 62 1553
807 94 1352
607 67 4826
708 91 1462
706 100 2977
808 74 4572
608 23 5649
709 53 2769
707 49 5617
809 85 2087
609 83 4107
710 50 1005
708 87 4127
810 81 5735
610 71 5553
711 67 4691
709 80 2794
811 56 5254
611 61 4318
712 40 2872
710 64 3730
812 87 5428
612 63 4529
713 89 4757
711 53 5428
813 72 1414
613 54 652
714 94 3125
712 58 532
814 55 1211
614 27 3156
715 95 3309
713 29 3210
815 48 5193
615 90 535
716 40 2129
714 54 3214
816 99 973
616 85 4694
717 14 4527
715 54 5622
817 99 3165
617 100 664
718 44 3918
716 14 1096
818 78 3112
618 64 1883
719 40 289
717 46 4692
819 51 4514
619 82 1620
720 18 2118
718 10 930
820 75 3857
620 21 3834
721 73 2299
719 46 5842
821 73 2456
621 41 4120
722 57 5310
720 19 4551
822 98 5798
622 87 725
723 36 5511
721 80 2922
823 54 5662
623 65 2924
724 36 5318
722 35 5721
824 83 1928
624 39 315
725 100 4965
723 56 2454
825 33 1345
625 33 3929
726 34 1734
724 51 1421
826 51 2378
626 81 1396
727 19 3195
725 71 2837
827 58 5436
627 28 3159
728 38 1521
726 62 5818
828 87 847
628 52 2247
729 30 5055
727 18 177
829 86 3144
629 13 5900
730 85 5172
728 95 4893
830 45 4634
630 26 5722
731 72 4737
729 20 315
831 79 2671
631 16 2721
732 50 927
730 52 1401
832 45 2393
632 46 1193
733 56 1437
731 46 3348
833 49 1788
633 60 56
734 79 4920
732 49 1435
834 26 1080
634 55 3867
735 78 5152
733 64 451
835 60 4123
635 34 4842
736 10 1501
734 54 2678
836 63 1829
636 34 1492
737 42 460
735 12 5217
837 60 460
637 25 637
738 33 3420
736 34 3248
838 83 2671
638 89 5118
739 80 5337
737 97 2650
839 14 1855
639 82 5421
740 79 5746
738 16 3436
840 69 1960
640 78 4150
741 85 910
739 90 62
841 49 5302
641 40 5061
742 76 5704
740 13 4423
842 68 5155
642 20 5723
743 87 5385
741 63 5916
843 37 888
643 81 1661
744 39 4173
742 85 3633
844 22 5915
644 99 4071
745 79 4843
743 89 5605
845 31 1348
645 87 3396
746 15 2248
744 14 5316
846 99 538
646 33 430
747 90 4618
745 56 90
847 31 4986
647 78 5883
748 51 2159
746 48 2539
848 61 965
648 46 5555
749 34 161
747 68 1040
849 88 2902
649 61 1201
750 45 2554
748 84 767
850 32 369
650 72 5488
751 92 5000
749 89 185
851 12 4057
651 50 21
752 56 74
750 19 3941
852 65 3067
652 64 4011
753 98 3149
751 78 225
853 70 5725
653 48 5909
754 89 3352
752 52 3245
854 91 1185
654 63 3248
755 55 4260
753 19 4451
855 58 4152
655 49 4941
756 18 4272
754 94 4293
856 68 4314
656 80 2777
757 29 4819
755 73 1930
857 49 380
657 90 5549
758 61 2782
756 75 5420
858 12 653
658 36 4313
759 11 2088
757 15 3
859 64 3688
659 24 5926
760 80 193
758 48 2342
860 44 2190
660 95 5717
761 40 3911
759 52 2329
861 21 4039
661 60 3650
762 27 3311
760 22 5242
862 95 310
662 40 1183
763 97 1655
761 54 2882
863 78 166
663 24 4830
764 39 849
762 48 1512
864 42 1238
664 57 1986
765 43 3137
763 93 2442
865 34 3022
665 69 5347
766 76 4171
764 31 3180
866 46 303
666 38 379
767 94 4752
765 75 5211
867 88 1919
667 61 3947
768 61 1920
766 78 5811
868 36 4795
668 89 3245
769 45 4410
767 13 4731
869 10 4963
669 91 3068
770 18 4764
768 47 2903
870 44 1645
670 75 512
771 75 4861
769 88 1200
871 54 5192
671 90 702
772 42 3291
770 94 5151
872 64 1036
672 27 5018
773 61 2208
771 35 2526
873 43 2465
673 53 4945
774 92 3251
772 71 812
874 40 1897
674 66 3095
775 30 2528
773 83 5350
875 89 4187
675 78 1045
776 93 505
774 68 1357
876 47 4730
676 63 2462
777 58 5734
775 82 3241
877 66 4465
677 19 3186
778 69 4594
776 97 2440
878 18 4960
678 82 2344
779 85 4780
777 93 2145
879 100 535
679 91 2932
780 78 4157
778 39 4253
880 62 5225
680 38 2115
781 58 2154
779 66 2751
881 29 2964
681 96 3210
782 33 1319
780 11 5770
882 10 5925
682 74 3338
783 30 109
781 41 2205
883 94 3959
683 69 358
784 84 2084
782 84 494
884 58 5536
684 58 1189
785 37 4476
783 38 725
885 74 1154
685 77 1766
786 43 3367
784 97 1614
886 50 5576
686 58 4109
787 90 4084
785 10 340
887 53 5722
687 50 833
788 10 4935
786 10 5737
888 18 285
688 79 4072
789 81 4411
787 91 2427
889 95 1362
689 79 3087
790 65 4956
788 38 355
890 79 2398
690 81 1531
791 91 4478
789 45 5864
891 21 3317
691 69 4061
792 42 352
790 17 4317
892 82 341
692 45 13
793 37 1504
791 100 4247
893 80 2413
693 57 3515
794 14 4135
792 14 4428
894 61 1556
694 23 2847
795 76 278
793 14 2158
895 93 5768
695 46 2094
796 18 918
794 43 968
896 59 1398
696 33 3118
797 94 393
795 60 4014
897 15 1753
697 46 5123
798 52 782
796 21 2734
898 24 4091
698 60 5523
799 16 855
797 99 3976
899 45 267
699 58 3866
800 54 4584
798 32 2458
900 29 3252
700 95 3531
799 13 4747
901 70 3228
701 94 408
802 24 4424
902 58 2393
702 56 5626
803 28 3556
801 55 4422
903 33 2161
703 79 4853
804 24 1023
802 19 1787
904 94 5183
704 88 1416
805 42 4783
803 80 4129
905 91 5208
705 88 4489
806 66 872
804 62 4402
906 30 2422
706 24 67
807 43 1772
805 22 3574
907 19 160
707 12 1200
808 55 3925
806 12 3560
908 41 4173
708 45 4082
809 34 3467
807 90 5832
909 84 46
709 53 3046
810 94 3572
808 55 492
910 39 631
710 93 3046
811 61 687
809 22 5722
911 68 1439
711 17 3295
812 97 1025
810 37 1164
912 11 3662
712 15 3216
813 13 2142
811 35 4373
913 89 4301
713 10 4253
814 49 5007
812 49 5605
914 86 5408
714 68 4538
815 79 3048
813 17 3809
915 48 4345
715 66 3160
816 57 4525
814 80 5223
916 52 921
716 20 1925
817 96 2071
815 78 5671
917 58 4842
717 71 1816
818 97 5494
816 92 2413
918 58 3762
718 87 5699
819 58 1969
817 81 1869
919 31 1487
719 64 4077
820 49 669
818 82 4559
920 25 2396
720 40 2694
821 50 192
819 40 70
921 35 764
721 45 3624
822 39 335
820 100 3876
922 63 1049
722 92 1393
823 92 3523
821 100 5267
923 71 3236
723 71 1223
824 83 3778
822 65 783
924 43 5228
724 76 826
825 83 722
823 33 4470
925 57 2006
725 98 2151
826 45 4284
824 22 1534
926 58 1078
726 88 1196
827 20 5213
825 90 4885
927 96 5783
727 95 149
828 92 2548
826 95 1396
928 50 5843
728 19 2907
829 43 3125
827 69 4170
929 97 2802
729 55 58
830 51 3142
828 95 1853
930 70 1333
730 24 3011
831 24 358
829 63 841
931 10 1183
731 96 4221
832 57 5074
830 21 4622
932 20 3779
732 72 848
833 82 275
831 70 1443
933 43 2536
733 84 2052
834 84 1324
832 47 5363
934 83 305
734 35 5090
835 81 2697
833 21 2254
935 14 5833
735 94 5106
836 84 3010
834 30 19
936 24 3509
736 26 4181
837 86 1553
835 74 4164
937 100 5224
737 92 5871
838 83 5386
836 75 887
938 21 1873
738 51 5605
839 29 1091
837 89 5695
939 68 4019
739 32 5230
840 98 1569
838 63 1454
940 72 2568
740 54 4733
841 10 1426
839 58 5786
941 39 521
741 24 2819
842 95 3785
840 49 1653
942 36 2540
742 96 4555
843 79 4979
841 70 5714
943 12 3679
743 45 439
844 65 1744
842 91 4912
944 66 1320
744 21 4223
845 92 4121
843 98 1245
945 76 883
745 53 2828
846 20 5662
844 51 5182
946 93 2839
746 87 5856
847 88 4998
845 51 1903
947 63 3297
747 74 23
848 33 2010
846 62 1974
948 55 5920
748 83 1110
849 89 4929
847 87 1250
949 33 312
749 13 4581
850 62 4374
848 11 5195
950 11 4339
750 77 355
851 74 4539
849 85 4367
951 43 3413
751 62 4283
852 84 428
850 89 2152
952 35 5694
752 73 3032
853 67 1509
851 63 2479
953 99 1661
753 90 489
854 73 3338
852 17 3246
954 27 711
754 47 4972
855 14 5900
853 85 4792
955 86 3073
755 28 1582
856 62 4501
854 63 2180
956 82 1808
756 38 3494
857 48 141
855 81 888
957 45 2292
757 77 5270
858 93 5577
856 84 4610
958 19 263
758 91 4400
859 88 4431
857 97 5808
959 82 5263
759 73 3243
860 31 3560
858 87 2647
960 11 2801
760 25 2807
861 37 520
859 29 277
961 85 5651
761 61 1419
862 16 4836
860 19 4113
962 16 592
762 39 2086
863 87 3018
861 11 4025
963 68 198
763 41 5164
864 44 938
862 72 3374
964 26 2488
764 35 2216
865 21 250
863 30 1587
965 41 1010
765 26 5490
866 83 1362
864 57 3477
966 91 2786
766 22 3423
867 27 934
865 83 1267
967 21 2621
767 94 4392
868 87 2639
866 19 2244
968 53 5640
768 63 5010
869 55 170
867 87 727
969 90 4729
769 27 2316
870 66 1106
868 51 3545
970 69 989
770 94 3613
871 83 1382
869 77 761
971 99 3958
771 17 1722
872 71 4920
870 11 5476
972 83 5004
772 19 1871
873 30 4692
871 23 5508
973 80 2577
773 28 2661
874 84 574
872 89 936
974 46 632
774 97 3932
875 44 3808
873 82 5756
975 24 1967
775 100 5592
876 41 3376
874 39 4328
976 47 4280
776 84 3823
877 86 2968
875 79 5113
977 81 113
777 26 4361
878 56 4682
876 38 1144
978 94 4928
778 22 4406
879 22 5643
877 75 685
979 85 1778
779 95 3370
880 35 4302
878 47 1989
980 31 4939
780 86 2265
881 79 5741
879 17 2622
981 54 5147
781 78 434
882 57 3773
880 80 998
982 88 2860
782 100 5104
883 95 604
881 18 3312
983 66 2710
783 55 5768
884 17 5145
882 89 915
984 41 1310
784 48 5185
885 37 2946
883 86 5487
985 80 699
785 49 4373
886 74 535
884 35 2376
986 19 5009
786 59 1257
887 98 5001
885 59 1005
987 75 4089
787 95 45
888 55 2141
886 71 3085
988 23 220
788 56 3936
889 47 3599
887 32 522
989 52 5271
789 96 2889
890 80 4571
888 52 1628
990 23 5021
790 34 4757
891 28 676
889 30 3434
991 87 1363
791 70 5270
892 62 1641
890 53 2493
992 98 3129
792 78 2947
893 88 5274
891 20 4792
993 93 2153
793 31 3743
894 43 5876
892 43 397
994 86 1425
794 70 3262
895 91 4489
893 38 3068
995 19 4978
795 82 4837
896 75 1757
894 21 2236
996 28 1520
796 47 18
897 86 5527
895 52 4017
997 61 614
797 61 1395
898 67 2349
896 43 4821
998 66 3083
798 54 447
899 13 5339
897 11 4454
999 39 562
799 51 5010
900 80 5926
898 17 5455
1000 86 3512
800 79 5511
899 96 1273
1001 11 1397
801 66 482
902 100 2677
1002 59 518
802 30 3074
903 11 2688
901 86 1181
1003 50 1051
803 90 2046
904 88 4127
902 22 565
1004 22 4871
804 12 534
905 31 768
903 33 1845
1005 56 2022
805 76 228
906 96 3769
904 60 354
1006 60 3185
806 46 2341
907 11 5838
905 44 2488
1007 74 565
807 74 195
908 28 3367
906 61 671
1008 29 1389
808 24 3848
909 78 3479
907 10 246
1009 24 679
809 80 4512
910 62 82
908 38 3001
1010 29 2575
810 97 4856
911 89 5879
909 44 5350
1011 69 2042
811 69 2030
912 72 3124
910 22 5892
1012 55 587
812 44 2146
913 93 2837
911 42 4870
1013 16 3396
813 21 2470
914 80 420
912 84 2063
1014 18 5690
814 59 1460
915 72 5765
913 74 1955
1015 53 2272
815 88 103
916 69 5702
914 98 202
1016 21 1876
816 24 604
917 55 3528
915 96 1273
1017 48 563
817 10 3088
918 29 3728
916 18 4439
1018 79 844
818 31 5822
919 64 1239
917 33 2352
1019 90 4789
819 61 4623
920 75 3623
918 60 1155
1020 37 352
820 55 1004
921 20 1578
919 52 4328
1021 36 2295
821 16 3714
922 25 1164
920 96 1111
1022 57 590
822 75 786
923 52 3009
921 85 4139
1023 78 721
823 85 5201
924 26 1675
922 12 4826
1024 66 1534
824 14 584
925 29 4703
923 33 5263
1025 74 3444
825 47 711
926 56 2584
924 92 401
1026 30 5041
826 57 1680
927 44 4776
925 12 4163
1027 84 1544
827 31 2754
928 95 1001
926 94 4211
1028 82 5503
828 46 5317
929 63 1016
927 60 3417
1029 94 2342
829 36 23
930 53 1612
928 96 5455
1030 52 5021
830 92 4600
931 63 4068
929 99 377
1031 12 3488
831 31 568
932 95 2865
930 16 4759
1032 46 590
832 84 3820
933 68 3499
931 14 1626
1033 23 3461
833 45 5485
934 82 4994
932 72 2070
1034 79 4022
834 68 4978
935 53 5024
933 83 4432
1035 57 4587
835 38 2178
936 78 281
934 35 4885
1036 85 1522
836 27 333
937 22 5872
935 15 419
1037 66 5520
837 31 28
938 41 3571
936 31 2836
1038 93 2017
838 70 2390
939 40 5665
937 37 4490
1039 26 4873
839 79 1559
940 76 5125
938 55 1496
1040 49 2567
840 81 4338
941 41 3222
939 49 5324
1041 44 4120
841 28 4037
942 46 843
940 90 1188
1042 78 2250
842 100 3240
943 46 4267
941 39 1794
1043 71 5873
843 30 2309
944 42 1664
942 65 915
1044 39 792
844 56 1793
945 79 1751
943 25 955
1045 22 1471
845 67 4880
946 42 1202
944 81 4754
1046 94 1059
846 87 2337
947 51 3480
945 21 4896
1047 40 3948
847 96 1974
948 32 2415
946 96 3531
1048 21 3676
848 99 2780
949 96 2772
947 80 1340
1049 31 1427
849 68 3204
950 52 5379
948 38 5758
1050 90 3926
850 84 1376
951 28 2900
949 26 2497
1051 89 1498
851 75 4707
952 46 3711
950 38 4374
1052 52 479
852 13 1433
953 71 4028
951 56 1639
1053 12 4381
853 55 5608
954 53 1983
952 67 4574
1054 86 2524
854 92 5433
955 92 2389
953 47 2128
1055 83 4828
855 92 3165
956 11 3793
954 52 247
1056 77 597
856 91 5911
957 60 5128
955 66 1420
1057 41 4896
857 67 4122
958 70 3985
956 48 57
1058 62 5353
858 19 1048
959 62 1386
957 57 193
1059 26 4695
859 12 3250
960 75 3800
958 39 1327
1060 57 4572
860 12 3256
961 13 3976
959 31 3707
1061 37 1422
861 29 1740
962 83 5032
960 40 2366
1062 14 1510
862 27 3977
963 24 3639
961 89 868
1063 100 2771
863 86 3418
964 53 2473
962 47 3380
1064 21 2753
864 37 5156
965 95 412
963 37 2266
1065 75 4490
865 41 5696
966 88 1404
964 83 4476
1066 99 3472
866 65 2841
967 76 869
965 49 1308
1067 70 5766
867 25 1586
968 35 4337
966 43 1091
1068 93 1703
868 56 3210
969 42 4430
967 74 805
1069 31 3803
869 65 3213
970 27 4152
968 25 4891
1070 35 5266
870 36 3941
971 65 1870
969 42 467
1071 13 5264
871 44 3243
972 42 1482
970 87 4359
1072 96 4650
872 86 5180
973 82 2949
971 43 1100
1073 27 874
873 91 2128
974 27 3808
972 86 2959
1074 38 3466
874 50 1902
975 49 1630
973 98 4417
1075 73 1773
875 45 1536
976 26 735
974 37 2509
1076 58 4911
876 78 746
977 92 4285
975 51 5044
1077 44 1041
877 31 2932
978 96 5211
976 61 1317
1078 68 5498
878 34 4784
979 61 4767
977 23 5897
1079 97 785
879 93 5114
980 22 3991
978 20 1524
1080 78 1905
880 81 3208
981 16 4821
979 75 841
1081 69 2316
881 57 5930
982 34 4313
980 28 4978
1082 25 4826
882 66 5292
983 15 5571
981 100 3298
1083 46 1084
883 18 2891
984 73 2466
982 26 4055
1084 15 18
884 65 5262
985 34 4009
983 90 4343
1085 25 3998
885 25 2747
986 65 5087
984 12 3458
1086 55 2478
886 41 4559
987 33 613
985 100 3782
1087 67 409
887 29 5276
988 44 4758
986 88 1730
1088 13 402
888 68 639
989 38 636
987 82 133
1089 98 1726
889 30 2118
990 19 2064
988 35 3000
1090 49 1411
890 15 3552
991 22 2424
989 27 1139
1091 84 5741
891 40 1797
992 97 2342
990 99 1475
1092 82 5035
892 31 565
993 25 1150
991 49 3706
1093 95 3672
893 38 2140
994 43 752
992 37 4319
1094 96 852
894 82 4089
995 79 1144
993 10 5290
1095 35 1391
895 58 4236
996 45 2026
994 23 4023
1096 76 1722
896 36 1484
997 89 917
995 84 2575
1097 15 3887
897 71 3958
998 100 1252
996 29 4992
1098 55 1373
898 62 2019
999 26 2332
997 100 5692
1099 82 5174
899 75 4603
1000 98 1810
998 82 4648
1100 16 5435
900 79 4692
999 100 795
1101 32 5571
901 80 5401
1002 52 399
1102 99 1779
902 16 1695
1003 99 4338
1001 78 3993
1103 34 3155
903 46 2340
1004 13 1794
1002 49 1398
1104 18 5036
904 56 1154
1005 31 4493
1003 86 4225
1105 87 537
905 16 5295
1006 71 421
1004 91 10
1106 41 2139
906 16 4631
1007 35 4701
1005 92 315
1107 28 5523
907 92 5385
1008 77 4145
1006 99 3905
1108 96 307
908 71 5606
1009 65 5029
1007 27 974
1109 17 4059
909 82 4600
1010 11 3659
1008 15 1256
1110 91 2465
910 94 5936
1011 43 5509
1009 49 5617
1111 43 4522
911 29 5398
1012 10 1480
1010 67 1584
1112 60 2740
912 14 2320
1013 74 2720
1011 90 3391
1113 47 3277
913 100 5576
1014 22 2057
1012 27 1689
1114 25 998
914 84 4458
1015 57 1819
1013 75 2763
1115 52 5535
915 25 5233
1016 69 5577
1014 39 3632
1116 79 4929
916 28 3561
1017 69 3793
1015 83 1419
1117 48 2439
917 11 509
1018 43 4479
1016 69 427
1118 28 4978
918 49 1404
1019 39 3047
1017 72 4727
1119 63 1631
919 17 1968
1020 32 4758
1018 57 3527
1120 40 1474
920 11 2054
1021 63 279
1019 48 2397
1121 50 5266
921 84 3042
1022 33 5649
1020 60 4097
1122 65 5145
922 67 2861
1023 85 3284
1021 43 4851
1123 52 179
923 15 2603
1024 60 1772
1022 55 3041
1124 51 5534
924 77 163
1025 94 529
1023 28 5331
1125 97 5442
925 77 360
1026 43 3585
1024 29 813
1126 73 3885
926 70 1514
1027 36 5206
1025 68 4526
1127 54 98
927 27 4131
1028 21 3123
1026 65 3624
1128 74 3041
928 93 5467
1029 36 2906
1027 47 4176
1129 85 4994
929 46 2196
1030 43 1400
1028 54 1086
1130 83 1206
930 54 3354
1031 84 5553
1029 41 2195
1131 43 3862
931 21 4429
1032 97 3164
1030 49 941
1132 47 2149
932 84 782
1033 25 1176
1031 80 4913
1133 81 1923
933 47 5880
1034 82 4810
1032 88 1591
1134 36 3888
934 33 3946
1035 92 3639
1033 52 1457
1135 62 1781
935 77 3934
1036 19 5609
1034 64 3880
1136 73 1322
936 71 2633
1037 28 5744
1035 37 4408
1137 31 5907
937 82 2835
1038 54 1742
1036 70 163
1138 100 1127
938 60 3727
1039 49 1002
1037 87 5329
1139 44 1325
939 69 1883
1040 94 1648
1038 37 5581
1140 100 2359
940 60 126
1041 42 838
1039 45 5329
1141 44 1400
941 33 2307
1042 45 2891
1040 49 124
1142 41 5072
942 42 2113
1043 92 279
1041 23 2670
1143 62 3783
943 59 4563
1044 18 3765
1042 99 1138
1144 100 455
944 39 3157
1045 98 1953
1043 64 4766
1145 27 75
945 11 1208
1046 42 5860
1044 38 1403
1146 30 5117
946 30 5051
1047 46 970
1045 30 3286
1147 85 183
947 41 5813
1048 63 3777
1046 27 2278
1148 70 1278
948 21 1240
1049 53 161
1047 64 3086
1149 12 3330
949 58 2944
1050 42 2817
1048 43 5758
1150 79 4710
950 86 1473
1051 67 1588
1049 85 385
1151 48 3236
951 90 2090
1052 18 2496
1050 92 4404
1152 41 3744
952 85 577
1053 36 3871
1051 19 93
1153 76 4914
953 34 5255
1054 43 3088
1052 94 1773
1154 59 2520
954 75 5455
1055 23 1515
1053 33 4111
1155 86 2162
955 37 2336
1056 12 3636
1054 16 4803
1156 50 4060
956 19 5136
1057 21 4373
1055 31 5416
1157 63 2274
957 79 2414
1058 63 3706
1056 63 1070
1158 54 1326
958 32 1458
1059 36 4129
1057 43 3755
1159 86 3601
959 87 3581
1060 35 4134
1058 58 2305
1160 32 4582
960 73 2321
1061 100 225
1059 49 3495
1161 15 5038
961 92 3937
1062 54 2689
1060 85 5339
1162 92 104
962 52 4695
1063 90 334
1061 66 4628
1163 52 452
963 49 1139
1064 94 1764
1062 64 5454
1164 35 202
964 86 3270
1065 91 905
1063 98 4189
1165 10 2715
965 59 3991
1066 45 5577
1064 27 3864
1166 85 2833
966 14 3543
1067 72 2492
1065 72 5314
1167 80 3397
967 21 284
1068 11 1388
1066 20 5743
1168 74 1058
968 96 5235
1069 27 697
1067 61 2416
1169 50 5468
969 23 2306
1070 79 923
1068 30 5653
1170 39 1795
970 30 2663
1071 81 5716
1069 90 4102
1171 69 4377
971 59 2026
1072 29 3841
1070 80 1474
1172 53 5682
972 54 2944
1073 63 2839
1071 66 3259
1173 71 4929
973 71 4183
1074 86 3137
1072 50 3603
1174 54 3891
974 63 1940
1075 55 353
1073 13 698
1175 67 1508
975 18 4784
1076 47 1247
1074 58 5133
1176 23 1159
976 55 4213
1077 17 1855
1075 25 3478
1177 38 4127
977 58 419
1078 83 2786
1076 31 1011
1178 80 3251
978 84 2690
1079 85 2928
1077 46 3185
1179 79 4085
979 63 3463
1080 87 1034
1078 71 3459
1180 17 795
980 70 4737
1081 21 5023
1079 11 1825
1181 26 5017
981 64 387
1082 41 1188
1080 44 2963
1182 87 893
982 60 4436
1083 60 4759
1081 12 2552
1183 93 739
983 55 1764
1084 54 5300
1082 64 3390
1184 78 1819
984 79 3562
1085 58 4583
1083 65 373
1185 62 5426
985 67 435
1086 82 4434
1084 16 4865
1186 31 1623
986 79 3861
1087 62 4734
1085 23 4634
1187 98 3828
987 33 4340
1088 90 109
1086 37 4033
1188 30 2225
988 41 3872
1089 69 1197
1087 22 4392
1189 19 793
989 74 4903
1090 28 2218
1088 94 2800
1190 94 1450
990 91 5337
1091 30 2031
1089 33 2126
1191 77 600
991 70 191
1092 66 4026
1090 56 572
1192 83 4096
992 28 5081
1093 39 3694
1091 66 1638
1193 98 4534
993 61 4906
1094 71 2916
1092 74 5536
1194 16 3178
994 64 811
1095 46 4165
1093 51 3181
1195 56 4926
995 93 1922
1096 76 3703
1094 37 313
1196 42 4650
996 66 3024
1097 59 1217
1095 91 4905
1197 15 1481
997 17 3310
1098 28 949
1096 31 3160
1198 88 2020
998 99 4823
1099 55 2363
1097 56 134
1199 64 2852
999 34 589
1100 88 4551
1098 64 2996
1200 79 1243
1000 99 3361
1099 36 818
1201 88 527
1001 48 3983
1102 97 3386
1202 95 5644
1002 59 4001
1103 15 206
1101 60 3475
1203 31 1113
1003 62 5936
1104 75 4668
1102 45 3351
1204 65 3431
1004 93 5817
1105 89 2460
1103 70 2510
1205 81 78
1005 81 576
1106 55 597
1104 21 1217
1206 22 3130
1006 29 2333
1107 66 4889
1105 57 2896
1207 59 2427
1007 76 1056
1108 21 4961
1106 54 4711
1208 97 5273
1008 72 4325
1109 11 5823
1107 74 4103
1209 19 5045
1009 37 3591
1110 35 1461
1108 41 3181
1210 35 210
1010 83 2561
1111 68 1763
1109 19 1247
1211 72 3137
1011 100 5613
1112 82 5549
1110 94 3748
1212 90 3342
1012 79 1631
1113 93 1303
1111 33 4615
1213 50 4122
1013 56 1409
1114 31 4347
1112 37 2472
1214 18 3387
1014 78 3605
1115 88 4311
1113 94 3031
1215 31 3184
1015 76 2497
1116 37 5728
1114 42 2213
1216 48 4862
1016 52 5846
1117 63 2918
1115 85 2632
1217 45 2057
1017 74 5678
1118 32 2739
1116 53 2689
1218 24 562
1018 18 5174
1119 31 78
1117 41 195
1219 30 1577
1019 72 2847
1120 66 3272
1118 96 2954
1220 40 2158
1020 76 922
1121 87 1595
1119 64 2257
1221 88 5626
1021 40 5818
1122 28 121
1120 16 336
1222 65 1632
1022 44 158
1123 59 4556
1121 53 3955
1223 41 441
1023 19 1249
1124 20 1574
1122 72 706
1224 73 1624
1024 18 1338
1125 66 1499
1123 15 2124
1225 78 3622
1025 96 840
1126 31 4262
1124 57 4080
1226 18 1825
1026 22 1383
1127 60 3280
1125 86 4276
1227 80 3161
1027 54 1404
1128 15 4921
1126 18 4407
1228 53 413
1028 13 2093
1129 38 4175
1127 65 4953
1229 97 2084
1029 11 3982
1130 76 309
1128 64 5481
1230 33 5840
1030 20 2700
1131 37 4518
1129 42 5364
1231 81 5042
1031 30 2809
1132 52 887
1130 100 4954
1232 80 2765
1032 40 866
1133 64 2080
1131 35 4309
1233 35 1534
1033 39 5196
1134 59 2715
1132 67 3841
1234 73 264
1034 72 3512
1135 11 5825
1133 18 443
1235 89 4946
1035 60 2461
1136 62 3515
1134 43 2971
1236 55 1936
1036 34 3434
1137 97 1787
1135 11 4373
1237 18 1523
1037 56 977
1138 45 822
1136 27 4418
1238 71 66
1038 56 266
1139 41 19
1137 52 1469
1239 90 4474
1039 68 5611
1140 35 1984
1138 18 366
1240 53 3144
1040 27 5731
1141 31 1403
1139 44 627
1241 10 1471
1041 94 4394
1142 62 3069
1140 33 5308
1242 44 2893
1042 43 1337
1143 99 5352
1141 34 5254
1243 22 1179
1043 35 5778
1144 23 1125
1142 62 5615
1244 10 400
1044 46 3385
1145 28 3207
1143 59 1211
1245 48 4725
1045 57 3837
1146 53 1723
1144 64 3546
1246 57 1635
1046 73 2185
1147 66 5419
1145 10 4075
1247 96 5363
1047 44 4384
1148 59 812
1146 32 1484
1248 28 5133
1048 44 4566
1149 72 1368
1147 88 2973
1249 16 4073
1049 30 96
1150 58 1591
1148 55 5518
1250 56 392
1050 81 395
1151 94 2608
1149 97 2835
1251 82 3823
1051 19 4515
1152 31 5015
1150 66 2465
1252 91 4965
1052 88 5423
1153 51 5252
1151 37 1462
1253 83 2603
1053 99 2851
1154 28 4465
1152 21 2071
1254 96 3848
1054 67 4223
1155 28 3726
1153 73 5486
1255 14 758
1055 18 4048
1156 90 2539
1154 73 2186
1256 90 5732
1056 30 1208
1157 39 3387
1155 13 1029
1257 35 4389
1057 88 3815
1158 26 268
1156 64 1093
1258 96 4523
1058 27 5886
1159 31 2286
1157 76 5235
1259 90 4869
1059 61 2846
1160 98 2069
1158 59 1830
1260 27 5067
1060 48 1028
1161 67 1932
1159 83 3137
1261 52 5326
1061 94 2027
1162 10 3178
1160 60 5895
1262 12 5438
1062 63 1358
1163 92 5371
1161 76 873
1263 18 3586
1063 35 1970
1164 66 4293
1162 83 2194
1264 52 2269
1064 40 5314
1165 21 1514
1163 33 784
1265 99 1269
1065 41 4792
1166 38 5410
1164 98 2387
1266 48 4872
1066 58 4223
1167 28 1767
1165 67 4703
1267 55 2286
1067 87 4064
1168 70 1493
1166 71 686
1268 86 1884
1068 60 4853
1169 84 844
1167 71 801
1269 83 5068
1069 95 1218
1170 72 2296
1168 80 4182
1270 45 4200
1070 14 4338
1171 42 3
1169 64 2339
1271 22 2934
1071 47 5825
1172 22 1517
1170 99 1830
1272 29 3606
1072 56 522
1173 17 3701
1171 74 3326
1273 78 3808
1073 78 3244
1174 79 2563
1172 47 4189
1274 60 3710
1074 67 3526
1175 95 1522
1173 16 3474
1275 65 464
1075 59 2477
1176 56 2221
1174 71 1538
1276 44 3228
1076 38 2139
1177 49 1711
1175 82 5021
1277 91 5290
1077 58 4537
1178 45 4593
1176 85 1924
1278 33 1808
1078 14 1552
1179 76 4620
1177 49 3451
1279 41 1385
1079 41 1866
1180 77 2455
1178 63 1957
1280 83 5419
1080 80 139
1181 61 2070
1179 58 5069
1281 60 596
1081 50 1481
1182 42 3739
1180 73 1473
1282 19 3083
1082 91 1695
1183 67 4462
1181 97 4270
1283 98 5681
1083 18 3028
1184 57 1448
1182 62 2314
1284 72 1162
1084 79 255
1185 82 1120
1183 65 3904
1285 30 1194
1085 16 3830
1186 80 1676
1184 46 4026
1286 87 2684
1086 16 718
1187 18 5146
1185 47 2858
1287 29 988
1087 69 3385
1188 31 2729
1186 69 1823
1288 36 2951
1088 25 26
1189 18 5221
1187 98 4635
1289 67 5075
1089 35 3223
1190 52 3134
1188 61 3199
1290 49 3802
1090 33 578
1191 52 826
1189 37 4479
1291 21 592
1091 23 1274
1192 85 1633
1190 62 2249
1292 47 2176
1092 74 1394
1193 59 3115
1191 71 4762
1293 34 1248
1093 80 32
1194 14 1986
1192 44 4439
1294 63 3708
1094 23 2602
1195 71 5809
1193 18 3927
1295 84 5021
1095 30 5463
1196 20 5348
1194 100 1118
1296 86 4457
1096 24 2461
1197 45 5175
1195 18 3248
1297 68 3787
1097 80 2733
1198 77 4598
1196 31 3249
1298 71 3916
1098 48 4170
1199 51 3762
1197 24 2601
1299 72 2727
1099 43 5902
1200 70 4196
1198 81 3130
1300 35 87
1100 51 1302
1199 79 809
1301 71 4058
1101 12 3738
1202 45 5252
1302 68 5851
1102 28 5078
1203 100 76
1201 21 3822
1303 62 1258
1103 81 4579
1204 93 1191
1202 13 5137
1304 46 4223
1104 40 5496
1205 42 1615
1203 48 4230
1305 81 347
1105 85 3072
1206 81 721
1204 74 3490
1306 78 3714
1106 96 5612
1207 66 4792
1205 62 3497
1307 34 5827
1107 25 4083
1208 14 5910
1206 53 3929
1308 59 2875
1108 78 3882
1209 12 1343
1207 22 4899
1309 54 2671
1109 57 5284
1210 61 1864
1208 68 716
1310 22 2251
1110 39 706
1211 81 4849
1209 66 2060
1311 16 5090
1111 41 127
1212 98 550
1210 22 4779
1312 46 1400
1112 76 3751
1213 89 973
1211 81 1519
1313 40 2430
1113 63 542
1214 38 992
1212 55 2317
1314 24 4125
1114 50 3843
1215 27 4485
1213 37 4615
1315 21 258
1115 20 2653
1216 56 4513
1214 21 4551
1316 72 2643
1116 22 5593
1217 50 246
1215 86 1294
1317 14 5641
1117 62 3059
1218 58 31
1216 63 2448
1318 95 3510
1118 18 3638
1219 39 358
1217 43 4488
1319 43 2309
1119 17 2604
1220 26 1421
1218 77 2788
1320 90 2696
1120 50 799
1221 75 5270
1219 83 5448
1321 96 799
1121 91 300
1222 75 2394
1220 27 3199
1322 25 4013
1122 36 5905
1223 81 914
1221 94 3000
1323 81 1284
1123 58 1053
1224 95 71
1222 36 3616
1324 37 1719
1124 68 1062
1225 99 2710
1223 48 5444
1325 100 2110
1125 78 340
1226 31 1202
1224 31 5906
1326 81 3121
1126 34 4255
1227 39 2129
1225 17 598
1327 10 4583
1127 24 395
1228 71 1487
1226 40 4070
1328 47 542
1128 44 2694
1229 15 5139
1227 59 2217
1329 74 2542
1129 62 5146
1230 21 5900
1228 85 1165
1330 90 1673
1130 97 2840
1231 76 5819
1229 11 3014
1331 52 3785
1131 13 4756
1232 33 1080
1230 52 3927
1332 88 4882
1132 60 552
1233 74 812
1231 22 3876
1333 55 2955
1133 59 1626
1234 54 3530
1232 93 3334
1334 82 1812
1134 34 640
1235 46 3083
1233 96 4550
1335 97 1981
1135 27 3636
1236 100 4987
1234 97 317
1336 87 4763
1136 86 2387
1237 46 3101
1235 16 5408
1337 76 4788
1137 90 5843
1238 98 2971
1236 46 2856
1338 74 4710
1138 24 4724
1239 31 3027
1237 89 2613
1339 20 1118
1139 41 5085
1240 14 1412
1238 27 268
1340 58 4420
1140 17 4011
1241 44 1564
1239 45 2151
1341 71 2052
1141 78 3530
1242 26 500
1240 57 1253
1342 90 2935
1142 53 3758
1243 100 3258
1241 94 3136
1343 66 3110
1143 98 442
1244 63 2701
1242 90 5597
1344 42 4538
1144 27 4268
1245 82 306
1243 73 3724
1345 100 1381
1145 72 345
1246 46 627
1244 84 3569
1346 56 4962
1146 37 275
1247 68 18
1245 14 554
1347 52 2031
1147 74 55
1248 17 2255
1246 21 3107
1348 20 2600
1148 44 1278
1249 27 5539
1247 38 2565
1349 25 321
1149 52 910
1250 82 1292
1248 15 4015
1350 52 2100
1150 68 3550
1251 31 2956
1249 48 208
1351 93 2409
1151 49 1242
1252 25 999
1250 53 416
1352 13 5420
1152 62 1386
1253 33 22
1251 35 597
1353 77 1529
1153 18 3151
1254 31 3433
1252 24 1698
1354 60 5862
1154 25 3467
1255 35 4125
1253 77 3905
1355 86 977
1155 29 3615
1256 23 4306
1254 29 1656
1356 58 5743
1156 23 3893
1257 57 1100
1255 24 1182
1357 32 5544
1157 58 2465
1258 76 3000
1256 73 3782
1358 94 2543
1158 24 4861
1259 50 1076
1257 78 2321
1359 89 5025
1159 91 3312
1260 24 3142
1258 33 1197
1360 52 4719
1160 45 5314
1261 56 1641
1259 52 4282
1361 45 1091
1161 90 754
1262 59 2016
1260 67 3877
1362 50 3032
1162 80 3293
1263 13 1478
1261 14 3082
1363 47 2283
1163 51 16
1264 70 5726
1262 31 1517
1364 33 2037
1164 54 86
1265 52 1956
1263 61 5318
1365 27 582
1165 50 4550
1266 89 721
1264 50 4873
1366 64 2217
1166 39 3440
1267 55 3076
1265 64 869
1367 85 4921
1167 58 4160
1268 39 4812
1266 83 4555
1368 88 5358
1168 35 4044
1269 33 2514
1267 64 3394
1369 58 3367
1169 24 3757
1270 42 3248
1268 38 4532
1370 14 5819
1170 75 1928
1271 93 1245
1269 80 2033
1371 37 1482
1171 92 1217
1272 16 92
1270 11 2786
1372 57 254
1172 98 3457
1273 57 5425
1271 82 3017
1373 34 1663
1173 73 882
1274 70 405
1272 96 5371
1374 38 2305
1174 42 2083
1275 55 4324
1273 21 4059
1375 91 2600
1175 50 2357
1276 83 5448
1274 41 4129
1376 28 3120
1176 74 679
1277 56 4365
1275 24 2094
1377 20 1170
1177 48 3978
1278 13 2950
1276 43 3381
1378 38 2491
1178 21 3955
1279 85 1545
1277 12 4109
1379 77 4309
1179 16 5056
1280 87 4750
1278 84 3816
1380 68 3486
1180 10 735
1281 95 3084
1279 59 1760
1381 50 1666
1181 53 2718
1282 42 747
1280 31 2124
1382 74 1544
1182 90 5104
1283 57 5206
1281 62 4473
1383 74 5312
1183 26 3208
1284 39 694
1282 98 2684
1384 40 3799
1184 60 5430
1285 34 461
1283 69 3336
1385 43 640
1185 55 1336
1286 40 5936
1284 49 2202
1386 52 5632
1186 57 4456
1287 94 4820
1285 25 1030
1387 37 5829
1187 56 4845
1288 87 1860
1286 33 5528
1388 74 3501
1188 47 1360
1289 24 2383
1287 89 4820
1389 29 5799
1189 10 1717
1290 93 5596
1288 29 2224
1390 55 2584
1190 39 2031
1291 80 3658
1289 16 5773
1391 90 5415
1191 32 3612
1292 41 3125
1290 65 5443
1392 30 511
1192 36 1608
1293 75 2313
1291 82 2895
1393 37 2753
1193 78 2372
1294 93 4917
1292 13 343
1394 26 4006
1194 56 3192
1295 73 5886
1293 99 4317
1395 44 872
1195 11 5643
1296 96 4165
1294 76 3596
1396 76 1708
1196 38 519
1297 62 822
1295 62 4814
1397 75 2156
1197 31 5911
1298 12 2459
1296 50 1243
1398 23 2035
1198 13 5716
1299 36 2851
1297 71 2688
1399 27 3709
1199 70 4940
1300 54 4133
1298 34 1662
1400 27 5334
1200 85 3991
1299 53 1305
1401 93 4035
1201 48 5519
1302 91 177
1402 36 1314
1202 86 190
1303 53 1523
1301 89 2776
1403 43 777
1203 10 2701
1304 14 4504
1302 88 375
1404 18 5521
1204 49 2409
1305 46 1948
1303 55 4677
1405 70 3524
1205 76 5573
1306 66 4570
1304 29 4336
1406 67 3927
1206 61 120
1307 23 559
1305 77 2788
1407 69 5398
1207 21 1358
1308 68 1607
1306 10 3460
1408 81 1130
1208 40 3597
1309 37 2721
1307 54 1865
1409 78 5169
1209 27 3292
1310 29 4
1308 35 1590
1410 78 3565
1210 68 3053
1311 91 1688
1309 85 3845
1411 84 2304
1211 58 1980
1312 14 5794
1310 30 5264
1412 68 509
1212 31 1631
1313 86 3094
1311 61 1610
1413 93 4002
1213 41 1709
1314 78 4322
1312 80 1057
1414 63 5504
1214 96 4833
1315 27 2453
1313 63 2753
1415 10 1554
1215 97 822
1316 85 4785
1314 83 3628
1416 22 1301
1216 56 2498
1317 74 618
1315 26 813
1417 36 1393
1217 67 4843
1318 69 1244
1316 52 2016
1418 49 674
1218 67 3958
1319 12 3582
1317 21 4854
1419 88 4436
1219 91 2534
1320 17 5634
1318 29 461
1420 70 5384
1220 97 4618
1321 61 1877
1319 45 35
1421 35 3229
1221 28 5279
1322 71 219
1320 46 2016
1422 42 743
1222 22 2242
1323 69 1634
1321 78 3968
1423 85 4906
1223 34 5577
1324 33 2568
1322 26 4716
1424 42 4440
1224 10 3464
1325 57 14
1323 66 2810
1425 17 3661
1225 73 3046
1326 37 5242
1324 69 4917
1426 26 57
1226 61 354
1327 68 1652
1325 71 5728
1427 95 1037
1227 18 4978
1328 48 2656
1326 49 3464
1428 87 3384
1228 42 3383
1329 17 4278
1327 74 3173
1429 28 280
1229 56 198
1330 58 4552
1328 56 4214
1430 32 2999
1230 91 5780
1331 50 1221
1329 85 4269
1431 44 266
1231 36 1819
1332 68 1183
1330 29 1354
1432 68 4223
1232 51 329
1333 27 1822
1331 52 5607
1433 55 2488
1233 62 1032
1334 34 84
1332 11 3295
1434 30 3066
1234 59 4288
1335 97 1611
1333 72 1522
1435 21 4562
1235 84 3606
1336 32 3949
1334 53 4186
1436 100 2308
1236 56 1629
1337 80 5086
1335 82 905
1437 75 3340
1237 24 3762
1338 27 1335
1336 86 5186
1438 87 3814
1238 15 4428
1339 14 5422
1337 75 1257
1439 72 2913
1239 62 3496
1340 80 5038
1338 97 3898
1440 53 5191
1240 72 1292
1341 59 2022
1339 51 129
1441 99 334
1241 18 3558
1342 47 4527
1340 36 5499
1442 55 3834
1242 94 4277
1343 18 5324
1341 15 1666
1443 91 781
1243 82 1025
1344 89 1235
1342 79 1731
1444 77 1182
1244 50 1775
1345 85 2423
1343 11 5073
1445 42 5196
1245 14 5160
1346 51 5576
1344 13 5073
1446 80 1225
1246 61 5720
1347 16 4805
1345 15 4408
1447 22 1867
1247 61 328
1348 92 5587
1346 34 4585
1448 29 4395
1248 89 4784
1349 57 3699
1347 70 5670
1449 23 3629
1249 62 4307
1350 53 2934
1348 71 296
1450 57 3686
1250 20 210
1351 16 3443
1349 19 612
1451 54 920
1251 24 4286
1352 58 1927
1350 27 2099
1452 93 2728
1252 82 2259
1353 71 5508
1351 98 2201
1453 74 5797
1253 96 4063
1354 88 2910
1352 33 5845
1454 20 2950
1254 49 331
1355 45 5054
1353 65 5100
1455 17 5012
1255 38 1338
1356 70 986
1354 91 5645
1456 64 459
1256 30 3546
1357 98 5035
1355 20 1253
1457 52 127
1257 19 1557
1358 40 509
1356 65 4317
1458 49 2130
1258 54 1966
1359 10 3973
1357 30 5685
1459 62 4817
1259 55 5760
1360 31 2436
1358 50 3467
1460 11 3217
1260 74 3255
1361 69 1928
1359 81 1924
1461 49 3274
1261 24 5097
1362 60 3571
1360 21 3825
1462 14 5101
1262 94 508
1363 27 3242
1361 66 406
1463 28 2759
1263 24 532
1364 12 1497
1362 13 3056
1464 24 3642
1264 61 5038
1365 14 1623
1363 94 1630
1465 67 952
1265 67 4742
1366 94 3300
1364 58 1993
1466 99 5585
1266 29 2407
1367 51 5256
1365 30 4206
1467 20 3880
1267 30 1715
1368 84 3494
1366 92 1243
1468 93 2232
1268 58 1245
1369 98 779
1367 84 997
1469 68 5044
1269 95 5688
1370 48 2506
1368 94 1808
1470 96 5245
1270 76 990
1371 83 4630
1369 100 4330
1471 20 5466
1271 89 639
1372 67 1163
1370 93 2261
1472 19 4516
1272 41 4954
1373 58 4736
1371 62 552
1473 57 4653
1273 46 2038
1374 59 1231
1372 86 1273
1474 15 842
1274 41 3314
1375 52 2843
1373 79 4510
1475 48 3047
1275 52 1094
1376 86 5764
1374 93 1435
1476 13 2841
1276 80 2567
1377 59 5346
1375 64 1119
1477 97 1929
1277 54 4829
1378 14 493
1376 84 5471
1478 11 1383
1278 30 2882
1379 30 153
1377 56 5724
1479 82 3475
1279 25 4417
1380 86 1689
1378 75 4661
1480 89 323
1280 76 5772
1381 98 1806
1379 58 5404
1481 13 4371
1281 43 602
1382 98 4689
1380 52 1375
1482 80 3115
1282 52 969
1383 32 3506
1381 100 4195
1483 79 4390
1283 44 2383
1384 46 4447
1382 26 4244
1484 73 4541
1284 73 2324
1385 72 2657
1383 43 5192
1485 62 2466
1285 86 2771
1386 46 2918
1384 73 1879
1486 18 5224
1286 57 1060
1387 98 1801
1385 27 371
1487 70 620
1287 16 2311
1388 64 2668
1386 30 1048
1488 56 3739
1288 70 5236
1389 66 3794
1387 18 3921
1489 65 3179
1289 19 2134
1390 41 519
1388 70 4365
1490 96 4470
1290 37 1215
1391 33 197
1389 98 29
1491 24 4795
1291 78 4868
1392 65 2961
1390 77 2048
1492 13 2161
1292 22 4010
1393 53 3650
1391 76 416
1493 97 4329
1293 13 3588
1394 51 1608
1392 65 5633
1494 70 5052
1294 83 4562
1395 59 722
1393 54 3955
1495 69 4026
1295 49 4867
1396 39 1143
1394 26 2955
1496 40 200
1296 78 3739
1397 16 4105
1395 57 82
1497 28 310
1297 96 1205
1398 40 146
1396 29 1460
1498 95 3673
1298 99 4778
1399 90 4148
1397 85 3711
1499 57 477
1299 48 569
1400 45 1558
1398 83 955
1500 12 2262
1300 54 3086
1399 63 5934
1501 76 803
1301 36 5504
1402 97 4910
1502 10 1444
1302 18 4653
1403 42 3425
1401 91 977
1503 58 2927
1303 61 4641
1404 99 3126
1402 27 1334
1504 42 2603
1304 74 3480
1405 59 5020
1403 40 1549
1505 46 4844
1305 84 560
1406 77 2514
1404 67 5308
1506 56 1478
1306 50 3579
1407 18 3692
1405 42 3621
1507 29 5866
1307 43 1554
1408 67 3286
1406 78 4275
1508 51 3808
1308 53 4754
1409 79 397
1407 17 5635
1509 12 4588
1309 50 612
1410 63 3615
1408 31 4919
1510 60 3154
1310 42 355
1411 84 1417
1409 82 1752
1511 60 4069
1311 59 5620
1412 83 2684
1410 49 4375
1512 52 1598
1312 48 4180
1413 91 2683
1411 41 5759
1513 12 3867
1313 55 1274
1414 81 5416
1412 22 217
1514 36 1106
1314 63 1133
1415 14 4615
1413 23 5531
1515 31 2292
1315 31 5590
1416 54 4627
1414 82 2899
1516 58 1301
1316 44 3359
1417 55 2343
1415 73 5664
1517 55 1425
1317 32 1682
1418 45 4681
1416 100 1186
1518 70 5101
1318 79 3090
1419 59 877
1417 54 3800
1519 34 5525
1319 34 1059
1420 88 3212
1418 30 4855
1520 100 4118
1320 78 3245
1421 65 4896
1419 30 708
1521 50 5526
1321 27 3542
1422 71 3081
1420 38 5896
1522 95 4040
1322 23 540
1423 39 2057
1421 52 3018
1523 82 3118
1323 52 1647
1424 43 3142
1422 84 4515
1524 27 3421
1324 94 3462
1425 86 4869
1423 100 1111
1525 15 4528
1325 42 5131
1426 13 5387
1424 89 3798
1526 59 4251
1326 82 1263
1427 69 3399
1425 89 2502
1527 35 540
1327 53 1397
1428 72 3301
1426 89 1674
1528 74 4580
1328 42 3969
1429 29 387
1427 28 2858
1529 73 5531
1329 29 3313
1430 51 1363
1428 35 5499
1530 80 2273
1330 87 5119
1431 87 5930
1429 44 4714
1531 32 1928
1331 16 3071
1432 20 5696
1430 53 329
1532 99 4697
1332 45 4256
1433 89 2834
1431 11 163
1533 52 4206
1333 78 2835
1434 98 5382
1432 22 1524
1534 89 644
1334 49 5135
1435 85 2822
1433 60 2287
1535 63 5696
1335 43 968
1436 96 2054
1434 98 4803
1536 11 798
1336 57 131
1437 40 5603
1435 31 2025
1537 52 5709
1337 87 2005
1438 57 648
1436 48 865
1538 90 2854
1338 99 1493
1439 19 578
1437 100 3094
1539 76 758
1339 44 1285
1440 35 5939
1438 89 32
1540 76 1469
1340 23 4553
1441 51 3662
1439 89 1068
1541 55 1278
1341 53 2279
1442 60 297
1440 67 2554
1542 87 1087
1342 63 2455
1443 67 281
1441 82 5802
1543 84 3279
1343 30 4886
1444 58 4245
1442 89 2287
1544 13 2634
1344 84 3484
1445 19 261
1443 75 5867
1545 84 3975
1345 20 3504
1446 83 698
1444 81 289
1546 11 1359
1346 96 1029
1447 21 5439
1445 79 2956
1547 27 3953
1347 45 958
1448 11 4274
1446 63 4787
1548 87 1067
1348 99 4562
1449 54 4196
1447 52 2963
1549 21 3619
1349 43 2918
1450 51 1478
1448 26 4503
1550 20 3816
1350 91 5936
1451 18 2819
1449 38 4520
1551 44 4171
1351 63 3531
1452 87 1846
1450 93 4572
1552 35 5219
1352 89 554
1453 66 3487
1451 48 1118
1553 32 5742
1353 63 3003
1454 10 3850
1452 78 4184
1554 41 566
1354 98 3099
1455 33 1634
1453 28 52
1555 34 4419
1355 62 1565
1456 74 5918
1454 56 2811
1556 93 3468
1356 20 1902
1457 79 4562
1455 39 456
1557 36 1624
1357 30 1486
1458 95 4592
1456 53 5828
1558 96 4672
1358 33 1620
1459 91 2181
1457 94 1491
1559 57 3100
1359 22 3946
1460 50 5703
1458 33 5868
1560 99 1501
1360 17 470
1461 96 102
1459 96 4485
1561 12 3425
1361 56 554
1462 78 4106
1460 31 5338
1562 86 1078
1362 47 4676
1463 71 3795
1461 33 2738
1563 45 1308
1363 94 4246
1464 43 622
1462 85 3230
1564 27 3550
1364 94 240
1465 97 5066
1463 98 3053
1565 33 4529
1365 93 1062
1466 30 5439
1464 41 2451
1566 73 4881
1366 82 3965
1467 41 4793
1465 97 4951
1567 66 2199
1367 47 4493
1468 18 4496
1466 64 4966
1568 63 336
1368 16 485
1469 95 4943
1467 75 1914
1569 33 1170
1369 26 2605
1470 66 4902
1468 37 3460
1570 54 2955
1370 89 3519
1471 31 39
1469 86 1597
1571 97 5663
1371 24 1185
1472 63 2777
1470 78 5719
1572 26 2898
1372 90 513
1473 14 1256
1471 39 3807
1573 75 1392
1373 14 788
1474 52 2928
1472 45 95
1574 16 3445
1374 39 3488
1475 11 2121
1473 41 2943
1575 33 4947
1375 44 129
1476 42 2851
1474 40 195
1576 78 2289
1376 84 2464
1477 41 5706
1475 77 924
1577 50 1016
1377 20 5211
1478 25 2931
1476 47 4300
1578 41 5452
1378 34 2699
1479 21 2344
1477 10 893
1579 40 1196
1379 84 5689
1480 35 597
1478 95 5071
1580 12 3818
1380 17 805
1481 94 1966
1479 30 4086
1581 24 5170
1381 39 5100
1482 16 4034
1480 66 4974
1582 86 4184
1382 57 400
1483 14 3842
1481 87 784
1583 26 4611
1383 94 5755
1484 49 900
1482 49 5824
1584 13 5220
1384 45 2988
1485 83 3648
1483 59 314
1585 35 1010
1385 54 3824
1486 31 5183
1484 87 2487
1586 69 3937
1386 14 226
1487 46 10
1485 36 2215
1587 93 2897
1387 46 860
1488 86 1433
1486 90 4799
1588 14 1104
1388 92 3495
1489 78 1008
1487 69 4037
1589 99 2678
1389 46 5415
1490 41 2358
1488 79 5841
1590 83 3289
1390 53 3351
1491 63 38
1489 32 4878
1591 97 822
1391 56 2060
1492 34 1177
1490 76 4607
1592 71 5841
1392 29 5511
1493 93 4236
1491 88 5508
1593 28 877
1393 46 2609
1494 19 2176
1492 95 95
1594 86 1769
1394 57 3826
1495 24 266
1493 22 49
1595 42 4068
1395 66 1337
1496 48 4629
1494 72 4876
1596 28 5068
1396 29 3618
1497 41 534
1495 44 1801
1597 11 4191
1397 28 3502
1498 54 3363
1496 22 1394
1598 98 5299
1398 35 1588
1499 85 2378
1497 63 1767
1599 72 5572
1399 31 5074
1500 55 828
1498 41 1976
1600 61 5478
1400 82 5588
1499 39 5843
1601 67 4049
1401 68 1310
1502 23 3106
1602 58 5696
1402 21 5307
1503 95 2000
1501 37 2225
1603 93 3885
1403 65 2000
1504 43 1440
1502 33 2662
1604 96 5189
1404 29 3040
1505 74 1267
1503 12 2142
1605 71 2489
1405 44 220
1506 96 1702
1504 26 188
1606 71 641
1406 72 3375
1507 35 614
1505 23 185
1607 95 3941
1407 60 5519
1508 66 3350
1506 96 1066
1608 24 1753
1408 34 4332
1509 62 119
1507 95 1644
1609 41 1040
1409 15 3597
1510 36 1586
1508 47 4840
1610 81 2279
1410 91 4955
1511 80 4097
1509 64 2365
1611 14 5821
1411 88 3559
1512 13 3324
1510 80 1432
1612 37 2738
1412 11 1540
1513 61 3671
1511 10 4274
1613 72 4147
1413 27 1541
1514 99 2530
1512 30 277
1614 62 1615
1414 97 4825
1515 87 5042
1513 64 4876
1615 72 633
1415 89 2202
1516 74 2639
1514 83 3030
1616 42 5751
1416 54 3132
1517 21 1396
1515 77 1860
1617 90 639
1417 15 26
1518 33 1645
1516 42 25
1618 77 5218
1418 74 994
1519 54 1729
1517 25 1840
1619 49 4351
1419 20 2327
1520 73 1211
1518 44 590
1620 54 652
1420 79 228
1521 13 330
1519 53 4382
1621 66 526
1421 43 5020
1522 81 4887
1520 56 222
1622 62 444
1422 26 592
1523 88 4345
1521 57 3595
1623 94 2165
1423 37 2767
1524 18 3908
1522 15 2371
1624 95 5525
1424 93 4995
1525 24 4354
1523 99 2882
1625 12 3274
1425 65 3703
1526 27 3648
1524 37 4955
1626 57 4078
1426 59 4496
1527 59 2862
1525 37 4885
1627 77 760
1427 76 2944
1528 59 787
1526 24 2727
1628 35 556
1428 61 2857
1529 93 5788
1527 61 167
1629 78 2642
1429 99 1756
1530 28 2436
1528 59 4283
1630 75 3894
1430 85 5480
1531 57 5213
1529 27 5342
1631 48 4855
1431 61 5549
1532 15 2988
1530 88 396
1632 57 5529
1432 70 4537
1533 48 1052
1531 27 3155
1633 29 4035
1433 10 5926
1534 56 5512
1532 42 204
1634 51 4979
1434 45 5264
1535 77 2533
1533 70 3189
1635 27 823
1435 32 109
1536 50 2956
1534 45 3075
1636 86 1230
1436 26 2324
1537 92 4665
1535 85 5024
1637 85 1598
1437 83 1035
1538 47 3897
1536 73 3161
1638 12 5697
1438 28 5514
1539 62 138
1537 34 4272
1639 63 808
1439 55 1389
1540 79 4852
1538 38 2641
1640 69 1376
1440 77 5754
1541 64 3016
1539 100 2225
1641 57 1767
1441 46 2385
1542 37 4193
1540 79 2418
1642 48 2121
1442 94 2227
1543 31 2395
1541 70 4761
1643 96 3292
1443 26 3016
1544 99 988
1542 39 3993
1644 43 4134
1444 79 2029
1545 66 5665
1543 77 1672
1645 84 1348
1445 33 1261
1546 46 3958
1544 89 4496
1646 51 5372
1446 95 2001
1547 87 3845
1545 21 5227
1647 92 4301
1447 23 1199
1548 26 5487
1546 75 4633
1648 41 724
1448 44 2453
1549 44 5547
1547 27 1026
1649 45 2477
1449 21 5069
1550 10 4787
1548 40 5316
1650 67 279
1450 71 3211
1551 32 5024
1549 58 2061
1651 92 2233
1451 48 3429
1552 16 446
1550 64 443
1652 48 5055
1452 32 723
1553 32 4603
1551 57 1114
1653 81 2558
1453 42 920
1554 22 3708
1552 46 4572
1654 12 1170
1454 91 3782
1555 65 2853
1553 43 5725
1655 53 4338
1455 34 4208
1556 16 1142
1554 72 3142
1656 46 3719
1456 45 3242
1557 56 523
1555 68 5602
1657 42 1731
1457 54 5761
1558 47 1719
1556 39 2147
1658 39 712
1458 58 2945
1559 97 3011
1557 56 5038
1659 16 3602
1459 19 4159
1560 67 2047
1558 73 998
1660 70 1353
1460 29 1805
1561 80 1363
1559 32 4318
1661 35 5461
1461 31 5689
1562 41 1036
1560 21 4816
1662 64 4022
1462 54 1469
1563 92 4896
1561 37 2027
1663 38 4740
1463 99 3778
1564 22 1658
1562 37 970
1664 97 865
1464 44 2972
1565 15 4050
1563 91 1271
1665 54 132
1465 91 5212
1566 81 1328
1564 22 4969
1666 11 3089
1466 77 2611
1567 64 4635
1565 83 5869
1667 23 323
1467 72 1852
1568 49 5790
1566 44 587
1668 71 689
1468 70 3756
1569 97 825
1567 29 4006
1669 93 211
1469 15 3012
1570 89 4976
1568 97 593
1670 71 1114
1470 65 2947
1571 47 1869
1569 78 2012
1671 32 3952
1471 42 2042
1572 50 3974
1570 99 3841
1672 43 5816
1472 67 5272
1573 30 2761
1571 57 2396
1673 12 1781
1473 33 3439
1574 43 1537
1572 77 5676
1674 17 2199
1474 66 2691
1575 32 2553
1573 72 160
1675 40 5270
1475 93 4728
1576 10 3392
1574 34 4162
1676 29 1384
1476 13 4727
1577 78 4022
1575 36 1624
1677 75 5602
1477 30 4805
1578 67 4952
1576 25 844
1678 99 2435
1478 70 5531
1579 96 5592
1577 38 1496
1679 95 5089
1479 77 2357
1580 83 2358
1578 92 5554
1680 22 1524
1480 93 1436
1581 79 3540
1579 62 2474
1681 22 3643
1481 51 1804
1582 34 2814
1580 94 716
1682 56 4191
1482 35 1853
1583 54 5251
1581 88 1951
1683 93 435
1483 45 4447
1584 61 110
1582 41 5351
1684 86 1864
1484 97 3220
1585 97 2361
1583 84 2922
1685 75 1328
1485 86 2738
1586 48 5854
1584 77 844
1686 39 2963
1486 15 2731
1587 91 5439
1585 69 3331
1687 88 4034
1487 38 4000
1588 55 3496
1586 92 4467
1688 86 2916
1488 28 2092
1589 46 5483
1587 21 2991
1689 71 1804
1489 33 317
1590 99 3867
1588 71 3525
1690 80 771
1490 71 3942
1591 68 5539
1589 65 4400
1691 46 892
1491 72 1786
1592 95 4347
1590 43 1275
1692 28 5397
1492 37 779
1593 66 4091
1591 35 4652
1693 66 1763
1493 21 69
1594 22 967
1592 82 2713
1694 73 2820
1494 84 291
1595 25 3923
1593 43 3988
1695 90 278
1495 77 5517
1596 82 5590
1594 21 1132
1696 43 731
1496 11 5186
1597 93 4469
1595 84 3667
1697 31 238
1497 66 5007
1598 94 2652
1596 12 860
1698 42 3820
1498 40 1341
1599 11 269
1597 14 2784
1699 13 3872
1499 29 4283
1600 92 787
1598 74 4103
1700 12 232
1500 54 1500
1599 53 1875
1701 57 1532
1501 79 1479
1602 60 3585
1702 98 1884
1502 38 5528
1603 71 3533
1601 35 734
1703 29 2855
1503 97 5633
1604 27 7
1602 62 5656
1704 15 2151
1504 75 1535
1605 15 5110
1603 17 2019
1705 22 3922
1505 37 5051
1606 17 5273
1604 19 2139
1706 41 4037
1506 77 913
1607 59 5235
1605 76 1507
1707 87 205
1507 32 4737
1608 65 2440
1606 42 5311
1708 93 2562
1508 67 1829
1609 77 5555
1607 18 3588
1709 52 413
1509 93 3403
1610 44 4667
1608 98 3892
1710 86 1180
1510 39 5381
1611 85 3021
1609 78 286
1711 33 5270
1511 40 4052
1612 30 5105
1610 52 619
1712 82 3957
1512 96 1876
1613 80 3177
1611 67 953
1713 55 1703
1513 91 2027
1614 46 4617
1612 56 5500
1714 10 2951
1514 99 4957
1615 39 3639
1613 68 4193
1715 24 1710
1515 43 4328
1616 50 3517
1614 63 5719
1716 65 4197
1516 49 5159
1617 99 329
1615 86 2396
1717 77 4353
1517 51 5889
1618 16 2647
1616 100 3301
1718 57 76
1518 39 131
1619 88 766
1617 89 4390
1719 32 2964
1519 51 3577
1620 70 199
1618 13 1910
1720 11 4162
1520 63 2673
1621 51 1181
1619 87 5918
1721 31 5810
1521 70 4577
1622 73 4182
1620 60 5250
1722 78 4374
1522 69 3095
1623 60 4268
1621 32 258
1723 98 1371
1523 81 1691
1624 98 5866
1622 73 1347
1724 67 3300
1524 88 3401
1625 85 266
1623 52 4230
1725 91 5139
1525 59 5718
1626 98 1783
1624 37 622
1726 33 2923
1526 42 187
1627 14 691
1625 72 5773
1727 60 4194
1527 57 4972
1628 69 3139
1626 80 2208
1728 85 5410
1528 14 146
1629 95 2827
1627 98 1244
1729 26 5786
1529 29 2771
1630 97 1996
1628 75 92
1730 40 4504
1530 35 3286
1631 37 5335
1629 55 3349
1731 84 2370
1531 31 4141
1632 35 5427
1630 58 5326
1732 25 1644
1532 95 1096
1633 58 619
1631 56 3288
1733 24 1486
1533 23 5022
1634 31 5436
1632 80 4487
1734 38 5225
1534 68 3830
1635 12 4534
1633 70 556
1735 61 5121
1535 52 2842
1636 96 4364
1634 70 221
1736 94 119
1536 78 4926
1637 77 2865
1635 38 1482
1737 14 4840
1537 73 5399
1638 16 4399
1636 60 1758
1738 43 2879
1538 44 133
1639 65 914
1637 48 3867
1739 10 4381
1539 40 1086
1640 87 5126
1638 61 4489
1740 14 2242
1540 22 3325
1641 93 3422
1639 95 5005
1741 85 5705
1541 65 294
1642 13 5825
1640 92 3810
1742 56 417
1542 65 5541
1643 87 1940
1641 26 5749
1743 69 2538
1543 95 598
1644 62 4330
1642 59 1209
1744 62 2152
1544 28 1245
1645 62 2533
1643 41 2066
1745 81 1986
1545 47 1401
1646 17 322
1644 30 5371
1746 85 3546
1546 72 319
1647 59 102
1645 22 1329
1747 42 5749
1547 56 3976
1648 94 4407
1646 19 1422
1748 86 270
1548 84 3707
1649 72 1373
1647 66 626
1749 94 899
1549 91 4349
1650 13 1972
1648 27 5737
1750 54 2619
1550 28 843
1651 97 5241
1649 99 3399
1751 26 2077
1551 16 1754
1652 40 2024
1650 38 831
1752 35 4435
1552 41 4864
1653 75 1786
1651 65 2177
1753 54 5921
1553 56 1523
1654 17 2084
1652 55 1402
1754 89 2843
1554 17 947
1655 85 2515
1653 90 295
1755 76 1741
1555 81 2153
1656 75 3921
1654 19 334
1756 92 476
1556 93 2757
1657 65 458
1655 98 3119
1757 57 4535
1557 20 4516
1658 76 4497
1656 22 1939
1758 49 3691
1558 20 2140
1659 20 1236
1657 41 3605
1759 83 1577
1559 52 2003
1660 50 4368
1658 11 3409
1760 56 5129
1560 60 0
1661 18 4239
1659 74 1118
1761 46 1671
1561 86 1405
1662 23 1884
1660 66 4303
1762 19 5059
1562 33 660
1663 90 4546
1661 60 3377
1763 91 4797
1563 62 3402
1664 46 1074
1662 55 1808
1764 93 3818
1564 25 3712
1665 42 5238
1663 68 4444
1765 80 3585
1565 58 1472
1666 58 2296
1664 34 3656
1766 56 3438
1566 56 5626
1667 88 4527
1665 32 5820
1767 20 5155
1567 75 5173
1668 70 2219
1666 39 1560
1768 65 1079
1568 78 5608
1669 94 1368
1667 74 4845
1769 53 1202
1569 55 4836
1670 20 3558
1668 50 3624
1770 20 2904
1570 52 672
1671 65 83
1669 89 3892
1771 77 4638
1571 99 3834
1672 55 789
1670 52 926
1772 91 5807
1572 40 5935
1673 62 1063
1671 64 4458
1773 58 5364
1573 29 145
1674 10 1833
1672 52 4135
1774 15 3131
1574 35 311
1675 89 1595
1673 26 3089
1775 58 5070
1575 62 1352
1676 70 3918
1674 94 1059
1776 25 5753
1576 62 5189
1677 19 2843
1675 94 3854
1777 20 5193
1577 90 2033
1678 23 3593
1676 91 1237
1778 10 5052
1578 91 644
1679 89 2640
1677 51 2180
1779 12 2077
1579 36 1661
1680 78 828
1678 33 3506
1780 75 680
1580 89 4878
1681 73 5798
1679 29 911
1781 80 3720
1581 68 4498
1682 78 1606
1680 12 5182
1782 44 4825
1582 57 5077
1683 41 3437
1681 100 4370
1783 20 2551
1583 88 2176
1684 48 5679
1682 11 1079
1784 13 4309
1584 77 3723
1685 25 5742
1683 87 3251
1785 56 116
1585 63 2274
1686 35 2844
1684 45 2787
1786 45 4889
1586 64 1218
1687 76 3083
1685 79 4144
1787 94 3830
1587 55 4101
1688 69 5665
1686 57 4689
1788 24 852
1588 49 2322
1689 14 2670
1687 72 3589
1789 15 3164
1589 50 5028
1690 46 2073
1688 98 2345
1790 43 1264
1590 17 4883
1691 48 2356
1689 35 4036
1791 20 417
1591 64 3615
1692 41 1790
1690 47 3158
1792 89 3601
1592 65 1780
1693 32 117
1691 37 3981
1793 47 4174
1593 45 2245
1694 72 816
1692 15 2126
1794 94 5776
1594 100 1533
1695 78 1337
1693 37 2062
1795 30 1306
1595 54 1999
1696 37 2817
1694 24 2380
1796 46 816
1596 71 4893
1697 59 466
1695 16 2678
1797 54 2217
1597 92 4888
1698 41 492
1696 88 5127
1798 60 4754
1598 69 1874
1699 79 2836
1697 74 5889
1799 33 688
1599 55 296
1700 81 475
1698 58 5538
1800 82 1655
1600 32 5868
1699 71 4713
1801 20 581
1601 27 3749
1702 14 667
1802 59 539
1602 34 5895
1703 62 3674
1701 49 2364
1803 54 2416
1603 66 811
1704 35 1943
1702 86 3628
1804 57 3646
1604 88 747
1705 55 1221
1703 29 5827
1805 38 1093
1605 72 3256
1706 96 5171
1704 21 2813
1806 100 207
1606 73 3141
1707 53 728
1705 93 1618
1807 21 5833
1607 76 2993
1708 48 4426
1706 98 411
1808 72 5237
1608 33 4054
1709 63 2841
1707 22 4998
1809 67 163
1609 30 4732
1710 42 2718
1708 23 5089
1810 24 377
1610 15 1759
1711 100 5854
1709 28 2908
1811 34 1472
1611 50 778
1712 10 3362
1710 98 1054
1812 38 3498
1612 65 1109
1713 75 5805
1711 52 1190
1813 86 449
1613 90 2213
1714 48 3455
1712 22 4199
1814 98 1036
1614 37 5369
1715 57 4707
1713 15 5085
1815 91 1090
1615 87 992
1716 23 4727
1714 19 737
1816 97 3875
1616 77 1280
1717 18 3054
1715 63 4861
1817 92 5199
1617 38 1314
1718 10 1367
1716 37 5421
1818 73 913
1618 34 5925
1719 83 2292
1717 78 3317
1819 42 2825
1619 94 2947
1720 91 3243
1718 57 3144
1820 80 4192
1620 71 599
1721 92 4777
1719 48 3451
1821 51 340
1621 94 5446
1722 88 3903
1720 77 3907
1822 41 1251
1622 91 4747
1723 23 697
1721 48 5841
1823 42 2857
1623 96 5619
1724 25 2025
1722 100 5105
1824 17 1500
1624 97 2263
1725 74 3611
1723 88 2423
1825 94 4703
1625 50 5929
1726 63 571
1724 100 3963
1826 34 1887
1626 72 3886
1727 90 1523
1725 78 2780
1827 71 5821
1627 90 764
1728 71 457
1726 36 3179
1828 84 5068
1628 76 1612
1729 85 2703
1727 44 668
1829 38 1614
1629 55 4380
1730 22 3956
1728 54 1500
1830 82 468
1630 20 3445
1731 99 4686
1729 56 1670
1831 85 1545
1631 41 4749
1732 60 1855
1730 41 28
1832 25 1176
1632 12 277
1733 20 3615
1731 19 5473
1833 45 4547
1633 15 498
1734 19 910
1732 93 3760
1834 21 5512
1634 18 1458
1735 95 3454
1733 95 3713
1835 49 815
1635 67 3956
1736 97 1058
1734 77 1971
1836 67 2323
1636 23 3167
1737 92 2528
1735 39 1924
1837 45 5186
1637 13 5310
1738 90 3091
1736 35 292
1838 45 2972
1638 15 4134
1739 83 5695
1737 55 1892
1839 58 1811
1639 31 2644
1740 31 83
1738 96 2622
1840 81 4198
1640 42 628
1741 45 4972
1739 94 2368
1841 52 585
1641 20 2104
1742 39 801
1740 80 5165
1842 46 2567
1642 89 1911
1743 63 1739
1741 59 3690
1843 31 623
1643 84 1106
1744 63 3942
1742 58 1799
1844 62 1971
1644 46 5856
1745 30 3035
1743 77 2983
1845 25 3493
1645 22 3491
1746 88 5497
1744 99 2441
1846 44 2404
1646 68 2293
1747 67 4052
1745 44 2207
1847 19 5208
1647 38 2273
1748 30 898
1746 44 2874
1848 61 1311
1648 66 4048
1749 61 5774
1747 85 1683
1849 17 4236
1649 83 4557
1750 88 2179
1748 81 1959
1850 19 3379
1650 50 5752
1751 34 4831
1749 26 1814
1851 19 312
1651 85 4245
1752 45 1597
1750 24 1402
1852 26 949
1652 45 5176
1753 84 1821
1751 87 4125
1853 61 4030
1653 82 1133
1754 85 2976
1752 14 2189
1854 99 3446
1654 39 5227
1755 67 4338
1753 84 846
1855 50 4426
1655 75 4190
1756 93 206
1754 36 1402
1856 59 988
1656 54 2921
1757 81 4105
1755 84 431
1857 99 4133
1657 37 3289
1758 66 4357
1756 22 3189
1858 64 2837
1658 11 3481
1759 58 120
1757 36 4734
1859 41 5398
1659 11 3275
1760 50 552
1758 25 702
1860 33 311
1660 90 2176
1761 44 3783
1759 64 5195
1861 87 528
1661 67 1868
1762 27 810
1760 95 2456
1862 47 371
1662 74 2687
1763 79 1178
1761 62 3586
1863 77 685
1663 18 1705
1764 69 3154
1762 83 2217
1864 46 5253
1664 50 861
1765 91 1448
1763 31 427
1865 54 1651
1665 85 5704
1766 90 4116
1764 39 5397
1866 33 1081
1666 86 4245
1767 89 5514
1765 28 1238
1867 27 4352
1667 90 3642
1768 62 2183
1766 50 3918
1868 37 754
1668 16 2052
1769 40 885
1767 19 2093
1869 13 136
1669 54 2084
1770 73 1175
1768 61 2687
1870 79 4280
1670 13 4026
1771 11 3541
1769 43 1611
1871 97 3485
1671 61 4798
1772 53 4152
1770 22 3826
1872 59 4209
1672 97 2599
1773 26 29
1771 21 4946
1873 42 1698
1673 61 3509
1774 56 1283
1772 72 4290
1874 51 2068
1674 91 1225
1775 18 3058
1773 40 4313
1875 81 1348
1675 35 1002
1776 90 2363
1774 47 3300
1876 23 4081
1676 92 1737
1777 43 1866
1775 41 1367
1877 38 4856
1677 11 4244
1778 79 2847
1776 34 549
1878 53 106
1678 15 4728
1779 57 4195
1777 56 1724
1879 57 1186
1679 13 4532
1780 13 5525
1778 21 4009
1880 17 1542
1680 25 2899
1781 21 418
1779 14 2980
1881 87 1604
1681 40 5408
1782 95 2592
1780 75 2430
1882 95 438
1682 53 5741
1783 95 2099
1781 74 1459
1883 72 1627
1683 48 905
1784 91 960
1782 23 4724
1884 33 508
1684 87 2128
1785 83 3128
1783 36 5498
1885 35 4859
1685 98 1231
1786 18 119
1784 98 14
1886 78 3584
1686 41 2036
1787 48 3184
1785 19 2652
1887 50 2043
1687 94 2551
1788 91 5519
1786 17 1978
1888 71 4705
1688 83 157
1789 38 4531
1787 26 2460
1889 19 41
1689 24 4483
1790 46 4285
1788 88 1802
1890 95 2474
1690 70 2166
1791 66 2246
1789 45 4718
1891 50 5718
1691 15 5540
1792 100 203
1790 45 3712
1892 69 1499
1692 37 4450
1793 83 3819
1791 78 4200
1893 60 2192
1693 32 3450
1794 90 1335
1792 57 4612
1894 70 3440
1694 60 195
1795 87 935
1793 92 4430
1895 13 2899
1695 32 5273
1796 15 5862
1794 43 188
1896 49 153
1696 57 3556
1797 80 394
1795 21 4102
1897 23 5272
1697 20 5767
1798 45 4891
1796 36 4575
1898 35 555
1698 33 5022
1799 27 5053
1797 10 4059
1899 45 2252
1699 86 3065
1800 51 2680
1798 65 2457
1900 45 1263
1700 98 5627
1799 48 660
1901 82 4876
1701 65 3077
1802 32 2777
1902 75 2643
1702 89 122
1803 30 2917
1801 82 3437
1903 44 5133
1703 53 2007
1804 79 4509
1802 37 1554
1904 35 559
1704 90 2423
1805 52 4666
1803 69 2300
1905 23 11
1705 30 3994
1806 83 2091
1804 22 4974
1906 57 5056
1706 35 2090
1807 62 4078
1805 57 3579
1907 67 531
1707 91 2644
1808 38 3493
1806 26 566
1908 48 2819
1708 34 4702
1809 60 3762
1807 96 4855
1909 12 440
1709 46 4275
1810 78 194
1808 10 502
1910 36 4222
1710 26 5095
1811 30 2129
1809 59 1882
1911 96 1397
1711 65 1728
1812 40 1733
1810 98 3534
1912 15 3808
1712 68 2790
1813 64 659
1811 28 2114
1913 35 5224
1713 39 4013
1814 29 1794
1812 87 1575
1914 18 2486
1714 62 4516
1815 97 755
1813 72 3717
1915 47 3287
1715 28 974
1816 47 3475
1814 33 584
1916 48 449
1716 77 3341
1817 77 5754
1815 88 4585
1917 73 843
1717 31 2697
1818 79 812
1816 47 4058
1918 78 4980
1718 59 84
1819 81 1584
1817 77 1669
1919 95 2366
1719 78 126
1820 10 2738
1818 35 2450
1920 94 5568
1720 43 1382
1821 38 5654
1819 23 1515
1921 88 627
1721 13 5879
1822 96 1063
1820 94 2628
1922 50 3702
1722 34 1344
1823 32 3554
1821 76 2798
1923 59 3333
1723 89 2976
1824 10 5483
1822 12 3739
1924 12 774
1724 41 4315
1825 34 318
1823 49 2061
1925 23 4098
1725 64 1072
1826 54 3201
1824 22 3860
1926 56 508
1726 99 5907
1827 82 4026
1825 12 1919
1927 26 634
1727 92 4516
1828 63 2573
1826 79 3715
1928 10 2679
1728 88 3785
1829 61 3561
1827 84 2231
1929 93 3516
1729 47 1871
1830 39 782
1828 79 3773
1930 79 821
1730 42 1662
1831 60 2713
1829 53 5687
1931 21 2562
1731 95 1674
1832 84 1629
1830 46 588
1932 69 1817
1732 67 1513
1833 41 2279
1831 90 5348
1933 44 4596
1733 74 5535
1834 94 3041
1832 58 1166
1934 52 3570
1734 17 2550
1835 88 1729
1833 100 4912
1935 12 572
1735 29 4809
1836 32 2070
1834 24 65
1936 79 3173
1736 44 815
1837 79 4958
1835 39 835
1937 72 3830
1737 77 499
1838 100 1783
1836 44 12
1938 54 3068
1738 29 4551
1839 61 4361
1837 25 3130
1939 38 2170
1739 53 2360
1840 70 2861
1838 90 2720
1940 57 4109
1740 93 4505
1841 11 3720
1839 52 5895
1941 10 3689
1741 92 574
1842 99 3671
1840 83 952
1942 50 2229
1742 80 142
1843 17 5495
1841 11 774
1943 66 4277
1743 100 3760
1844 36 1554
1842 58 3484
1944 72 1697
1744 85 2470
1845 62 2268
1843 62 3066
1945 56 3278
1745 53 4444
1846 58 5163
1844 79 453
1946 18 5113
1746 62 2192
1847 51 5204
1845 84 2511
1947 11 2683
1747 59 3210
1848 76 421
1846 70 2873
1948 33 4953
1748 58 3330
1849 88 1658
1847 54 2761
1949 74 147
1749 97 1685
1850 31 2290
1848 14 792
1950 38 3811
1750 49 1232
1851 40 5862
1849 52 931
1951 74 5674
1751 96 5159
1852 59 2223
1850 48 5919
1952 19 4883
1752 50 4810
1853 60 2482
1851 70 5529
1953 15 2905
1753 71 2837
1854 22 3595
1852 81 3031
1954 42 3331
1754 27 5292
1855 70 3428
1853 71 4
1955 24 427
1755 55 4424
1856 97 3654
1854 74 5699
1956 22 4317
1756 27 3233
1857 78 92
1855 30 935
1957 45 5806
1757 74 267
1858 19 1492
1856 63 3375
1958 96 5934
1758 98 2231
1859 65 4738
1857 76 3800
1959 26 1482
1759 67 1657
1860 96 2878
1858 76 1518
1960 11 1459
1760 45 3572
1861 47 4285
1859 42 5817
1961 28 2137
1761 33 228
1862 27 3632
1860 70 98
1962 78 1350
1762 26 3497
1863 68 4341
1861 33 3308
1963 93 101
1763 88 3798
1864 50 4110
1862 44 5338
1964 97 509
1764 65 1470
1865 41 3145
1863 10 998
1965 82 4013
1765 80 2540
1866 57 5302
1864 74 2498
1966 77 3568
1766 38 2187
1867 34 3209
1865 95 1175
1967 29 2314
1767 88 1403
1868 91 2475
1866 89 1945
1968 19 5515
1768 66 544
1869 91 3103
1867 33 4590
1969 53 4299
1769 46 4083
1870 36 4731
1868 60 5098
1970 61 2177
1770 56 5152
1871 31 640
1869 47 3985
1971 73 4697
1771 18 4878
1872 17 2567
1870 58 5684
1972 33 2463
1772 43 5107
1873 19 4446
1871 80 2393
1973 70 3741
1773 42 3917
1874 29 4507
1872 12 5917
1974 17 163
1774 93 158
1875 73 5369
1873 11 1801
1975 10 2033
1775 61 5559
1876 43 3764
1874 40 2253
1976 87 3842
1776 17 5723
1877 73 5798
1875 28 3282
1977 66 4612
1777 100 1754
1878 92 160
1876 92 3408
1978 58 3286
1778 36 3577
1879 85 1859
1877 56 2976
1979 45 3595
1779 12 2149
1880 70 5437
1878 96 3280
1980 35 3918
1780 89 5603
1881 55 4943
1879 25 3693
1981 13 2173
1781 11 1247
1882 90 5414
1880 76 775
1982 23 157
1782 21 5111
1883 36 5816
1881 41 4670
1983 35 263
1783 83 4896
1884 19 5246
1882 31 2007
1984 43 4122
1784 71 3030
1885 61 4063
1883 73 2602
1985 26 3881
1785 53 1143
1886 35 4284
1884 26 1539
1986 18 2954
1786 53 1543
1887 72 5515
1885 67 816
1987 68 1664
1787 80 1716
1888 79 5386
1886 63 3410
1988 62 2243
1788 77 4303
1889 48 1580
1887 15 5912
1989 42 2655
1789 92 489
1890 27 768
1888 65 3810
1990 51 4039
1790 37 2444
1891 12 4387
1889 55 1577
1991 48 2374
1791 28 3928
1892 43 5104
1890 71 3221
1992 18 1440
1792 96 3397
1893 78 2858
1891 94 956
1993 47 2123
1793 29 2627
1894 43 5649
1892 46 4767
1994 70 3826
1794 100 637
1895 66 3736
1893 14 3317
1995 71 5645
1795 84 5789
1896 92 2880
1894 25 2030
1996 58 2385
1796 67 2272
1897 15 880
1895 96 2196
1997 88 807
1797 26 291
1898 52 1105
1896 44 2311
1998 32 2289
1798 49 2644
1899 92 2276
1897 58 4440
1999 84 474
1799 20 1523
1900 90 5708
1898 79 1816
2000 47 2977
1800 13 137
1899 48 1505
2001 28 253
1801 86 5346
1902 84 3025
2002 14 1117
1802 49 5686
1903 55 3995
1901 73 2267
2003 17 3982
1803 70 1716
1904 44 5606
1902 99 4489
2004 98 1870
1804 72 1803
1905 15 2881
1903 28 2485
2005 63 3038
1805 24 2361
1906 97 5161
1904 23 4829
2006 50 1772
1806 98 3784
1907 21 4497
1905 88 4071
2007 64 4383
1807 97 2128
1908 77 4583
1906 75 4682
2008 29 5647
1808 97 2582
1909 50 5268
1907 34 843
2009 86 5691
1809 78 5219
1910 36 639
1908 56 3151
2010 23 3866
1810 83 609
1911 80 258
1909 80 4740
2011 54 2190
1811 22 5676
1912 94 2786
1910 57 4425
2012 62 3592
1812 19 665
1913 88 3270
1911 71 2395
2013 15 1598
1813 57 279
1914 13 388
1912 10 4507
2014 21 3236
1814 69 271
1915 50 2690
1913 91 3432
2015 28 2739
1815 90 4679
1916 86 4540
1914 55 3344
2016 13 82
1816 21 195
1917 91 1566
1915 94 47
2017 79 2842
1817 82 5612
1918 70 3686
1916 55 3542
2018 95 4881
1818 10 263
1919 81 2884
1917 95 2764
2019 61 5593
1819 20 5746
1920 75 4784
1918 78 4050
2020 64 5765
1820 80 1072
1921 93 109
1919 62 320
2021 60 2273
1821 68 2325
1922 53 3697
1920 23 556
2022 93 5196
1822 37 4944
1923 84 4175
1921 15 5192
2023 60 5336
1823 32 1904
1924 18 148
1922 18 2256
2024 75 54
1824 75 4753
1925 18 168
1923 22 2182
2025 40 4767
1825 29 756
1926 19 4689
1924 10 2256
2026 45 3446
1826 83 1561
1927 44 5248
1925 19 5210
2027 43 3170
1827 42 1749
1928 85 2567
1926 90 4617
2028 50 1712
1828 72 2501
1929 76 718
1927 45 4397
2029 15 2492
1829 19 5820
1930 28 3765
1928 28 2560
2030 28 5469
1830 13 998
1931 76 906
1929 65 4207
2031 31 4045
1831 99 1303
1932 66 1328
1930 87 291
2032 99 4696
1832 11 3596
1933 99 2918
1931 44 5416
2033 45 5385
1833 41 3978
1934 100 5552
1932 70 1175
2034 23 2594
1834 24 2870
1935 87 2973
1933 58 3543
2035 99 2663
1835 54 2934
1936 28 3205
1934 61 2720
2036 97 3929
1836 35 4888
1937 11 3001
1935 29 2418
2037 94 3697
1837 58 3005
1938 78 430
1936 60 3851
2038 96 3927
1838 92 5302
1939 41 5208
1937 35 3961
2039 16 2625
1839 88 5227
1940 56 3266
1938 93 2026
2040 75 978
1840 42 5302
1941 86 3898
1939 99 3491
2041 76 1315
1841 47 705
1942 99 4539
1940 47 931
2042 43 1769
1842 27 4420
1943 37 190
1941 92 2100
2043 64 2449
1843 52 591
1944 96 4770
1942 43 2311
2044 13 825
1844 31 5298
1945 85 282
1943 63 5774
2045 99 809
1845 100 716
1946 94 960
1944 19 4145
2046 55 1374
1846 48 1375
1947 37 5067
1945 37 5599
2047 19 5382
1847 22 1455
1948 62 5511
1946 28 5659
2048 74 3937
1848 82 3473
1949 36 3231
1947 58 1949
2049 58 4918
1849 66 2964
1950 12 5703
1948 34 5024
2050 62 2928
1850 59 21
1951 19 3394
1949 73 915
2051 28 5395
1851 97 2695
1952 94 157
1950 48 4417
2052 59 5491
1852 63 2500
1953 39 3144
1951 52 3899
2053 67 4922
1853 39 4078
1954 67 3631
1952 97 4099
2054 92 3090
1854 40 624
1955 49 2633
1953 71 4196
2055 18 5630
1855 91 1279
1956 82 2007
1954 44 459
2056 40 5579
1856 22 278
1957 25 699
1955 86 5900
2057 100 5192
1857 89 3071
1958 55 1539
1956 33 5297
2058 13 239
1858 84 28
1959 73 1727
1957 90 4503
2059 74 2361
1859 20 5580
1960 81 3549
1958 73 2349
2060 90 1332
1860 63 3547
1961 11 4379
1959 28 291
2061 98 2875
1861 93 5703
1962 83 4142
1960 62 2421
2062 96 1128
1862 27 3004
1963 10 3596
1961 99 3705
2063 99 3281
1863 53 5362
1964 92 252
1962 81 4830
2064 69 1949
1864 82 162
1965 84 1769
1963 42 940
2065 52 436
1865 59 1545
1966 51 5420
1964 22 528
2066 80 2845
1866 46 4392
1967 79 521
1965 71 1058
2067 49 4485
1867 81 1445
1968 13 1210
1966 14 2327
2068 29 2713
1868 15 5565
1969 18 2208
1967 70 1080
2069 62 4184
1869 33 2297
1970 23 4216
1968 53 3603
2070 86 4683
1870 81 127
1971 91 5691
1969 39 5859
2071 48 580
1871 39 224
1972 24 2689
1970 33 2805
2072 97 1875
1872 71 4674
1973 32 5106
1971 63 5553
2073 27 558
1873 66 2671
1974 19 563
1972 75 4738
2074 77 1812
1874 79 922
1975 49 334
1973 45 1425
2075 75 5840
1875 40 5300
1976 57 4594
1974 68 4999
2076 75 1814
1876 64 2149
1977 74 4832
1975 20 3231
2077 49 4082
1877 16 810
1978 100 3497
1976 12 3108
2078 87 49
1878 57 2777
1979 95 320
1977 29 3901
2079 49 5756
1879 77 67
1980 26 720
1978 80 5234
2080 43 5492
1880 10 302
1981 53 2814
1979 96 254
2081 43 3131
1881 32 1900
1982 69 4251
1980 64 3425
2082 52 978
1882 54 614
1983 51 5188
1981 78 1241
2083 99 4340
1883 95 1398
1984 19 5171
1982 53 1077
2084 73 660
1884 22 2746
1985 36 1574
1983 65 1210
2085 48 1169
1885 82 5027
1986 90 4406
1984 31 2365
2086 92 417
1886 28 3910
1987 47 1509
1985 52 3235
2087 27 5293
1887 90 1850
1988 14 856
1986 17 5487
2088 84 2668
1888 100 225
1989 25 37
1987 20 1423
2089 42 4402
1889 61 60
1990 87 3693
1988 63 4887
2090 27 5298
1890 18 744
1991 71 1214
1989 48 5342
2091 38 4119
1891 60 5624
1992 28 4923
1990 24 3769
2092 49 4797
1892 55 4246
1993 27 4064
1991 97 646
2093 99 1159
1893 33 4151
1994 29 5784
1992 12 5025
2094 88 2144
1894 21 2497
1995 10 1100
1993 71 3589
2095 40 198
1895 97 5289
1996 73 201
1994 29 1738
2096 93 969
1896 53 1597
1997 23 4331
1995 64 2405
2097 56 4679
1897 60 5245
1998 63 1208
1996 40 3276
2098 34 2450
1898 88 5246
1999 69 1389
1997 58 2250
2099 47 5644
1899 20 5337
2000 35 4979
1998 43 3061
2100 63 4674
1900 18 5093
1999 29 366
2101 32 5694
1901 24 5591
2002 56 3850
2102 86 3034
1902 92 3597
2003 43 2733
2001 99 1108
2103 98 2670
1903 63 5077
2004 62 5710
2002 92 1039
2104 68 1842
1904 68 1338
2005 31 1117
2003 95 4599
2105 61 1929
1905 36 2201
2006 26 5535
2004 31 4364
2106 40 2308
1906 48 4420
2007 86 4416
2005 70 5792
2107 49 5434
1907 60 4339
2008 52 2674
2006 38 4001
2108 75 4397
1908 76 1418
2009 52 4633
2007 76 1278
2109 40 3263
1909 23 68
2010 85 930
2008 86 184
2110 79 4089
1910 86 5736
2011 48 3236
2009 48 1849
2111 26 2510
1911 55 1381
2012 84 1805
2010 56 3648
2112 87 1785
1912 36 5877
2013 79 1954
2011 28 4871
2113 76 4432
1913 63 2633
2014 67 5381
2012 82 3438
2114 57 1765
1914 28 3566
2015 88 5882
2013 68 2124
2115 28 4278
1915 92 2563
2016 17 1900
2014 93 3871
2116 41 5753
1916 67 1428
2017 87 5017
2015 56 4665
2117 28 86
1917 82 319
2018 50 100
2016 61 976
2118 38 4464
1918 67 5512
2019 80 4607
2017 15 3683
2119 87 2179
1919 46 139
2020 41 3707
2018 48 4198
2120 70 5502
1920 30 5474
2021 87 3318
2019 92 3971
2121 53 2671
1921 22 1494
2022 55 5109
2020 27 5422
2122 26 4988
1922 14 3542
2023 99 5328
2021 26 1726
2123 54 5934
1923 96 4799
2024 13 3214
2022 38 1648
2124 15 5717
1924 48 1468
2025 74 5155
2023 32 3268
2125 72 715
1925 58 5802
2026 14 3428
2024 52 5407
2126 23 2692
1926 46 1754
2027 90 1741
2025 76 980
2127 61 963
1927 29 4284
2028 99 2563
2026 57 5144
2128 71 5463
1928 46 205
2029 91 3153
2027 72 2121
2129 67 2522
1929 80 4218
2030 44 197
2028 89 1944
2130 52 1461
1930 89 3140
2031 65 3120
2029 99 3384
2131 84 348
1931 24 2859
2032 75 629
2030 86 1833
2132 82 5249
1932 46 268
2033 98 159
2031 96 5866
2133 69 5587
1933 46 4416
2034 32 385
2032 84 3807
2134 95 4548
1934 68 1675
2035 14 5907
2033 22 1761
2135 17 1553
1935 59 515
2036 22 5159
2034 28 4558
2136 76 3797
1936 85 2454
2037 100 5154
2035 15 1012
2137 82 3280
1937 62 1632
2038 80 1117
2036 46 5436
2138 67 5398
1938 68 3592
2039 60 5913
2037 97 2204
2139 31 194
1939 82 1226
2040 55 2505
2038 44 2496
2140 71 5289
1940 39 3534
2041 92 4784
2039 66 444
2141 29 4553
1941 79 5222
2042 71 1400
2040 27 246
2142 78 5519
1942 21 2729
2043 39 1424
2041 46 2309
2143 74 1850
1943 65 382
2044 67 5878
2042 78 1992
2144 38 4783
1944 10 2604
2045 56 875
2043 99 3600
2145 52 3829
1945 39 990
2046 16 4485
2044 72 507
2146 25 1185
1946 34 4069
2047 72 1412
2045 64 1652
2147 84 2628
1947 50 4754
2048 42 1236
2046 15 1281
2148 20 4871
1948 37 5078
2049 36 3754
2047 21 5147
2149 42 2970
1949 67 2722
2050 31 5437
2048 29 4344
2150 61 4886
1950 35 2833
2051 70 3354
2049 63 4419
2151 27 3610
1951 33 4720
2052 74 1914
2050 64 1042
2152 74 565
1952 81 3176
2053 79 3911
2051 72 538
2153 23 5246
1953 28 5658
2054 44 415
2052 93 3192
2154 23 2346
1954 19 3772
2055 50 3044
2053 36 1001
2155 37 3007
1955 17 792
2056 52 3744
2054 71 1643
2156 11 5741
1956 56 2974
2057 85 5685
2055 64 52
2157 53 5337
1957 50 4622
2058 33 1379
2056 74 2427
2158 87 3075
1958 74 80
2059 16 2412
2057 93 3692
2159 83 5878
1959 33 4975
2060 27 3704
2058 96 934
2160 13 1458
1960 62 1337
2061 77 4796
2059 73 719
2161 27 2331
1961 34 208
2062 54 2275
2060 43 1821
2162 41 5225
1962 57 4412
2063 78 5724
2061 50 1205
2163 16 3746
1963 77 4545
2064 46 5918
2062 19 5404
2164 66 3600
1964 22 1209
2065 30 744
2063 61 4484
2165 75 5623
1965 36 5517
2066 59 3235
2064 53 2058
2166 96 4276
1966 33 3982
2067 40 5260
2065 55 2962
2167 66 1243
1967 42 202
2068 65 1281
2066 48 525
2168 11 5462
1968 75 2425
2069 66 2344
2067 35 2785
2169 61 5535
1969 91 1816
2070 80 4022
2068 14 4853
2170 87 1430
1970 70 3036
2071 43 1660
2069 82 526
2171 85 1695
1971 45 5822
2072 91 739
2070 78 5739
2172 55 1673
1972 67 1408
2073 41 1812
2071 20 188
2173 80 3442
1973 83 2317
2074 12 5929
2072 94 1069
2174 14 947
1974 29 1083
2075 10 4827
2073 88 1213
2175 36 5177
1975 64 203
2076 74 4292
2074 76 2401
2176 45 3295
1976 94 1219
2077 68 5148
2075 39 5442
2177 34 4393
1977 100 4885
2078 87 5431
2076 91 1558
2178 10 4020
1978 71 2144
2079 51 5897
2077 89 4133
2179 92 4743
1979 19 5470
2080 30 4073
2078 21 1132
2180 51 4729
1980 92 2936
2081 50 3498
2079 77 1898
2181 36 687
1981 89 828
2082 68 5515
2080 61 29
2182 72 4162
1982 93 7
2083 82 1566
2081 64 1299
2183 60 4290
1983 24 1272
2084 48 2048
2082 49 5736
2184 72 3356
1984 96 344
2085 90 8
2083 32 1506
2185 35 564
1985 78 5520
2086 35 3687
2084 52 577
2186 63 3519
1986 11 5501
2087 97 503
2085 66 126
2187 63 2969
1987 13 3009
2088 84 642
2086 61 3156
2188 92 4273
1988 55 4487
2089 92 5218
2087 74 1483
2189 71 1623
1989 56 1873
2090 68 2240
2088 59 5572
2190 77 2908
1990 57 1661
2091 28 4726
2089 35 5332
2191 65 1195
1991 72 1531
2092 21 1983
2090 59 1698
2192 46 1467
1992 25 3169
2093 24 2783
2091 13 5710
2193 77 3094
1993 63 1586
2094 99 3488
2092 98 3477
2194 89 4980
1994 19 27
2095 45 282
2093 73 1596
2195 11 4855
1995 88 1224
2096 74 1592
2094 69 1603
2196 34 444
1996 94 5760
2097 65 2218
2095 64 5479
2197 40 5121
1997 35 2293
2098 37 4854
2096 83 1092
2198 47 2112
1998 43 3258
2099 43 1980
2097 53 2095
2199 94 1842
1999 36 3126
2100 74 1769
2098 21 757
2200 81 54
2000 30 4679
2099 56 1833
2201 85 1296
2001 52 3016
2102 13 5243
2202 65 331
2002 16 4640
2103 86 4979
2101 58 1770
2203 70 5844
2003 48 2861
2104 93 4242
2102 35 3075
2204 37 5936
2004 16 3835
2105 49 1570
2103 45 4490
2205 24 1012
2005 19 5782
2106 95 1389
2104 28 1113
2206 93 4328
2006 69 2878
2107 35 4512
2105 78 4802
2207 86 3738
2007 54 5180
2108 87 2102
2106 60 535
2208 89 1583
2008 44 4885
2109 59 1657
2107 37 4955
2209 70 5266
2009 43 2060
2110 45 1151
2108 34 4732
2210 48 1412
2010 90 4960
2111 16 3470
2109 39 5102
2211 29 4162
2011 39 566
2112 18 5071
2110 74 2931
2212 15 5396
2012 48 2388
2113 85 4680
2111 82 1404
2213 19 2645
2013 96 825
2114 43 2888
2112 58 1613
2214 100 5795
2014 30 3249
2115 10 2713
2113 55 3420
2215 18 3997
2015 25 5354
2116 31 3167
2114 77 3036
2216 19 2280
2016 93 2036
2117 92 4149
2115 65 612
2217 26 2547
2017 50 1556
2118 70 5292
2116 74 3966
2218 71 1708
2018 72 2228
2119 84 67
2117 28 2499
2219 40 2199
2019 82 1884
2120 29 5662
2118 43 2230
2220 75 1234
2020 18 4752
2121 55 1942
2119 96 5866
2221 27 1670
2021 65 78
2122 37 3773
2120 81 3731
2222 83 1594
2022 25 1921
2123 21 1279
2121 87 2072
2223 44 1860
2023 11 3386
2124 12 2067
2122 56 2212
2224 10 4645
2024 60 2264
2125 46 4361
2123 99 3518
2225 13 1582
2025 43 2866
2126 92 4443
2124 94 4232
2226 24 772
2026 93 2932
2127 76 1891
2125 52 399
2227 10 5459
2027 21 94
2128 57 1624
2126 39 870
2228 39 2435
2028 19 3498
2129 37 4440
2127 91 1756
2229 79 5211
2029 91 5564
2130 52 992
2128 69 1604
2230 44 4277
2030 64 1443
2131 38 4166
2129 76 274
2231 78 1643
2031 82 150
2132 69 3291
2130 10 1787
2232 16 3760
2032 70 2774
2133 79 5857
2131 19 5090
2233 80 2889
2033 100 208
2134 11 5235
2132 88 2807
2234 33 3308
2034 25 5589
2135 95 1807
2133 68 3126
2235 66 5661
2035 41 4921
2136 88 4397
2134 16 4224
2236 95 251
2036 25 647
2137 23 3384
2135 87 1193
2237 45 3741
2037 56 5157
2138 41 186
2136 19 4661
2238 59 4683
2038 54 1364
2139 81 5319
2137 95 5832
2239 73 4884
2039 32 2757
2140 56 5152
2138 25 5496
2240 66 1539
2040 55 1842
2141 28 5145
2139 26 2013
2241 97 4268
2041 67 4675
2142 48 2982
2140 31 2694
2242 50 4240
2042 83 3614
2143 23 4138
2141 99 1366
2243 83 2610
2043 99 442
2144 20 3347
2142 75 826
2244 30 1487
2044 77 4068
2145 96 3624
2143 31 5607
2245 57 3551
2045 38 3593
2146 33 4404
2144 46 5174
2246 77 5154
2046 41 1227
2147 21 2337
2145 64 2461
2247 80 387
2047 58 3283
2148 65 4420
2146 50 2799
2248 32 3141
2048 10 615
2149 22 4754
2147 77 5402
2249 77 4718
2049 26 2759
2150 15 2824
2148 45 4322
2250 73 4720
2050 76 5604
2151 56 5195
2149 22 4937
2251 91 2518
2051 89 5478
2152 61 592
2150 46 5817
2252 88 1754
2052 76 5370
2153 31 3644
2151 70 5509
2253 97 863
2053 14 336
2154 63 493
2152 41 293
2254 16 582
2054 68 129
2155 93 3441
2153 98 3278
2255 65 906
2055 82 2357
2156 81 1498
2154 76 998
2256 71 5555
2056 16 3098
2157 53 1280
2155 64 740
2257 39 4860
2057 51 2562
2158 43 1656
2156 56 1271
2258 97 97
2058 58 81
2159 78 163
2157 50 2416
2259 97 4874
2059 36 4327
2160 51 4931
2158 48 5038
2260 56 2548
2060 50 1114
2161 75 3311
2159 37 2115
2261 31 4662
2061 91 3172
2162 11 2731
2160 94 3782
2262 34 3295
2062 27 661
2163 25 3261
2161 55 5410
2263 85 3694
2063 17 5260
2164 54 1469
2162 60 497
2264 12 2848
2064 16 2868
2165 64 950
2163 30 3008
2265 27 3507
2065 32 1408
2166 30 691
2164 15 2065
2266 17 341
2066 19 1260
2167 61 4083
2165 75 1000
2267 65 2000
2067 92 2459
2168 24 3241
2166 71 5337
2268 77 185
2068 11 731
2169 26 5703
2167 78 197
2269 95 4817
2069 81 5382
2170 84 5611
2168 88 3684
2270 51 196
2070 29 4253
2171 20 3027
2169 89 5566
2271 52 2736
2071 61 416
2172 40 2144
2170 88 2711
2272 86 859
2072 78 826
2173 36 4408
2171 46 2357
2273 99 2987
2073 29 5311
2174 71 1986
2172 90 3728
2274 23 5828
2074 26 974
2175 67 1597
2173 97 4830
2275 63 2699
2075 37 1327
2176 73 3687
2174 20 5411
2276 34 3443
2076 97 4557
2177 24 448
2175 23 1606
2277 20 2846
2077 18 126
2178 43 2127
2176 97 3656
2278 62 3354
2078 95 1782
2179 79 3855
2177 90 4357
2279 27 3074
2079 32 4320
2180 66 89
2178 16 4854
2280 68 2253
2080 14 119
2181 35 3512
2179 58 5554
2281 34 2544
2081 62 1666
2182 57 5346
2180 83 5351
2282 95 5469
2082 68 4322
2183 62 2477
2181 46 5881
2283 68 784
2083 63 2814
2184 56 3492
2182 12 2226
2284 73 334
2084 87 2809
2185 81 169
2183 82 2730
2285 66 170
2085 80 1462
2186 14 1055
2184 93 4947
2286 20 1736
2086 48 4899
2187 68 2579
2185 73 5154
2287 14 430
2087 67 2114
2188 27 2324
2186 77 173
2288 55 4086
2088 32 4584
2189 87 4826
2187 16 3209
2289 33 5700
2089 59 3794
2190 52 2550
2188 81 174
2290 66 1554
2090 73 2219
2191 81 5096
2189 41 4553
2291 12 279
2091 85 3232
2192 38 3371
2190 45 3681
2292 15 4081
2092 35 3821
2193 14 3196
2191 17 4870
2293 66 3999
2093 44 5712
2194 30 2749
2192 44 2290
2294 38 2992
2094 36 4332
2195 76 1013
2193 77 3135
2295 83 4896
2095 64 4544
2196 62 1040
2194 56 4668
2296 36 3819
2096 43 2148
2197 51 2032
2195 29 872
2297 12 2716
2097 32 2677
2198 39 711
2196 13 245
2298 53 5111
2098 43 1716
2199 69 3930
2197 11 5486
2299 34 5604
2099 76 2505
2200 46 855
2198 42 3805
2300 90 1408
2100 34 2173
2199 49 549
2301 94 3663
2101 55 767
2202 64 2580
2302 83 4053
2102 92 3790
2203 54 5779
2201 25 2941
2303 35 4986
2103 48 1037
2204 88 430
2202 100 5302
2304 97 32
2104 31 211
2205 25 1954
2203 34 5198
2305 94 695
2105 77 4907
2206 97 1085
2204 49 5097
2306 84 4784
2106 22 4995
2207 23 133
2205 84 738
2307 81 4806
2107 12 5560
2208 54 5893
2206 99 4860
2308 52 4416
2108 62 3223
2209 79 3794
2207 91 161
2309 60 2928
2109 68 3017
2210 88 1548
2208 49 1812
2310 94 5017
2110 27 5684
2211 72 619
2209 88 2124
2311 86 2928
2111 45 2277
2212 84 4223
2210 94 4646
2312 55 3059
2112 84 229
2213 51 55
2211 89 3630
2313 28 977
2113 71 3629
2214 33 193
2212 88 1621
2314 37 4777
2114 88 4256
2215 48 3260
2213 82 4764
2315 54 3777
2115 54 1203
2216 60 3090
2214 81 3429
2316 27 1310
2116 96 4654
2217 69 3045
2215 26 5895
2317 22 5599
2117 49 466
2218 40 929
2216 94 843
2318 20 3588
2118 33 4026
2219 35 4866
2217 15 701
2319 67 3147
2119 35 706
2220 84 5293
2218 46 4591
2320 89 524
2120 68 5015
2221 23 3501
2219 58 2469
2321 57 3482
2121 71 4373
2222 99 2669
2220 63 4931
2322 35 5776
2122 59 3564
2223 38 4657
2221 27 2251
2323 77 5921
2123 95 5463
2224 38 5396
2222 18 4071
2324 47 5676
2124 65 5333
2225 25 448
2223 38 2691
2325 31 2411
2125 37 1566
2226 71 3598
2224 91 4842
2326 37 4624
2126 43 1208
2227 13 3993
2225 28 2472
2327 76 1210
2127 32 2280
2228 78 1934
2226 41 1219
2328 87 4829
2128 38 2654
2229 83 3303
2227 19 3400
2329 15 5490
2129 63 743
2230 47 1037
2228 88 113
2330 26 2439
2130 97 3534
2231 59 4662
2229 35 1834
2331 29 841
2131 53 1443
2232 57 2019
2230 57 2480
2332 53 5135
2132 80 4508
2233 93 309
2231 63 3063
2333 70 5645
2133 90 4030
2234 98 2843
2232 75 2739
2334 44 2860
2134 18 4084
2235 56 2209
2233 39 1030
2335 46 4878
2135 50 3686
2236 75 1400
2234 52 3756
2336 75 296
2136 61 2484
2237 28 2833
2235 71 269
2337 86 4057
2137 16 4447
2238 24 5321
2236 53 2892
2338 54 2502
2138 18 5875
2239 54 1446
2237 61 2233
2339 30 502
2139 24 638
2240 20 2285
2238 58 4644
2340 87 1730
2140 100 267
2241 56 4632
2239 51 3119
2341 80 2616
2141 59 3248
2242 97 1042
2240 49 4253
2342 81 2529
2142 72 4302
2243 63 4417
2241 61 4727
2343 56 319
2143 66 5342
2244 21 415
2242 30 3207
2344 45 1249
2144 26 1753
2245 48 4782
2243 99 101
2345 55 4900
2145 45 4152
2246 52 4871
2244 97 5149
2346 71 1635
2146 88 4684
2247 40 1676
2245 72 2675
2347 79 4128
2147 81 5163
2248 46 4870
2246 16 4308
2348 47 88
2148 14 233
2249 10 3247
2247 84 4576
2349 63 4093
2149 63 3261
2250 70 146
2248 11 2677
2350 58 3514
2150 49 3085
2251 61 4523
2249 91 3721
2351 81 1142
2151 83 5264
2252 88 938
2250 78 2008
2352 95 2137
2152 24 221
2253 82 95
2251 22 373
2353 90 3852
2153 31 4435
2254 51 2270
2252 63 2358
2354 74 4240
2154 55 4322
2255 18 4990
2253 94 2572
2355 17 4406
2155 85 3461
2256 73 1537
2254 43 2408
2356 61 520
2156 22 1779
2257 47 5438
2255 94 2331
2357 39 3247
2157 39 4874
2258 56 109
2256 32 3410
2358 26 2953
2158 55 5775
2259 88 910
2257 84 1463
2359 100 2803
2159 59 376
2260 98 3848
2258 21 5016
2360 35 2488
2160 79 4763
2261 51 5297
2259 10 4045
2361 84 1065
2161 38 4273
2262 36 4212
2260 86 2596
2362 40 2267
2162 96 4159
2263 14 3122
2261 38 2156
2363 99 2244
2163 73 3422
2264 11 2507
2262 30 2981
2364 34 1591
2164 59 5673
2265 62 346
2263 14 294
2365 83 5702
2165 38 2668
2266 94 5822
2264 83 5218
2366 36 4099
2166 50 1536
2267 46 73
2265 89 200
2367 76 3581
2167 93 5676
2268 44 453
2266 80 3659
2368 91 2014
2168 51 1035
2269 63 2280
2267 81 3856
2369 38 456
2169 29 2451
2270 35 441
2268 67 3260
2370 49 4335
2170 71 4800
2271 28 3096
2269 48 603
2371 25 2540
2171 50 112
2272 89 2150
2270 83 2228
2372 89 3790
2172 58 4088
2273 41 5115
2271 82 3949
2373 27 5471
2173 10 2333
2274 34 4086
2272 99 2625
2374 24 1013
2174 22 3452
2275 87 2107
2273 88 5770
2375 90 2229
2175 62 2451
2276 54 3560
2274 31 4759
2376 19 1403
2176 24 2692
2277 32 4551
2275 13 2612
2377 95 5585
2177 20 4149
2278 12 1080
2276 69 1362
2378 83 2903
2178 62 117
2279 42 4985
2277 52 2195
2379 67 2043
2179 43 5728
2280 90 1052
2278 95 805
2380 78 4024
2180 24 2202
2281 66 441
2279 90 2201
2381 89 5877
2181 42 3719
2282 74 4331
2280 20 1397
2382 69 287
2182 83 4419
2283 94 4476
2281 76 5447
2383 14 4745
2183 11 1249
2284 63 5319
2282 87 4272
2384 13 3393
2184 60 1188
2285 17 3174
2283 95 2586
2385 64 5587
2185 10 2605
2286 62 409
2284 15 239
2386 38 5275
2186 50 549
2287 82 5162
2285 13 624
2387 90 319
2187 11 2563
2288 40 850
2286 80 3998
2388 98 2470
2188 76 4671
2289 95 5891
2287 60 3740
2389 87 717
2189 66 1394
2290 34 5510
2288 15 435
2390 97 4813
2190 39 4837
2291 72 5545
2289 20 4308
2391 93 393
2191 34 2105
2292 53 3032
2290 37 1764
2392 93 5858
2192 84 943
2293 19 3258
2291 74 4577
2393 52 2347
2193 83 1630
2294 79 3479
2292 67 3045
2394 49 2622
2194 30 1673
2295 16 2670
2293 69 2996
2395 46 425
2195 80 1911
2296 50 1152
2294 67 2703
2396 10 991
2196 38 2295
2297 22 5656
2295 71 3982
2397 35 534
2197 22 4760
2298 84 2334
2296 39 5286
2398 58 1588
2198 55 3075
2299 42 786
2297 60 337
2399 69 2372
2199 65 3575
2300 90 332
2298 91 3787
2400 44 511
2200 75 4125
2299 67 5053
2401 18 5820
2201 85 5687
2302 69 850
2402 65 4136
2202 99 5597
2303 87 1769
2301 61 753
2403 95 337
2203 54 707
2304 54 1781
2302 29 673
2404 62 4943
2204 12 2707
2305 34 2041
2303 59 5612
2405 34 2180
2205 25 1496
2306 10 2243
2304 52 4938
2406 13 1266
2206 79 998
2307 51 4048
2305 25 2715
2407 62 2735
2207 71 3142
2308 34 409
2306 42 4853
2408 77 1501
2208 18 540
2309 67 2174
2307 91 2824
2409 86 4035
2209 90 5409
2310 74 1375
2308 37 390
2410 91 5571
2210 100 2511
2311 76 2666
2309 84 2448
2411 30 3962
2211 73 3832
2312 95 1620
2310 79 2112
2412 18 1993
2212 42 737
2313 13 5471
2311 11 219
2413 24 3001
2213 85 2019
2314 97 735
2312 18 3721
2414 86 5564
2214 67 5219
2315 70 2318
2313 78 1401
2415 67 5609
2215 88 1275
2316 10 5482
2314 96 3143
2416 90 4330
2216 64 203
2317 32 1089
2315 42 4506
2417 11 941
2217 84 1450
2318 95 5710
2316 82 1710
2418 57 4873
2218 51 947
2319 58 5651
2317 83 3823
2419 60 3106
2219 24 5059
2320 35 2262
2318 85 3041
2420 37 3125
2220 15 3905
2321 34 22
2319 28 891
2421 42 1188
2221 94 3673
2322 89 762
2320 59 2266
2422 21 1912
2222 29 5583
2323 35 219
2321 70 79
2423 21 3955
2223 73 4818
2324 87 2678
2322 45 5467
2424 16 4588
2224 82 5761
2325 66 1340
2323 43 2039
2425 65 5608
2225 60 5467
2326 14 514
2324 88 4514
2426 23 1460
2226 59 1815
2327 56 1595
2325 92 1176
2427 79 4290
2227 78 291
2328 16 153
2326 14 5853
2428 75 4599
2228 57 543
2329 47 1684
2327 12 3700
2429 82 2350
2229 82 4018
2330 46 2774
2328 11 2298
2430 76 997
2230 78 2919
2331 89 1339
2329 15 2716
2431 87 2911
2231 86 4059
2332 79 1399
2330 30 3298
2432 11 793
2232 88 1875
2333 83 2994
2331 86 3141
2433 39 1380
2233 10 1060
2334 65 4876
2332 42 1915
2434 93 1803
2234 71 5588
2335 53 2788
2333 72 390
2435 88 5437
2235 34 3367
2336 26 292
2334 25 3758
2436 20 584
2236 37 535
2337 92 5382
2335 79 3304
2437 34 5769
2237 69 915
2338 79 1114
2336 89 4356
2438 22 2034
2238 97 296
2339 79 4925
2337 88 1204
2439 97 2445
2239 11 3926
2340 56 495
2338 13 4143
2440 22 3197
2240 30 2330
2341 85 5456
2339 46 2704
2441 49 3953
2241 61 5151
2342 83 2035
2340 89 2576
2442 57 5388
2242 41 1551
2343 77 3299
2341 77 4876
2443 51 4745
2243 95 5060
2344 85 455
2342 88 4620
2444 69 724
2244 19 3056
2345 92 3166
2343 87 4788
2445 37 857
2245 79 80
2346 21 2556
2344 56 3759
2446 84 5270
2246 40 5028
2347 90 147
2345 45 3712
2447 49 1199
2247 35 5578
2348 12 4199
2346 91 4548
2448 59 5446
2248 19 2391
2349 14 3832
2347 94 4680
2449 85 1108
2249 84 5535
2350 12 1996
2348 16 4838
2450 62 4276
2250 84 1673
2351 64 1904
2349 10 1589
2451 20 2099
2251 35 151
2352 27 189
2350 49 3863
2452 41 1289
2252 39 853
2353 30 2392
2351 19 1502
2453 11 5599
2253 72 1286
2354 95 2401
2352 35 341
2454 47 4735
2254 77 4654
2355 30 992
2353 83 1025
2455 26 1242
2255 39 4787
2356 39 5162
2354 25 5076
2456 36 2052
2256 99 2610
2357 14 2472
2355 46 2818
2457 77 1328
2257 65 1860
2358 100 3619
2356 87 3983
2458 50 1226
2258 70 4148
2359 94 1954
2357 58 4701
2459 27 760
2259 24 345
2360 47 5052
2358 61 4174
2460 53 5321
2260 79 3687
2361 22 1908
2359 12 3732
2461 89 3483
2261 78 4942
2362 15 1914
2360 92 2317
2462 25 4497
2262 35 4413
2363 74 5312
2361 27 3422
2463 69 3467
2263 94 4131
2364 90 2366
2362 49 709
2464 86 4372
2264 15 626
2365 52 1062
2363 68 5398
2465 95 2435
2265 20 1881
2366 67 26
2364 64 5789
2466 62 4356
2266 85 1088
2367 32 5285
2365 99 4969
2467 27 1651
2267 14 103
2368 40 3641
2366 31 1112
2468 74 2139
2268 98 5294
2369 25 335
2367 86 316
2469 17 42
2269 10 2414
2370 56 3670
2368 96 357
2470 30 1306
2270 73 440
2371 15 2371
2369 31 5328
2471 87 2834
2271 57 5587
2372 61 548
2370 39 3128
2472 62 4614
2272 23 2786
2373 69 5056
2371 26 1353
2473 29 4068
2273 70 5623
2374 26 1549
2372 92 1537
2474 86 3738
2274 58 1998
2375 28 1742
2373 17 443
2475 70 3828
2275 24 2543
2376 91 3113
2374 73 2957
2476 88 3475
2276 84 665
2377 46 1224
2375 18 3125
2477 100 3364
2277 86 1065
2378 48 2295
2376 76 4460
2478 62 3829
2278 71 5710
2379 87 2970
2377 99 2299
2479 54 436
2279 83 5653
2380 71 1536
2378 54 1170
2480 97 2975
2280 98 937
2381 83 4859
2379 24 2539
2481 59 544
2281 54 2771
2382 55 5734
2380 73 4866
2482 26 1704
2282 40 5030
2383 65 1965
2381 68 4484
2483 34 4517
2283 57 1545
2384 65 3258
2382 53 1039
2484 89 4036
2284 92 5539
2385 90 4018
2383 70 2500
2485 79 681
2285 75 5837
2386 58 3643
2384 51 1420
2486 95 4593
2286 49 180
2387 89 3613
2385 92 3083
2487 28 1576
2287 85 1813
2388 99 2230
2386 98 1195
2488 57 3320
2288 90 2658
2389 15 635
2387 64 590
2489 52 1140
2289 94 1327
2390 90 4936
2388 90 3016
2490 97 3661
2290 85 2810
2391 69 3189
2389 78 729
2491 85 3115
2291 30 3117
2392 40 1839
2390 97 3179
2492 72 2029
2292 43 1794
2393 60 2950
2391 48 4027
2493 26 3505
2293 32 4117
2394 29 1624
2392 51 786
2494 53 3539
2294 29 1543
2395 47 5154
2393 51 2736
2495 75 2160
2295 13 2449
2396 51 5058
2394 48 3232
2496 38 3921
2296 67 1672
2397 84 3689
2395 83 262
2497 91 3106
2297 57 1362
2398 35 1739
2396 22 1875
2498 16 4975
2298 74 4152
2399 99 3682
2397 77 3883
2499 90 1456
2299 37 538
2400 29 2152
2398 65 1251
2500 38 2746
2300 55 1120
2399 29 4355
2501 79 1693
2301 77 5491
2402 50 5841
2502 54 716
2302 85 5431
2403 62 1528
2401 74 5280
2503 91 2818
2303 11 995
2404 60 631
2402 92 4309
2504 68 565
2304 26 2525
2405 65 4329
2403 38 2627
2505 28 2572
2305 63 4423
2406 28 2524
2404 20 437
2506 53 265
2306 21 5342
2407 76 2
2405 37 2954
2507 44 3444
2307 24 5212
2408 25 3354
2406 19 1802
2508 68 4025
2308 70 2404
2409 51 3401
2407 74 767
2509 61 5661
2309 85 237
2410 95 4832
2408 60 5939
2510 74 3684
2310 87 143
2411 85 5
2409 35 207
2511 30 2287
2311 23 3723
2412 51 3117
2410 89 5587
2512 50 3830
2312 34 2267
2413 71 4693
2411 93 4492
2513 99 3266
2313 26 2830
2414 37 5732
2412 49 2323
2514 34 3467
2314 60 1046
2415 47 2841
2413 67 2841
2515 11 633
2315 30 5280
2416 10 5304
2414 97 1359
2516 59 4344
2316 43 3753
2417 85 5851
2415 63 5143
2517 36 3128
2317 48 1338
2418 99 5854
2416 75 150
2518 28 4281
2318 59 3983
2419 25 1109
2417 58 1285
2519 69 4574
2319 17 1418
2420 51 1658
2418 42 5335
2520 41 4577
2320 19 821
2421 18 4259
2419 11 383
2521 61 5083
2321 11 1739
2422 33 1082
2420 26 869
2522 77 2273
2322 51 4370
2423 74 3547
2421 87 3833
2523 25 4156
2323 18 895
2424 34 3873
2422 85 4591
2524 39 4666
2324 55 5349
2425 68 4089
2423 54 467
2525 98 5706
2325 29 1885
2426 89 3593
2424 17 5392
2526 78 5894
2326 44 3430
2427 53 3944
2425 84 3025
2527 11 2256
2327 96 4365
2428 92 5708
2426 73 1165
2528 95 1359
2328 65 2656
2429 72 421
2427 100 4578
2529 71 3700
2329 18 1209
2430 28 712
2428 71 1281
2530 57 1828
2330 43 4172
2431 39 3164
2429 16 2986
2531 88 3903
2331 21 5915
2432 51 2745
2430 28 1205
2532 16 3969
2332 18 5377
2433 63 194
2431 27 883
2533 30 5060
2333 17 5334
2434 79 5238
2432 49 667
2534 52 2880
2334 82 429
2435 23 2422
2433 94 4562
2535 100 3714
2335 85 3109
2436 39 5453
2434 38 1194
2536 16 5281
2336 63 1110
2437 87 2555
2435 32 3051
2537 24 2012
2337 79 1366
2438 90 522
2436 29 477
2538 47 1786
2338 21 1239
2439 95 501
2437 59 1252
2539 74 1048
2339 94 4903
2440 67 4616
2438 31 1662
2540 65 4313
2340 42 2243
2441 55 4951
2439 62 5889
2541 40 4777
2341 90 1429
2442 31 1488
2440 42 1456
2542 85 5082
2342 60 315
2443 96 4277
2441 78 5444
2543 94 3255
2343 48 4404
2444 63 3598
2442 62 4195
2544 51 1302
2344 30 422
2445 64 4174
2443 55 643
2545 31 3616
2345 64 3242
2446 10 4703
2444 28 4732
2546 68 2576
2346 53 3465
2447 22 4010
2445 73 1858
2547 14 2385
2347 28 2068
2448 97 4141
2446 13 1534
2548 91 4699
2348 27 630
2449 68 5817
2447 59 4114
2549 43 795
2349 51 3308
2450 71 4624
2448 26 4970
2550 88 874
2350 53 1706
2451 48 2114
2449 49 2428
2551 70 2859
2351 89 297
2452 16 1642
2450 49 2544
2552 34 5330
2352 80 5813
2453 37 3302
2451 22 3662
2553 18 4374
2353 12 5556
2454 10 5325
2452 57 5046
2554 93 4426
2354 77 4035
2455 66 2362
2453 82 5706
2555 44 5832
2355 24 1649
2456 85 4640
2454 36 2992
2556 49 1656
2356 71 1815
2457 31 1425
2455 41 1573
2557 30 3203
2357 39 3795
2458 14 4616
2456 27 3163
2558 53 3888
2358 84 2430
2459 34 3568
2457 10 5735
2559 92 183
2359 16 5276
2460 36 1894
2458 73 5502
2560 60 2835
2360 84 2933
2461 66 1534
2459 70 2200
2561 62 2081
2361 95 5858
2462 67 5148
2460 69 4351
2562 45 3160
2362 86 763
2463 75 4496
2461 17 1390
2563 50 5147
2363 91 4666
2464 64 4764
2462 63 5372
2564 18 5583
2364 42 42
2465 78 5532
2463 25 897
2565 95 4560
2365 35 1226
2466 73 3578
2464 95 4852
2566 58 154
2366 42 3969
2467 21 2119
2465 55 2867
2567 65 5852
2367 23 5012
2468 91 1962
2466 72 2845
2568 95 3482
2368 11 3825
2469 42 4988
2467 98 1696
2569 68 2188
2369 72 4026
2470 21 854
2468 19 1636
2570 26 53
2370 47 1614
2471 43 504
2469 69 1164
2571 12 3158
2371 42 2256
2472 56 431
2470 72 5794
2572 96 1777
2372 59 545
2473 79 3889
2471 44 5366
2573 68 1363
2373 84 2564
2474 25 5798
2472 38 1164
2574 40 2460
2374 13 3276
2475 68 3153
2473 88 3766
2575 48 1186
2375 89 230
2476 29 4053
2474 54 1719
2576 69 4557
2376 99 1344
2477 100 5646
2475 96 1963
2577 87 3719
2377 20 2409
2478 41 4902
2476 95 1021
2578 84 564
2378 60 4174
2479 71 1899
2477 40 4804
2579 84 3303
2379 11 603
2480 23 4473
2478 55 2476
2580 77 1428
2380 21 1848
2481 86 2921
2479 64 2367
2581 21 5539
2381 48 1709
2482 59 1793
2480 63 672
2582 67 482
2382 52 3093
2483 48 5712
2481 45 5017
2583 37 5147
2383 97 2165
2484 85 2966
2482 47 297
2584 56 3066
2384 54 4502
2485 43 2082
2483 34 5009
2585 16 5936
2385 97 630
2486 82 176
2484 99 5634
2586 18 5018
2386 47 5098
2487 76 2092
2485 55 2769
2587 83 1224
2387 54 955
2488 100 4717
2486 58 184
2588 30 2387
2388 30 1928
2489 69 4577
2487 25 1553
2589 95 830
2389 13 682
2490 84 4532
2488 83 952
2590 68 5036
2390 16 5918
2491 73 2771
2489 65 5047
2591 87 2064
2391 34 2227
2492 40 10
2490 71 903
2592 44 614
2392 99 436
2493 69 4078
2491 22 3989
2593 56 308
2393 55 1063
2494 37 235
2492 41 2140
2594 39 4383
2394 44 2120
2495 36 5840
2493 35 4848
2595 94 3363
2395 98 2863
2496 50 2941
2494 32 737
2596 45 4095
2396 74 4450
2497 55 1862
2495 69 2130
2597 94 1139
2397 89 683
2498 33 1609
2496 52 1677
2598 24 218
2398 94 2904
2499 73 4841
2497 79 5830
2599 61 4679
2399 88 4227
2500 66 1974
2498 23 1545
2600 29 2884
2400 87 4149
2499 14 877
2601 69 4325
2401 35 1605
2502 46 5314
2602 26 148
2402 97 2103
2503 90 5543
2501 36 5859
2603 35 905
2403 16 4316
2504 21 5092
2502 13 4516
2604 78 304
2404 100 5849
2505 92 2493
2503 98 3826
2605 47 239
2405 58 5133
2506 28 4371
2504 26 283
2606 54 2397
2406 26 5383
2507 82 3752
2505 71 2272
2607 97 3575
2407 67 3659
2508 99 4866
2506 39 5829
2608 100 1332
2408 69 5902
2509 32 4502
2507 67 4132
2609 38 3717
2409 51 4682
2510 51 4862
2508 64 4989
2610 27 4867
2410 63 906
2511 74 5500
2509 92 3172
2611 72 2073
2411 12 1700
2512 32 2218
2510 28 3235
2612 52 5924
2412 22 8
2513 46 5348
2511 58 3472
2613 70 5589
2413 49 2077
2514 64 1178
2512 55 2388
2614 18 1151
2414 39 2126
2515 65 1938
2513 23 1314
2615 64 4642
2415 73 2722
2516 83 4842
2514 58 1053
2616 28 1012
2416 53 773
2517 71 831
2515 71 1425
2617 71 2278
2417 91 2372
2518 45 3282
2516 44 3408
2618 68 5896
2418 69 5282
2519 66 1407
2517 41 4598
2619 59 3323
2419 89 5262
2520 65 3544
2518 65 2584
2620 37 5456
2420 43 5400
2521 78 4413
2519 38 3570
2621 90 4143
2421 49 849
2522 26 2486
2520 64 4034
2622 60 2734
2422 44 4221
2523 52 3084
2521 16 1924
2623 43 4857
2423 33 1284
2524 24 4307
2522 20 1405
2624 47 4323
2424 13 2163
2525 62 5394
2523 89 4578
2625 97 2845
2425 75 4151
2526 38 4170
2524 34 1829
2626 27 3479
2426 54 3426
2527 29 1336
2525 79 1201
2627 60 2354
2427 16 2774
2528 71 1150
2526 85 1611
2628 54 4259
2428 61 1554
2529 37 426
2527 98 4944
2629 50 867
2429 11 901
2530 19 3109
2528 28 1870
2630 86 2471
2430 98 4848
2531 32 2076
2529 88 3190
2631 66 4525
2431 78 4836
2532 37 950
2530 72 5230
2632 43 377
2432 89 607
2533 64 5745
2531 35 1259
2633 47 1455
2433 24 98
2534 21 2505
2532 60 887
2634 61 3396
2434 50 5345
2535 63 436
2533 51 3058
2635 22 5600
2435 48 3579
2536 86 4363
2534 54 3584
2636 78 3302
2436 13 4893
2537 83 1854
2535 51 5376
2637 83 268
2437 16 2794
2538 46 4972
2536 62 1601
2638 10 2975
2438 100 2972
2539 92 5379
2537 18 4448
2639 83 3209
2439 57 3738
2540 92 5287
2538 86 4033
2640 32 3286
2440 57 541
2541 78 2842
2539 65 5305
2641 92 446
2441 20 374
2542 91 5206
2540 56 4834
2642 73 3313
2442 89 3
2543 56 408
2541 33 5105
2643 30 2975
2443 55 175
2544 94 3952
2542 19 3814
2644 47 1644
2444 19 2341
2545 29 3598
2543 40 3304
2645 68 1603
2445 91 1023
2546 40 2382
2544 97 1023
2646 93 1430
2446 43 2224
2547 69 3629
2545 11 873
2647 58 738
2447 28 1081
2548 58 3105
2546 88 367
2648 79 3339
2448 14 3613
2549 86 1069
2547 57 3586
2649 100 4762
2449 63 131
2550 98 4672
2548 37 5508
2650 27 3039
2450 45 768
2551 67 5269
2549 39 2847
2651 42 1726
2451 38 1029
2552 66 3707
2550 79 1496
2652 23 2894
2452 86 5783
2553 88 1067
2551 72 4454
2653 91 4624
2453 47 731
2554 14 782
2552 12 2503
2654 72 230
2454 47 1392
2555 66 5223
2553 53 1678
2655 42 454
2455 51 1448
2556 32 3834
2554 49 3143
2656 72 2872
2456 24 4798
2557 76 5361
2555 49 5515
2657 80 2578
2457 53 1039
2558 10 1652
2556 75 2819
2658 41 4536
2458 99 4258
2559 29 5328
2557 26 37
2659 61 2760
2459 83 752
2560 55 3675
2558 63 3850
2660 75 3663
2460 96 4440
2561 77 5365
2559 81 4527
2661 78 2447
2461 36 3729
2562 96 522
2560 26 3527
2662 23 131
2462 32 573
2563 61 1752
2561 61 771
2663 77 2212
2463 10 2977
2564 97 2177
2562 25 5081
2664 28 4504
2464 54 5789
2565 52 4528
2563 55 4667
2665 79 1448
2465 23 5003
2566 87 12
2564 90 1066
2666 21 221
2466 32 3320
2567 68 1357
2565 69 2187
2667 26 496
2467 58 2077
2568 71 173
2566 76 731
2668 29 2037
2468 79 5723
2569 17 2346
2567 56 1474
2669 92 1875
2469 61 428
2570 79 3741
2568 44 2638
2670 64 51
2470 98 2747
2571 43 2071
2569 37 2584
2671 78 5445
2471 70 4088
2572 57 4287
2570 17 5595
2672 65 5412
2472 78 4245
2573 69 566
2571 94 5176
2673 37 5407
2473 91 1947
2574 77 2851
2572 71 4859
2674 15 2979
2474 56 4990
2575 91 1894
2573 42 5540
2675 43 5508
2475 24 1033
2576 64 5758
2574 10 5927
2676 34 2552
2476 50 3667
2577 88 5517
2575 49 5412
2677 15 5670
2477 38 4305
2578 34 5914
2576 78 2925
2678 42 289
2478 77 2579
2579 91 802
2577 89 3235
2679 72 2225
2479 26 3172
2580 63 1571
2578 66 1243
2680 32 4985
2480 71 5629
2581 23 3960
2579 74 1490
2681 80 5158
2481 44 5571
2582 71 1759
2580 39 2617
2682 26 4569
2482 63 2332
2583 71 3326
2581 80 3055
2683 96 1555
2483 46 259
2584 21 2085
2582 74 724
2684 85 73
2484 31 1431
2585 69 4897
2583 94 2282
2685 63 890
2485 84 3953
2586 59 4126
2584 79 1021
2686 39 2892
2486 28 2813
2587 98 184
2585 98 4163
2687 32 5891
2487 69 4708
2588 81 4885
2586 52 1750
2688 47 5838
2488 99 1930
2589 87 4468
2587 46 589
2689 27 3866
2489 59 4626
2590 29 470
2588 48 26
2690 75 4286
2490 80 4694
2591 86 5010
2589 13 110
2691 25 418
2491 24 1068
2592 59 2073
2590 100 498
2692 93 250
2492 28 3149
2593 77 2438
2591 37 1618
2693 67 127
2493 90 566
2594 12 2766
2592 91 4906
2694 96 899
2494 99 1750
2595 12 298
2593 79 2597
2695 14 5460
2495 22 5215
2596 30 516
2594 33 2067
2696 69 4605
2496 80 4668
2597 35 3096
2595 17 5121
2697 16 224
2497 21 1518
2598 61 3824
2596 18 5846
2698 40 3929
2498 32 1577
2599 22 5618
2597 58 614
2699 44 583
2499 82 2167
2600 51 2466
2598 72 1065
2700 99 5637
2500 24 4370
2599 39 2674
2701 23 5547
2501 50 5288
2602 43 2143
2702 28 3591
2502 62 1263
2603 58 5861
2601 29 647
2703 52 4117
2503 20 3026
2604 100 1308
2602 53 915
2704 64 1895
2504 48 2088
2605 19 3061
2603 88 5187
2705 93 4913
2505 98 3030
2606 27 33
2604 75 3760
2706 36 5501
2506 74 5366
2607 86 2216
2605 37 3671
2707 18 1783
2507 22 4846
2608 52 4
2606 15 4633
2708 47 3984
2508 99 2053
2609 20 2634
2607 98 4299
2709 30 2588
2509 42 5360
2610 91 3380
2608 46 1409
2710 44 483
2510 73 2765
2611 67 3839
2609 20 469
2711 40 1512
2511 64 3971
2612 50 3652
2610 34 421
2712 76 4763
2512 82 2742
2613 44 2877
2611 10 855
2713 90 721
2513 20 256
2614 47 5183
2612 74 2868
2714 98 3003
2514 34 4110
2615 63 4061
2613 66 5043
2715 78 4871
2515 95 1345
2616 20 5257
2614 61 5180
2716 78 3075
2516 79 437
2617 100 1770
2615 54 5343
2717 100 1954
2517 79 724
2618 10 5015
2616 39 4240
2718 100 4249
2518 58 2157
2619 27 2797
2617 82 1140
2719 38 1699
2519 89 3137
2620 45 418
2618 93 3746
2720 64 5320
2520 62 1568
2621 96 1440
2619 96 3553
2721 24 453
2521 25 1002
2622 45 2037
2620 54 2274
2722 81 3067
2522 39 1666
2623 74 3102
2621 88 5780
2723 73 4305
2523 71 3015
2624 80 4096
2622 59 5543
2724 68 636
2524 25 3160
2625 42 2918
2623 65 250
2725 61 5080
2525 12 2618
2626 14 3479
2624 58 5507
2726 99 3894
2526 95 2848
2627 87 629
2625 54 5515
2727 71 2172
2527 25 3903
2628 54 516
2626 28 4795
2728 11 3702
2528 49 3865
2629 59 2740
2627 30 3736
2729 41 1493
2529 93 4127
2630 47 646
2628 80 5651
2730 29 1648
2530 71 182
2631 67 2160
2629 46 3860
2731 47 4366
2531 26 4814
2632 55 2535
2630 12 5059
2732 52 2874
2532 21 769
2633 44 1044
2631 37 3822
2733 48 3752
2533 80 2195
2634 50 2627
2632 35 2197
2734 33 5342
2534 55 2905
2635 29 1881
2633 87 3415
2735 61 450
2535 68 1602
2636 22 5821
2634 46 4266
2736 71 203
2536 50 13
2637 27 2636
2635 61 4120
2737 27 1320
2537 42 5163
2638 95 5754
2636 98 4151
2738 28 4746
2538 97 103
2639 100 3725
2637 29 793
2739 65 4647
2539 23 4340
2640 59 3767
2638 87 5261
2740 17 821
2540 64 1358
2641 23 1063
2639 44 1745
2741 45 2339
2541 60 2020
2642 94 5393
2640 26 4629
2742 39 2317
2542 16 3688
2643 42 3715
2641 78 3710
2743 51 5497
2543 18 3124
2644 23 5453
2642 74 4817
2744 49 5593
2544 12 1773
2645 68 5571
2643 40 300
2745 66 2553
2545 71 2083
2646 76 1026
2644 67 1593
2746 84 4516
2546 55 11
2647 95 2071
2645 65 5615
2747 40 1338
2547 27 5472
2648 75 1487
2646 100 5594
2748 98 5551
2548 76 720
2649 53 5932
2647 64 2898
2749 81 5139
2549 33 3539
2650 68 1460
2648 40 4226
2750 69 4231
2550 97 5094
2651 83 1359
2649 65 1144
2751 79 1665
2551 91 3307
2652 60 2601
2650 63 3173
2752 45 2935
2552 53 1535
2653 19 2966
2651 77 4773
2753 52 2577
2553 30 2964
2654 75 4547
2652 50 297
2754 52 2561
2554 60 1937
2655 72 1715
2653 30 2314
2755 28 5609
2555 37 1725
2656 84 1026
2654 26 5599
2756 26 1131
2556 44 2184
2657 97 534
2655 86 3986
2757 19 925
2557 57 4063
2658 87 4769
2656 11 1767
2758 57 5385
2558 99 3810
2659 100 1964
2657 72 208
2759 22 3088
2559 75 3520
2660 20 1245
2658 77 3867
2760 56 4581
2560 43 919
2661 84 1547
2659 20 4397
2761 13 2336
2561 35 2602
2662 87 2276
2660 97 4318
2762 80 4653
2562 89 5444
2663 70 3873
2661 62 1713
2763 84 1459
2563 31 5187
2664 57 1392
2662 69 5487
2764 64 130
2564 59 505
2665 80 5241
2663 64 4227
2765 40 2492
2565 20 3815
2666 60 1440
2664 43 2060
2766 34 3735
2566 28 4956
2667 36 4692
2665 64 5636
2767 32 412
2567 39 4288
2668 91 4830
2666 52 136
2768 60 2169
2568 55 3991
2669 31 1090
2667 93 5855
2769 83 5133
2569 45 1363
2670 83 2449
2668 53 3984
2770 80 1466
2570 73 4272
2671 38 5869
2669 18 4640
2771 40 2691
2571 26 1501
2672 50 4638
2670 26 3370
2772 87 779
2572 38 2446
2673 31 2641
2671 71 5211
2773 33 1049
2573 49 281
2674 60 2009
2672 80 3107
2774 17 3449
2574 82 5420
2675 19 5493
2673 80 334
2775 62 3729
2575 15 4001
2676 24 1260
2674 54 4369
2776 67 2964
2576 37 1745
2677 16 5010
2675 63 2578
2777 42 4074
2577 91 4364
2678 20 310
2676 55 1985
2778 53 3297
2578 39 2972
2679 99 2751
2677 25 1392
2779 10 4612
2579 14 4973
2680 24 5172
2678 65 3717
2780 84 694
2580 39 4620
2681 11 3756
2679 56 2427
2781 68 808
2581 90 2094
2682 83 1419
2680 96 2494
2782 57 2282
2582 19 3080
2683 37 1738
2681 60 958
2783 77 3017
2583 56 3095
2684 35 51
2682 70 5271
2784 93 198
2584 11 4636
2685 19 5423
2683 40 1081
2785 14 701
2585 70 457
2686 66 4095
2684 98 4911
2786 14 3441
2586 100 4818
2687 26 3003
2685 88 1183
2787 23 582
2587 32 5607
2688 75 4883
2686 97 4665
2788 17 3433
2588 100 5660
2689 37 3536
2687 29 1573
2789 98 3066
2589 54 338
2690 85 159
2688 26 1417
2790 25 5074
2590 83 5359
2691 40 1805
2689 54 3680
2791 36 2359
2591 38 830
2692 77 2448
2690 20 3188
2792 65 3414
2592 80 5555
2693 64 2289
2691 78 2004
2793 49 5538
2593 32 4689
2694 33 1487
2692 24 5116
2794 93 3428
2594 77 3766
2695 82 1545
2693 22 5532
2795 77 5745
2595 98 3398
2696 33 749
2694 61 3470
2796 29 4756
2596 65 4254
2697 53 4111
2695 95 1796
2797 25 5872
2597 87 3589
2698 80 5767
2696 95 2864
2798 55 4150
2598 46 5789
2699 91 5574
2697 35 2050
2799 68 3727
2599 89 288
2700 50 635
2698 84 1914
2800 89 567
2600 62 4038
2699 11 359
2801 59 4911
2601 27 4907
2702 38 5774
2802 99 3562
2602 98 5820
2703 71 1812
2701 96 5235
2803 31 3834
2603 40 5547
2704 36 3374
2702 91 5555
2804 20 2168
2604 11 4252
2705 32 4176
2703 61 2198
2805 36 5248
2605 26 900
2706 76 2328
2704 98 589
2806 28 3362
2606 53 1495
2707 98 3051
2705 40 4059
2807 53 929
2607 63 3831
2708 27 5621
2706 32 4046
2808 91 3116
2608 72 2237
2709 17 3796
2707 97 5556
2809 44 1808
2609 89 4117
2710 25 3150
2708 91 1890
2810 75 427
2610 78 5469
2711 100 3829
2709 18 2763
2811 81 823
2611 85 5811
2712 10 2355
2710 22 856
2812 24 2412
2612 84 1484
2713 19 2792
2711 46 5884
2813 72 2186
2613 100 2294
2714 11 3519
2712 98 2112
2814 37 5889
2614 52 5592
2715 65 5675
2713 49 2980
2815 28 3585
2615 63 4706
2716 44 2908
2714 72 1086
2816 24 1830
2616 17 1467
2717 57 4215
2715 24 4500
2817 76 2555
2617 17 5884
2718 87 1505
2716 32 5179
2818 55 3648
2618 19 3195
2719 48 948
2717 81 1392
2819 24 5372
2619 20 738
2720 50 330
2718 68 3068
2820 42 2384
2620 97 4732
2721 63 5486
2719 52 3243
2821 58 3698
2621 63 5856
2722 64 1148
2720 17 5842
2822 90 2976
2622 88 4372
2723 74 288
2721 78 4994
2823 82 4253
2623 25 5518
2724 16 4621
2722 92 2923
2824 48 4384
2624 41 259
2725 44 4256
2723 42 3206
2825 39 633
2625 46 2000
2726 34 3463
2724 69 5403
2826 85 672
2626 91 4344
2727 40 1392
2725 61 2490
2827 60 3155
2627 54 3525
2728 30 2600
2726 89 2873
2828 42 1607
2628 20 4906
2729 95 5074
2727 90 1546
2829 94 4387
2629 79 4441
2730 13 2443
2728 44 5616
2830 10 2012
2630 94 2981
2731 17 2206
2729 25 2771
2831 97 2593
2631 60 3101
2732 97 3052
2730 60 3227
2832 97 1148
2632 72 4429
2733 93 1304
2731 95 2836
2833 79 3697
2633 66 4887
2734 23 4566
2732 90 624
2834 83 276
2634 70 3317
2735 71 4813
2733 87 4698
2835 76 1930
2635 28 2054
2736 51 4114
2734 71 3087
2836 44 3828
2636 13 1079
2737 72 1950
2735 51 3972
2837 49 3983
2637 43 303
2738 95 5790
2736 36 2602
2838 14 1234
2638 28 1939
2739 54 1458
2737 82 4595
2839 40 4028
2639 36 673
2740 62 2448
2738 10 1987
2840 27 2058
2640 75 301
2741 67 3577
2739 10 39
2841 29 2580
2641 75 2053
2742 91 968
2740 95 1358
2842 36 5012
2642 60 5360
2743 20 1650
2741 90 4285
2843 66 4934
2643 90 439
2744 40 984
2742 34 4647
2844 23 3386
2644 73 4284
2745 14 5420
2743 67 2013
2845 93 202
2645 88 1735
2746 55 5826
2744 56 4105
2846 45 3381
2646 29 4517
2747 47 840
2745 50 4673
2847 70 4660
2647 37 3174
2748 75 2605
2746 60 3490
2848 64 4069
2648 97 2996
2749 71 3519
2747 14 911
2849 76 620
2649 12 2582
2750 39 5837
2748 90 3180
2850 64 3535
2650 69 4987
2751 66 4288
2749 83 1753
2851 85 4604
2651 56 218
2752 84 430
2750 56 4589
2852 89 171
2652 58 1315
2753 88 4146
2751 11 3257
2853 61 81
2653 25 1096
2754 74 5180
2752 21 1853
2854 90 4429
2654 11 5419
2755 42 4326
2753 41 1794
2855 94 1297
2655 78 2165
2756 22 449
2754 89 5034
2856 51 5179
2656 21 5624
2757 84 3027
2755 73 3934
2857 77 4940
2657 44 5747
2758 98 2243
2756 93 89
2858 37 1005
2658 57 58
2759 58 2838
2757 31 2753
2859 79 1534
2659 53 4080
2760 79 903
2758 64 3155
2860 53 552
2660 99 3915
2761 18 5718
2759 98 499
2861 26 1920
2661 84 2160
2762 28 1767
2760 71 5743
2862 78 3659
2662 65 3024
2763 45 3823
2761 51 3017
2863 51 1390
2663 35 2391
2764 27 995
2762 77 1239
2864 87 5801
2664 39 1252
2765 73 4264
2763 97 2014
2865 73 1333
2665 38 3971
2766 73 1220
2764 91 5599
2866 20 3095
2666 83 5080
2767 56 3002
2765 71 689
2867 57 1415
2667 32 1585
2768 18 168
2766 46 3786
2868 80 4061
2668 26 726
2769 82 4862
2767 70 5590
2869 73 2064
2669 17 1609
2770 27 684
2768 59 725
2870 78 4328
2670 85 3741
2771 86 3541
2769 58 698
2871 48 1126
2671 99 2433
2772 38 3486
2770 100 2851
2872 60 1773
2672 78 3026
2773 94 1243
2771 61 234
2873 44 4471
2673 70 1003
2774 52 4291
2772 71 3068
2874 72 5440
2674 38 335
2775 75 1901
2773 15 4864
2875 48 1276
2675 65 5407
2776 54 2316
2774 49 351
2876 29 3186
2676 72 2175
2777 22 639
2775 63 5615
2877 51 3002
2677 45 5192
2778 71 2385
2776 74 3788
2878 93 2042
2678 72 1196
2779 20 461
2777 13 3761
2879 24 5767
2679 27 1483
2780 46 3759
2778 68 2526
2880 91 1026
2680 52 3268
2781 72 4012
2779 95 60
2881 62 2767
2681 54 5030
2782 74 445
2780 61 2835
2882 60 3090
2682 26 3498
2783 94 2238
2781 38 197
2883 19 3882
2683 82 3842
2784 55 5501
2782 53 5264
2884 69 376
2684 59 5535
2785 100 5313
2783 50 2664
2885 49 4778
2685 89 4995
2786 88 2856
2784 60 3584
2886 15 5878
2686 58 1487
2787 44 2014
2785 60 2232
2887 47 4682
2687 97 730
2788 24 1676
2786 35 5683
2888 67 693
2688 75 3443
2789 87 3194
2787 30 5757
2889 41 2769
2689 63 615
2790 37 1885
2788 10 2124
2890 36 3839
2690 18 4746
2791 10 2291
2789 59 4135
2891 53 1245
2691 88 5828
2792 13 4335
2790 12 5475
2892 98 354
2692 26 5668
2793 51 313
2791 11 2945
2893 95 3695
2693 14 277
2794 26 5467
2792 86 1468
2894 98 5045
2694 53 2014
2795 97 762
2793 17 875
2895 73 2447
2695 20 3908
2796 96 162
2794 52 500
2896 99 4999
2696 36 5201
2797 21 2911
2795 31 1325
2897 32 5023
2697 43 1839
2798 65 4814
2796 10 1064
2898 96 2249
2698 52 4891
2799 71 4999
2797 48 3603
2899 39 806
2699 94 5764
2800 62 2598
2798 89 4036
2900 36 513
2700 41 5674
2799 14 2672
2901 43 5120
2701 93 2106
2802 39 2594
2902 97 4896
2702 11 3755
2803 23 2913
2801 33 987
2903 86 238
2703 56 3165
2804 62 1523
2802 87 2345
2904 100 1211
2704 77 3256
2805 13 646
2803 28 3622
2905 43 5170
2705 95 854
2806 78 5577
2804 34 4865
2906 99 693
2706 54 145
2807 48 2268
2805 50 294
2907 54 4222
2707 29 4589
2808 87 1567
2806 47 3952
2908 20 5665
2708 91 1346
2809 75 3632
2807 69 5864
2909 84 4879
2709 65 137
2810 33 2329
2808 14 3877
2910 62 1511
2710 63 605
2811 91 2176
2809 26 5568
2911 54 4742
2711 75 651
2812 68 4827
2810 68 1403
2912 20 1050
2712 16 1841
2813 95 1527
2811 80 5100
2913 15 1791
2713 71 3603
2814 98 3812
2812 89 2485
2914 100 2863
2714 49 5495
2815 50 1417
2813 10 2190
2915 17 1586
2715 40 5390
2816 16 1089
2814 27 2731
2916 45 774
2716 41 2367
2817 41 2799
2815 26 3805
2917 81 2953
2717 71 2985
2818 60 2215
2816 98 2441
2918 67 2054
2718 48 2525
2819 23 2870
2817 93 619
2919 72 114
2719 56 5722
2820 90 717
2818 45 1484
2920 10 2901
2720 53 4999
2821 65 2554
2819 69 357
2921 99 3212
2721 30 2219
2822 54 1114
2820 47 2525
2922 46 3436
2722 63 3001
2823 89 491
2821 49 2842
2923 37 792
2723 16 1032
2824 82 1374
2822 43 5596
2924 12 3367
2724 17 5481
2825 42 47
2823 17 2287
2925 78 2708
2725 69 1650
2826 46 5139
2824 28 3276
2926 76 1044
2726 35 4887
2827 95 2075
2825 39 5661
2927 65 1607
2727 51 3172
2828 60 4715
2826 63 683
2928 70 3244
2728 97 5929
2829 68 1216
2827 45 4676
2929 59 16
2729 68 2397
2830 62 452
2828 32 548
2930 18 5459
2730 93 3028
2831 50 5277
2829 22 455
2931 39 652
2731 73 5550
2832 49 1811
2830 85 1623
2932 15 1236
2732 80 3356
2833 29 4964
2831 88 5482
2933 39 4297
2733 78 3512
2834 77 2487
2832 62 5884
2934 26 934
2734 88 2971
2835 59 3349
2833 83 4036
2935 25 835
2735 58 5490
2836 37 393
2834 34 4907
2936 99 3967
2736 77 2773
2837 66 4541
2835 51 274
2937 47 2762
2737 60 2381
2838 76 4950
2836 65 4097
2938 96 2683
2738 37 2283
2839 97 5576
2837 24 4603
2939 56 4406
2739 82 923
2840 15 4153
2838 37 901
2940 37 2218
2740 85 2405
2841 13 2611
2839 60 4965
2941 86 307
2741 49 5363
2842 62 1138
2840 14 1220
2942 57 1177
2742 52 2979
2843 71 5631
2841 84 4648
2943 41 1703
2743 86 1648
2844 60 3488
2842 26 1182
2944 31 4667
2744 90 3999
2845 99 4499
2843 42 2868
2945 55 4382
2745 70 5066
2846 22 4217
2844 39 931
2946 88 520
2746 87 3304
2847 49 2415
2845 49 4454
2947 19 780
2747 30 2326
2848 78 5345
2846 24 164
2948 51 2059
2748 58 3105
2849 92 5560
2847 49 2389
2949 16 4164
2749 46 3278
2850 56 1541
2848 28 1832
2950 65 5794
2750 61 1068
2851 81 584
2849 58 4323
2951 22 1051
2751 92 3974
2852 83 1659
2850 34 471
2952 61 5010
2752 78 4561
2853 51 4742
2851 29 2054
2953 49 4268
2753 94 4720
2854 80 4148
2852 47 1406
2954 14 1201
2754 17 1246
2855 90 1016
2853 60 5745
2955 11 3365
2755 84 4199
2856 70 1111
2854 63 597
2956 84 3346
2756 68 5187
2857 60 5194
2855 34 4802
2957 14 53
2757 46 4175
2858 91 4954
2856 59 4631
2958 77 1357
2758 37 2214
2859 59 2931
2857 57 5901
2959 67 4785
2759 60 1083
2860 71 5283
2858 50 1148
2960 67 2877
2760 22 2182
2861 34 4310
2859 53 3895
2961 62 3994
2761 17 551
2862 50 3450
2860 73 1000
2962 70 3439
2762 65 5754
2863 49 5005
2861 87 283
2963 66 5219
2763 19 1398
2864 82 5598
2862 46 1524
2964 55 3491
2764 48 4367
2865 16 3425
2863 71 1881
2965 79 103
2765 49 1325
2866 53 3772
2864 34 996
2966 91 432
2766 97 1169
2867 82 2953
2865 10 5751
2967 40 1855
2767 99 1816
2868 81 2427
2866 100 3286
2968 84 329
2768 48 1017
2869 90 4182
2867 75 4874
2969 34 4607
2769 72 3782
2870 96 2924
2868 21 218
2970 36 5508
2770 94 1121
2871 77 2752
2869 30 5872
2971 91 3494
2771 62 936
2872 55 1576
2870 44 1215
2972 89 2757
2772 35 51
2873 39 2327
2871 63 1372
2973 72 4952
2773 10 3573
2874 12 1886
2872 37 582
2974 15 963
2774 60 2825
2875 84 3811
2873 55 4683
2975 62 3300
2775 90 2846
2876 75 4029
2874 52 2238
2976 82 1531
2776 49 411
2877 53 3833
2875 11 3207
2977 100 3896
2777 50 149
2878 20 3838
2876 95 5688
2978 67 4574
2778 99 2450
2879 41 2031
2877 84 431
2979 35 5726
2779 91 3710
2880 19 3896
2878 98 2822
2980 52 4036
2780 15 3645
2881 79 1732
2879 48 1416
2981 73 4816
2781 74 3823
2882 19 4987
2880 45 2944
2982 54 4525
2782 83 946
2883 64 4885
2881 80 2385
2983 21 1139
2783 74 701
2884 23 5908
2882 10 189
2984 91 1176
2784 37 3543
2885 75 1084
2883 19 3738
2985 68 5841
2785 74 335
2886 10 3843
2884 29 576
2986 47 1700
2786 87 2750
2887 20 4852
2885 65 578
2987 18 1721
2787 37 1198
2888 36 2136
2886 35 1581
2988 51 2460
2788 35 5740
2889 76 4367
2887 95 1582
2989 27 5729
2789 25 3948
2890 95 1177
2888 33 3984
2990 49 5397
2790 83 3948
2891 29 3112
2889 84 2823
2991 82 409
2791 87 5276
2892 29 5040
2890 62 264
2992 12 4827
2792 95 2419
2893 82 2151
2891 20 2274
2993 75 5931
2793 36 4018
2894 80 2947
2892 94 2431
2994 71 4160
2794 24 4015
2895 52 2202
2893 78 1889
2995 37 4469
2795 49 4103
2896 61 2430
2894 86 1437
2996 29 1796
2796 29 3002
2897 77 4473
2895 25 242
2997 44 2690
2797 67 2235
2898 55 219
2896 36 2351
2998 100 746
2798 40 374
2899 65 1153
2897 75 870
2999 70 4603
2799 24 5627
2900 26 2972
2898 28 3381
3000 36 2067
2800 17 4319
2899 52 4484
3001 46 1695
2801 98 5415
2902 94 149
3002 84 4864
2802 58 5378
2903 59 5158
2901 57 977
3003 48 1744
2803 83 5600
2904 35 1271
2902 75 5097
3004 24 2737
2804 44 4352
2905 96 3252
2903 92 4033
3005 34 4243
2805 93 3654
2906 39 3089
2904 19 1840
3006 40 4519
2806 66 319
2907 10 5443
2905 83 4223
3007 59 3668
2807 13 3567
2908 58 2311
2906 31 5619
3008 68 1228
2808 16 5340
2909 32 887
2907 37 2818
3009 34 90
2809 28 112
2910 55 374
2908 89 2317
3010 78 1276
2810 51 2673
2911 39 111
2909 84 2263
3011 67 4950
2811 95 1425
2912 38 104
2910 74 578
3012 61 2582
2812 13 1024
2913 69 5751
2911 91 2231
3013 64 2389
2813 82 2210
2914 68 4808
2912 90 695
3014 56 5091
2814 15 4556
2915 13 1704
2913 40 4451
3015 96 1385
2815 14 5189
2916 34 4116
2914 87 2622
3016 99 4224
2816 38 4818
2917 42 5811
2915 48 5434
3017 55 1908
2817 68 4335
2918 47 1050
2916 13 215
3018 36 5434
2818 39 2523
2919 45 1252
2917 73 2595
3019 85 1468
2819 21 3688
2920 63 3428
2918 83 5447
3020 19 3196
2820 54 4682
2921 77 1496
2919 55 5044
3021 56 4339
2821 94 3279
2922 84 960
2920 54 1767
3022 49 4083
2822 83 1407
2923 24 1472
2921 87 4393
3023 42 1794
2823 23 502
2924 55 4620
2922 33 885
3024 15 3088
2824 86 3595
2925 43 3670
2923 45 161
3025 65 3410
2825 42 5277
2926 99 4939
2924 25 5046
3026 33 4212
2826 26 5604
2927 25 3414
2925 35 1378
3027 65 2850
2827 70 3145
2928 93 5202
2926 66 1512
3028 92 197
2828 68 2572
2929 57 2819
2927 100 5316
3029 70 5764
2829 75 681
2930 37 4220
2928 85 2048
3030 88 2433
2830 40 3490
2931 35 117
2929 100 4884
3031 63 1996
2831 90 3324
2932 86 5541
2930 27 5351
3032 99 4266
2832 28 1622
2933 21 3693
2931 80 689
3033 15 3049
2833 83 787
2934 58 3549
2932 42 412
3034 61 593
2834 27 5200
2935 50 5895
2933 21 2409
3035 24 1788
2835 42 441
2936 29 80
2934 72 2050
3036 27 4413
2836 91 829
2937 41 2269
2935 61 2640
3037 50 1019
2837 38 1300
2938 75 4276
2936 37 1666
3038 61 295
2838 99 3471
2939 92 1050
2937 57 2740
3039 51 2019
2839 50 4913
2940 60 3628
2938 13 5288
3040 98 2259
2840 49 4194
2941 98 3171
2939 53 5151
3041 92 5190
2841 100 5922
2942 12 3088
2940 85 1642
3042 41 4874
2842 76 2188
2943 71 3269
2941 80 5639
3043 88 5677
2843 76 3203
2944 82 2468
2942 37 392
3044 96 5560
2844 51 4049
2945 79 5246
2943 99 1014
3045 85 1758
2845 87 2279
2946 71 2079
2944 55 4287
3046 10 1517
2846 89 3008
2947 40 4702
2945 85 5147
3047 84 1160
2847 76 2384
2948 49 2829
2946 68 28
3048 19 1871
2848 43 1507
2949 15 1942
2947 28 5618
3049 23 3291
2849 47 133
2950 43 3992
2948 76 3892
3050 18 4876
2850 52 1162
2951 86 4180
2949 86 4336
3051 93 1755
2851 20 3193
2952 88 2264
2950 64 3333
3052 60 5631
2852 35 5123
2953 28 566
2951 62 2034
3053 80 61
2853 89 899
2954 48 410
2952 21 5664
3054 95 4735
2854 44 5342
2955 100 4140
2953 77 5211
3055 62 3813
2855 79 241
2956 10 4432
2954 20 1262
3056 73 229
2856 57 5244
2957 14 5353
2955 51 3679
3057 85 4152
2857 46 1664
2958 73 1701
2956 35 1057
3058 83 3910
2858 48 3118
2959 93 1699
2957 41 2112
3059 77 7
2859 98 4022
2960 53 4221
2958 12 2151
3060 89 3783
2860 97 4479
2961 44 5205
2959 67 4321
3061 76 3407
2861 21 4670
2962 82 5563
2960 65 547
3062 71 3677
2862 32 912
2963 53 3415
2961 28 5287
3063 28 695
2863 73 3631
2964 64 3563
2962 42 3229
3064 12 1691
2864 76 4973
2965 73 4559
2963 17 5154
3065 29 784
2865 25 1081
2966 34 1435
2964 37 4500
3066 38 2582
2866 99 2866
2967 38 1472
2965 71 5621
3067 32 4713
2867 31 1442
2968 57 4285
2966 58 3934
3068 97 5351
2868 52 2215
2969 66 699
2967 94 2247
3069 38 4929
2869 60 1613
2970 32 2665
2968 56 3746
3070 76 812
2870 97 4160
2971 48 2655
2969 32 5050
3071 69 917
2871 100 2227
2972 31 1634
2970 92 365
3072 79 3488
2872 42 3908
2973 71 1460
2971 64 4053
3073 22 3336
2873 37 277
2974 50 81
2972 58 314
3074 83 2477
2874 79 3805
2975 55 4082
2973 93 1524
3075 88 1944
2875 22 2191
2976 27 5880
2974 22 518
3076 63 735
2876 94 2631
2977 97 4181
2975 90 1324
3077 66 4432
2877 90 2907
2978 59 5291
2976 41 2887
3078 43 4449
2878 57 5493
2979 96 888
2977 78 874
3079 53 4888
2879 48 3423
2980 22 4255
2978 45 1464
3080 71 3887
2880 11 5143
2981 54 3273
2979 51 4524
3081 69 1335
2881 20 4340
2982 51 1059
2980 68 4309
3082 98 3684
2882 24 4313
2983 28 1580
2981 12 4029
3083 51 118
2883 37 432
2984 16 2177
2982 80 1564
3084 92 1696
2884 40 1495
2985 27 1504
2983 26 4133
3085 95 1808
2885 68 1625
2986 55 1586
2984 82 1096
3086 85 5868
2886 63 866
2987 97 2023
2985 68 2590
3087 73 5777
2887 33 5246
2988 61 3950
2986 23 4893
3088 58 3995
2888 14 526
2989 87 5366
2987 53 1357
3089 44 1639
2889 26 904
2990 67 29
2988 95 1749
3090 21 2645
2890 71 2090
2991 70 4415
2989 52 5707
3091 54 5571
2891 73 5716
2992 80 3883
2990 21 5369
3092 50 5679
2892 21 3721
2993 59 4677
2991 70 4285
3093 39 586
2893 53 5669
2994 41 3261
2992 59 1910
3094 15 5600
2894 29 1744
2995 83 268
2993 86 776
3095 95 5308
2895 32 1223
2996 67 403
2994 50 4101
3096 67 3993
2896 14 2579
2997 89 5497
2995 79 1294
3097 78 721
2897 43 625
2998 42 4215
2996 94 5464
3098 42 1865
2898 60 3042
2999 69 4961
2997 40 3096
3099 49 4948
2899 70 2793
3000 74 703
2998 68 1421
3100 80 1091
2900 30 2339
2999 26 1519
3101 55 1971
2901 55 4370
3002 25 1557
3102 67 1262
2902 23 297
3003 44 3
3001 44 3520
3103 25 5084
2903 87 208
3004 48 912
3002 26 5054
3104 19 5726
2904 92 3695
3005 47 5505
3003 30 960
3105 48 1515
2905 79 51
3006 78 2085
3004 38 1573
3106 64 4010
2906 97 4901
3007 76 3028
3005 52 5231
3107 93 3573
2907 89 1185
3008 44 2862
3006 70 887
3108 50 2348
2908 80 2912
3009 23 2425
3007 69 1112
3109 28 5110
2909 18 2491
3010 94 5838
3008 30 3418
3110 48 2457
2910 86 3415
3011 34 4936
3009 84 4126
3111 17 5490
2911 59 1767
3012 99 1762
3010 46 5739
3112 21 3398
2912 52 4596
3013 68 3941
3011 63 5330
3113 37 34
2913 16 3003
3014 34 4286
3012 36 501
3114 82 4829
2914 92 2613
3015 14 4811
3013 34 1262
3115 66 136
2915 55 969
3016 10 2068
3014 15 3660
3116 96 1394
2916 52 3967
3017 17 4607
3015 90 276
3117 20 5910
2917 46 5898
3018 11 2074
3016 17 2793
3118 92 367
2918 40 5189
3019 41 5807
3017 90 5699
3119 93 279
2919 81 208
3020 67 4588
3018 91 76
3120 39 1340
2920 56 5234
3021 95 3414
3019 34 2147
3121 86 4803
2921 48 1456
3022 89 3771
3020 39 5210
3122 14 4197
2922 50 1861
3023 77 3849
3021 21 3949
3123 82 851
2923 67 1832
3024 26 5362
3022 76 2785
3124 20 4522
2924 93 1228
3025 36 5694
3023 87 5397
3125 38 4909
2925 92 5610
3026 96 3286
3024 17 3824
3126 96 5412
2926 95 408
3027 85 4915
3025 97 5096
3127 29 2456
2927 42 5664
3028 42 2602
3026 30 1988
3128 93 3134
2928 22 5413
3029 75 2959
3027 93 4961
3129 17 5725
2929 25 3595
3030 43 4835
3028 16 1432
3130 49 2789
2930 40 3736
3031 23 2912
3029 96 3829
3131 20 527
2931 71 1838
3032 63 4944
3030 65 3282
3132 69 3267
2932 96 3861
3033 30 1057
3031 99 2495
3133 55 477
2933 46 3695
3034 64 3127
3032 78 1264
3134 40 4164
2934 82 142
3035 19 5298
3033 56 4207
3135 87 3702
2935 25 4872
3036 50 4965
3034 15 1067
3136 23 2792
2936 37 5228
3037 57 4384
3035 53 4631
3137 72 4382
2937 63 5775
3038 47 4138
3036 75 3600
3138 69 175
2938 26 3131
3039 29 1127
3037 98 3135
3139 93 2930
2939 56 2774
3040 87 862
3038 55 4355
3140 90 4127
2940 10 4518
3041 53 4189
3039 16 4765
3141 36 350
2941 27 1099
3042 29 1150
3040 13 4688
3142 100 5262
2942 82 2513
3043 10 563
3041 35 3668
3143 99 2935
2943 17 194
3044 53 1885
3042 17 2749
3144 32 4427
2944 41 2364
3045 35 5566
3043 77 4471
3145 19 969
2945 18 549
3046 24 5400
3044 81 3729
3146 78 167
2946 64 1622
3047 27 496
3045 81 3754
3147 17 1493
2947 61 3290
3048 71 5443
3046 19 2355
3148 50 651
2948 62 5403
3049 65 2970
3047 88 2978
3149 80 1464
2949 67 4557
3050 53 1643
3048 83 1813
3150 89 2901
2950 65 1033
3051 60 5218
3049 16 2300
3151 95 3969
2951 30 2602
3052 87 5894
3050 70 2514
3152 44 654
2952 95 5647
3053 61 16
3051 91 285
3153 67 3857
2953 95 3262
3054 44 3756
3052 51 3265
3154 88 2315
2954 24 5894
3055 78 4130
3053 91 3329
3155 44 3875
2955 24 539
3056 90 4451
3054 44 5544
3156 65 4036
2956 26 2265
3057 42 5455
3055 52 4830
3157 38 3574
2957 33 652
3058 83 4923
3056 42 2148
3158 73 5924
2958 80 3603
3059 30 5419
3057 90 1789
3159 41 2823
2959 48 2396
3060 91 1808
3058 81 3395
3160 61 2392
2960 55 4090
3061 36 2266
3059 38 3813
3161 82 3384
2961 59 3100
3062 91 5746
3060 89 5555
3162 64 749
2962 29 4280
3063 44 2262
3061 98 4384
3163 37 702
2963 90 3325
3064 58 5380
3062 65 1180
3164 31 5853
2964 93 1935
3065 84 3489
3063 83 3575
3165 29 5752
2965 16 4981
3066 100 517
3064 31 920
3166 90 5722
2966 21 3900
3067 69 3127
3065 73 3991
3167 39 1985
2967 86 5401
3068 92 4494
3066 49 5108
3168 83 1177
2968 19 23
3069 93 570
3067 26 2898
3169 65 1496
2969 92 1121
3070 57 1826
3068 34 1449
3170 19 797
2970 38 4756
3071 27 897
3069 26 3570
3171 68 4745
2971 47 1658
3072 22 3748
3070 30 500
3172 89 4701
2972 40 2275
3073 17 2039
3071 53 5414
3173 13 4239
2973 19 5759
3074 80 1219
3072 37 1154
3174 97 4605
2974 80 3009
3075 81 4196
3073 32 3335
3175 99 1709
2975 10 918
3076 22 1791
3074 71 4399
3176 57 5387
2976 53 1760
3077 30 5832
3075 85 4444
3177 89 1647
2977 61 3065
3078 62 1604
3076 76 921
3178 96 5506
2978 64 4745
3079 20 5045
3077 85 2506
3179 17 3011
2979 76 4934
3080 35 4665
3078 27 5188
3180 68 3376
2980 37 1123
3081 100 4184
3079 91 1343
3181 46 3980
2981 64 1533
3082 33 4448
3080 78 3083
3182 55 4824
2982 25 1613
3083 64 3125
3081 44 2384
3183 71 3634
2983 75 5589
3084 11 5202
3082 45 1069
3184 87 5108
2984 25 1127
3085 86 1525
3083 82 1632
3185 56 5904
2985 78 5007
3086 56 5564
3084 97 2196
3186 43 2279
2986 88 2365
3087 29 5581
3085 72 169
3187 12 4285
2987 38 3956
3088 89 4017
3086 25 3227
3188 29 3801
2988 58 498
3089 26 2189
3087 33 2745
3189 54 852
2989 83 1153
3090 62 5724
3088 30 4697
3190 57 2093
2990 95 2300
3091 42 1240
3089 44 5196
3191 87 5506
2991 37 543
3092 39 2918
3090 31 1795
3192 74 1748
2992 58 664
3093 54 2805
3091 86 5371
3193 97 130
2993 50 2737
3094 39 129
3092 16 2144
3194 60 5790
2994 81 2528
3095 60 5826
3093 82 2880
3195 41 2574
2995 13 2884
3096 75 631
3094 69 3083
3196 71 4846
2996 83 4903
3097 25 3281
3095 69 4088
3197 71 3091
2997 61 5188
3098 43 1356
3096 58 5607
3198 53 4456
2998 95 2672
3099 73 2021
3097 14 3838
3199 10 3985
2999 53 3839
3100 13 2042
3098 84 5643
3200 43 2922
3000 91 5835
3099 85 381
3201 72 626
3001 47 2431
3102 67 4830
3202 79 788
3002 49 2741
3103 86 681
3101 42 5633
3203 17 4836
3003 45 2919
3104 92 4368
3102 38 917
3204 80 4887
3004 57 1828
3105 75 2936
3103 48 4783
3205 42 5458
3005 64 3983
3106 27 3660
3104 17 2100
3206 19 5235
3006 67 3407
3107 88 3575
3105 100 1773
3207 43 3673
3007 12 2833
3108 78 1739
3106 23 2796
3208 96 3586
3008 25 141
3109 55 4553
3107 39 5903
3209 97 88
3009 78 487
3110 48 2697
3108 10 2695
3210 68 4399
3010 72 1797
3111 100 1892
3109 59 5262
3211 26 1663
3011 97 4385
3112 63 4987
3110 70 3160
3212 69 2274
3012 91 4677
3113 68 1112
3111 84 2638
3213 72 1178
3013 50 5929
3114 38 4215
3112 67 3879
3214 27 4650
3014 95 5857
3115 36 1510
3113 22 3465
3215 59 5729
3015 76 5788
3116 60 4990
3114 27 2396
3216 50 2596
3016 79 5030
3117 30 542
3115 97 2136
3217 92 2627
3017 100 3275
3118 28 2965
3116 10 2185
3218 11 934
3018 37 4665
3119 69 4400
3117 46 3592
3219 71 1722
3019 26 4401
3120 33 3443
3118 11 311
3220 17 5258
3020 37 1695
3121 65 5105
3119 61 5258
3221 85 5838
3021 63 3051
3122 25 378
3120 57 2404
3222 51 3000
3022 69 2430
3123 33 2075
3121 31 5063
3223 28 5886
3023 71 5710
3124 40 3127
3122 16 33
3224 43 3180
3024 48 4905
3125 90 77
3123 53 2870
3225 91 1781
3025 17 3681
3126 30 5273
3124 38 4411
3226 16 4938
3026 53 290
3127 19 2244
3125 92 2841
3227 32 3071
3027 49 675
3128 84 317
3126 30 3793
3228 97 2056
3028 27 2259
3129 22 3103
3127 21 5117
3229 100 5219
3029 88 4612
3130 98 2984
3128 29 5134
3230 44 5208
3030 69 13
3131 44 2701
3129 66 4850
3231 41 1989
3031 26 453
3132 33 978
3130 26 3650
3232 40 5379
3032 46 5829
3133 40 1987
3131 84 4850
3233 11 5915
3033 38 5642
3134 19 4489
3132 74 188
3234 50 3393
3034 25 4614
3135 32 2406
3133 28 337
3235 58 5646
3035 43 4210
3136 44 2242
3134 32 5097
3236 42 3324
3036 73 2942
3137 17 5371
3135 100 2631
3237 74 3906
3037 38 5678
3138 74 5856
3136 33 3038
3238 53 3099
3038 26 4040
3139 45 1373
3137 84 2732
3239 44 1580
3039 35 347
3140 15 5152
3138 52 1392
3240 54 2183
3040 13 2159
3141 56 2078
3139 35 2674
3241 12 4723
3041 66 1028
3142 55 347
3140 33 4299
3242 17 3421
3042 71 5640
3143 75 2503
3141 64 5402
3243 12 141
3043 75 1170
3144 24 1240
3142 45 2271
3244 89 785
3044 79 4916
3145 59 4321
3143 51 2693
3245 38 2454
3045 72 2783
3146 39 1105
3144 29 5527
3246 89 2964
3046 71 3975
3147 76 2747
3145 69 4829
3247 78 2201
3047 32 5566
3148 40 1800
3146 71 2543
3248 40 3108
3048 43 4399
3149 77 2578
3147 39 5384
3249 33 3863
3049 70 4179
3150 95 4288
3148 91 1705
3250 91 1239
3050 44 5729
3151 100 263
3149 11 5917
3251 57 246
3051 85 2573
3152 20 4271
3150 12 2730
3252 32 3050
3052 96 845
3153 30 1185
3151 72 4891
3253 19 4690
3053 79 5084
3154 46 5052
3152 53 5923
3254 64 2484
3054 60 258
3155 23 5386
3153 73 756
3255 65 2161
3055 13 1722
3156 16 4704
3154 39 3660
3256 68 5782
3056 28 5864
3157 66 1918
3155 10 2618
3257 72 3586
3057 25 3712
3158 52 1482
3156 49 1329
3258 44 3773
3058 88 1148
3159 93 3159
3157 68 452
3259 33 610
3059 65 5873
3160 32 5602
3158 70 184
3260 87 5859
3060 50 1943
3161 24 3362
3159 37 181
3261 16 4149
3061 46 1247
3162 95 5938
3160 19 3537
3262 78 2154
3062 97 2014
3163 67 1552
3161 36 5328
3263 71 5256
3063 81 3415
3164 14 2152
3162 95 834
3264 57 3862
3064 86 2853
3165 48 2410
3163 18 3195
3265 14 804
3065 55 742
3166 64 1336
3164 25 5299
3266 64 2317
3066 46 3728
3167 38 328
3165 25 1845
3267 95 752
3067 97 1274
3168 39 3658
3166 68 2339
3268 71 1991
3068 12 5151
3169 38 2340
3167 99 3716
3269 100 3115
3069 33 1982
3170 19 201
3168 18 148
3270 10 5206
3070 84 414
3171 90 2987
3169 45 2148
3271 76 1883
3071 83 2312
3172 10 742
3170 11 3771
3272 88 4197
3072 91 1151
3173 80 351
3171 24 5911
3273 47 5838
3073 14 1327
3174 12 1207
3172 30 5419
3274 86 3610
3074 52 638
3175 89 365
3173 93 2137
3275 78 1970
3075 61 5385
3176 21 4697
3174 100 2269
3276 81 324
3076 42 3868
3177 67 4080
3175 83 4853
3277 70 4775
3077 98 4081
3178 86 2617
3176 11 4873
3278 85 2449
3078 22 1699
3179 65 1680
3177 82 952
3279 53 2414
3079 44 3547
3180 47 3238
3178 40 4886
3280 23 5347
3080 93 3344
3181 91 4805
3179 29 3280
3281 68 800
3081 83 644
3182 63 2678
3180 62 5107
3282 58 4922
3082 70 4783
3183 64 1264
3181 81 3615
3283 34 1352
3083 99 3738
3184 45 4438
3182 89 3618
3284 68 5505
3084 73 2932
3185 99 1101
3183 57 1730
3285 96 2970
3085 51 3440
3186 23 4024
3184 82 257
3286 54 2495
3086 78 2573
3187 37 1500
3185 39 1565
3287 59 723
3087 86 2690
3188 60 2794
3186 28 690
3288 83 479
3088 44 3493
3189 31 2138
3187 60 4772
3289 100 595
3089 30 3547
3190 78 5328
3188 78 1125
3290 85 4734
3090 65 3805
3191 84 5701
3189 62 4233
3291 15 3615
3091 73 1677
3192 84 2285
3190 94 3184
3292 83 436
3092 74 4656
3193 66 2371
3191 52 1090
3293 98 1458
3093 21 738
3194 32 511
3192 52 5265
3294 60 2531
3094 25 324
3195 70 3887
3193 30 604
3295 80 3551
3095 57 2182
3196 20 137
3194 33 877
3296 61 1827
3096 21 5102
3197 40 4424
3195 59 910
3297 12 555
3097 21 4731
3198 39 2724
3196 72 48
3298 48 1424
3098 19 5338
3199 63 4295
3197 85 3004
3299 78 5929
3099 74 960
3200 39 1856
3198 83 4617
3300 24 108
3100 100 5051
3199 76 1724
3301 36 2292
3101 29 4801
3202 90 2295
3302 27 5053
3102 84 3209
3203 31 2941
3201 39 3234
3303 59 3519
3103 46 3958
3204 28 2260
3202 33 1116
3304 18 2724
3104 97 3953
3205 59 2090
3203 28 5466
3305 92 3278
3105 17 4987
3206 24 4862
3204 66 4724
3306 69 3576
3106 22 328
3207 62 5676
3205 59 3513
3307 25 3031
3107 58 2425
3208 38 337
3206 36 5157
3308 25 3604
3108 83 3485
3209 21 5071
3207 43 5865
3309 96 3226
3109 40 463
3210 14 421
3208 92 282
3310 66 461
3110 56 2250
3211 39 4463
3209 61 2708
3311 78 1025
3111 36 3706
3212 92 1322
3210 90 4259
3312 11 1450
3112 82 1126
3213 24 551
3211 40 3801
3313 94 4727
3113 50 1157
3214 64 1906
3212 55 1427
3314 82 5498
3114 36 1018
3215 63 4093
3213 47 264
3315 44 5560
3115 63 3098
3216 65 3686
3214 37 4099
3316 95 1239
3116 91 5204
3217 85 3771
3215 99 918
3317 20 430
3117 91 3138
3218 95 4179
3216 78 5298
3318 64 1918
3118 91 1292
3219 32 247
3217 74 1542
3319 10 3852
3119 96 4562
3220 35 3214
3218 20 5728
3320 76 2939
3120 78 1810
3221 74 4995
3219 18 4990
3321 25 2245
3121 57 5181
3222 100 3192
3220 27 3545
3322 78 1307
3122 63 3993
3223 29 1904
3221 87 396
3323 75 4040
3123 89 5422
3224 61 5577
3222 85 834
3324 92 651
3124 44 4050
3225 99 1208
3223 63 4559
3325 52 1560
3125 41 3984
3226 49 402
3224 57 2394
3326 48 1689
3126 72 352
3227 100 892
3225 19 4815
3327 19 1877
3127 19 660
3228 59 890
3226 93 1401
3328 66 766
3128 68 4190
3229 68 4419
3227 34 2029
3329 91 851
3129 31 4248
3230 75 1288
3228 16 961
3330 100 2297
3130 97 3
3231 52 280
3229 10 3027
3331 95 4868
3131 67 816
3232 95 171
3230 97 4839
3332 58 1824
3132 10 955
3233 17 1311
3231 47 2331
3333 22 779
3133 67 2259
3234 33 3678
3232 93 1765
3334 77 5683
3134 78 3152
3235 24 1088
3233 51 2668
3335 42 3007
3135 40 229
3236 54 2961
3234 30 1972
3336 10 1821
3136 73 2395
3237 70 2449
3235 16 5215
3337 30 2474
3137 83 1895
3238 73 2743
3236 56 1925
3338 16 920
3138 81 4338
3239 88 3381
3237 33 3753
3339 39 1707
3139 25 2142
3240 70 786
3238 96 393
3340 61 1114
3140 100 3845
3241 72 4626
3239 77 1493
3341 39 2725
3141 85 5637
3242 84 5026
3240 82 4170
3342 62 196
3142 11 3960
3243 96 3109
3241 73 1879
3343 95 874
3143 70 2165
3244 71 710
3242 48 5879
3344 55 380
3144 92 1729
3245 18 528
3243 48 1795
3345 76 5728
3145 40 1408
3246 74 2191
3244 15 5909
3346 88 3105
3146 75 4382
3247 66 5472
3245 81 2366
3347 38 2286
3147 98 3788
3248 57 139
3246 90 4686
3348 61 3746
3148 60 273
3249 53 1577
3247 82 4773
3349 33 2183
3149 96 1564
3250 59 555
3248 38 1788
3350 32 1388
3150 56 2370
3251 13 3060
3249 66 442
3351 97 2804
3151 26 3484
3252 80 2472
3250 54 3325
3352 72 5403
3152 81 2938
3253 32 3942
3251 53 3902
3353 46 2102
3153 95 4644
3254 32 635
3252 27 3387
3354 76 1423
3154 60 3762
3255 80 3723
3253 74 2812
3355 41 546
3155 63 4620
3256 39 4829
3254 86 5840
3356 23 5870
3156 78 3113
3257 59 4553
3255 51 1532
3357 49 4474
3157 73 4293
3258 38 4778
3256 18 5496
3358 53 5735
3158 85 2854
3259 46 1156
3257 52 5781
3359 11 1145
3159 17 5161
3260 94 1717
3258 26 561
3360 72 4629
3160 38 4715
3261 62 2303
3259 10 4274
3361 50 86
3161 66 2188
3262 74 1378
3260 65 1118
3362 47 2933
3162 50 5760
3263 80 4619
3261 54 5825
3363 16 4994
3163 43 1908
3264 89 2141
3262 58 4287
3364 83 5333
3164 83 2343
3265 72 4747
3263 95 3831
3365 17 3045
3165 65 5211
3266 88 2201
3264 95 4635
3366 30 3813
3166 28 636
3267 49 4393
3265 96 4389
3367 60 939
3167 14 2447
3268 72 4168
3266 48 1809
3368 90 1850
3168 17 5200
3269 53 4087
3267 51 4340
3369 67 3535
3169 41 4959
3270 54 3671
3268 54 2293
3370 83 5909
3170 34 460
3271 23 5852
3269 76 1972
3371 22 2617
3171 50 4676
3272 16 4339
3270 45 4824
3372 47 2173
3172 94 1179
3273 71 4098
3271 94 2014
3373 70 2938
3173 54 2078
3274 24 0
3272 89 3550
3374 43 3848
3174 32 718
3275 81 904
3273 39 1236
3375 40 4589
3175 49 3637
3276 59 605
3274 26 1030
3376 50 1253
3176 61 2307
3277 44 2147
3275 34 975
3377 75 489
3177 45 5045
3278 24 2115
3276 54 3519
3378 80 4832
3178 36 2661
3279 76 142
3277 49 4501
3379 74 2235
3179 68 5360
3280 15 4461
3278 35 2496
3380 12 1797
3180 96 4778
3281 13 421
3279 99 3751
3381 82 4063
3181 48 251
3282 43 1090
3280 38 550
3382 57 4422
3182 70 3903
3283 81 539
3281 91 4235
3383 58 2286
3183 35 3594
3284 95 5262
3282 35 1525
3384 56 2753
3184 63 1529
3285 99 3131
3283 44 2764
3385 93 2071
3185 54 2793
3286 22 751
3284 31 2718
3386 66 2062
3186 19 1599
3287 49 1657
3285 40 5540
3387 86 3566
3187 50 956
3288 52 825
3286 23 4071
3388 20 2944
3188 57 3395
3289 80 5864
3287 41 5146
3389 52 4563
3189 82 893
3290 83 3410
3288 78 480
3390 26 388
3190 25 5450
3291 61 1352
3289 99 3649
3391 48 4382
3191 17 816
3292 41 5159
3290 65 3902
3392 98 278
3192 89 5657
3293 42 2723
3291 38 26
3393 72 5294
3193 89 2225
3294 36 1178
3292 78 4064
3394 62 2896
3194 11 4399
3295 46 3567
3293 94 309
3395 97 250
3195 84 2554
3296 97 2103
3294 40 4065
3396 54 231
3196 76 2526
3297 97 1074
3295 20 1282
3397 76 329
3197 54 3905
3298 32 3377
3296 30 1464
3398 22 908
3198 79 2859
3299 38 4858
3297 24 4732
3399 17 1858
3199 54 619
3300 40 3470
3298 20 5030
3400 89 3535
3200 71 869
3299 86 1201
3401 86 2938
3201 62 1806
3302 95 1471
3402 65 4603
3202 72 2662
3303 22 2216
3301 43 5327
3403 12 5564
3203 27 181
3304 17 2684
3302 88 1217
3404 67 1616
3204 64 3211
3305 53 5857
3303 86 246
3405 49 3816
3205 30 530
3306 46 896
3304 88 3983
3406 19 834
3206 75 5584
3307 35 1439
3305 31 3641
3407 58 559
3207 23 2671
3308 24 4601
3306 88 2723
3408 17 487
3208 60 2833
3309 41 1067
3307 22 4089
3409 93 574
3209 30 1469
3310 71 4591
3308 65 1313
3410 14 5062
3210 79 4965
3311 69 357
3309 93 1702
3411 72 4372
3211 60 4347
3312 91 668
3310 46 2721
3412 89 1950
3212 82 4329
3313 16 322
3311 69 5004
3413 72 504
3213 33 5543
3314 38 1188
3312 86 3848
3414 45 2430
3214 16 2438
3315 21 231
3313 38 2051
3415 25 3287
3215 59 3019
3316 52 4134
3314 51 5642
3416 98 490
3216 75 1863
3317 66 16
3315 35 4393
3417 99 4766
3217 39 4320
3318 11 3901
3316 63 3243
3418 40 4439
3218 26 1578
3319 54 5623
3317 47 5170
3419 27 2746
3219 42 1916
3320 87 3423
3318 49 3277
3420 18 3928
3220 38 192
3321 29 3340
3319 55 5366
3421 60 5764
3221 36 2068
3322 49 1552
3320 86 1386
3422 67 548
3222 94 751
3323 81 5674
3321 58 1620
3423 40 1310
3223 18 979
3324 24 2609
3322 22 4028
3424 10 4248
3224 67 3546
3325 69 804
3323 38 1482
3425 92 4985
3225 81 3848
3326 37 4915
3324 72 1797
3426 62 3662
3226 62 1664
3327 78 101
3325 86 5428
3427 43 5619
3227 51 4334
3328 21 1468
3326 93 1625
3428 71 5380
3228 39 4815
3329 68 2991
3327 74 1215
3429 55 1320
3229 69 308
3330 72 5657
3328 36 5886
3430 41 279
3230 27 2915
3331 19 3827
3329 58 3506
3431 74 4606
3231 93 3009
3332 33 4890
3330 31 2893
3432 26 1756
3232 85 279
3333 63 2233
3331 40 2152
3433 46 434
3233 10 4540
3334 95 360
3332 33 125
3434 71 5335
3234 36 4354
3335 25 693
3333 37 383
3435 28 5086
3235 87 5873
3336 54 1709
3334 32 3836
3436 22 4986
3236 20 5550
3337 35 1601
3335 34 811
3437 28 2503
3237 41 488
3338 87 5826
3336 85 3606
3438 10 1874
3238 38 778
3339 18 3414
3337 70 1663
3439 80 361
3239 53 4389
3340 67 5755
3338 34 4574
3440 67 801
3240 31 522
3341 99 3716
3339 32 5239
3441 39 4680
3241 41 349
3342 63 4951
3340 48 2975
3442 72 4291
3242 96 4236
3343 63 2761
3341 93 1554
3443 40 4448
3243 16 2476
3344 12 4837
3342 91 5568
3444 80 3615
3244 57 2139
3345 36 1894
3343 29 3144
3445 62 1252
3245 84 3250
3346 12 3873
3344 42 5797
3446 84 2020
3246 70 2250
3347 65 5797
3345 56 3301
3447 59 2947
3247 94 2706
3348 11 4157
3346 64 1644
3448 85 4004
3248 80 1338
3349 54 2480
3347 51 1534
3449 27 3679
3249 61 1013
3350 62 4400
3348 72 3707
3450 12 740
3250 68 2008
3351 44 2384
3349 55 698
3451 43 1283
3251 28 3262
3352 38 2044
3350 16 828
3452 71 5025
3252 11 470
3353 41 641
3351 31 1596
3453 20 4848
3253 49 3559
3354 85 5776
3352 90 3878
3454 38 442
3254 11 5471
3355 35 4709
3353 64 1711
3455 12 5910
3255 44 787
3356 82 4560
3354 63 3207
3456 82 3363
3256 35 3947
3357 84 4287
3355 39 697
3457 27 2829
3257 81 5135
3358 10 1670
3356 52 5710
3458 58 2151
3258 12 1641
3359 25 745
3357 24 5118
3459 74 2601
3259 19 3136
3360 28 199
3358 19 4472
3460 27 809
3260 64 3267
3361 61 611
3359 12 4274
3461 71 369
3261 84 102
3362 21 1823
3360 29 1254
3462 70 3770
3262 30 1171
3363 50 2861
3361 91 3133
3463 73 4483
3263 87 724
3364 41 652
3362 33 1590
3464 52 3907
3264 91 2582
3365 93 929
3363 38 1747
3465 47 82
3265 29 1498
3366 58 5039
3364 86 5684
3466 62 1720
3266 87 1833
3367 12 120
3365 23 546
3467 80 3986
3267 84 3519
3368 44 5242
3366 60 3215
3468 45 5779
3268 78 5093
3369 25 1427
3367 72 5608
3469 24 2076
3269 57 1376
3370 98 3516
3368 80 2460
3470 31 5866
3270 92 2366
3371 25 2631
3369 95 5725
3471 70 5750
3271 29 1465
3372 26 195
3370 96 5899
3472 58 5542
3272 85 2903
3373 58 5357
3371 50 3648
3473 16 146
3273 34 4326
3374 100 2312
3372 41 5029
3474 76 2069
3274 39 2794
3375 27 680
3373 37 5141
3475 86 648
3275 77 4068
3376 36 5414
3374 71 634
3476 35 1083
3276 53 5142
3377 57 3569
3375 24 5282
3477 47 5885
3277 100 1555
3378 37 2957
3376 71 1325
3478 41 1767
3278 85 443
3379 74 872
3377 10 1075
3479 54 4415
3279 25 5889
3380 100 5823
3378 85 3957
3480 30 5100
3280 75 78
3381 93 1951
3379 63 3421
3481 70 3286
3281 36 4381
3382 18 5650
3380 16 899
3482 81 2364
3282 90 5892
3383 90 3041
3381 90 4014
3483 39 2629
3283 52 2250
3384 71 5427
3382 48 4816
3484 26 5502
3284 78 145
3385 68 3430
3383 31 2559
3485 27 1194
3285 33 4911
3386 40 1891
3384 99 2231
3486 38 2812
3286 67 2925
3387 16 4018
3385 75 3390
3487 87 4060
3287 27 1067
3388 51 1350
3386 70 3090
3488 35 526
3288 21 5120
3389 88 51
3387 14 1993
3489 92 1169
3289 51 5269
3390 24 1562
3388 14 335
3490 42 1111
3290 46 5665
3391 71 1571
3389 73 3481
3491 36 706
3291 15 1122
3392 76 3059
3390 57 4829
3492 72 4777
3292 29 3605
3393 80 1295
3391 56 3003
3493 70 4807
3293 75 3993
3394 83 4175
3392 45 4164
3494 32 373
3294 84 3400
3395 94 4832
3393 96 1153
3495 31 1034
3295 57 2441
3396 87 5723
3394 25 2819
3496 10 1098
3296 59 410
3397 91 3367
3395 12 1021
3497 81 2513
3297 19 5379
3398 94 5388
3396 14 2212
3498 49 5418
3298 20 4359
3399 30 5413
3397 32 5057
3499 40 1233
3299 65 919
3400 88 1405
3398 46 1021
3500 27 4347
3300 61 2158
3399 72 2125
3501 29 5821
3301 58 2830
3402 40 821
3502 14 3063
3302 31 2310
3403 53 1025
3401 35 5299
3503 66 930
3303 15 1727
3404 81 4133
3402 29 3672
3504 81 4863
3304 66 2503
3405 26 2368
3403 33 2399
3505 85 4864
3305 22 3174
3406 26 3615
3404 51 1791
3506 52 775
3306 40 733
3407 13 1000
3405 89 2545
3507 27 2725
3307 68 3340
3408 11 2316
3406 18 1758
3508 14 1412
3308 15 5048
3409 18 5420
3407 28 4509
3509 33 4601
3309 14 4129
3410 71 2898
3408 10 706
3510 82 5471
3310 53 1313
3411 53 1990
3409 14 28
3511 12 680
3311 86 5240
3412 90 1357
3410 71 3997
3512 31 2800
3312 99 3094
3413 36 972
3411 80 2799
3513 72 3258
3313 28 1445
3414 21 5311
3412 81 1881
3514 54 1714
3314 84 2334
3415 98 1138
3413 49 973
3515 38 478
3315 77 2434
3416 46 94
3414 19 4541
3516 79 5754
3316 34 5603
3417 28 1356
3415 20 5606
3517 42 2192
3317 53 2577
3418 40 738
3416 20 428
3518 19 4972
3318 17 4614
3419 100 2058
3417 73 5622
3519 52 764
3319 46 2878
3420 59 4348
3418 97 200
3520 86 4793
3320 12 1256
3421 32 1442
3419 45 3081
3521 51 3615
3321 58 3454
3422 29 4390
3420 34 2645
3522 92 5153
3322 66 1881
3423 80 883
3421 56 950
3523 75 4747
3323 71 2051
3424 11 91
3422 94 3290
3524 41 3216
3324 32 333
3425 28 1132
3423 19 2752
3525 67 3711
3325 71 2581
3426 53 5497
3424 20 2899
3526 97 5356
3326 84 2970
3427 30 490
3425 78 1833
3527 24 1702
3327 11 5764
3428 70 5685
3426 81 1085
3528 93 2342
3328 12 2220
3429 94 2464
3427 24 1648
3529 79 4767
3329 57 1742
3430 55 5393
3428 55 3441
3530 64 1673
3330 52 4870
3431 56 4931
3429 13 2561
3531 59 945
3331 100 807
3432 20 4922
3430 82 869
3532 60 528
3332 36 3859
3433 70 4113
3431 59 2537
3533 46 3527
3333 28 1905
3434 72 3800
3432 99 5899
3534 79 3650
3334 51 4936
3435 72 3267
3433 17 3295
3535 33 2445
3335 69 4705
3436 69 3219
3434 62 705
3536 96 241
3336 31 1248
3437 57 1750
3435 99 975
3537 34 3179
3337 53 2053
3438 25 2403
3436 42 2836
3538 18 856
3338 90 4261
3439 12 5601
3437 44 3109
3539 56 4446
3339 42 3474
3440 17 1042
3438 75 4084
3540 62 2106
3340 69 1925
3441 38 453
3439 43 2421
3541 99 4955
3341 28 281
3442 13 2038
3440 31 3102
3542 26 4428
3342 64 1144
3443 64 2702
3441 34 801
3543 19 2408
3343 97 4687
3444 35 1970
3442 53 5223
3544 36 4323
3344 78 3789
3445 71 1706
3443 32 1363
3545 72 4420
3345 12 2138
3446 56 3690
3444 40 5363
3546 77 579
3346 91 3688
3447 59 5123
3445 27 3479
3547 42 78
3347 14 5473
3448 47 5715
3446 35 4422
3548 38 5855
3348 91 3206
3449 17 4842
3447 38 5030
3549 100 4849
3349 47 2280
3450 15 480
3448 87 4453
3550 46 2324
3350 58 5670
3451 77 4539
3449 94 3072
3551 13 1015
3351 54 5685
3452 37 5729
3450 38 4717
3552 90 3910
3352 28 2255
3453 64 246
3451 14 4369
3553 29 5195
3353 19 236
3454 52 86
3452 21 2594
3554 61 695
3354 40 1590
3455 94 5457
3453 41 1193
3555 11 4076
3355 83 434
3456 54 3079
3454 96 104
3556 87 2742
3356 89 5531
3457 12 604
3455 86 3816
3557 16 3859
3357 93 2698
3458 24 3785
3456 55 667
3558 36 2888
3358 77 1899
3459 82 3667
3457 93 2795
3559 23 3549
3359 22 3518
3460 45 874
3458 15 2975
3560 95 5441
3360 24 5588
3461 75 3853
3459 77 1018
3561 54 1083
3361 83 4010
3462 32 3117
3460 35 3878
3562 77 885
3362 89 4767
3463 90 5552
3461 73 1126
3563 76 4365
3363 80 5760
3464 27 5028
3462 35 3250
3564 16 4813
3364 59 2717
3465 39 3372
3463 38 2246
3565 74 1522
3365 19 2478
3466 10 1020
3464 47 3744
3566 52 1597
3366 18 1292
3467 28 724
3465 51 3226
3567 22 1123
3367 30 5237
3468 20 2669
3466 64 5492
3568 42 265
3368 85 5781
3469 67 1184
3467 69 5358
3569 79 5132
3369 93 337
3470 26 1459
3468 68 2771
3570 27 2628
3370 86 4453
3471 44 4708
3469 82 3540
3571 31 5899
3371 22 4054
3472 46 2784
3470 79 124
3572 70 2785
3372 99 1291
3473 29 5749
3471 13 5466
3573 16 5341
3373 69 747
3474 20 2888
3472 54 1605
3574 19 5774
3374 43 4817
3475 80 3140
3473 67 5762
3575 10 1545
3375 36 3323
3476 65 3532
3474 46 500
3576 36 1097
3376 17 5065
3477 47 232
3475 15 3794
3577 60 385
3377 43 2873
3478 42 1997
3476 71 3854
3578 82 1839
3378 20 4181
3479 85 1879
3477 39 5215
3579 27 1806
3379 77 3237
3480 68 2380
3478 86 1267
3580 48 1775
3380 53 1400
3481 33 2983
3479 72 5573
3581 46 3685
3381 74 4767
3482 88 664
3480 50 5819
3582 54 5333
3382 97 1697
3483 62 90
3481 70 2366
3583 81 2607
3383 42 1080
3484 87 439
3482 53 2942
3584 16 804
3384 53 1162
3485 40 2569
3483 39 5652
3585 98 3984
3385 55 2702
3486 83 5289
3484 30 2831
3586 38 5766
3386 62 2989
3487 21 5097
3485 57 2631
3587 16 3977
3387 37 4923
3488 59 371
3486 88 3915
3588 62 5332
3388 14 5206
3489 15 4977
3487 12 4205
3589 97 5512
3389 68 5777
3490 37 1772
3488 25 2192
3590 94 2632
3390 69 2417
3491 63 2502
3489 45 730
3591 41 4499
3391 37 568
3492 40 3277
3490 52 4194
3592 62 3446
3392 34 2469
3493 12 3492
3491 93 4168
3593 35 2589
3393 54 4771
3494 71 2199
3492 95 350
3594 77 5296
3394 26 549
3495 97 1731
3493 73 5651
3595 38 3804
3395 20 3987
3496 95 1798
3494 64 2382
3596 19 2500
3396 46 5111
3497 92 4938
3495 56 5244
3597 23 2282
3397 36 3255
3498 63 5825
3496 97 2697
3598 39 5384
3398 93 1836
3499 60 926
3497 39 5006
3599 30 5919
3399 85 3803
3500 36 4904
3498 49 1166
3600 13 1709
3400 56 1710
3499 19 3587
3601 99 5217
3401 16 1175
3502 15 2561
3602 55 5637
3402 57 5568
3503 69 3116
3501 14 1883
3603 56 1995
3403 85 3290
3504 54 5934
3502 41 4827
3604 69 5333
3404 50 1241
3505 22 2831
3503 61 3847
3605 77 1885
3405 36 5027
3506 48 4249
3504 24 2392
3606 24 891
3406 82 2311
3507 87 70
3505 34 1132
3607 87 237
3407 75 5367
3508 33 4408
3506 72 4367
3608 61 691
3408 71 4061
3509 38 3236
3507 29 779
3609 43 2474
3409 48 2483
3510 90 554
3508 84 4492
3610 90 5723
3410 63 723
3511 26 4214
3509 45 5356
3611 63 2857
3411 100 3486
3512 78 4859
3510 62 1765
3612 54 3690
3412 76 995
3513 24 5924
3511 95 4326
3613 100 4182
3413 84 1221
3514 72 3980
3512 32 3805
3614 34 3332
3414 77 4338
3515 37 2130
3513 46 453
3615 88 2050
3415 51 4036
3516 38 486
3514 40 1397
3616 68 2976
3416 80 2561
3517 55 3383
3515 28 616
3617 43 5388
3417 76 5317
3518 46 2233
3516 98 304
3618 59 4129
3418 72 5447
3519 73 335
3517 49 2165
3619 45 4499
3419 31 4157
3520 49 164
3518 57 5503
3620 54 681
3420 15 1657
3521 31 986
3519 83 1742
3621 57 3615
3421 61 4663
3522 95 5643
3520 12 4068
3622 61 493
3422 69 1597
3523 69 3786
3521 40 3746
3623 69 4624
3423 44 300
3524 42 646
3522 82 5364
3624 38 1764
3424 42 4535
3525 71 2626
3523 74 3091
3625 23 5081
3425 64 1884
3526 11 4176
3524 25 4081
3626 26 5925
3426 78 1402
3527 17 3299
3525 27 849
3627 29 20
3427 32 4332
3528 38 1918
3526 87 62
3628 91 5899
3428 42 3768
3529 64 1804
3527 30 36
3629 30 3159
3429 31 3398
3530 82 5847
3528 14 4562
3630 37 5472
3430 38 5578
3531 21 274
3529 40 149
3631 35 1614
3431 73 5492
3532 77 4430
3530 84 3707
3632 82 1214
3432 81 2434
3533 26 418
3531 39 1806
3633 98 3562
3433 63 3347
3534 60 3134
3532 85 1941
3634 24 277
3434 63 1293
3535 87 1532
3533 27 161
3635 83 2194
3435 66 5040
3536 26 2624
3534 31 680
3636 66 952
3436 94 3625
3537 14 5052
3535 77 1806
3637 100 3514
3437 96 1510
3538 23 587
3536 44 2645
3638 99 3861
3438 14 2187
3539 46 1155
3537 35 401
3639 99 5205
3439 65 578
3540 96 5045
3538 50 388
3640 71 5528
3440 100 772
3541 79 4962
3539 53 3413
3641 71 3427
3441 46 2199
3542 86 153
3540 19 4345
3642 66 1130
3442 20 2618
3543 24 4094
3541 85 2127
3643 46 4440
3443 53 4986
3544 30 215
3542 78 5602
3644 81 1651
3444 43 3471
3545 79 3877
3543 21 5650
3645 64 5530
3445 75 4571
3546 14 2676
3544 86 4492
3646 58 2967
3446 79 367
3547 11 3114
3545 96 3748
3647 80 203
3447 92 1024
3548 42 55
3546 15 3996
3648 64 525
3448 68 2998
3549 44 5388
3547 57 1274
3649 23 2781
3449 84 3338
3550 25 1208
3548 90 5481
3650 51 5320
3450 11 3743
3551 30 4465
3549 22 4130
3651 19 4242
3451 19 4331
3552 50 776
3550 58 2699
3652 35 1321
3452 92 4137
3553 69 690
3551 79 1863
3653 56 539
3453 27 1241
3554 84 4960
3552 33 3028
3654 11 336
3454 20 5585
3555 17 4858
3553 74 4245
3655 41 3129
3455 19 988
3556 45 445
3554 97 1841
3656 13 4834
3456 25 865
3557 22 4047
3555 30 4559
3657 44 1821
3457 13 1196
3558 61 2204
3556 96 3150
3658 21 3932
3458 94 2749
3559 65 1314
3557 66 1139
3659 93 1742
3459 15 4903
3560 73 4256
3558 43 3929
3660 44 1688
3460 40 4701
3561 85 3623
3559 29 5713
3661 80 3325
3461 90 680
3562 56 2772
3560 89 2246
3662 11 3667
3462 49 4919
3563 68 4719
3561 55 2240
3663 33 5895
3463 57 4621
3564 44 2038
3562 52 1666
3664 49 676
3464 30 2994
3565 24 4448
3563 56 3603
3665 72 2186
3465 99 3616
3566 77 2486
3564 90 2078
3666 12 485
3466 35 1508
3567 25 1649
3565 52 2259
3667 70 2090
3467 24 2797
3568 24 1186
3566 23 5077
3668 32 3147
3468 91 2208
3569 48 1599
3567 45 1904
3669 80 1572
3469 91 5091
3570 97 799
3568 73 2915
3670 24 2002
3470 69 1297
3571 68 332
3569 38 1522
3671 93 1704
3471 74 1211
3572 68 2495
3570 85 3044
3672 61 2041
3472 30 1698
3573 86 5144
3571 60 4525
3673 21 5686
3473 54 335
3574 34 4936
3572 37 4183
3674 41 2090
3474 47 1794
3575 20 1976
3573 27 5822
3675 42 3867
3475 12 2792
3576 72 3694
3574 95 4081
3676 85 2201
3476 69 3397
3577 27 4808
3575 63 1571
3677 42 5306
3477 51 1563
3578 22 4742
3576 81 2050
3678 91 871
3478 73 619
3579 35 605
3577 53 4802
3679 31 359
3479 97 2182
3580 27 1539
3578 80 4733
3680 53 4984
3480 65 2531
3581 23 3597
3579 15 2612
3681 95 196
3481 36 4621
3582 31 125
3580 42 1185
3682 28 35
3482 57 4455
3583 74 3241
3581 15 1250
3683 39 2616
3483 79 2362
3584 10 2494
3582 81 946
3684 43 3633
3484 28 3584
3585 64 911
3583 87 3470
3685 65 2293
3485 23 2514
3586 36 5822
3584 16 11
3686 10 3619
3486 32 3875
3587 72 1303
3585 96 4543
3687 66 5
3487 28 4337
3588 16 4462
3586 15 5168
3688 64 4780
3488 93 2225
3589 71 4668
3587 70 1641
3689 38 3124
3489 34 5894
3590 47 3133
3588 18 5351
3690 74 5812
3490 56 4438
3591 51 4926
3589 13 5923
3691 52 4086
3491 76 5100
3592 12 3437
3590 58 5862
3692 87 4219
3492 31 4107
3593 16 4981
3591 24 921
3693 57 2170
3493 31 527
3594 81 669
3592 32 1932
3694 58 270
3494 61 2810
3595 27 4428
3593 34 4477
3695 69 4987
3495 28 4952
3596 36 5817
3594 26 5457
3696 89 3783
3496 49 3176
3597 11 981
3595 53 3989
3697 97 4793
3497 23 2665
3598 28 2955
3596 35 2318
3698 63 4129
3498 10 3368
3599 63 4108
3597 70 1284
3699 90 2949
3499 70 3160
3600 26 747
3598 31 4183
3700 61 30
3500 98 2117
3599 29 3971
3701 66 1012
3501 46 2435
3602 37 1809
3702 86 4110
3502 98 2082
3603 75 3568
3601 54 4386
3703 44 5024
3503 98 4166
3604 32 2933
3602 80 4848
3704 56 5811
3504 94 4897
3605 97 1274
3603 69 1330
3705 50 5072
3505 52 1874
3606 100 759
3604 70 5734
3706 67 826
3506 12 796
3607 41 2310
3605 87 1825
3707 40 1220
3507 38 2344
3608 25 5052
3606 89 4662
3708 92 5394
3508 71 5753
3609 16 4018
3607 96 2976
3709 68 3949
3509 18 3612
3610 73 1169
3608 35 3259
3710 67 1084
3510 80 5378
3611 29 2864
3609 17 4236
3711 41 2970
3511 83 2815
3612 89 1828
3610 32 4647
3712 31 3735
3512 21 89
3613 79 2737
3611 76 3950
3713 59 3477
3513 51 3082
3614 74 763
3612 32 2377
3714 75 582
3514 79 2119
3615 53 4306
3613 36 1341
3715 42 4109
3515 38 3623
3616 30 3878
3614 28 2906
3716 56 2027
3516 73 4136
3617 87 718
3615 10 1868
3717 90 3368
3517 60 4892
3618 39 3631
3616 93 823
3718 47 1507
3518 61 5349
3619 66 2881
3617 83 4304
3719 47 247
3519 15 5341
3620 90 67
3618 54 2370
3720 60 3345
3520 56 3078
3621 52 1400
3619 55 2702
3721 64 5777
3521 59 831
3622 46 4448
3620 65 1184
3722 48 3717
3522 17 3784
3623 64 3946
3621 76 1778
3723 19 153
3523 21 3250
3624 32 1182
3622 81 26
3724 53 1752
3524 69 3011
3625 84 4979
3623 54 4174
3725 60 891
3525 76 1281
3626 99 3191
3624 66 1598
3726 33 1468
3526 23 3039
3627 40 4625
3625 96 2998
3727 73 692
3527 92 5446
3628 93 2919
3626 65 131
3728 96 2920
3528 12 3066
3629 12 526
3627 96 5090
3729 65 4328
3529 76 1790
3630 13 4184
3628 46 7
3730 18 966
3530 11 1690
3631 20 4943
3629 62 2625
3731 39 2862
3531 51 135
3632 31 5686
3630 79 4957
3732 49 3460
3532 35 4328
3633 33 1077
3631 59 2764
3733 52 355
3533 68 3721
3634 75 147
3632 97 4621
3734 73 2931
3534 95 5704
3635 62 4959
3633 30 3215
3735 16 1067
3535 85 4023
3636 64 619
3634 26 3474
3736 53 5299
3536 70 743
3637 55 3945
3635 29 4000
3737 81 5104
3537 37 280
3638 90 2755
3636 91 335
3738 22 5878
3538 12 3770
3639 23 5264
3637 83 2381
3739 66 3039
3539 19 3132
3640 24 2903
3638 22 3535
3740 93 5476
3540 50 2012
3641 40 2899
3639 41 5139
3741 24 4917
3541 77 2650
3642 12 5217
3640 78 1575
3742 58 2950
3542 44 128
3643 96 1830
3641 87 3658
3743 82 3277
3543 13 4446
3644 73 634
3642 35 5040
3744 48 1048
3544 65 5795
3645 82 1291
3643 86 1630
3745 92 3086
3545 67 4707
3646 53 3530
3644 94 5869
3746 37 4882
3546 25 3986
3647 34 2318
3645 84 3326
3747 43 629
3547 62 5652
3648 72 5482
3646 28 448
3748 35 2519
3548 31 2188
3649 84 4166
3647 69 2915
3749 49 2602
3549 65 1513
3650 27 112
3648 13 5106
3750 36 2239
3550 39 4874
3651 23 1541
3649 100 4154
3751 47 3312
3551 89 2296
3652 78 4541
3650 28 4412
3752 12 3472
3552 77 4779
3653 71 4332
3651 94 169
3753 67 2202
3553 86 3284
3654 26 2481
3652 43 2535
3754 53 157
3554 55 4723
3655 13 803
3653 40 5506
3755 33 3230
3555 41 3558
3656 36 2530
3654 15 4888
3756 93 1278
3556 98 992
3657 11 4
3655 90 4638
3757 29 978
3557 98 3755
3658 11 526
3656 99 4924
3758 58 4387
3558 16 5569
3659 40 2193
3657 34 1888
3759 14 1146
3559 30 1916
3660 62 3861
3658 34 3365
3760 72 4408
3560 59 249
3661 57 4446
3659 14 2668
3761 56 1516
3561 39 1656
3662 33 3910
3660 57 3562
3762 83 4145
3562 97 733
3663 55 1158
3661 54 1058
3763 70 4246
3563 36 4569
3664 45 2772
3662 98 4915
3764 67 1261
3564 64 4942
3665 97 1107
3663 59 2079
3765 20 2311
3565 51 4216
3666 50 4837
3664 56 1051
3766 45 4822
3566 82 4159
3667 65 954
3665 16 4067
3767 95 5809
3567 36 2927
3668 75 845
3666 24 1313
3768 41 2589
3568 81 5008
3669 30 2709
3667 62 201
3769 63 3659
3569 25 3790
3670 38 1588
3668 55 3164
3770 26 5651
3570 34 3715
3671 64 3151
3669 71 4908
3771 22 2937
3571 68 1001
3672 47 2624
3670 71 434
3772 46 594
3572 30 3915
3673 38 199
3671 90 2149
3773 58 5091
3573 58 2261
3674 15 1492
3672 67 3312
3774 58 603
3574 15 1167
3675 58 2938
3673 33 4375
3775 49 2148
3575 24 39
3676 10 304
3674 64 732
3776 82 2615
3576 87 1978
3677 42 4826
3675 81 2824
3777 22 3453
3577 29 3013
3678 81 896
3676 57 740
3778 58 4140
3578 80 2663
3679 83 1795
3677 91 3159
3779 95 4085
3579 35 4387
3680 61 5095
3678 13 4390
3780 88 4998
3580 84 5304
3681 16 1409
3679 64 2854
3781 39 25
3581 54 1936
3682 49 4216
3680 42 2646
3782 43 2843
3582 24 2846
3683 17 1336
3681 84 4981
3783 62 5423
3583 67 5083
3684 52 5403
3682 85 3004
3784 38 2485
3584 92 2522
3685 28 3684
3683 33 748
3785 77 1334
3585 74 3146
3686 11 1669
3684 62 3997
3786 99 3076
3586 95 2565
3687 95 3920
3685 43 3763
3787 27 4284
3587 78 1363
3688 33 3479
3686 44 5473
3788 26 4793
3588 27 375
3689 44 2173
3687 52 5846
3789 81 893
3589 100 456
3690 50 2742
3688 13 4121
3790 42 2122
3590 21 1605
3691 19 1227
3689 70 2594
3791 50 4097
3591 86 2196
3692 15 4873
3690 58 4940
3792 72 5344
3592 60 1531
3693 44 4866
3691 55 4669
3793 45 378
3593 76 1576
3694 20 917
3692 83 3800
3794 46 3625
3594 27 842
3695 32 1749
3693 95 1529
3795 23 664
3595 34 3326
3696 86 3856
3694 89 5241
3796 22 1277
3596 57 5006
3697 63 164
3695 100 746
3797 51 4712
3597 20 5754
3698 68 4311
3696 39 477
3798 50 3946
3598 81 2409
3699 67 1397
3697 29 1524
3799 72 3875
3599 45 2470
3700 21 2726
3698 52 144
3800 78 1722
3600 36 896
3699 97 1014
3801 23 3991
3601 57 4362
3702 40 4210
3802 63 2556
3602 49 5278
3703 65 1954
3701 27 4563
3803 40 599
3603 60 4380
3704 27 2236
3702 81 3341
3804 85 4305
3604 62 5181
3705 43 1375
3703 77 1400
3805 16 4861
3605 66 3693
3706 85 1156
3704 80 1500
3806 54 4662
3606 40 3907
3707 73 3855
3705 64 1739
3807 80 3595
3607 99 55
3708 34 368
3706 65 2225
3808 45 2274
3608 53 369
3709 37 775
3707 86 5266
3809 84 3521
3609 49 4850
3710 31 5153
3708 19 5676
3810 85 4475
3610 93 4783
3711 96 1781
3709 100 1298
3811 68 4186
3611 15 3272
3712 34 2123
3710 74 292
3812 59 5433
3612 24 5192
3713 90 3970
3711 27 811
3813 71 2703
3613 17 2766
3714 68 482
3712 48 3969
3814 17 2910
3614 88 5670
3715 65 3303
3713 65 2621
3815 73 2014
3615 23 124
3716 100 1293
3714 95 5913
3816 75 2601
3616 10 2385
3717 10 2576
3715 11 4141
3817 24 394
3617 18 3626
3718 15 82
3716 47 791
3818 36 3364
3618 42 3106
3719 57 854
3717 81 2185
3819 28 2213
3619 17 4111
3720 67 40
3718 69 3801
3820 73 988
3620 62 3736
3721 99 4229
3719 15 3106
3821 20 4825
3621 10 2500
3722 53 2760
3720 51 1910
3822 74 4691
3622 63 5510
3723 38 4196
3721 10 4832
3823 82 441
3623 39 310
3724 32 5033
3722 71 408
3824 59 3028
3624 98 5670
3725 73 1076
3723 41 233
3825 93 5679
3625 95 412
3726 51 4114
3724 71 277
3826 26 238
3626 89 4368
3727 67 4229
3725 52 2750
3827 93 880
3627 13 2212
3728 31 4812
3726 95 4174
3828 19 2664
3628 87 4285
3729 31 4220
3727 14 3967
3829 38 5321
3629 75 5705
3730 80 1594
3728 82 1311
3830 25 3002
3630 90 29
3731 35 4819
3729 31 2467
3831 85 2647
3631 33 2805
3732 60 3307
3730 14 2441
3832 11 1638
3632 19 67
3733 96 1205
3731 53 4406
3833 10 1817
3633 10 2804
3734 99 3462
3732 55 883
3834 87 253
3634 70 5610
3735 36 3243
3733 35 3238
3835 81 770
3635 78 283
3736 78 3798
3734 22 92
3836 48 2232
3636 47 1267
3737 45 1568
3735 10 1964
3837 22 782
3637 43 4647
3738 51 2438
3736 35 544
3838 24 666
3638 41 5829
3739 80 5716
3737 69 1163
3839 74 4895
3639 69 1813
3740 23 4008
3738 95 1182
3840 37 873
3640 61 4585
3741 45 5219
3739 29 5192
3841 43 4265
3641 80 5757
3742 21 1823
3740 50 5878
3842 57 1948
3642 46 5743
3743 54 2067
3741 94 4068
3843 69 1696
3643 51 3695
3744 10 4770
3742 39 1927
3844 66 4196
3644 61 5424
3745 35 1485
3743 33 5301
3845 25 2565
3645 70 2291
3746 79 2901
3744 100 2260
3846 91 5621
3646 90 1146
3747 24 4324
3745 37 5641
3847 16 626
3647 81 3407
3748 57 3868
3746 56 1438
3848 46 5486
3648 52 4663
3749 63 3975
3747 67 4115
3849 45 4374
3649 58 1382
3750 82 5670
3748 28 1830
3850 42 295
3650 33 1943
3751 17 3293
3749 17 5005
3851 36 3357
3651 95 4963
3752 85 4057
3750 84 1291
3852 26 436
3652 54 1901
3753 34 3448
3751 40 756
3853 57 1592
3653 62 3643
3754 77 1202
3752 48 3347
3854 46 3275
3654 100 5011
3755 29 2340
3753 78 3433
3855 77 4587
3655 48 173
3756 89 2457
3754 32 1029
3856 32 1133
3656 67 1077
3757 68 4092
3755 44 5116
3857 92 98
3657 99 962
3758 48 2234
3756 26 5489
3858 39 1677
3658 91 83
3759 98 5308
3757 82 2554
3859 58 4464
3659 31 1449
3760 89 652
3758 83 3381
3860 71 4808
3660 67 3142
3761 70 1681
3759 81 3668
3861 20 1299
3661 81 5503
3762 73 3010
3760 99 1166
3862 74 416
3662 64 5220
3763 89 2230
3761 11 3796
3863 32 2417
3663 19 1490
3764 70 3166
3762 50 2032
3864 36 2799
3664 66 4464
3765 81 1981
3763 81 3828
3865 92 755
3665 91 1499
3766 27 5627
3764 68 4652
3866 34 4052
3666 80 2248
3767 21 2580
3765 30 2416
3867 25 2457
3667 23 3959
3768 83 1140
3766 95 40
3868 88 732
3668 46 80
3769 15 5347
3767 64 4606
3869 31 2269
3669 54 2431
3770 65 2004
3768 35 5395
3870 57 1311
3670 69 4869
3771 67 5074
3769 31 2242
3871 98 1102
3671 52 1488
3772 23 2432
3770 75 3311
3872 60 229
3672 100 4393
3773 27 2389
3771 47 5046
3873 71 4215
3673 31 5243
3774 31 777
3772 42 5850
3874 72 4749
3674 98 3744
3775 57 4981
3773 100 1515
3875 53 2703
3675 19 1130
3776 71 2981
3774 44 527
3876 68 2586
3676 45 4050
3777 94 2617
3775 33 1179
3877 36 3799
3677 52 3994
3778 95 719
3776 14 4221
3878 64 3281
3678 33 1351
3779 45 1148
3777 67 928
3879 25 1103
3679 99 340
3780 48 1277
3778 79 1847
3880 67 62
3680 95 1542
3781 65 4484
3779 12 1891
3881 58 2550
3681 45 1512
3782 42 1765
3780 100 4037
3882 47 1254
3682 96 2651
3783 19 4451
3781 89 2095
3883 45 3131
3683 57 251
3784 27 5160
3782 70 2710
3884 50 804
3684 99 5409
3785 39 1939
3783 40 530
3885 66 4396
3685 37 1217
3786 47 4326
3784 73 1556
3886 64 1698
3686 91 5176
3787 88 1819
3785 96 4672
3887 72 5341
3687 36 262
3788 27 5094
3786 53 924
3888 76 5277
3688 89 495
3789 16 4162
3787 98 5416
3889 85 5425
3689 72 3715
3790 44 439
3788 47 5082
3890 73 5635
3690 92 3450
3791 93 3369
3789 91 1222
3891 78 507
3691 55 1487
3792 77 1133
3790 20 735
3892 10 3340
3692 93 4288
3793 21 3551
3791 32 1608
3893 33 599
3693 64 1484
3794 62 932
3792 10 3383
3894 83 575
3694 79 911
3795 81 3668
3793 56 3836
3895 15 5587
3695 74 2741
3796 23 4673
3794 22 2507
3896 85 3274
3696 18 677
3797 16 4895
3795 88 3637
3897 80 3213
3697 47 5693
3798 87 1608
3796 100 4271
3898 71 3290
3698 13 3086
3799 88 1704
3797 77 1233
3899 82 516
3699 85 4514
3800 88 579
3798 41 635
3900 65 2861
3700 81 5041
3799 88 4644
3901 73 965
3701 47 1399
3802 55 1680
3902 31 1652
3702 93 4833
3803 14 2911
3801 88 3819
3903 84 1770
3703 19 209
3804 67 759
3802 61 2634
3904 60 4096
3704 17 4125
3805 75 4970
3803 33 4063
3905 52 2697
3705 91 4637
3806 63 3023
3804 68 1760
3906 16 5768
3706 40 3643
3807 70 887
3805 53 3172
3907 75 4144
3707 81 5375
3808 12 802
3806 30 2027
3908 39 1378
3708 68 3349
3809 51 225
3807 91 351
3909 12 1246
3709 91 1779
3810 100 1921
3808 76 5655
3910 87 426
3710 86 4849
3811 37 114
3809 23 2452
3911 17 4781
3711 91 1382
3812 57 3201
3810 31 176
3912 37 2365
3712 36 3534
3813 76 4476
3811 24 5453
3913 26 150
3713 29 5099
3814 12 2823
3812 41 2856
3914 45 4755
3714 65 3735
3815 30 4437
3813 82 4934
3915 40 720
3715 87 5620
3816 47 4091
3814 58 3928
3916 89 5437
3716 38 1472
3817 84 1459
3815 65 2426
3917 42 1374
3717 26 5251
3818 74 403
3816 73 4118
3918 64 149
3718 82 3897
3819 51 2870
3817 64 5020
3919 22 4534
3719 91 3084
3820 77 1797
3818 59 1839
3920 72 826
3720 80 1621
3821 82 4320
3819 88 3049
3921 48 4746
3721 84 848
3822 45 726
3820 26 2774
3922 60 3982
3722 34 278
3823 21 255
3821 77 3847
3923 73 4898
3723 21 4046
3824 100 2062
3822 18 1028
3924 24 604
3724 26 1327
3825 83 2571
3823 64 208
3925 48 1702
3725 48 306
3826 14 613
3824 23 400
3926 87 5871
3726 22 5670
3827 27 4335
3825 67 5003
3927 46 2817
3727 75 4456
3828 90 5673
3826 53 3299
3928 66 1147
3728 64 2755
3829 61 1680
3827 62 2799
3929 20 669
3729 14 238
3830 31 4464
3828 39 1738
3930 92 2746
3730 33 1466
3831 92 5702
3829 30 5885
3931 12 5925
3731 77 5447
3832 30 2051
3830 29 3417
3932 86 4590
3732 78 3907
3833 98 5166
3831 95 2778
3933 25 2973
3733 84 4456
3834 21 1217
3832 28 2663
3934 63 226
3734 88 3401
3835 19 5737
3833 75 189
3935 42 5348
3735 27 5041
3836 74 3052
3834 88 5928
3936 55 4066
3736 72 117
3837 11 1407
3835 35 5029
3937 71 5167
3737 55 1056
3838 65 5177
3836 90 3762
3938 31 1476
3738 89 4445
3839 92 3605
3837 74 4008
3939 28 4796
3739 92 4197
3840 81 2397
3838 80 5670
3940 95 4973
3740 60 1782
3841 25 940
3839 34 1285
3941 38 4039
3741 23 5871
3842 72 5251
3840 46 1227
3942 94 1421
3742 34 1020
3843 19 1519
3841 56 263
3943 97 706
3743 26 4512
3844 36 86
3842 56 4012
3944 90 3207
3744 99 2784
3845 35 31
3843 72 4274
3945 80 4915
3745 24 2119
3846 46 303
3844 23 1874
3946 42 2324
3746 66 2365
3847 55 3657
3845 73 2327
3947 22 1652
3747 84 172
3848 93 4562
3846 97 3358
3948 73 486
3748 67 4318
3849 44 1067
3847 15 5380
3949 45 2037
3749 95 1609
3850 50 301
3848 74 3520
3950 43 4273
3750 82 5484
3851 80 867
3849 57 794
3951 71 4295
3751 21 4668
3852 77 5775
3850 98 853
3952 58 2663
3752 49 1848
3853 81 3935
3851 59 2330
3953 79 1035
3753 27 5265
3854 14 191
3852 85 3104
3954 35 2438
3754 65 884
3855 44 3615
3853 31 5783
3955 64 4805
3755 44 681
3856 74 3692
3854 66 1914
3956 82 5659
3756 46 3985
3857 49 3496
3855 37 4020
3957 36 1851
3757 67 4955
3858 60 4910
3856 47 58
3958 22 4160
3758 15 4701
3859 59 5123
3857 81 5187
3959 52 3527
3759 76 4289
3860 78 4409
3858 36 4134
3960 36 5640
3760 52 3695
3861 83 4329
3859 92 188
3961 49 2704
3761 66 4034
3862 68 849
3860 16 4561
3962 63 3067
3762 76 337
3863 53 5511
3861 64 2603
3963 22 1248
3763 60 1948
3864 86 2697
3862 75 2852
3964 45 3080
3764 28 1311
3865 82 1902
3863 17 4476
3965 43 2789
3765 54 4248
3866 15 2408
3864 87 4290
3966 63 1764
3766 34 4449
3867 77 2
3865 75 3324
3967 40 3731
3767 74 3690
3868 40 1255
3866 76 3258
3968 13 1920
3768 93 2516
3869 58 5252
3867 40 5775
3969 16 2046
3769 15 3398
3870 48 5780
3868 24 5265
3970 93 4589
3770 89 625
3871 52 3162
3869 48 3595
3971 35 3800
3771 66 346
3872 18 2370
3870 41 4717
3972 78 4471
3772 28 3045
3873 10 1102
3871 22 737
3973 100 2620
3773 76 3286
3874 13 2303
3872 50 5865
3974 14 2176
3774 84 1036
3875 81 2228
3873 63 985
3975 11 4404
3775 100 1229
3876 35 3167
3874 68 3951
3976 76 2808
3776 49 217
3877 77 370
3875 34 4828
3977 72 155
3777 82 4277
3878 27 3994
3876 83 2634
3978 19 5280
3778 90 4766
3879 93 4912
3877 95 1205
3979 23 1446
3779 48 401
3880 79 1743
3878 20 5249
3980 28 4650
3780 27 3534
3881 47 5059
3879 96 3138
3981 52 1658
3781 79 4734
3882 81 639
3880 39 4149
3982 48 1176
3782 94 1561
3883 86 29
3881 34 5331
3983 90 1672
3783 74 4240
3884 57 2752
3882 64 3991
3984 62 3245
3784 18 4318
3885 22 5451
3883 87 3547
3985 48 4374
3785 67 5271
3886 21 4597
3884 18 212
3986 27 2708
3786 37 2311
3887 36 2017
3885 14 3147
3987 98 4126
3787 31 117
3888 96 1354
3886 97 5879
3988 11 3557
3788 27 3912
3889 96 4084
3887 53 1772
3989 14 838
3789 74 3247
3890 39 5141
3888 78 5809
3990 44 5379
3790 95 5683
3891 89 337
3889 33 5907
3991 88 1739
3791 77 1073
3892 32 2836
3890 48 5104
3992 82 4153
3792 57 5265
3893 87 169
3891 22 2738
3993 38 1859
3793 44 355
3894 86 4450
3892 32 2574
3994 57 1306
3794 58 4177
3895 28 601
3893 50 4944
3995 26 3185
3795 42 96
3896 22 4755
3894 66 1234
3996 58 2248
3796 89 1974
3897 50 2642
3895 48 530
3997 37 1603
3797 61 3
3898 82 1567
3896 89 2602
3998 91 975
3798 70 4627
3899 84 1948
3897 87 2979
3999 75 3174
3799 41 5321
3900 80 2759
3898 83 3612
4000 21 5506
3800 84 4554
3899 16 509
4001 97 2282
3801 50 970
3902 45 3714
4002 25 5899
3802 97 189
3903 56 5723
3901 35 1006
4003 53 5898
3803 53 5243
3904 33 941
3902 60 3204
4004 11 5635
3804 68 3101
3905 57 5053
3903 66 949
4005 43 4574
3805 52 2265
3906 64 186
3904 37 5845
4006 99 5262
3806 91 1034
3907 46 2500
3905 36 2258
4007 99 392
3807 44 4554
3908 88 4263
3906 35 1041
4008 69 838
3808 60 5739
3909 18 3785
3907 38 1583
4009 24 4844
3809 77 1136
3910 45 3686
3908 97 4075
4010 38 5058
3810 100 301
3911 25 2013
3909 29 504
4011 91 572
3811 88 3150
3912 95 2200
3910 61 1282
4012 13 2734
3812 10 3758
3913 78 1238
3911 98 1614
4013 29 1036
3813 92 409
3914 60 4997
3912 86 5651
4014 39 5257
3814 38 3169
3915 73 3752
3913 63 3040
4015 91 1435
3815 36 4206
3916 35 1940
3914 57 347
4016 68 470
3816 58 3342
3917 28 5616
3915 31 2869
4017 98 3030
3817 91 756
3918 35 4091
3916 80 2304
4018 54 1846
3818 39 5356
3919 59 4273
3917 35 115
4019 28 5433
3819 46 37
3920 88 2832
3918 16 1444
4020 65 5876
3820 81 2946
3921 86 4991
3919 95 3212
4021 65 4759
3821 72 4852
3922 82 1945
3920 54 3406
4022 75 1528
3822 21 4518
3923 81 2052
3921 38 50
4023 65 2781
3823 35 3284
3924 88 4334
3922 57 1889
4024 20 136
3824 98 3140
3925 74 3666
3923 11 3614
4025 44 351
3825 96 772
3926 94 31
3924 33 1873
4026 42 303
3826 30 290
3927 56 1546
3925 61 606
4027 45 5306
3827 35 543
3928 46 4798
3926 48 3944
4028 46 2461
3828 69 4806
3929 86 205
3927 18 1254
4029 31 5183
3829 49 3097
3930 35 5454
3928 76 197
4030 75 5714
3830 39 3564
3931 79 5823
3929 93 3959
4031 89 2868
3831 67 1335
3932 47 3629
3930 38 3260
4032 56 4653
3832 42 1641
3933 69 3397
3931 49 3634
4033 94 832
3833 46 1915
3934 39 618
3932 40 5698
4034 87 2048
3834 50 3192
3935 74 420
3933 38 4392
4035 25 3160
3835 29 716
3936 20 2020
3934 11 5170
4036 70 4577
3836 67 4418
3937 24 1172
3935 11 368
4037 89 4118
3837 51 5636
3938 89 241
3936 41 784
4038 83 828
3838 98 2328
3939 39 89
3937 96 2825
4039 100 888
3839 12 5406
3940 57 5278
3938 89 878
4040 14 5857
3840 33 4726
3941 24 416
3939 40 1505
4041 18 4157
3841 82 1515
3942 14 4872
3940 34 5190
4042 66 2366
3842 64 141
3943 37 3554
3941 32 1158
4043 77 4508
3843 31 336
3944 60 5093
3942 86 2319
4044 46 4365
3844 29 4028
3945 17 3806
3943 61 4902
4045 29 3404
3845 51 1362
3946 91 1304
3944 83 988
4046 60 1507
3846 57 1156
3947 33 1376
3945 31 3046
4047 25 4394
3847 73 5145
3948 98 3971
3946 55 5152
4048 71 2736
3848 90 314
3949 17 5032
3947 94 2301
4049 26 2683
3849 78 267
3950 75 2960
3948 94 4892
4050 47 1904
3850 18 2816
3951 71 3727
3949 75 5466
4051 100 1586
3851 56 4655
3952 68 4088
3950 29 1582
4052 79 5381
3852 27 5703
3953 22 5004
3951 89 5697
4053 63 767
3853 97 600
3954 93 4209
3952 34 5103
4054 40 5322
3854 68 3410
3955 92 3153
3953 53 5265
4055 53 5414
3855 67 4360
3956 79 888
3954 52 3378
4056 97 1483
3856 20 1658
3957 71 3938
3955 81 28
4057 53 3838
3857 12 3568
3958 70 4054
3956 50 5441
4058 20 3954
3858 99 5453
3959 99 2488
3957 49 1050
4059 19 5536
3859 41 3869
3960 75 972
3958 64 1540
4060 49 5556
3860 53 4289
3961 35 2010
3959 87 3801
4061 15 1451
3861 39 202
3962 51 2836
3960 76 5928
4062 78 3046
3862 65 1356
3963 96 1536
3961 26 902
4063 24 1848
3863 48 2122
3964 97 3799
3962 11 428
4064 57 4608
3864 54 185
3965 21 1170
3963 78 3384
4065 37 3993
3865 56 2478
3966 23 2457
3964 29 3384
4066 28 3871
3866 43 1408
3967 91 1743
3965 24 863
4067 68 1647
3867 84 3411
3968 95 1159
3966 89 3314
4068 14 5769
3868 72 519
3969 26 4138
3967 51 3648
4069 97 243
3869 31 522
3970 27 2603
3968 54 2181
4070 45 154
3870 54 2213
3971 37 2609
3969 97 3295
4071 99 3826
3871 24 2066
3972 44 1798
3970 66 4592
4072 57 4738
3872 85 3657
3973 19 4024
3971 31 5603
4073 75 1065
3873 15 5347
3974 33 105
3972 60 4110
4074 68 4971
3874 23 1388
3975 65 5852
3973 62 4948
4075 73 665
3875 66 1191
3976 80 4132
3974 24 5549
4076 82 5003
3876 33 3341
3977 15 2697
3975 44 4556
4077 26 3272
3877 50 170
3978 75 5872
3976 13 374
4078 35 5706
3878 82 5650
3979 95 532
3977 32 2956
4079 38 4748
3879 24 253
3980 67 5025
3978 15 3347
4080 27 5378
3880 70 950
3981 83 94
3979 35 1169
4081 100 5812
3881 88 3678
3982 91 5717
3980 89 2325
4082 93 4106
3882 77 2664
3983 37 2208
3981 85 712
4083 92 2602
3883 55 5929
3984 46 5114
3982 72 3255
4084 13 4080
3884 66 2450
3985 59 3472
3983 54 5006
4085 90 3118
3885 69 5802
3986 37 3090
3984 51 1324
4086 39 1735
3886 31 1546
3987 62 5885
3985 58 5684
4087 64 4494
3887 62 3885
3988 93 631
3986 48 482
4088 92 462
3888 22 998
3989 75 2058
3987 85 3020
4089 45 4008
3889 69 1072
3990 25 244
3988 20 3208
4090 13 2430
3890 70 5638
3991 63 5078
3989 35 2781
4091 16 3250
3891 78 4065
3992 24 4901
3990 91 5510
4092 43 5619
3892 53 3635
3993 68 5178
3991 48 532
4093 88 2381
3893 70 1536
3994 43 2603
3992 40 3738
4094 85 2850
3894 80 2214
3995 88 5759
3993 11 1864
4095 59 3497
3895 84 4395
3996 43 4800
3994 45 5176
4096 49 1382
3896 27 3880
3997 58 668
3995 52 4847
4097 58 3816
3897 98 636
3998 43 3839
3996 61 4828
4098 67 5188
3898 49 3514
3999 53 2355
3997 42 1576
4099 67 3713
3899 49 5253
4000 17 2289
3998 15 5514
4100 45 4151
3900 58 5262
3999 28 4697
4101 61 1192
3901 86 3363
4002 98 673
4102 29 5312
3902 28 891
4003 51 945
4001 22 440
4103 13 5016
3903 30 5811
4004 78 5246
4002 56 3815
4104 93 2184
3904 42 3993
4005 19 2342
4003 11 4748
4105 60 3655
3905 22 3246
4006 87 4583
4004 38 4462
4106 23 1328
3906 99 1631
4007 66 3199
4005 59 1416
4107 29 2958
3907 39 4013
4008 14 3411
4006 73 4744
4108 44 2640
3908 47 1342
4009 78 5167
4007 86 1131
4109 56 356
3909 26 627
4010 54 2903
4008 58 190
4110 52 9
3910 47 5136
4011 94 5235
4009 36 252
4111 18 4719
3911 76 4164
4012 54 929
4010 34 2941
4112 51 4968
3912 77 1543
4013 53 777
4011 32 609
4113 95 2081
3913 59 3947
4014 69 5346
4012 38 4943
4114 93 5303
3914 91 4092
4015 92 5191
4013 75 5766
4115 40 1850
3915 44 1080
4016 53 5059
4014 38 4916
4116 44 762
3916 70 59
4017 14 4866
4015 43 5890
4117 60 2107
3917 18 1874
4018 45 2687
4016 94 3090
4118 60 1789
3918 69 1363
4019 50 2830
4017 55 3813
4119 99 3900
3919 20 1483
4020 14 1182
4018 19 2867
4120 66 503
3920 17 5362
4021 60 2982
4019 85 3882
4121 64 2373
3921 30 4505
4022 49 1145
4020 57 4657
4122 27 5237
3922 59 4167
4023 12 1976
4021 40 3375
4123 12 2879
3923 13 247
4024 85 1792
4022 57 1451
4124 15 3875
3924 31 30
4025 97 3805
4023 83 5417
4125 98 5803
3925 66 5189
4026 18 390
4024 81 4849
4126 94 3153
3926 96 3278
4027 86 5890
4025 22 5876
4127 39 1905
3927 79 5149
4028 73 4627
4026 68 1777
4128 43 4257
3928 54 3351
4029 82 3429
4027 48 834
4129 14 1737
3929 82 5916
4030 82 3154
4028 71 2700
4130 15 5378
3930 94 4924
4031 74 5690
4029 30 1950
4131 36 2649
3931 51 1078
4032 79 507
4030 26 4253
4132 93 4722
3932 83 5055
4033 80 2117
4031 27 1841
4133 15 3015
3933 88 4286
4034 85 5211
4032 89 2161
4134 96 1845
3934 72 5055
4035 39 87
4033 78 1769
4135 81 282
3935 92 5461
4036 22 3589
4034 69 5117
4136 62 2297
3936 81 4465
4037 47 4463
4035 72 2908
4137 30 1026
3937 35 5064
4038 74 2036
4036 13 3163
4138 64 2550
3938 64 2255
4039 83 2793
4037 59 4811
4139 32 2587
3939 19 3699
4040 87 2155
4038 24 1145
4140 91 1131
3940 64 3740
4041 42 278
4039 22 2254
4141 29 3453
3941 99 716
4042 28 728
4040 69 2347
4142 25 713
3942 34 1177
4043 57 5464
4041 36 1560
4143 70 5036
3943 60 1518
4044 52 2653
4042 24 442
4144 28 2648
3944 48 897
4045 61 1992
4043 54 21
4145 36 1179
3945 25 1203
4046 53 2205
4044 83 3955
4146 36 3932
3946 40 4282
4047 77 3528
4045 57 524
4147 81 4420
3947 74 334
4048 72 1044
4046 21 4687
4148 73 3875
3948 12 3820
4049 45 1165
4047 59 4103
4149 80 3283
3949 24 3147
4050 37 1059
4048 38 3362
4150 44 880
3950 45 1538
4051 28 5804
4049 79 2406
4151 45 2280
3951 95 5019
4052 47 686
4050 39 4362
4152 87 1042
3952 34 351
4053 18 2585
4051 72 543
4153 18 5015
3953 96 2844
4054 15 249
4052 66 989
4154 41 1691
3954 71 5604
4055 74 1659
4053 12 2168
4155 82 2453
3955 81 5004
4056 99 3201
4054 50 3428
4156 98 975
3956 38 3374
4057 68 5713
4055 63 2798
4157 17 5341
3957 63 270
4058 46 2499
4056 36 1188
4158 43 1450
3958 48 4720
4059 12 4163
4057 53 2625
4159 37 3498
3959 29 4333
4060 62 96
4058 57 1974
4160 10 1418
3960 72 1138
4061 87 186
4059 45 3752
4161 55 1049
3961 31 3128
4062 89 4009
4060 84 2356
4162 14 2382
3962 49 566
4063 47 5857
4061 38 4803
4163 96 1422
3963 52 608
4064 51 3945
4062 95 3950
4164 46 697
3964 32 284
4065 43 358
4063 77 5761
4165 75 4641
3965 31 2673
4066 69 2057
4064 78 3839
4166 99 5281
3966 24 1944
4067 85 1703
4065 28 1869
4167 46 1738
3967 62 4759
4068 44 5292
4066 67 1335
4168 95 549
3968 51 5044
4069 45 4111
4067 44 3711
4169 74 1972
3969 61 4199
4070 42 1007
4068 34 3687
4170 96 3822
3970 86 861
4071 75 2227
4069 91 1734
4171 89 5197
3971 85 2801
4072 15 2549
4070 64 4221
4172 13 3388
3972 16 1951
4073 45 3001
4071 28 4915
4173 91 2357
3973 33 3777
4074 65 4362
4072 60 4725
4174 30 3051
3974 65 741
4075 85 4740
4073 41 5538
4175 80 3293
3975 52 4135
4076 100 5232
4074 52 252
4176 88 2786
3976 94 4257
4077 40 456
4075 87 4039
4177 61 1742
3977 100 1509
4078 59 1071
4076 85 5089
4178 30 2199
3978 13 3769
4079 51 3690
4077 93 394
4179 48 4772
3979 16 1397
4080 42 250
4078 66 1464
4180 53 290
3980 87 5179
4081 34 2297
4079 32 3428
4181 92 3998
3981 86 3964
4082 72 4715
4080 32 1940
4182 12 4669
3982 22 3857
4083 79 4771
4081 80 3216
4183 46 3109
3983 65 2656
4084 69 1715
4082 30 5322
4184 87 3610
3984 97 3158
4085 56 5762
4083 67 1728
4185 16 2536
3985 29 3943
4086 37 2278
4084 95 3841
4186 32 3579
3986 43 2711
4087 10 5087
4085 90 457
4187 84 5109
3987 73 626
4088 16 3509
4086 17 2537
4188 19 1079
3988 66 738
4089 42 1399
4087 83 538
4189 66 420
3989 57 4208
4090 40 159
4088 20 4076
4190 88 1616
3990 14 190
4091 33 4922
4089 97 1863
4191 81 1122
3991 90 1869
4092 25 4137
4090 42 454
4192 39 5702
3992 84 2174
4093 29 3649
4091 30 3993
4193 33 4254
3993 75 1153
4094 50 1058
4092 88 3902
4194 88 1421
3994 17 1877
4095 25 2830
4093 38 1100
4195 10 2831
3995 72 1930
4096 38 3067
4094 30 716
4196 73 1991
3996 49 3306
4097 19 4491
4095 22 1089
4197 71 3511
3997 56 2360
4098 64 5479
4096 83 4910
4198 45 392
3998 92 3308
4099 76 5340
4097 29 4475
4199 53 2163
3999 94 1993
4100 62 5140
4098 14 3042
4200 57 1344
4000 28 1278
4099 67 3472
4201 72 4752
4001 64 5077
4102 87 101
4202 32 5537
4002 89 1
4103 92 2911
4101 28 690
4203 28 1431
4003 94 4310
4104 54 3926
4102 39 3467
4204 54 1445
4004 91 3382
4105 41 4030
4103 50 1112
4205 82 4544
4005 100 3130
4106 84 3392
4104 78 649
4206 94 5843
4006 65 3771
4107 74 3155
4105 46 5010
4207 50 2928
4007 42 2125
4108 80 4728
4106 74 3880
4208 80 4871
4008 90 5769
4109 91 3141
4107 98 1289
4209 27 2510
4009 52 4989
4110 95 1626
4108 61 4737
4210 55 1132
4010 30 2360
4111 62 1628
4109 88 359
4211 87 2422
4011 18 2313
4112 15 3822
4110 93 4517
4212 37 3404
4012 42 4100
4113 49 2226
4111 15 4639
4213 23 776
4013 30 5681
4114 57 5338
4112 23 3566
4214 85 5558
4014 93 2775
4115 15 3148
4113 17 3968
4215 73 3191
4015 89 2038
4116 29 4244
4114 16 765
4216 95 2491
4016 39 1748
4117 20 4942
4115 68 4895
4217 14 4638
4017 50 2990
4118 55 2245
4116 64 5443
4218 96 3559
4018 65 2766
4119 53 601
4117 77 3951
4219 17 4471
4019 96 456
4120 55 4158
4118 95 1544
4220 80 2430
4020 32 3721
4121 74 4336
4119 30 2143
4221 37 2988
4021 11 2915
4122 48 5453
4120 78 409
4222 78 5667
4022 27 942
4123 27 2144
4121 22 1903
4223 90 5828
4023 51 3479
4124 88 5877
4122 68 1031
4224 15 5216
4024 80 3372
4125 69 2841
4123 64 1300
4225 32 5144
4025 84 3218
4126 81 1460
4124 94 874
4226 77 2725
4026 75 4602
4127 43 1139
4125 17 1519
4227 92 1501
4027 86 526
4128 77 2134
4126 12 176
4228 20 3750
4028 60 1042
4129 46 1241
4127 98 4475
4229 22 5161
4029 71 5445
4130 63 2999
4128 63 5638
4230 75 4444
4030 64 3378
4131 74 2923
4129 92 2357
4231 48 736
4031 92 3337
4132 72 2373
4130 63 2319
4232 10 4713
4032 49 1200
4133 27 1805
4131 37 2345
4233 39 4610
4033 50 1099
4134 23 826
4132 47 2699
4234 41 2589
4034 87 5501
4135 25 3236
4133 59 1832
4235 16 955
4035 12 5430
4136 95 1816
4134 68 5114
4236 17 932
4036 63 3105
4137 97 627
4135 66 5729
4237 69 498
4037 32 634
4138 70 973
4136 14 3694
4238 70 1355
4038 36 4095
4139 39 4598
4137 47 2563
4239 66 2343
4039 10 2456
4140 64 185
4138 21 3276
4240 82 5053
4040 98 4128
4141 53 3549
4139 59 3307
4241 15 293
4041 48 5837
4142 78 1960
4140 20 4548
4242 22 3825
4042 15 2114
4143 53 5737
4141 60 5437
4243 94 2684
4043 31 5704
4144 62 4014
4142 55 1054
4244 83 1577
4044 31 5726
4145 89 4786
4143 29 5332
4245 23 3944
4045 49 3956
4146 41 4931
4144 67 2018
4246 17 2658
4046 90 5199
4147 19 2157
4145 35 1350
4247 49 2325
4047 80 5807
4148 54 1239
4146 65 2833
4248 87 94
4048 39 2444
4149 21 1816
4147 61 4002
4249 38 5456
4049 49 3563
4150 95 5268
4148 96 1294
4250 31 5762
4050 60 3013
4151 91 2425
4149 16 2826
4251 41 5688
4051 98 3825
4152 66 2872
4150 51 1469
4252 27 1672
4052 17 2584
4153 83 4452
4151 85 3678
4253 77 4322
4053 10 106
4154 10 1254
4152 88 3291
4254 41 452
4054 34 1347
4155 75 3079
4153 93 5192
4255 98 951
4055 99 131
4156 81 4506
4154 95 5125
4256 64 4122
4056 26 285
4157 11 3971
4155 25 50
4257 94 2737
4057 41 1076
4158 40 703
4156 36 5399
4258 43 2711
4058 42 5316
4159 28 656
4157 61 5678
4259 36 106
4059 66 2808
4160 26 4692
4158 39 1284
4260 43 5735
4060 73 884
4161 84 44
4159 14 332
4261 95 4813
4061 98 1183
4162 68 435
4160 15 4557
4262 62 2813
4062 62 2036
4163 94 750
4161 33 1588
4263 60 4512
4063 59 87
4164 20 4868
4162 76 5467
4264 64 2171
4064 74 2339
4165 29 5024
4163 100 5534
4265 17 168
4065 43 281
4166 96 2656
4164 37 2611
4266 25 2908
4066 26 1101
4167 44 5507
4165 29 5255
4267 40 1916
4067 12 4092
4168 56 402
4166 80 309
4268 90 4457
4068 26 3339
4169 90 2706
4167 57 3979
4269 19 1243
4069 41 3560
4170 62 2458
4168 74 558
4270 32 5
4070 16 2385
4171 25 3410
4169 34 4316
4271 27 2697
4071 90 1772
4172 67 3096
4170 90 2894
4272 43 4362
4072 66 3698
4173 51 2920
4171 12 5003
4273 11 3555
4073 64 2681
4174 40 1792
4172 87 2722
4274 64 1638
4074 82 733
4175 38 94
4173 68 4594
4275 75 2011
4075 67 242
4176 45 3758
4174 58 508
4276 55 4772
4076 70 4678
4177 17 4157
4175 46 3553
4277 29 1848
4077 62 2059
4178 62 4012
4176 59 3644
4278 59 3250
4078 90 1296
4179 92 5091
4177 46 583
4279 20 2029
4079 86 4241
4180 24 5620
4178 93 2696
4280 99 1130
4080 92 5812
4181 20 3444
4179 33 9
4281 80 5872
4081 25 1073
4182 14 1401
4180 54 4372
4282 45 2911
4082 75 3463
4183 29 3994
4181 41 3254
4283 24 1474
4083 73 3507
4184 22 5272
4182 55 2055
4284 54 912
4084 24 5538
4185 33 5243
4183 43 3984
4285 85 5819
4085 30 2273
4186 46 2115
4184 14 592
4286 77 3451
4086 27 1283
4187 90 3296
4185 65 3159
4287 20 1629
4087 31 3293
4188 75 5637
4186 53 397
4288 87 2131
4088 85 3862
4189 19 940
4187 87 1553
4289 26 4985
4089 29 1542
4190 96 840
4188 73 823
4290 18 4953
4090 47 1079
4191 90 172
4189 33 4730
4291 66 3203
4091 96 5723
4192 51 3329
4190 39 4166
4292 87 4123
4092 45 1926
4193 46 1710
4191 93 797
4293 58 2864
4093 13 4416
4194 43 5374
4192 24 4829
4294 60 5855
4094 20 1613
4195 38 255
4193 36 5926
4295 21 1343
4095 94 2897
4196 87 5701
4194 62 261
4296 55 366
4096 87 5923
4197 97 3198
4195 29 2816
4297 13 1999
4097 67 5040
4198 96 1185
4196 16 5872
4298 44 5621
4098 81 4761
4199 53 3265
4197 43 878
4299 81 1292
4099 30 396
4200 48 4919
4198 28 334
4300 71 1337
4100 57 673
4199 26 2272
4301 85 3985
4101 85 173
4202 20 242
4302 55 4745
4102 79 5135
4203 31 1136
4201 80 99
4303 100 5805
4103 100 990
4204 75 2868
4202 88 4602
4304 24 3278
4104 79 5634
4205 53 5086
4203 64 1955
4305 97 3654
4105 52 2894
4206 10 2304
4204 51 4593
4306 89 107
4106 93 1540
4207 52 5363
4205 77 2841
4307 77 4994
4107 24 4579
4208 23 4206
4206 86 2737
4308 25 2258
4108 98 312
4209 79 3403
4207 75 1447
4309 64 950
4109 59 3009
4210 100 2848
4208 60 1798
4310 11 2041
4110 55 2513
4211 15 3179
4209 52 708
4311 40 2721
4111 26 821
4212 96 4347
4210 53 5601
4312 66 3788
4112 70 3487
4213 28 4834
4211 74 3721
4313 61 1660
4113 14 3561
4214 56 1661
4212 97 1458
4314 20 5272
4114 87 5125
4215 49 1085
4213 90 4592
4315 47 1510
4115 74 3545
4216 33 914
4214 14 4825
4316 57 1518
4116 64 2386
4217 58 562
4215 76 2676
4317 66 3046
4117 62 4135
4218 30 4378
4216 88 1621
4318 96 1734
4118 11 5126
4219 64 5307
4217 58 4539
4319 13 2068
4119 13 4810
4220 60 1005
4218 26 2678
4320 89 2382
4120 25 5060
4221 31 5254
4219 45 5693
4321 72 3607
4121 14 1327
4222 64 4982
4220 59 3561
4322 53 1252
4122 47 2958
4223 46 2773
4221 67 4899
4323 82 3095
4123 20 2283
4224 65 2039
4222 37 5012
4324 18 1102
4124 50 4192
4225 73 4969
4223 56 1511
4325 71 4555
4125 94 5476
4226 18 136
4224 75 220
4326 96 3800
4126 67 4119
4227 33 234
4225 49 4641
4327 11 2435
4127 18 5065
4228 22 2559
4226 90 2968
4328 52 908
4128 15 2040
4229 45 2916
4227 67 5518
4329 49 3790
4129 13 4984
4230 44 4854
4228 26 4768
4330 81 5495
4130 36 740
4231 96 5200
4229 84 4711
4331 84 1972
4131 65 1435
4232 19 1599
4230 50 3339
4332 96 5642
4132 49 4976
4233 52 5827
4231 14 2673
4333 70 3507
4133 78 4633
4234 30 1446
4232 42 1452
4334 31 2703
4134 82 5525
4235 66 3557
4233 47 3663
4335 41 2749
4135 14 5919
4236 38 2008
4234 52 5050
4336 66 3783
4136 93 1694
4237 42 1714
4235 86 2341
4337 45 4486
4137 83 5687
4238 25 5330
4236 90 94
4338 29 3798
4138 19 4594
4239 76 4205
4237 69 3200
4339 84 3516
4139 52 3389
4240 16 2942
4238 17 292
4340 64 2996
4140 65 558
4241 11 168
4239 47 1690
4341 79 4229
4141 100 1764
4242 71 4976
4240 23 468
4342 39 1133
4142 18 3136
4243 13 576
4241 97 3255
4343 97 2783
4143 88 5151
4244 84 1560
4242 53 5818
4344 84 3002
4144 76 3938
4245 47 2126
4243 68 2782
4345 84 2191
4145 30 3654
4246 75 377
4244 67 626
4346 94 5827
4146 46 2723
4247 20 5673
4245 30 2663
4347 90 5501
4147 34 4910
4248 39 3875
4246 96 301
4348 31 1761
4148 52 1910
4249 19 4193
4247 100 5678
4349 14 2309
4149 31 1928
4250 59 3023
4248 77 3165
4350 23 1157
4150 79 4878
4251 72 2469
4249 81 2021
4351 71 717
4151 87 3147
4252 57 1764
4250 33 3860
4352 41 4339
4152 71 1894
4253 11 3191
4251 53 707
4353 22 2047
4153 93 2579
4254 93 5241
4252 11 1490
4354 17 4305
4154 39 1773
4255 42 2794
4253 19 4425
4355 44 5787
4155 44 3392
4256 46 3616
4254 48 4267
4356 94 3937
4156 22 345
4257 44 2316
4255 48 3480
4357 80 3016
4157 56 2655
4258 82 2289
4256 24 4141
4358 46 4430
4158 45 1621
4259 35 2359
4257 98 4547
4359 98 1675
4159 92 5257
4260 99 2518
4258 54 4385
4360 21 1337
4160 95 4023
4261 54 5466
4259 23 1819
4361 77 4590
4161 64 1075
4262 35 1574
4260 71 2297
4362 100 4230
4162 70 389
4263 21 3553
4261 40 4018
4363 34 2509
4163 100 3272
4264 69 314
4262 11 3312
4364 64 2129
4164 75 1241
4265 93 537
4263 76 5150
4365 61 2355
4165 93 234
4266 81 1799
4264 29 3920
4366 85 282
4166 58 5022
4267 58 193
4265 12 4554
4367 69 1887
4167 47 2129
4268 19 1614
4266 83 1257
4368 64 764
4168 72 4065
4269 35 5333
4267 72 2030
4369 83 1316
4169 46 272
4270 33 386
4268 85 2407
4370 81 3616
4170 31 3826
4271 93 3946
4269 86 1528
4371 97 141
4171 49 4547
4272 88 1133
4270 64 1877
4372 77 1695
4172 39 5205
4273 86 1416
4271 68 102
4373 56 1662
4173 44 5243
4274 63 5514
4272 43 2315
4374 61 5772
4174 48 5486
4275 58 1958
4273 74 1146
4375 26 276
4175 57 1182
4276 70 5501
4274 34 2223
4376 60 3686
4176 88 4571
4277 57 2802
4275 73 4182
4377 63 3088
4177 80 4323
4278 20 3301
4276 55 5915
4378 83 3180
4178 100 5916
4279 50 5350
4277 44 4696
4379 12 1924
4179 17 65
4280 76 207
4278 15 5
4380 92 4606
4180 65 5241
4281 26 5110
4279 51 3775
4381 11 4308
4181 34 574
4282 27 4215
4280 32 1907
4382 14 49
4182 45 961
4283 23 1136
4281 18 2046
4383 34 3765
4183 87 886
4284 34 2318
4282 76 2228
4384 12 1118
4184 66 691
4285 81 1469
4283 40 832
4385 13 3944
4185 38 5878
4286 48 3372
4284 25 1545
4386 80 3063
4186 54 2310
4287 69 1098
4285 12 3643
4387 89 3913
4187 50 2059
4288 18 5458
4286 50 3258
4388 54 2945
4188 31 894
4289 83 4514
4287 76 5886
4389 68 3990
4189 14 3761
4290 46 3152
4288 53 5194
4390 55 499
4190 55 4217
4291 10 5007
4289 93 2641
4391 91 4047
4191 60 1202
4292 76 511
4290 78 4672
4392 10 5025
4192 44 3513
4293 64 1578
4291 31 5143
4393 11 1451
4193 63 3442
4294 100 5025
4292 43 3497
4394 46 596
4194 55 1188
4295 83 3959
4293 67 324
4395 85 4205
4195 44 3776
4296 23 4125
4294 91 1398
4396 40 3283
4196 87 2322
4297 10 4539
4295 93 1380
4397 31 3029
4197 82 2879
4298 96 3567
4296 23 2707
4398 99 4135
4198 80 4782
4299 42 5302
4297 35 4898
4399 35 3593
4199 68 1040
4300 25 2879
4298 78 448
4400 52 4905
4200 61 3507
4299 46 1967
4401 27 5079
4201 61 777
4302 24 5443
4402 93 4173
4202 89 3686
4303 13 3978
4301 68 2117
4403 10 1117
4203 76 4218
4304 89 2251
4302 37 482
4404 35 4225
4204 77 3321
4305 46 984
4303 62 1310
4405 18 1506
4205 70 5807
4306 96 2281
4304 76 4899
4406 60 5563
4206 69 1920
4307 75 530
4305 42 4635
4407 33 645
4207 13 3014
4308 37 1529
4306 67 1238
4408 98 3768
4208 49 3671
4309 39 3787
4307 12 1384
4409 55 5708
4209 25 3492
4310 39 5540
4308 72 111
4410 83 1047
4210 98 5701
4311 64 5679
4309 34 5476
4411 26 4985
4211 29 2616
4312 88 2915
4310 67 1925
4412 38 2702
4212 23 2158
4313 24 3533
4311 25 4728
4413 19 4244
4213 71 2048
4314 41 1972
4312 63 3946
4414 19 5846
4214 83 1379
4315 89 224
4313 18 4124
4415 31 525
4215 20 4717
4316 20 4664
4314 47 2823
4416 97 3062
4216 55 499
4317 26 2817
4315 31 2433
4417 76 5266
4217 15 5905
4318 68 3525
4316 22 3871
4418 59 2799
4218 90 2106
4319 15 1985
4317 100 840
4419 57 3039
4219 64 368
4320 71 4945
4318 62 3521
4420 33 4217
4220 11 1133
4321 83 4587
4319 10 793
4421 54 3172
4221 10 530
4322 30 5650
4320 41 316
4422 39 1703
4222 78 537
4323 84 1697
4321 72 2358
4423 73 4784
4223 24 847
4324 35 2636
4322 45 1
4424 10 2448
4224 30 1713
4325 88 2705
4323 65 3801
4425 52 2413
4225 61 3123
4326 23 3052
4324 100 1219
4426 71 1376
4226 43 580
4327 58 4795
4325 62 4087
4427 53 4323
4227 46 2106
4328 32 2378
4326 93 4438
4428 94 5456
4228 31 4635
4329 95 73
4327 40 776
4429 74 2431
4229 37 4208
4330 12 5207
4328 74 4736
4430 32 597
4230 63 2940
4331 100 1979
4329 30 2022
4431 13 1277
4231 55 812
4332 35 5883
4330 37 5632
4432 41 31
4232 11 3947
4333 86 1604
4331 33 1895
4433 65 1290
4233 63 874
4334 57 1747
4332 46 5116
4434 14 3091
4234 22 3896
4335 58 3643
4333 54 3003
4435 30 5285
4235 67 4642
4336 32 1484
4334 34 1522
4436 49 2110
4236 80 3200
4337 55 5271
4335 87 1317
4437 12 824
4237 77 2295
4338 57 4104
4336 40 139
4438 84 5353
4238 72 2875
4339 44 4912
4337 41 5724
4439 85 4110
4239 72 5287
4340 18 5489
4338 92 5135
4440 97 393
4240 87 5817
4341 37 1071
4339 35 5252
4441 42 1886
4241 93 1715
4342 79 5572
4340 15 5776
4442 49 108
4242 17 4796
4343 87 2691
4341 60 4774
4443 87 1239
4243 92 1907
4344 84 2255
4342 18 889
4444 20 1740
4244 87 402
4345 64 4657
4343 52 228
4445 86 2323
4245 46 463
4346 66 1394
4344 45 14
4446 14 4733
4246 43 3746
4347 28 3979
4345 99 5160
4447 85 2115
4247 11 2585
4348 97 4848
4346 97 676
4448 24 128
4248 35 1116
4349 57 3232
4347 68 2475
4449 68 708
4249 11 3744
4350 76 1154
4348 58 4579
4450 74 4233
4250 66 4451
4351 91 803
4349 10 2793
4451 79 3048
4251 24 1451
4352 79 3418
4350 26 213
4452 38 2064
4252 46 4054
4353 67 3728
4351 14 1971
4453 71 3108
4253 70 1526
4354 45 570
4352 17 5789
4454 47 2124
4254 99 1637
4355 10 473
4353 70 776
4455 81 5408
4255 50 5260
4356 72 2044
4354 28 2164
4456 88 846
4256 59 3484
4357 43 4022
4355 37 3308
4457 15 1895
4257 50 2034
4358 97 5054
4356 31 5699
4458 97 1991
4258 86 5005
4359 67 3413
4357 35 3244
4459 34 2569
4259 96 1414
4360 11 2078
4358 74 4427
4460 81 4021
4260 34 4618
4361 46 3388
4359 34 4265
4461 19 3033
4261 35 5430
4362 88 4502
4360 92 116
4462 97 2376
4262 34 3125
4363 17 255
4361 95 5573
4463 53 5478
4263 41 2525
4364 68 459
4362 13 4327
4464 22 691
4264 81 1557
4365 29 1186
4363 82 301
4465 96 5802
4265 19 4969
4366 37 3259
4364 50 5400
4466 28 3587
4266 96 1474
4367 92 555
4365 14 3755
4467 52 3914
4267 78 5175
4368 86 3603
4366 28 609
4468 92 3142
4268 96 3277
4369 31 5412
4367 30 3786
4469 61 2317
4269 100 677
4370 51 2733
4368 14 696
4470 15 2946
4270 11 4242
4371 91 4334
4369 66 2646
4471 68 4833
4271 40 901
4372 61 3775
4370 98 3699
4472 35 1840
4272 53 3428
4373 80 1964
4371 24 2877
4473 98 2567
4273 54 4323
4374 36 775
4372 58 419
4474 28 2319
4274 42 4136
4375 26 2771
4373 42 4115
4475 71 4507
4275 53 3102
4376 18 4009
4374 63 789
4476 38 792
4276 46 5456
4377 95 905
4375 78 793
4477 89 1503
4277 58 3415
4378 17 3916
4376 79 2814
4478 83 3124
4278 97 3145
4379 64 2593
4377 51 4995
4479 51 4287
4279 99 291
4380 31 2635
4378 88 1015
4480 68 350
4280 22 5417
4381 38 968
4379 40 2492
4481 14 486
4281 50 3965
4382 68 1353
4380 10 710
4482 98 381
4282 60 2616
4383 64 3154
4381 84 3382
4483 18 1689
4283 34 1156
4384 55 5438
4382 44 3785
4484 95 4037
4284 18 5660
4385 22 5419
4383 70 2917
4485 72 4477
4285 74 2368
4386 63 5764
4384 68 5264
4486 70 2558
4286 83 3673
4387 52 324
4385 14 2528
4487 71 5630
4287 43 838
4388 47 737
4386 42 1050
4488 37 3844
4288 79 2540
4389 26 590
4387 81 4522
4489 55 4064
4289 91 5150
4390 73 5568
4388 75 1597
4490 53 5823
4290 95 3999
4391 20 5461
4389 50 3750
4491 30 980
4291 21 20
4392 41 3232
4390 75 3433
4492 44 5424
4292 50 2553
4393 73 698
4391 98 487
4493 42 1030
4293 81 5766
4394 66 5206
4392 28 3428
4494 88 4483
4294 13 259
4395 96 3168
4393 87 1861
4495 13 1146
4295 15 5016
4396 100 1783
4394 54 4100
4496 33 3647
4296 54 2558
4397 84 4509
4395 12 1112
4497 54 1759
4297 99 530
4398 76 5677
4396 53 1515
4498 41 639
4298 25 1823
4399 68 3092
4397 93 3410
4499 55 1154
4299 36 5303
4400 74 1508
4398 56 1117
4500 85 1283
4300 90 1984
4399 99 5699
4501 96 151
4301 30 1506
4402 38 4712
4502 47 2396
4302 58 3144
4403 56 22
4401 21 5866
4503 72 113
4303 31 1096
4404 29 4734
4402 61 4127
4504 62 433
4304 88 3443
4405 45 3030
4403 10 1981
4505 97 2998
4305 57 756
4406 82 2233
4404 75 4025
4506 13 214
4306 44 908
4407 48 2984
4405 87 4523
4507 81 4276
4307 75 3997
4408 85 2182
4406 15 5908
4508 39 5089
4308 87 1886
4409 18 3577
4407 19 1908
4509 92 5594
4309 62 5178
4410 16 781
4408 65 4618
4510 84 3238
4310 70 4701
4411 94 4000
4409 36 1657
4511 35 5871
4311 21 3228
4412 19 253
4410 47 1896
4512 55 1801
4312 39 5322
4413 22 1370
4411 14 2337
4513 52 4369
4313 99 4733
4414 92 753
4412 20 132
4514 18 2714
4314 14 1164
4415 84 2016
4413 27 2222
4515 29 5055
4315 78 2507
4416 56 1497
4414 14 5824
4516 93 2151
4316 62 1692
4417 52 5863
4415 32 632
4517 82 3769
4317 83 5572
4418 55 5381
4416 99 561
4518 50 5875
4318 34 3092
4419 68 1617
4417 16 42
4519 16 1459
4319 54 624
4420 51 4443
4418 49 1861
4520 68 148
4320 58 5710
4421 70 276
4419 54 904
4521 92 3882
4321 52 1548
4422 90 1317
4420 44 844
4522 32 749
4322 39 4109
4423 88 910
4421 65 3394
4523 73 4444
4323 37 3896
4424 28 4727
4422 21 3159
4524 19 2333
4324 49 16
4425 75 866
4423 10 4082
4525 49 982
4325 91 2494
4426 39 1708
4424 81 1557
4526 40 1594
4326 44 704
4427 75 4339
4425 56 3414
4527 79 5079
4327 15 3777
4428 19 2948
4426 11 5835
4528 77 2830
4328 12 5341
4429 35 5556
4427 74 3763
4529 27 5374
4329 87 2595
4430 99 715
4428 19 419
4530 88 4721
4330 98 270
4431 74 3067
4429 64 1663
4531 14 1592
4331 85 4084
4432 65 4350
4430 63 3469
4532 80 4840
4332 95 1316
4433 10 2590
4431 26 1799
4533 32 2191
4333 89 3884
4434 22 5454
4432 56 358
4534 89 486
4334 42 807
4435 39 1106
4433 36 5855
4535 83 49
4335 55 5391
4436 36 4920
4434 35 2781
4536 88 3655
4336 39 915
4437 78 2824
4435 38 3307
4537 99 2477
4337 61 4379
4438 43 1564
4436 24 4885
4538 89 2663
4338 92 654
4439 70 3612
4437 30 1357
4539 72 5837
4339 84 3206
4440 69 3230
4438 84 3682
4540 56 1549
4340 93 2272
4441 32 1997
4439 54 3337
4541 86 3022
4341 13 1808
4442 28 1035
4440 99 131
4542 51 3563
4342 82 1980
4443 42 3579
4441 81 2729
4543 71 2345
4343 27 2903
4444 56 3295
4442 45 1476
4544 41 4253
4344 87 4237
4445 77 5666
4443 41 5868
4545 47 3840
4345 65 3788
4446 56 572
4444 55 766
4546 54 3276
4346 98 5799
4447 19 1097
4445 15 5344
4547 71 2854
4347 17 4129
4448 54 342
4446 45 2115
4548 59 3726
4348 39 5601
4449 23 4000
4447 73 5576
4549 67 414
4349 15 2154
4450 32 2194
4448 86 973
4550 39 988
4350 64 5537
4451 82 2038
4449 86 4127
4551 26 1359
4351 13 3056
4452 39 2380
4450 22 85
4552 22 5225
4352 22 4647
4453 55 2824
4451 100 516
4553 58 3237
4353 23 3212
4454 21 5223
4452 84 1150
4554 80 2009
4354 20 3829
4455 29 5450
4453 87 4661
4555 71 4752
4355 74 1453
4456 55 5847
4454 64 3689
4556 79 1962
4356 68 4260
4457 53 3264
4455 93 1457
4557 28 2894
4357 69 2426
4458 78 1829
4456 39 4345
4558 28 4671
4358 11 4335
4459 38 1335
4457 60 2828
4559 66 3722
4359 85 13
4460 78 960
4458 64 2194
4560 97 4773
4360 60 1340
4461 49 5031
4459 91 2409
4561 97 4893
4361 57 178
4462 93 1229
4460 97 3944
4562 48 1133
4362 60 1916
4463 68 1954
4461 73 640
4563 41 4969
4363 96 1767
4464 77 1933
4462 27 214
4564 81 444
4364 41 1672
4465 88 1866
4463 36 2084
4565 33 5181
4365 64 644
4466 81 1710
4464 29 5538
4566 58 4705
4366 12 1447
4467 58 2089
4465 21 4852
4567 32 4479
4367 12 867
4468 78 5276
4466 19 424
4568 39 735
4368 44 1829
4469 100 2180
4467 87 3160
4569 34 1381
4369 10 4658
4470 27 5848
4468 95 736
4570 36 91
4370 73 2440
4471 44 1773
4469 12 3448
4571 62 365
4371 64 4791
4472 72 5561
4470 47 1686
4572 26 5563
4372 24 3766
4473 74 5485
4471 25 2328
4573 97 4770
4373 76 3137
4474 96 792
4472 84 5524
4574 18 2881
4374 51 2298
4475 64 2513
4473 47 5440
4575 63 3672
4375 64 913
4476 58 2515
4474 88 1060
4576 24 1788
4376 34 4196
4477 73 48
4475 63 2360
4577 49 841
4377 48 2538
4478 88 4163
4476 67 3861
4578 52 3985
4378 23 1622
4479 82 1063
4477 71 672
4579 93 466
4379 36 3838
4480 57 915
4478 86 1107
4580 39 4953
4380 57 2866
4481 19 4858
4479 75 364
4581 63 1376
4381 93 4309
4482 67 3436
4480 82 4994
4582 24 2559
4382 72 4270
4483 92 2198
4481 37 4236
4583 47 5017
4383 49 3204
4484 14 3776
4482 25 5149
4584 54 4183
4384 49 901
4485 56 5904
4483 76 4291
4585 59 3231
4385 99 3928
4486 88 2415
4484 64 535
4586 14 1581
4386 25 1372
4487 100 5601
4485 91 2502
4587 94 1239
4387 24 2773
4488 50 3045
4486 11 2259
4588 100 86
4388 75 1407
4489 33 2855
4487 61 3423
4589 100 167
4389 91 4383
4490 25 923
4488 20 4722
4590 14 2800
4390 31 2964
4491 43 3778
4489 94 1183
4591 89 305
4391 36 357
4492 21 3744
4490 56 3539
4592 64 1655
4392 37 5772
4493 55 958
4491 10 2112
4593 74 1515
4393 55 5133
4494 40 1457
4492 99 2040
4594 28 4964
4394 54 596
4495 94 4553
4493 31 4821
4595 61 4843
4395 17 4615
4496 90 2440
4494 93 4191
4596 96 4314
4396 80 5836
4497 21 5624
4495 10 5539
4597 75 5927
4397 53 1349
4498 50 3679
4496 43 5781
4598 91 1279
4398 46 689
4499 22 5226
4497 97 4600
4599 38 558
4399 45 2003
4500 22 2033
4498 36 3771
4600 83 5201
4400 80 4871
4499 18 3155
4601 61 2790
4401 68 2032
4502 100 5685
4602 100 5554
4402 71 3253
4503 45 4667
4501 74 3651
4603 75 982
4403 33 3047
4504 58 1791
4502 53 4558
4604 83 369
4404 68 53
4505 98 2027
4503 36 1212
4605 91 3323
4405 80 5682
4506 10 3928
4504 86 2760
4606 57 4017
4406 71 4656
4507 23 613
4505 35 5363
4607 44 1060
4407 25 1831
4508 65 10
4506 15 2227
4608 94 5905
4408 54 5593
4509 83 2796
4507 64 4107
4609 39 2800
4409 13 3680
4510 67 108
4508 86 4579
4610 22 2651
4410 43 828
4511 61 5511
4509 64 1409
4611 28 440
4411 55 4189
4512 30 3059
4510 40 3768
4612 25 5563
4412 85 474
4513 75 4827
4511 83 3232
4613 41 5693
4413 64 4679
4514 66 2868
4512 65 1766
4614 63 4268
4414 95 2393
4515 100 1810
4513 49 3255
4615 25 3600
4415 71 5877
4516 13 2849
4514 88 3288
4616 43 3923
4416 62 2208
4517 65 3735
4515 27 727
4617 69 2529
4417 89 4239
4518 71 3095
4516 48 1327
4618 34 4086
4418 92 4038
4519 67 1133
4517 36 610
4619 49 189
4419 30 5111
4520 93 2076
4518 31 313
4620 53 4852
4420 44 3071
4521 68 688
4519 70 2521
4621 16 1258
4421 78 678
4522 63 1428
4520 94 21
4622 68 5542
4422 55 1615
4523 67 3445
4521 65 1452
4623 78 2395
4423 48 3672
4524 98 614
4522 68 3792
4624 86 4571
4424 39 3671
4525 64 4389
4523 48 1002
4625 96 1479
4425 61 5894
4526 13 3939
4524 72 2512
4626 29 4140
4426 10 4934
4527 10 2801
4525 33 1099
4627 79 4895
4427 32 4548
4528 69 4534
4526 91 4830
4628 90 2378
4428 86 4519
4529 58 1271
4527 100 5895
4629 26 1208
4429 65 2206
4530 86 1026
4528 38 2310
4630 39 2662
4430 74 4307
4531 30 830
4529 87 376
4631 66 2819
4431 69 1655
4532 95 953
4530 51 5475
4632 99 2369
4432 97 1714
4533 34 5156
4531 67 2721
4633 67 4644
4433 53 5080
4534 83 3193
4532 15 73
4634 91 2425
4434 93 3963
4535 99 5322
4533 21 377
4635 52 38
4435 62 3939
4536 70 585
4534 83 4094
4636 90 1421
4436 91 5206
4537 100 3311
4535 36 5345
4637 50 2261
4437 30 832
4538 34 2031
4536 56 1309
4638 21 4607
4438 92 1455
4539 87 264
4537 59 2147
4639 87 3843
4439 97 2849
4540 58 959
4538 77 4118
4640 11 1378
4440 90 2376
4541 44 238
4539 90 3260
4641 61 3066
4441 51 94
4542 93 1220
4540 24 2938
4642 13 4068
4442 92 835
4543 19 4881
4541 66 1268
4643 56 4863
4443 79 5913
4544 63 4149
4542 39 1906
4644 41 4686
4444 45 5147
4545 61 1216
4543 56 3197
4645 56 2263
4445 32 4836
4546 82 3587
4544 39 787
4646 21 5739
4446 90 1686
4547 22 697
4545 79 1782
4647 65 905
4447 16 1578
4548 10 2809
4546 76 2499
4648 53 3631
4448 26 2114
4549 55 4434
4547 40 2884
4649 59 5403
4449 17 3779
4550 42 335
4548 41 5335
4650 59 4880
4450 30 1618
4551 42 368
4549 73 3261
4651 60 4293
4451 47 4928
4552 45 4929
4550 84 3278
4652 53 1385
4452 21 5238
4553 73 1430
4551 50 4809
4653 13 3733
4453 13 1758
4554 86 1972
4552 38 5499
4654 81 741
4454 59 4627
4555 25 4018
4553 19 5194
4655 50 1778
4455 16 2779
4556 97 2236
4554 53 5328
4656 33 1073
4456 24 3862
4557 39 3669
4555 73 4458
4657 99 2552
4457 69 2740
4558 48 2786
4556 43 2074
4658 71 2045
4458 59 2844
4559 12 523
4557 12 3926
4659 54 2306
4459 97 5287
4560 14 3519
4558 30 752
4660 84 4099
4460 84 4139
4561 28 432
4559 89 2506
4661 56 1603
4461 56 3647
4562 49 3222
4560 100 3881
4662 28 2646
4462 18 3313
4563 79 35
4561 81 507
4663 37 4465
4463 45 357
4564 28 5741
4562 81 5487
4664 20 4028
4464 91 2230
4565 78 1312
4563 68 2740
4665 45 2085
4465 95 825
4566 58 495
4564 51 4395
4666 85 5434
4466 34 2764
4567 81 5432
4565 43 2931
4667 39 5458
4467 83 2038
4568 57 469
4566 34 5698
4668 53 1636
4468 18 5864
4569 92 653
4567 23 4786
4669 46 3391
4469 58 4610
4570 88 280
4568 54 5438
4670 88 1683
4470 77 4117
4571 59 1489
4569 36 1172
4671 68 1226
4471 46 5620
4572 74 2501
4570 100 3720
4672 42 4052
4472 18 1898
4573 84 3521
4571 88 3415
4673 28 441
4473 68 714
4574 77 158
4572 48 4933
4674 28 5634
4474 83 364
4575 57 3202
4573 43 1438
4675 62 2879
4475 19 1635
4576 53 4042
4574 69 2470
4676 63 2833
4476 73 370
4577 66 2567
4575 78 3465
4677 92 374
4477 40 3972
4578 29 1127
4576 99 4652
4678 45 4635
4478 77 5921
4579 39 1559
4577 19 2668
4679 99 1952
4479 58 4966
4580 20 2571
4578 20 1104
4680 32 5700
4480 100 2030
4581 96 4851
4579 26 2021
4681 11 5780
4481 67 346
4582 79 2946
4580 57 5395
4682 94 325
4482 43 4512
4583 59 29
4581 64 3151
4683 99 3168
4483 79 3175
4584 71 1907
4582 27 337
4684 19 1531
4484 32 5465
4585 68 5936
4583 92 3612
4685 18 4375
4485 23 398
4586 48 5316
4584 62 5932
4686 53 5459
4486 40 458
4587 44 1308
4585 71 169
4687 34 1780
4487 39 5502
4588 79 2794
4586 13 4204
4688 90 4740
4488 48 736
4589 36 1335
4587 21 5009
4689 43 2311
4489 10 3280
4590 93 5155
4588 27 5198
4690 45 1102
4490 45 5532
4591 83 5767
4589 41 3230
4691 10 4098
4491 18 4911
4592 32 851
4590 52 5235
4692 48 3051
4492 79 1264
4593 32 1391
4591 21 252
4693 10 5440
4493 47 953
4594 65 541
4592 58 5359
4694 54 3210
4494 93 1283
4595 88 4944
4593 38 3666
4695 23 707
4495 47 4251
4596 55 3912
4594 47 821
4696 17 4920
4496 64 4236
4597 87 856
4595 49 4443
4697 37 897
4497 70 4581
4598 30 2224
4596 15 5653
4698 43 3897
4498 35 2540
4599 52 2816
4597 50 5504
4699 30 3458
4499 27 5876
4600 87 3596
4598 41 3460
4700 90 5581
4500 41 3410
4599 99 3913
4701 58 2086
4501 64 528
4602 51 5684
4702 35 229
4502 88 1486
4603 94 4544
4601 24 3047
4703 63 750
4503 92 2119
4604 88 5517
4602 40 844
4704 11 201
4504 76 3393
4605 40 3963
4603 100 1958
4705 71 4975
4505 61 918
4606 37 1783
4604 81 4154
4706 90 1718
4506 52 1971
4607 78 3855
4605 65 1013
4707 48 1196
4507 75 2461
4608 61 1484
4606 62 1863
4708 14 2877
4508 68 4666
4609 35 2029
4607 39 1627
4709 89 2644
4509 81 1085
4610 58 2384
4608 53 76
4710 13 5910
4510 29 5473
4611 56 5292
4609 35 2921
4711 52 4354
4511 72 3544
4612 95 4399
4610 90 919
4712 24 4087
4512 54 1564
4613 27 5424
4611 34 3307
4713 97 2185
4513 27 4004
4614 71 5260
4612 78 603
4714 26 5646
4514 90 2712
4615 83 4062
4613 13 1508
4715 61 4342
4515 80 3912
4616 75 3996
4614 53 1066
4716 53 3796
4516 57 3554
4617 37 2029
4615 78 3297
4717 16 4032
4517 59 325
4618 22 5491
4616 84 4133
4718 31 4263
4518 67 713
4619 59 4694
4617 86 4640
4719 96 2841
4519 57 4641
4620 46 3914
4618 43 5072
4720 87 4417
4520 44 556
4621 86 1346
4619 14 5025
4721 69 4990
4521 80 1100
4622 49 3999
4620 61 3780
4722 42 5468
4522 81 4672
4623 28 2843
4621 48 5864
4723 89 999
4523 32 3047
4624 11 865
4622 79 1819
4724 89 1196
4524 68 4595
4625 26 4406
4623 59 5402
4725 86 374
4525 79 3731
4626 87 687
4624 74 1810
4726 31 4159
4526 64 2274
4627 72 3730
4625 69 2697
4727 84 709
4527 71 1718
4628 49 241
4626 72 98
4728 27 4715
4528 55 4979
4629 41 149
4627 13 3735
4729 83 3145
4529 84 1955
4630 40 2110
4628 20 2089
4730 54 3916
4530 10 46
4631 51 5537
4629 41 1168
4731 26 4045
4531 66 751
4632 79 3419
4630 31 3778
4732 53 2386
4532 23 4908
4633 73 1239
4631 63 1965
4733 62 5121
4533 63 4081
4634 37 2045
4632 69 2778
4734 42 3845
4534 54 5100
4635 12 544
4633 62 3205
4735 45 1
4535 22 5217
4636 79 3588
4634 46 5311
4736 46 393
4536 37 5898
4637 49 5633
4635 39 1446
4737 57 2808
4537 81 5096
4638 68 803
4636 54 4612
4738 58 4036
4538 70 4352
4639 22 4891
4637 83 812
4739 68 2860
4539 91 3455
4640 13 2542
4638 98 2095
4740 30 1428
4540 86 4641
4641 83 762
4639 85 2861
4741 19 2149
4541 100 3138
4642 17 963
4640 14 3451
4742 84 169
4542 16 4069
4643 16 1761
4641 45 1324
4743 77 1300
4543 89 5571
4644 10 5887
4642 69 3947
4744 28 3575
4544 32 2312
4645 53 2913
4643 94 2790
4745 24 4772
4545 70 5668
4646 65 3691
4644 52 4859
4746 39 2332
4546 88 3857
4647 93 1171
4645 88 846
4747 68 3382
4547 82 334
4648 98 965
4646 53 2667
4748 67 577
4548 88 4686
4649 24 4831
4647 45 5001
4749 13 5230
4549 67 3013
4650 30 3439
4648 63 241
4750 75 739
4550 55 4962
4651 49 2736
4649 30 4563
4751 60 3128
4551 50 4082
4652 48 920
4650 56 5317
4752 26 1287
4552 58 1122
4653 68 3182
4651 84 2665
4753 88 4993
4553 10 1513
4654 86 2253
4652 95 4794
4754 21 5323
4554 70 4196
4655 56 2640
4653 97 736
4755 62 3585
4555 87 401
4656 24 1431
4654 79 4354
4756 50 564
4556 53 1588
4657 44 4497
4655 27 1003
4757 57 347
4557 84 5319
4658 41 958
4656 25 2346
4758 40 1405
4558 61 5366
4659 59 4243
4657 39 1080
4759 14 1662
4559 21 890
4660 61 3234
4658 86 2527
4760 44 1007
4560 92 3102
4661 37 2039
4659 55 2410
4761 82 1190
4561 93 2353
4662 40 5494
4660 56 1011
4762 67 4598
4562 92 863
4663 18 4764
4661 10 2185
4763 80 2525
4563 41 1200
4664 70 814
4662 100 522
4764 80 3016
4564 56 172
4665 88 1685
4663 18 5155
4765 91 4217
4565 24 3507
4666 87 2384
4664 41 17
4766 51 2423
4566 87 4659
4667 10 1749
4665 33 3259
4767 76 1263
4567 77 1051
4668 14 2238
4666 34 353
4768 38 3141
4568 44 5055
4669 86 3256
4667 35 5672
4769 24 2875
4569 54 5470
4670 15 3454
4668 28 1444
4770 89 3125
4570 40 2459
4671 81 5469
4669 74 2822
4771 82 1641
4571 79 2125
4672 16 2301
4670 48 3065
4772 11 622
4572 22 2254
4673 26 816
4671 27 4636
4773 67 4034
4573 96 4501
4674 50 3833
4672 79 4897
4774 60 1367
4574 85 4772
4675 96 5813
4673 66 4831
4775 72 581
4575 57 4491
4676 13 4872
4674 58 4360
4776 55 5936
4576 27 653
4677 79 4683
4675 74 4410
4777 24 1551
4577 90 1836
4678 35 4482
4676 30 2117
4778 39 2796
4578 16 4141
4679 38 5496
4677 81 2772
4779 52 5567
4579 69 2533
4680 88 1364
4678 69 2977
4780 72 1657
4580 84 1880
4681 50 2722
4679 62 2594
4781 37 1047
4581 26 5294
4682 38 1459
4680 51 3160
4782 57 4254
4582 11 1766
4683 32 614
4681 85 228
4783 44 1289
4583 34 5334
4684 26 4341
4682 55 1643
4784 52 404
4584 96 4234
4685 87 1198
4683 95 1670
4785 99 4676
4585 34 5616
4686 78 5076
4684 86 4665
4786 19 862
4586 33 5860
4687 16 3337
4685 75 5316
4787 85 1034
4587 45 3529
4688 51 3316
4686 45 4730
4788 53 4447
4588 84 885
4689 36 3966
4687 73 2525
4789 79 2875
4589 97 5546
4690 41 576
4688 67 5007
4790 62 344
4590 98 3935
4691 47 2164
4689 58 4440
4791 10 5750
4591 72 1467
4692 85 1074
4690 73 4188
4792 55 132
4592 63 3780
4693 17 1510
4691 75 4219
4793 72 2338
4593 96 1934
4694 11 4989
4692 24 3806
4794 96 5752
4594 28 211
4695 12 3834
4693 54 1251
4795 61 1287
4595 95 5531
4696 84 912
4694 19 3111
4796 68 2363
4596 99 2756
4697 41 5148
4695 58 2850
4797 77 5661
4597 79 950
4698 24 4882
4696 70 4961
4798 52 3747
4598 23 2026
4699 66 633
4697 18 1451
4799 65 5630
4599 45 3442
4700 37 3985
4698 15 4753
4800 14 2756
4600 14 2951
4699 45 2484
4801 88 940
4601 61 5396
4702 66 2885
4802 73 3138
4602 29 3914
4703 42 2571
4701 39 5268
4803 99 4304
4603 46 1274
4704 34 5181
4702 77 4790
4804 57 5317
4604 51 158
4705 67 2090
4703 83 3012
4805 67 2012
4605 38 284
4706 88 5636
4704 82 2913
4806 99 2283
4606 61 751
4707 89 4105
4705 66 2590
4807 34 3466
4607 37 1412
4708 73 5411
4706 62 4349
4808 23 4742
4608 28 617
4709 39 678
4707 56 2854
4809 55 385
4609 60 5133
4710 57 910
4708 12 1648
4810 60 4723
4610 92 1840
4711 42 2931
4709 49 362
4811 11 4786
4611 48 2679
4712 58 1976
4710 26 4116
4812 23 993
4612 51 1138
4713 18 3434
4711 40 401
4813 60 1088
4613 78 3906
4714 62 3352
4712 21 4889
4814 13 5633
4614 33 3932
4715 46 2513
4713 95 3264
4815 13 4280
4615 66 455
4716 82 3434
4714 17 4898
4816 94 2064
4616 45 775
4717 25 971
4715 11 2717
4817 67 3017
4617 48 4071
4718 49 4669
4716 26 1529
4818 35 757
4618 91 3630
4719 70 91
4717 65 1630
4819 86 415
4619 64 2789
4720 64 4752
4718 53 4976
4820 16 3976
4620 21 3460
4721 53 3661
4719 72 2108
4821 89 477
4621 45 1829
4722 32 5429
4720 83 5365
4822 51 5022
4622 95 2067
4723 41 5083
4721 79 5227
4823 64 1890
4623 13 5164
4724 89 1363
4722 95 2290
4824 79 3641
4624 13 465
4725 42 4375
4723 53 1631
4825 68 3546
4625 68 4403
4726 38 5226
4724 13 3609
4826 57 5186
4626 46 2160
4727 21 1103
4725 69 5371
4827 51 1988
4627 48 5658
4728 26 5016
4726 94 1386
4828 94 2340
4628 32 1622
4729 95 5549
4727 34 2156
4829 13 3987
4629 61 5916
4730 21 4978
4728 47 2891
4830 28 598
4630 64 807
4731 64 2422
4729 46 3364
4831 80 5412
4631 64 639
4732 59 5622
4730 25 4855
4832 57 2647
4632 79 5510
4733 98 1284
4731 74 1683
4833 49 1105
4633 30 3721
4734 60 3808
4732 49 1040
4834 83 55
4634 33 5797
4735 59 1908
4733 46 139
4835 54 3626
4635 94 5353
4736 84 4546
4734 37 1781
4836 65 4168
4636 24 309
4737 45 3326
4735 44 705
4837 77 2985
4637 88 4147
4738 75 2587
4736 70 451
4838 78 3486
4638 26 2615
4739 45 2017
4737 66 1429
4839 40 155
4639 96 672
4740 21 2060
4738 76 2753
4840 84 2133
4640 15 161
4741 77 5075
4739 83 1228
4841 70 3417
4641 61 1990
4742 90 2677
4740 66 4514
4842 100 5381
4642 33 2532
4743 15 1309
4741 98 4981
4843 35 293
4643 13 3031
4744 31 882
4742 41 1310
4844 99 3899
4644 96 2565
4745 36 2625
4743 46 2828
4845 45 3519
4645 26 552
4746 66 5011
4744 63 1968
4846 32 3092
4646 64 5930
4747 78 2568
4745 32 620
4847 55 2874
4647 83 4133
4748 54 2173
4746 69 244
4848 18 2236
4648 54 864
4749 92 44
4747 13 2971
4849 26 1317
4649 79 5097
4750 47 1802
4748 25 5789
4850 43 173
4650 77 2792
4751 31 3749
4749 69 4681
4851 28 1348
4651 91 3381
4752 64 2411
4750 40 2063
4852 49 661
4652 71 2928
4753 34 5143
4751 55 5052
4853 83 5555
4653 36 78
4754 29 4336
4752 73 1825
4854 88 699
4654 31 5042
4755 72 951
4753 37 1333
4855 82 4217
4655 30 1352
4756 17 4691
4754 34 5220
4856 75 3126
4656 72 4562
4757 68 2734
4755 62 5389
4857 13 1790
4657 38 3593
4758 32 1795
4756 39 2002
4858 82 5656
4658 75 747
4759 48 1150
4757 13 5249
4859 92 4308
4659 30 4403
4760 55 2848
4758 56 4237
4860 52 621
4660 37 4743
4761 13 117
4759 83 4550
4861 28 40
4661 22 74
4762 19 2282
4760 56 1118
4862 55 2678
4662 30 1565
4763 13 4519
4761 32 3005
4863 12 2575
4663 74 780
4764 46 792
4762 88 4400
4864 65 5344
4664 21 1164
4765 53 2755
4763 10 3332
4865 66 3969
4665 52 5917
4766 45 4871
4764 68 2564
4866 99 4053
4666 29 3215
4767 92 2349
4765 72 342
4867 100 5205
4667 43 1122
4768 86 826
4766 47 3921
4868 78 2503
4668 66 1351
4769 51 4827
4767 63 1718
4869 98 4142
4669 71 97
4770 50 2202
4768 54 3880
4870 46 782
4670 38 4410
4771 92 2666
4769 18 3272
4871 27 5695
4671 36 1158
4772 99 5292
4770 85 3173
4872 94 3647
4672 32 2649
4773 81 4478
4771 48 2301
4873 100 1186
4673 11 144
4774 18 5149
4772 73 4415
4874 11 5008
4674 78 3475
4775 68 2763
4773 24 4867
4875 33 1428
4675 41 485
4776 41 2347
4774 45 2430
4876 29 4148
4676 64 4570
4777 83 3046
4775 13 4558
4877 92 747
4677 95 1926
4778 61 1577
4776 66 5631
4878 72 5276
4678 88 62
4779 38 3156
4777 72 3138
4879 51 278
4679 37 1214
4780 89 2945
4778 19 5506
4880 96 837
4680 32 71
4781 23 632
4779 100 2393
4881 80 5822
4681 33 4146
4782 27 1893
4780 45 2715
4882 79 4388
4682 28 4787
4783 56 1513
4781 40 3539
4883 27 2153
4683 65 5310
4784 87 539
4782 93 2706
4884 71 1689
4684 82 2287
4785 99 4145
4783 58 5142
4885 53 4177
4685 65 1767
4786 61 5920
4784 98 4557
4886 79 4933
4686 40 2135
4787 82 2122
4785 95 4280
4887 37 5475
4687 77 2464
4788 32 5658
4786 58 134
4888 80 5761
4688 84 210
4789 34 588
4787 23 2452
4889 50 2322
4689 56 4224
4790 93 3311
4788 78 4248
4890 88 5538
4690 61 3066
4791 31 5609
4789 23 1433
4891 96 2573
4691 54 4098
4792 77 4131
4790 96 5798
4892 39 2904
4692 40 5927
4793 100 74
4791 98 3476
4893 83 1707
4693 47 4128
4794 85 5099
4792 53 1158
4894 20 3236
4694 76 1975
4795 31 2658
4793 83 5285
4895 57 3407
4695 15 4492
4796 60 3245
4794 36 1700
4896 67 154
4696 35 2263
4797 63 4202
4795 85 3460
4897 11 3573
4697 11 1751
4798 27 3586
4796 31 438
4898 28 2564
4698 41 32
4799 96 3577
4797 75 793
4899 87 3967
4699 49 168
4800 47 888
4798 35 1383
4900 42 2478
4700 50 1266
4799 65 4486
4901 86 3955
4701 76 2333
4802 81 2463
4902 77 4280
4702 20 5673
4803 42 3416
4801 69 5725
4903 35 2844
4703 25 275
4804 44 4561
4802 16 5370
4904 16 3520
4704 14 5342
4805 89 591
4803 57 1635
4905 60 982
4705 48 4671
4806 58 4210
4804 20 3830
4906 26 2474
4706 38 1038
4807 93 2567
4805 78 2366
4907 91 3939
4707 14 513
4808 89 4832
4806 35 2895
4908 33 4249
4708 11 2305
4809 14 2667
4807 92 2697
4909 20 1138
4709 86 1036
4810 72 907
4808 64 1561
4910 10 2887
4710 64 470
4811 31 653
4809 88 2517
4911 11 106
4711 47 3894
4812 20 3670
4810 43 861
4912 37 5646
4712 46 175
4813 20 1588
4811 89 4047
4913 90 2050
4713 35 4912
4814 91 2802
4812 52 50
4914 20 2810
4714 27 131
4815 16 4095
4813 34 1716
4915 82 1755
4715 86 3784
4816 31 2162
4814 49 520
4916 38 5914
4716 57 4825
4817 73 2790
4815 27 1984
4917 76 5589
4717 45 3761
4818 85 5936
4816 58 3213
4918 38 4301
4718 18 1919
4819 65 4152
4817 21 166
4919 13 3600
4719 11 1113
4820 58 3075
4818 90 5844
4920 71 4993
4720 34 127
4821 31 5355
4819 22 2876
4921 46 4441
4721 77 4711
4822 97 4702
4820 79 4816
4922 14 360
4722 41 379
4823 29 1385
4821 91 350
4923 47 2578
4723 88 5408
4824 89 4121
4822 89 4332
4924 77 2395
4724 11 4317
4825 36 5484
4823 78 3375
4925 32 1618
4725 68 3291
4826 58 5126
4824 23 589
4926 10 3889
4726 59 4804
4827 16 5137
4825 86 3080
4927 17 345
4727 89 1349
4828 41 5528
4826 23 5003
4928 49 1924
4728 88 2440
4829 24 4185
4827 85 3704
4929 55 2749
4729 38 3448
4830 23 888
4828 18 3958
4930 58 4650
4730 52 5161
4831 94 432
4829 24 1899
4931 84 2778
4731 55 2435
4832 36 2633
4830 41 4212
4932 80 2250
4732 96 1842
4833 97 581
4831 44 3076
4933 18 2396
4733 12 5710
4834 86 4589
4832 72 4061
4934 58 2690
4734 15 1351
4835 10 5488
4833 99 1465
4935 36 5336
4735 31 200
4836 47 3753
4834 39 2336
4936 71 4747
4736 78 2016
4837 35 2927
4835 18 3863
4937 37 3054
4737 22 3271
4838 11 2366
4836 32 5898
4938 29 3655
4738 84 3579
4839 83 1699
4837 56 1764
4939 45 2026
4739 27 2672
4840 45 5011
4838 82 5452
4940 42 2843
4740 77 1320
4841 91 3235
4839 61 3267
4941 84 1711
4741 65 4886
4842 43 5037
4840 53 2692
4942 68 4386
4742 33 3171
4843 32 4214
4841 46 1453
4943 72 5294
4743 30 5679
4844 75 1752
4842 89 154
4944 43 1868
4744 89 617
4845 99 440
4843 55 3129
4945 65 364
4745 29 4517
4846 69 3043
4844 48 5891
4946 27 479
4746 22 3146
4847 41 3456
4845 81 5491
4947 37 3459
4747 27 2934
4848 14 5705
4846 81 1328
4948 31 1064
4748 11 4036
4849 59 1438
4847 17 5883
4949 49 2776
4749 77 2239
4850 87 2820
4848 16 5678
4950 79 2296
4750 50 1770
4851 51 4748
4849 90 4454
4951 29 91
4751 35 994
4852 61 3562
4850 79 2397
4952 75 5317
4752 37 5047
4853 19 5890
4851 62 1640
4953 19 5628
4753 90 1900
4854 75 330
4852 67 948
4954 22 3598
4754 68 5746
4855 10 3084
4853 95 2141
4955 45 3355
4755 26 5771
4856 36 5637
4854 49 1902
4956 60 27
4756 77 4653
4857 16 4933
4855 95 282
4957 46 5695
4757 93 5365
4858 36 3214
4856 58 1861
4958 10 1470
4758 90 4179
4859 50 615
4857 70 4493
4959 96 3062
4759 71 3197
4860 26 5020
4858 89 2740
4960 75 2306
4760 57 3131
4861 97 731
4859 89 2207
4961 37 3959
4761 82 962
4862 81 3116
4860 69 5240
4962 67 932
4762 64 5061
4863 44 1613
4861 15 927
4963 33 3662
4763 15 4225
4864 36 2135
4862 87 1457
4964 32 1848
4764 39 2533
4865 67 2552
4863 62 4055
4965 85 3149
4765 77 2300
4866 15 1220
4864 66 1776
4966 12 272
4766 62 2297
4867 61 2676
4865 14 5172
4967 95 1630
4767 42 533
4868 40 2097
4866 65 3748
4968 17 3781
4768 63 1168
4869 39 5389
4867 49 1565
4969 20 2848
4769 24 1289
4870 85 2036
4868 15 4376
4970 60 2067
4770 71 2080
4871 33 3235
4869 62 2414
4971 11 1624
4771 56 1422
4872 40 511
4870 40 4506
4972 54 4565
4772 54 3483
4873 24 972
4871 65 5649
4973 81 1775
4773 60 5004
4874 70 5219
4872 30 2243
4974 93 3080
4774 16 2733
4875 98 3351
4873 80 2569
4975 38 5633
4775 25 1119
4876 31 4657
4874 60 4854
4976 17 820
4776 74 436
4877 94 316
4875 66 3196
4977 53 664
4777 27 1499
4878 43 3035
4876 26 4672
4978 72 3425
4778 45 550
4879 22 3650
4877 27 1615
4979 23 5672
4779 77 4072
4880 45 2567
4878 71 2941
4980 95 4422
4780 74 3259
4881 49 3172
4879 82 219
4981 17 189
4781 69 474
4882 82 2123
4880 38 5175
4982 57 2528
4782 67 588
4883 77 1859
4881 98 2583
4983 34 5113
4783 75 2447
4884 16 1800
4882 16 4943
4984 12 2724
4784 61 1591
4885 53 3922
4883 64 4168
4985 24 3544
4785 54 4859
4886 57 4789
4884 61 5820
4986 15 4779
4786 50 2221
4887 39 3901
4885 95 2831
4987 97 2261
4787 76 3552
4888 41 5527
4886 95 1111
4988 95 2652
4788 25 5186
4889 63 2988
4887 54 3076
4989 71 4288
4789 80 4600
4890 80 5815
4888 39 5881
4990 39 577
4790 35 683
4891 34 1522
4889 37 276
4991 82 4886
4791 11 4534
4892 59 1244
4890 14 2100
4992 39 670
4792 50 1917
4893 15 1951
4891 27 2736
4993 35 5869
4793 89 2716
4894 37 322
4892 17 3813
4994 89 4104
4794 11 4017
4895 89 5458
4893 85 506
4995 46 3205
4795 27 5559
4896 44 4235
4894 54 1559
4996 13 3530
4796 52 1856
4897 38 5316
4895 24 3565
4997 80 1586
4797 98 4598
4898 92 1089
4896 77 5894
4998 20 992
4798 62 2313
4899 86 4188
4897 74 5410
4999 14 5889
4799 32 3263
4900 31 5886
4898 58 3895
5000 89 3313
4800 93 5269
4899 82 2567
5001 44 3312
4801 13 4603
4902 58 983
5002 97 427
4802 90 1712
4903 92 3377
4901 18 4041
5003 80 5428
4803 15 806
4904 23 3329
4902 41 56
5004 70 5916
4804 78 4433
4905 30 1954
4903 37 2859
5005 71 5212
4805 48 5336
4906 93 1432
4904 69 1120
5006 53 3168
4806 42 4998
4907 51 3564
4905 92 1460
5007 89 2462
4807 11 5157
4908 15 432
4906 78 170
5008 71 4793
4808 41 2994
4909 87 2108
4907 39 225
5009 20 4372
4809 32 305
4910 98 5866
4908 23 2952
5010 67 2192
4810 90 3388
4911 59 4888
4909 90 4652
5011 21 927
4811 99 1964
4912 81 3456
4910 48 824
5012 18 731
4812 33 2389
4913 32 507
4911 56 727
5013 60 4036
4813 29 3938
4914 51 2239
4912 66 5551
5014 44 2035
4814 15 5439
4915 48 306
4913 51 407
5015 30 2228
4815 59 1151
4916 78 2034
4914 46 3559
5016 48 2837
4816 65 613
4917 16 3791
4915 50 1541
5017 87 4161
4817 95 1510
4918 26 1157
4916 22 4940
5018 53 1708
4818 96 599
4919 50 5933
4917 73 1592
5019 96 5361
4819 18 4627
4920 48 2889
4918 90 2277
5020 47 5806
4820 37 4937
4921 94 4696
4919 25 2294
5021 78 2141
4821 43 4283
4922 38 3930
4920 54 1932
5022 37 5377
4822 95 524
4923 43 5778
4921 92 758
5023 26 854
4823 98 5691
4924 44 257
4922 79 4247
5024 93 3470
4824 34 598
4925 84 1973
4923 17 4899
5025 53 2454
4825 58 1194
4926 47 5462
4924 41 2580
5026 91 2367
4826 45 2777
4927 50 880
4925 46 1966
5027 51 5791
4827 32 1746
4928 64 554
4926 97 5441
5028 100 2452
4828 47 4346
4929 34 1199
4927 30 3392
5029 33 2488
4829 72 43
4930 61 4068
4928 63 4657
5030 57 2317
4830 99 5588
4931 10 4625
4929 55 4606
5031 40 472
4831 65 3829
4932 79 146
4930 48 1201
5032 15 3691
4832 76 5111
4933 100 4811
4931 62 5657
5033 85 1349
4833 16 516
4934 33 3422
4932 53 1112
5034 49 1946
4834 55 2496
4935 33 5070
4933 55 568
5035 68 1387
4835 95 5161
4936 64 1931
4934 78 1064
5036 83 5333
4836 89 2962
4937 25 3766
4935 88 3717
5037 42 4667
4837 83 4823
4938 74 1319
4936 28 1459
5038 62 2329
4838 19 5134
4939 10 839
4937 66 1121
5039 97 5040
4839 80 4128
4940 43 5071
4938 30 4180
5040 26 3233
4840 51 1412
4941 49 5809
4939 55 518
5041 39 4570
4841 83 1416
4942 68 2349
4940 95 3664
5042 76 1966
4842 13 47
4943 17 2125
4941 13 780
5043 27 1551
4843 64 3096
4944 15 1764
4942 47 5637
5044 88 2165
4844 63 4553
4945 34 5373
4943 30 338
5045 32 115
4845 69 1628
4946 70 5474
4944 59 3393
5046 77 3104
4846 16 301
4947 96 1709
4945 25 1923
5047 55 2610
4847 42 738
4948 43 2650
4946 64 1829
5048 77 1711
4848 22 5279
4949 79 624
4947 34 1938
5049 60 1297
4849 56 314
4950 39 4646
4948 44 4060
5050 28 4277
4850 77 1506
4951 60 921
4949 95 2011
5051 54 2688
4851 54 5462
4952 73 1269
4950 87 5275
5052 67 5180
4852 32 4399
4953 90 144
4951 26 2689
5053 72 5442
4853 22 1578
4954 53 5728
4952 53 3395
5054 80 4852
4854 63 3411
4955 19 4096
4953 52 4043
5055 23 2724
4855 49 5905
4956 96 717
4954 55 365
5056 93 3750
4856 78 2559
4957 62 3645
4955 69 1795
5057 62 4570
4857 83 4804
4958 23 5740
4956 39 2681
5058 57 661
4858 18 2068
4959 36 119
4957 17 3289
5059 100 5618
4859 40 1960
4960 17 1807
4958 14 1573
5060 45 4185
4860 23 5531
4961 81 341
4959 28 5172
5061 99 4564
4861 37 5404
4962 88 5502
4960 25 2875
5062 91 3552
4862 46 2252
4963 30 2215
4961 29 4528
5063 99 3443
4863 19 623
4964 81 4382
4962 65 3842
5064 39 612
4864 83 1180
4965 15 4421
4963 77 4822
5065 23 1885
4865 52 883
4966 44 4831
4964 46 2396
5066 25 4595
4866 100 4356
4967 93 5555
4965 34 673
5067 22 5388
4867 56 5675
4968 100 5281
4966 78 505
5068 19 3569
4868 42 5041
4969 37 2432
4967 94 2560
5069 12 5787
4869 75 2818
4970 52 2869
4968 21 1778
5070 72 2545
4870 58 802
4971 41 3880
4969 17 1066
5071 65 3317
4871 27 5108
4972 19 399
4970 19 4236
5072 26 5621
4872 85 3439
4973 27 2731
4971 63 2653
5073 82 5880
4873 37 2064
4974 64 3595
4972 22 3800
5074 50 3737
4874 70 4177
4975 12 4691
4973 93 2701
5075 95 5361
4875 51 5826
4976 18 1891
4974 55 752
5076 75 1126
4876 53 4260
4977 93 1420
4975 19 3133
5077 88 5782
4877 23 2337
4978 21 2430
4976 52 5649
5078 59 2081
4878 17 5616
4979 22 1726
4977 92 3815
5079 92 3716
4879 34 3012
4980 68 5461
4978 39 2175
5080 88 31
4880 17 3722
4981 85 5379
4979 36 3172
5081 53 4225
4881 50 3261
4982 60 1373
4980 90 1555
5082 14 4838
4882 13 3479
4983 11 4378
4981 25 3007
5083 98 4499
4883 24 3421
4984 86 2290
4982 95 4999
5084 99 1896
4884 98 483
4985 10 1325
4983 43 2854
5085 30 830
4885 19 1713
4986 49 2061
4984 65 1796
5086 59 3011
4886 27 5092
4987 14 1531
4985 96 3141
5087 58 4929
4887 65 560
4988 26 2269
4986 47 2427
5088 40 1159
4888 48 86
4989 36 2195
4987 25 3125
5089 79 2631
4889 13 4996
4990 22 5435
4988 92 2546
5090 28 3513
4890 23 3083
4991 85 5410
4989 67 1765
5091 72 4655
4891 59 2654
4992 25 828
4990 94 1751
5092 17 3735
4892 67 5062
4993 73 5264
4991 32 3017
5093 68 5487
4893 55 5912
4994 97 4711
4992 38 5405
5094 70 2445
4894 10 5358
4995 18 2250
4993 82 1972
5095 40 4668
4895 52 760
4996 18 1697
4994 38 2681
5096 69 1586
4896 34 5577
4997 49 372
4995 69 5919
5097 87 661
4897 25 2685
4998 85 1818
4996 41 1664
5098 97 2095
4898 99 4726
4999 35 383
4997 19 1760
5099 95 5775
4899 54 4370
5000 46 4307
4998 30 3954
5100 86 1734
4900 99 911
4999 81 3137
5101 29 4007
4901 18 5344
5002 59 5133
5102 36 1298
4902 82 3854
5003 26 245
5001 90 1384
5103 68 2145
4903 35 1836
5004 15 5478
5002 21 1956
5104 16 1901
4904 31 1523
5005 15 2591
5003 51 20
5105 73 3216
4905 22 3118
5006 22 4837
5004 43 4695
5106 44 5398
4906 20 1102
5007 53 2841
5005 68 5476
5107 34 4745
4907 58 688
5008 87 1925
5006 86 3961
5108 67 5195
4908 35 3066
5009 58 5928
5007 88 178
5109 59 5691
4909 64 1920
5010 52 915
5008 69 4368
5110 92 799
4910 55 4082
5011 70 4467
5009 87 2415
5111 84 3777
4911 84 754
5012 42 2380
5010 88 4077
5112 18 3041
4912 37 3813
5013 85 1251
5011 40 2530
5113 70 4868
4913 39 2533
5014 54 1074
5012 34 885
5114 23 3573
4914 60 2915
5015 100 2141
5013 59 3716
5115 82 1473
4915 16 5680
5016 29 1496
5014 92 3517
5116 22 3743
4916 75 5116
5017 63 5708
5015 44 4328
5117 87 478
4917 72 4905
5018 87 1996
5016 90 5915
5118 35 823
4918 23 5173
5019 84 5290
5017 25 4896
5119 73 1226
4919 40 3320
5020 30 3259
5018 65 1373
5120 47 1706
4920 26 2417
5021 58 1101
5019 72 3998
5121 39 2907
4921 29 3897
5022 77 996
5020 29 837
5122 70 4228
4922 88 654
5023 75 5866
5021 35 5048
5123 87 3826
4923 99 5331
5024 11 5324
5022 28 2703
5124 86 3891
4924 24 2989
5025 55 132
5023 64 194
5125 49 4770
4925 49 4403
5026 60 1738
5024 71 448
5126 84 5878
4926 49 1901
5027 20 5371
5025 61 3808
5127 13 2429
4927 80 5633
5028 25 4118
5026 32 4964
5128 25 5778
4928 42 2980
5029 51 1784
5027 40 887
5129 67 1520
4929 65 5914
5030 69 5592
5028 19 5577
5130 74 962
4930 60 1563
5031 67 1287
5029 69 525
5131 94 1505
4931 19 5765
5032 25 2272
5030 25 4234
5132 24 2641
4932 92 217
5033 69 895
5031 53 2888
5133 74 4083
4933 51 3204
5034 81 1986
5032 20 5729
5134 46 1216
4934 38 2103
5035 83 2745
5033 50 1990
5135 38 2592
4935 47 3437
5036 26 2176
5034 26 388
5136 44 5094
4936 96 583
5037 94 2065
5035 19 280
5137 53 4298
4937 78 4363
5038 85 2695
5036 47 5488
5138 79 5656
4938 15 49
5039 38 2005
5037 15 4874
5139 58 5733
4939 70 217
5040 78 1159
5038 32 1173
5140 63 1955
4940 79 1643
5041 29 1321
5039 82 128
5141 76 2438
4941 74 4820
5042 78 3359
5040 94 196
5142 99 881
4942 29 2085
5043 46 2441
5041 64 2858
5143 47 4156
4943 19 987
5044 94 4530
5042 23 4148
5144 72 3950
4944 87 4194
5045 57 2382
5043 57 2497
5145 16 2714
4945 55 169
5046 92 170
5044 32 4932
5146 28 3416
4946 19 3488
5047 95 95
5045 41 3894
5147 91 3139
4947 57 908
5048 11 2922
5046 94 2402
5148 41 4730
4948 47 4577
5049 83 4782
5047 22 1947
5149 72 4036
4949 34 3991
5050 29 3398
5048 23 2674
5150 93 2842
4950 67 3624
5051 26 5152
5049 84 4278
5151 18 2901
4951 23 5590
5052 54 3302
5050 84 4801
5152 90 4794
4952 92 5286
5053 98 2711
5051 30 5400
5153 78 247
4953 10 1031
5054 75 549
5052 92 4368
5154 75 4797
4954 83 5498
5055 44 3626
5053 35 2596
5155 24 3416
4955 56 1788
5056 59 1755
5054 21 5844
5156 36 2926
4956 39 5199
5057 95 105
5055 55 2376
5157 22 5299
4957 52 5528
5058 50 5762
5056 18 825
5158 38 1479
4958 30 5610
5059 12 1191
5057 94 852
5159 38 3529
4959 57 505
5060 67 210
5058 91 2863
5160 36 3945
4960 45 3915
5061 80 5249
5059 59 429
5161 48 2279
4961 39 272
5062 73 735
5060 36 3720
5162 92 3484
4962 80 1802
5063 27 1374
5061 25 163
5163 26 407
4963 50 5229
5064 93 5211
5062 21 4469
5164 64 729
4964 97 1545
5065 66 4743
5063 71 4102
5165 73 4126
4965 100 3372
5066 76 2245
5064 35 558
5166 93 5191
4966 93 4919
5067 28 4093
5065 29 475
5167 97 782
4967 89 4703
5068 13 3902
5066 30 5874
5168 39 5
4968 86 2467
5069 53 3595
5067 27 2834
5169 33 419
4969 21 4026
5070 63 2460
5068 17 640
5170 92 5698
4970 59 1932
5071 78 4392
5069 30 900
5171 34 1358
4971 83 115
5072 90 3856
5070 10 3582
5172 86 593
4972 91 5168
5073 75 2398
5071 86 4345
5173 33 4609
4973 29 4278
5074 49 1201
5072 75 1680
5174 64 5516
4974 27 4223
5075 80 5704
5073 46 521
5175 88 1559
4975 35 1254
5076 75 4425
5074 79 1629
5176 39 618
4976 21 3138
5077 22 2404
5075 60 2217
5177 34 2290
4977 50 264
5078 87 5220
5076 90 2488
5178 65 1101
4978 52 130
5079 60 4671
5077 30 338
5179 70 666
4979 98 181
5080 21 4701
5078 98 460
5180 18 1034
4980 83 858
5081 82 2529
5079 95 5830
5181 57 5863
4981 52 673
5082 80 3040
5080 61 5749
5182 41 276
4982 57 1307
5083 92 2276
5081 74 2326
5183 68 5680
4983 64 4594
5084 59 3792
5082 40 2318
5184 96 3954
4984 91 2013
5085 37 5319
5083 41 1741
5185 13 910
4985 85 139
5086 48 3137
5084 98 1675
5186 58 5852
4986 47 5331
5087 45 3463
5085 15 5620
5187 88 721
4987 11 36
5088 64 3296
5086 78 4761
5188 88 1174
4988 42 5668
5089 95 596
5087 90 4810
5189 29 5920
4989 60 1764
5090 58 2441
5088 53 3165
5190 72 4645
4990 48 2684
5091 44 1914
5089 32 3649
5191 73 2311
4991 78 3291
5092 73 1643
5090 22 800
5192 67 4153
4992 32 2932
5093 48 2141
5091 23 1446
5193 53 941
4993 49 5310
5094 77 5696
5092 37 4537
5194 86 4140
4994 28 5053
5095 57 5548
5093 15 5595
5195 41 12
4995 17 4891
5096 27 4229
5094 93 1076
5196 20 1396
4996 64 4361
5097 88 1802
5095 93 943
5197 19 769
4997 18 2543
5098 21 5897
5096 37 1592
5198 75 1221
4998 88 709
5099 88 1474
5097 47 5156
5199 80 211
4999 44 765
5100 76 4221
5098 50 4273
5200 79 4387
5000 33 5658
5099 30 4619
5201 85 1511
5001 25 2766
5102 99 2222
5202 26 2932
5002 21 4584
5103 93 3796
5101 18 5029
5203 19 5922
5003 56 471
5104 68 4715
5102 11 5256
5204 100 4822
5004 78 1705
5105 59 3938
5103 15 4999
5205 45 1646
5005 44 1732
5106 50 2338
5104 81 4628
5206 97 1055
5006 81 1025
5107 12 5183
5105 96 1481
5207 61 3179
5007 36 4290
5108 24 2077
5106 57 5494
5208 68 2347
5008 65 4501
5109 55 4996
5107 99 5036
5209 36 2968
5009 11 4815
5110 26 553
5108 12 1407
5210 36 1459
5010 55 2617
5111 43 2854
5109 74 3292
5211 96 4024
5011 36 5935
5112 53 1787
5110 52 5209
5212 100 5507
5012 40 2596
5113 68 389
5111 33 5406
5213 47 2123
5013 53 1783
5114 11 1231
5112 98 459
5214 68 5234
5014 36 2134
5115 50 1785
5113 89 5740
5215 16 4909
5015 88 495
5116 52 663
5114 22 3559
5216 53 4873
5016 90 1949
5117 13 4364
5115 61 4895
5217 67 4310
5017 55 3620
5118 43 5122
5116 100 147
5218 86 5209
5018 20 898
5119 60 780
5117 47 5785
5219 76 328
5019 96 2884
5120 56 2446
5118 43 4578
5220 34 649
5020 32 1420
5121 56 2395
5119 19 1452
5221 69 3981
5021 43 1791
5122 39 5032
5120 13 105
5222 82 4960
5022 48 5222
5123 51 2155
5121 100 5936
5223 51 1336
5023 33 4804
5124 38 4986
5122 79 3425
5224 98 4039
5024 82 3906
5125 59 226
5123 19 660
5225 29 2974
5025 82 4272
5126 47 4569
5124 43 2229
5226 93 2787
5026 44 4390
5127 18 5567
5125 81 2476
5227 56 3492
5027 75 4458
5128 67 760
5126 81 2630
5228 65 4145
5028 33 2850
5129 95 5484
5127 48 5311
5229 79 5475
5029 49 4931
5130 98 3216
5128 49 2042
5230 47 5377
5030 28 5755
5131 22 5496
5129 55 736
5231 51 3483
5031 66 1199
5132 69 3819
5130 99 4565
5232 33 1163
5032 70 5754
5133 91 4407
5131 44 3906
5233 84 3136
5033 80 3514
5134 35 2996
5132 27 3760
5234 71 597
5034 74 3190
5135 94 4997
5133 21 2836
5235 15 3316
5035 97 3738
5136 51 1389
5134 15 1536
5236 10 1348
5036 98 2272
5137 80 2408
5135 28 3047
5237 80 5563
5037 79 3686
5138 89 484
5136 80 515
5238 66 4956
5038 83 2991
5139 67 564
5137 51 1634
5239 93 5648
5039 96 3641
5140 93 3849
5138 38 1142
5240 77 50
5040 62 4900
5141 34 2470
5139 55 3725
5241 96 800
5041 15 102
5142 31 4506
5140 86 768
5242 20 3210
5042 49 3473
5143 39 1922
5141 26 5813
5243 75 4904
5043 18 5393
5144 99 284
5142 97 4434
5244 54 1719
5044 79 176
5145 34 5580
5143 10 5073
5245 87 2276
5045 59 1073
5146 12 336
5144 54 5833
5246 10 3462
5046 57 5650
5147 79 3078
5145 86 5919
5247 72 450
5047 33 2022
5148 56 3706
5146 33 3667
5248 53 1076
5048 55 1208
5149 15 1077
5147 32 870
5249 33 182
5049 99 2591
5150 92 5431
5148 78 4892
5250 97 2980
5050 64 444
5151 94 4739
5149 89 3465
5251 67 2393
5051 45 57
5152 47 4800
5150 85 1720
5252 29 4727
5052 72 5124
5153 25 5746
5151 95 5679
5253 45 2002
5053 74 5013
5154 96 571
5152 24 121
5254 13 594
5054 25 808
5155 56 5311
5153 44 3315
5255 32 4364
5055 69 3951
5156 92 1430
5154 17 2757
5256 47 4915
5056 40 5812
5157 90 4653
5155 54 5578
5257 37 739
5057 70 4395
5158 71 1445
5156 87 620
5258 26 2266
5058 28 41
5159 13 1173
5157 36 1663
5259 77 918
5059 48 5190
5160 33 4021
5158 68 872
5260 13 2730
5060 11 414
5161 68 5716
5159 73 1268
5261 28 3685
5061 53 3093
5162 60 1878
5160 92 3477
5262 52 905
5062 64 4874
5163 61 5470
5161 76 4950
5263 81 2661
5063 18 1776
5164 67 1818
5162 93 711
5264 35 166
5064 67 4909
5165 43 40
5163 72 911
5265 41 67
5065 19 970
5166 84 588
5164 44 2212
5266 65 2036
5066 18 475
5167 73 4960
5165 43 1311
5267 48 3243
5067 83 3684
5168 86 645
5166 60 607
5268 53 115
5068 29 1959
5169 81 1110
5167 83 5504
5269 62 4068
5069 61 4185
5170 83 4946
5168 59 5336
5270 40 514
5070 16 4725
5171 21 740
5169 57 988
5271 65 850
5071 17 4897
5172 84 3085
5170 28 3968
5272 57 3218
5072 96 2962
5173 66 1085
5171 48 5466
5273 90 4682
5073 81 91
5174 72 231
5172 65 3609
5274 67 1145
5074 60 5571
5175 80 5897
5173 99 5587
5275 50 621
5075 73 2147
5176 46 1743
5174 90 1031
5276 28 1365
5076 25 3538
5177 61 5852
5175 96 3893
5277 80 5010
5077 34 5413
5178 56 5717
5176 78 3231
5278 23 3484
5078 49 700
5179 62 5161
5177 14 466
5279 29 4779
5079 62 868
5180 92 5782
5178 19 5066
5280 23 1230
5080 49 1046
5181 92 1668
5179 19 3415
5281 17 1801
5081 90 3548
5182 33 1952
5180 10 2183
5282 76 4702
5082 80 2946
5183 49 1853
5181 26 4427
5283 52 1856
5083 36 4922
5184 97 1498
5182 96 4696
5284 52 356
5084 20 2957
5185 59 3661
5183 54 5597
5285 81 518
5085 29 1378
5186 80 1397
5184 26 4852
5286 34 2231
5086 44 3050
5187 93 4904
5185 86 3781
5287 28 1775
5087 61 280
5188 69 5519
5186 54 621
5288 96 4142
5088 87 99
5189 29 2280
5187 68 2527
5289 71 2753
5089 27 3482
5190 99 4432
5188 32 4389
5290 81 593
5090 24 3243
5191 96 1893
5189 54 1631
5291 53 2641
5091 54 3080
5192 75 229
5190 91 5219
5292 92 4069
5092 56 3085
5193 21 4384
5191 69 134
5293 54 4906
5093 16 2313
5194 54 4659
5192 90 3394
5294 72 1773
5094 21 3489
5195 36 3394
5193 59 5236
5295 25 2759
5095 62 115
5196 24 5022
5194 82 1737
5296 24 1084
5096 25 1502
5197 24 5348
5195 38 984
5297 44 4309
5097 83 2156
5198 76 2107
5196 100 5089
5298 67 5526
5098 43 3093
5199 13 4182
5197 81 2389
5299 34 191
5099 30 4516
5200 77 1454
5198 49 2330
5300 86 3917
5100 98 3107
5199 58 2697
5301 40 1341
5101 35 3805
5202 31 1397
5302 86 2605
5102 66 3870
5203 85 1265
5201 87 2299
5303 99 3360
5103 22 3992
5204 10 454
5202 100 2031
5304 99 3813
5104 54 2336
5205 11 3017
5203 71 4948
5305 12 1873
5105 75 1850
5206 16 1208
5204 27 2434
5306 19 4342
5106 33 3034
5207 60 3849
5205 84 5192
5307 29 1964
5107 53 308
5208 13 2475
5206 28 4676
5308 68 4725
5108 41 2990
5209 84 2572
5207 62 4129
5309 36 5232
5109 76 5669
5210 74 1072
5208 78 27
5310 67 5360
5110 56 1068
5211 75 2650
5209 50 3504
5311 22 4193
5111 28 5733
5212 88 1334
5210 60 2599
5312 82 3372
5112 93 4715
5213 14 3525
5211 75 850
5313 81 2716
5113 19 89
5214 57 3890
5212 95 4149
5314 69 4655
5114 65 5249
5215 72 2261
5213 59 4671
5315 85 2457
5115 67 3646
5216 85 597
5214 52 3307
5316 27 2603
5116 74 5812
5217 46 4945
5215 63 827
5317 32 2853
5117 25 3925
5218 52 5337
5216 40 2474
5318 75 2114
5118 68 4842
5219 83 1582
5217 73 413
5319 61 3541
5119 50 1773
5220 14 987
5218 35 1868
5320 92 1264
5120 60 3697
5221 68 5319
5219 93 1794
5321 44 20
5121 96 5078
5222 49 3317
5220 22 4138
5322 86 4873
5122 59 4082
5223 33 900
5221 65 2753
5323 46 1304
5123 48 5726
5224 74 3237
5222 99 4494
5324 15 2233
5124 77 294
5225 90 1772
5223 61 4008
5325 12 3948
5125 27 5689
5226 73 2215
5224 57 2911
5326 65 2518
5126 84 5703
5227 47 4729
5225 20 3347
5327 98 1224
5127 34 3643
5228 35 4274
5226 60 1531
5328 36 3036
5128 18 2761
5229 25 4520
5227 43 3319
5329 38 3807
5129 19 2896
5230 76 3558
5228 91 3113
5330 68 83
5130 61 653
5231 27 4197
5229 40 3210
5331 100 3197
5131 32 4075
5232 13 4843
5230 94 4381
5332 51 1582
5132 48 2031
5233 82 5287
5231 87 1922
5333 28 3139
5133 81 3371
5234 14 5222
5232 17 3589
5334 20 2592
5134 44 2651
5235 98 188
5233 90 3953
5335 93 1391
5135 36 2780
5236 85 2553
5234 23 4167
5336 45 1795
5136 57 665
5237 12 5570
5235 20 1019
5337 66 4830
5137 13 1041
5238 44 4186
5236 53 4364
5338 26 1673
5138 84 1137
5239 60 4533
5237 71 1686
5339 90 3694
5139 68 1927
5240 84 4242
5238 64 1662
5340 74 509
5140 40 5780
5241 49 5516
5239 41 5093
5341 24 1283
5141 18 1392
5242 58 4889
5240 23 1316
5342 32 1649
5142 79 180
5243 55 1810
5241 91 3817
5343 53 4101
5143 55 4093
5244 18 3930
5242 82 1831
5344 64 239
5144 11 2932
5245 34 4463
5243 62 1421
5345 76 2509
5145 54 3654
5246 11 784
5244 14 3580
5346 67 5293
5146 36 4830
5247 34 2620
5245 54 5116
5347 36 2991
5147 67 5383
5248 96 3126
5246 91 3868
5348 65 2510
5148 61 2295
5249 46 5925
5247 57 2642
5349 26 5798
5149 42 1363
5250 21 3405
5248 91 4270
5350 99 4082
5150 79 4804
5251 62 1204
5249 57 2337
5351 37 4436
5151 87 3765
5252 36 2594
5250 27 5292
5352 30 384
5152 39 5426
5253 32 1803
5251 33 4189
5353 16 5720
5153 71 1567
5254 23 5706
5252 27 5169
5354 79 782
5154 78 5563
5255 98 211
5253 14 5900
5355 91 5569
5155 92 1068
5256 51 1602
5254 38 1558
5356 18 2328
5156 20 985
5257 39 3009
5255 64 3549
5357 46 5162
5157 23 3655
5258 82 1415
5256 64 5863
5358 76 761
5158 89 3849
5259 24 349
5257 76 2380
5359 80 5025
5159 29 185
5260 61 4037
5258 77 4436
5360 93 2504
5160 26 2802
5261 59 70
5259 14 3850
5361 68 3588
5161 93 4775
5262 71 4394
5260 13 3612
5362 100 1496
5162 32 2553
5263 23 3670
5261 59 492
5363 92 657
5163 28 305
5264 13 2850
5262 57 2836
5364 86 4610
5164 22 4364
5265 24 2184
5263 35 4876
5365 87 1287
5165 83 1294
5266 99 1765
5264 91 2696
5366 56 1156
5166 76 5473
5267 36 3077
5265 29 4543
5367 61 2468
5167 43 5527
5268 50 5778
5266 47 2423
5368 87 3351
5168 48 3113
5269 31 3064
5267 55 3627
5369 77 2291
5169 40 5811
5270 65 1614
5268 19 3925
5370 63 2002
5170 17 3121
5271 96 959
5269 43 3170
5371 73 2274
5171 58 5278
5272 60 744
5270 89 17
5372 74 2467
5172 17 3934
5273 21 5711
5271 49 5788
5373 77 3094
5173 27 1530
5274 53 2036
5272 78 1907
5374 43 5450
5174 19 3259
5275 59 2379
5273 92 2984
5375 11 984
5175 62 4742
5276 15 5258
5274 45 2644
5376 63 1059
5176 91 120
5277 17 5019
5275 75 2929
5377 70 526
5177 88 764
5278 66 4872
5276 50 5914
5378 53 4267
5178 63 4717
5279 31 864
5277 34 30
5379 55 3199
5179 39 3103
5280 82 4520
5278 23 529
5380 85 1690
5180 17 29
5281 34 3585
5279 74 5409
5381 75 5358
5181 25 4324
5282 10 2829
5280 74 4122
5382 31 227
5182 45 4234
5283 28 5742
5281 98 4821
5383 83 1561
5183 70 4538
5284 26 4925
5282 52 5588
5384 79 4094
5184 10 1015
5285 22 2347
5283 72 4663
5385 76 5653
5185 26 5150
5286 10 2395
5284 13 2089
5386 17 3321
5186 64 1400
5287 99 3861
5285 89 5224
5387 35 5373
5187 74 1566
5288 83 5177
5286 95 5525
5388 33 663
5188 98 3579
5289 91 5465
5287 67 456
5389 87 4784
5189 51 1416
5290 70 4881
5288 78 5049
5390 66 3915
5190 11 3403
5291 74 4322
5289 34 5676
5391 78 585
5191 84 3133
5292 40 52
5290 100 4576
5392 14 950
5192 96 4698
5293 58 1329
5291 87 2859
5393 26 2928
5193 78 3546
5294 76 3542
5292 62 3878
5394 33 5337
5194 94 2644
5295 47 5388
5293 98 1760
5395 79 5689
5195 25 1690
5296 70 3785
5294 85 5016
5396 35 5759
5196 59 5737
5297 69 672
5295 27 2798
5397 99 4412
5197 96 5795
5298 57 1687
5296 87 4389
5398 35 148
5198 40 102
5299 87 4688
5297 21 3858
5399 28 1576
5199 30 3560
5300 55 4341
5298 100 1503
5400 29 3668
5200 85 2967
5299 34 2023
5401 24 4893
5201 72 799
5302 98 602
5402 11 566
5202 48 4915
5303 30 1509
5301 25 3064
5403 37 5615
5203 30 280
5304 27 4215
5302 34 4611
5404 10 3230
5204 82 2197
5305 70 5799
5303 26 3
5405 16 5371
5205 42 879
5306 81 1867
5304 81 63
5406 41 816
5206 39 1641
5307 45 384
5305 32 3843
5407 47 3948
5207 24 5039
5308 16 1153
5306 38 3990
5408 45 4846
5208 36 3232
5309 33 2455
5307 84 3270
5409 54 4990
5209 37 2531
5310 59 1495
5308 70 4952
5410 56 5281
5210 14 3548
5311 35 2885
5309 54 3558
5411 22 4279
5211 26 3939
5312 40 1215
5310 57 4332
5412 97 3603
5212 60 5463
5313 96 5542
5311 13 4764
5413 81 951
5213 58 4972
5314 26 5012
5312 67 3545
5414 26 3227
5214 59 822
5315 55 4666
5313 34 1600
5415 77 2450
5215 15 587
5316 34 5153
5314 43 1952
5416 42 3252
5216 37 837
5317 20 5355
5315 32 5438
5417 65 4936
5217 49 5684
5318 76 2092
5316 92 1391
5418 44 2134
5218 81 568
5319 17 2755
5317 69 5081
5419 16 2319
5219 24 5104
5320 71 2305
5318 64 1240
5420 14 4515
5220 21 4645
5321 20 770
5319 97 4379
5421 86 753
5221 59 1142
5322 86 2845
5320 34 585
5422 31 3626
5222 41 2057
5323 40 3914
5321 57 3944
5423 85 88
5223 22 5774
5324 84 5006
5322 81 5801
5424 11 2928
5224 16 1953
5325 27 612
5323 17 2538
5425 17 5174
5225 60 2470
5326 100 5052
5324 49 1994
5426 17 3343
5226 74 5666
5327 14 1902
5325 53 2967
5427 28 3805
5227 68 1193
5328 87 4242
5326 68 3750
5428 21 5599
5228 27 5550
5329 75 1849
5327 46 1075
5429 77 5337
5229 67 753
5330 54 5093
5328 55 489
5430 69 227
5230 77 1516
5331 57 4768
5329 65 2059
5431 19 2672
5231 22 4233
5332 90 5828
5330 79 5124
5432 88 5528
5232 31 2142
5333 77 3411
5331 76 85
5433 26 3758
5233 19 5788
5334 28 2500
5332 97 4242
5434 62 2850
5234 52 830
5335 10 3933
5333 82 5829
5435 39 4036
5235 60 4974
5336 46 4320
5334 63 1425
5436 58 995
5236 20 402
5337 57 114
5335 37 57
5437 87 449
5237 55 1079
5338 55 5139
5336 14 14
5438 44 2867
5238 35 4516
5339 46 3142
5337 68 597
5439 30 2795
5239 34 272
5340 29 5519
5338 57 5819
5440 64 4717
5240 57 452
5341 20 635
5339 73 442
5441 94 5793
5241 57 972
5342 78 1808
5340 84 5596
5442 30 5933
5242 15 4903
5343 57 5333
5341 44 5038
5443 30 5313
5243 16 2092
5344 60 1117
5342 63 1969
5444 90 4637
5244 18 4841
5345 11 3534
5343 73 1288
5445 69 1553
5245 28 637
5346 27 1333
5344 48 4002
5446 93 5792
5246 97 1912
5347 80 2432
5345 37 3277
5447 13 1068
5247 24 1256
5348 58 3380
5346 52 3374
5448 70 4325
5248 81 4090
5349 11 3359
5347 54 3954
5449 29 4664
5249 90 5865
5350 72 3841
5348 44 3294
5450 48 1825
5250 29 3505
5351 42 3868
5349 26 3338
5451 34 5809
5251 89 2395
5352 54 3810
5350 93 5073
5452 10 4506
5252 65 3456
5353 59 1822
5351 69 1401
5453 85 2618
5253 10 3195
5354 48 5934
5352 47 2074
5454 27 3211
5254 88 987
5355 11 3858
5353 28 2700
5455 60 817
5255 100 1253
5356 47 5209
5354 28 5795
5456 23 662
5256 82 4186
5357 14 1269
5355 32 3133
5457 38 1458
5257 55 4582
5358 19 4178
5356 66 5920
5458 28 1899
5258 52 4978
5359 61 1577
5357 14 3728
5459 65 603
5259 47 3058
5360 23 70
5358 70 851
5460 48 3906
5260 78 2127
5361 81 3787
5359 16 3711
5461 32 4559
5261 47 367
5362 87 3363
5360 76 4488
5462 31 1400
5262 93 3171
5363 66 255
5361 37 548
5463 43 1304
5263 89 23
5364 55 1863
5362 64 4231
5464 55 3769
5264 64 3997
5365 29 3601
5363 20 1777
5465 15 344
5265 80 4017
5366 45 2237
5364 22 4259
5466 59 2581
5266 12 4534
5367 55 2316
5365 48 4147
5467 12 822
5267 79 3078
5368 70 3754
5366 57 4573
5468 83 3266
5268 92 162
5369 42 5792
5367 84 3840
5469 44 3775
5269 88 4105
5370 86 5101
5368 83 2849
5470 80 356
5270 34 4147
5371 43 1785
5369 17 1273
5471 85 4544
5271 75 4481
5372 28 732
5370 55 3237
5472 88 2090
5272 17 2366
5373 45 191
5371 24 1626
5473 100 2445
5273 72 3437
5374 38 2225
5372 26 1940
5474 35 1402
5274 90 2703
5375 58 2490
5373 99 4223
5475 72 53
5275 33 1396
5376 52 4952
5374 30 2532
5476 65 4312
5276 66 1459
5377 70 3638
5375 71 5128
5477 25 2446
5277 13 4328
5378 23 5308
5376 95 3721
5478 54 4430
5278 30 2261
5379 95 4910
5377 17 5049
5479 40 5240
5279 84 731
5380 64 3506
5378 98 1584
5480 44 5172
5280 78 2218
5381 68 1132
5379 79 5596
5481 24 2248
5281 87 3
5382 44 5183
5380 51 2774
5482 38 5801
5282 66 2276
5383 55 2344
5381 31 330
5483 35 4215
5283 16 1491
5384 13 1368
5382 59 5443
5484 87 600
5284 52 972
5385 34 5406
5383 73 5062
5485 55 5924
5285 14 1970
5386 26 4395
5384 36 2191
5486 20 5096
5286 49 2134
5387 74 4591
5385 88 2932
5487 16 1702
5287 22 2301
5388 95 4202
5386 63 1630
5488 95 5804
5288 57 5630
5389 52 1014
5387 90 1648
5489 54 1443
5289 71 4371
5390 77 3110
5388 41 1203
5490 97 5707
5290 83 2035
5391 90 978
5389 16 5029
5491 13 3790
5291 89 2445
5392 53 2195
5390 65 4998
5492 78 1926
5292 84 2446
5393 67 808
5391 41 3435
5493 47 5509
5293 22 4837
5394 24 1950
5392 83 3615
5494 65 5558
5294 94 996
5395 31 2765
5393 76 4720
5495 75 5569
5295 22 904
5396 42 5215
5394 89 3490
5496 90 3807
5296 84 110
5397 23 5780
5395 18 3447
5497 84 897
5297 43 4201
5398 16 3238
5396 75 1583
5498 75 2221
5298 33 3012
5399 82 986
5397 35 5689
5499 53 5532
5299 77 110
5400 82 4828
5398 67 132
5500 48 1155
5300 16 4164
5399 55 1879
5501 99 5398
5301 51 4527
5402 96 4297
5502 34 3024
5302 56 3352
5403 29 3250
5401 47 1533
5503 59 4815
5303 54 3583
5404 73 1241
5402 12 2287
5504 93 4844
5304 74 1017
5405 25 5747
5403 21 3943
5505 34 107
5305 85 1741
5406 59 4085
5404 26 4554
5506 54 3942
5306 50 5923
5407 64 3474
5405 84 3974
5507 100 1736
5307 51 3512
5408 63 833
5406 26 1592
5508 82 1689
5308 30 5822
5409 14 4101
5407 73 1016
5509 54 3683
5309 87 1824
5410 15 3686
5408 46 4879
5510 64 5342
5310 52 1540
5411 80 3126
5409 46 4957
5511 15 5216
5311 34 2004
5412 27 2775
5410 11 4859
5512 79 3441
5312 72 2744
5413 65 5843
5411 23 4023
5513 29 3770
5313 35 3784
5414 66 4112
5412 76 221
5514 74 268
5314 90 1730
5415 58 378
5413 61 1342
5515 92 4573
5315 35 1206
5416 95 2177
5414 76 4558
5516 16 3808
5316 37 4697
5417 21 4060
5415 100 3774
5517 44 1715
5317 58 1382
5418 75 1199
5416 35 4053
5518 36 4072
5318 61 1117
5419 43 2063
5417 32 466
5519 87 5251
5319 75 1076
5420 67 1830
5418 11 3837
5520 90 768
5320 77 2118
5421 41 5537
5419 15 1052
5521 65 111
5321 36 4831
5422 38 4843
5420 27 2527
5522 23 3678
5322 38 4216
5423 65 5901
5421 76 194
5523 78 4360
5323 52 2345
5424 92 4990
5422 42 108
5524 75 3705
5324 85 3435
5425 25 2919
5423 79 2342
5525 98 4632
5325 39 5497
5426 79 4926
5424 45 2389
5526 23 2363
5326 23 648
5427 69 2493
5425 76 5867
5527 89 3780
5327 14 5277
5428 46 3601
5426 98 1996
5528 38 4133
5328 54 431
5429 82 3103
5427 61 1659
5529 53 5807
5329 98 1146
5430 85 2039
5428 92 1448
5530 76 2302
5330 52 1772
5431 27 5758
5429 38 1908
5531 41 3178
5331 82 4004
5432 61 2103
5430 58 1425
5532 85 5297
5332 72 2762
5433 64 3891
5431 80 1961
5533 86 4602
5333 24 5864
5434 88 3229
5432 81 1983
5534 44 743
5334 98 1136
5435 93 2721
5433 41 4783
5535 91 4086
5335 30 1755
5436 17 2378
5434 44 2384
5536 24 5489
5336 19 1434
5437 39 4973
5435 65 2040
5537 12 226
5337 98 4837
5438 80 5539
5436 16 893
5538 54 2299
5338 89 849
5439 49 2552
5437 74 4408
5539 46 137
5339 18 2060
5440 48 4235
5438 69 4942
5540 50 3370
5340 37 1616
5441 26 4433
5439 56 3051
5541 58 3096
5341 25 3459
5442 34 3196
5440 73 3636
5542 80 5536
5342 38 18
5443 18 5395
5441 33 923
5543 20 4964
5343 39 3790
5444 45 1814
5442 47 2481
5544 84 2571
5344 95 2616
5445 96 3591
5443 11 5840
5545 84 4431
5345 36 2712
5446 21 4857
5444 91 1101
5546 33 933
5346 51 2730
5447 13 4701
5445 55 1018
5547 63 5939
5347 70 2965
5448 79 2581
5446 45 1422
5548 38 1192
5348 34 133
5449 97 805
5447 20 4272
5549 32 3841
5349 10 3876
5450 79 1410
5448 12 2032
5550 22 297
5350 11 4187
5451 29 3009
5449 63 1310
5551 91 227
5351 25 5708
5452 30 1005
5450 67 4955
5552 20 2759
5352 74 5513
5453 76 1803
5451 96 4259
5553 92 4856
5353 61 2593
5454 91 3257
5452 15 2283
5554 61 4357
5354 33 4797
5455 65 4035
5453 19 87
5555 81 2369
5355 94 2246
5456 62 524
5454 20 3066
5556 13 586
5356 40 187
5457 79 2639
5455 51 5810
5557 16 5044
5357 73 2322
5458 35 1322
5456 67 4092
5558 99 2480
5358 64 3998
5459 23 3136
5457 66 889
5559 98 5168
5359 61 883
5460 90 4302
5458 34 3233
5560 34 2425
5360 66 1562
5461 27 917
5459 20 3886
5561 78 4063
5361 43 5064
5462 70 5671
5460 66 503
5562 40 5145
5362 72 4198
5463 46 4070
5461 86 3842
5563 30 4990
5363 100 3078
5464 93 1840
5462 75 188
5564 69 5573
5364 66 3238
5465 54 5400
5463 61 3804
5565 42 5581
5365 10 904
5466 47 2166
5464 65 2380
5566 29 867
5366 62 1848
5467 88 4337
5465 10 3108
5567 72 1691
5367 91 3933
5468 98 4047
5466 53 2234
5568 10 5310
5368 37 5532
5469 59 2164
5467 94 721
5569 42 2317
5369 10 85
5470 98 970
5468 17 4657
5570 38 5693
5370 25 980
5471 85 4048
5469 71 5631
5571 29 2775
5371 71 179
5472 78 1184
5470 31 4058
5572 48 2717
5372 59 5925
5473 100 1175
5471 99 3816
5573 59 5324
5373 14 4781
5474 51 4620
5472 52 1943
5574 44 4033
5374 68 4379
5475 50 1231
5473 46 3282
5575 28 242
5375 56 5805
5476 11 5109
5474 93 720
5576 99 4554
5376 45 3745
5477 49 4182
5475 16 721
5577 49 4389
5377 45 5187
5478 90 2542
5476 46 840
5578 82 3821
5378 39 3578
5479 66 5272
5477 44 1876
5579 33 4520
5379 89 4695
5480 96 4604
5478 100 5326
5580 71 5035
5380 94 746
5481 95 3894
5479 51 2222
5581 90 1758
5381 18 4254
5482 50 3724
5480 39 5329
5582 46 5542
5382 28 5829
5483 32 3600
5481 46 2329
5583 80 2380
5383 85 2283
5484 80 3478
5482 17 893
5584 11 2429
5384 55 176
5485 85 2886
5483 66 1909
5585 61 5385
5385 25 4862
5486 34 5592
5484 32 3664
5586 77 1395
5386 27 1614
5487 16 5111
5485 23 1926
5587 16 3118
5387 67 1169
5488 21 2697
5486 14 3840
5588 70 3692
5388 93 3325
5489 80 3768
5487 90 651
5589 11 791
5389 63 3219
5490 18 59
5488 56 829
5590 39 13
5390 84 3175
5491 51 275
5489 97 4749
5591 12 4602
5391 37 1805
5492 42 2768
5490 30 5268
5592 77 4934
5392 21 5539
5493 39 4777
5491 18 1373
5593 71 1281
5393 14 5704
5494 25 2127
5492 39 4246
5594 30 5347
5394 74 2513
5495 54 4664
5493 19 2189
5595 70 666
5395 13 5519
5496 29 1012
5494 27 3696
5596 77 778
5396 76 2811
5497 56 1310
5495 82 420
5597 60 3547
5397 33 1364
5498 21 5883
5496 45 3852
5598 97 183
5398 76 4107
5499 45 2030
5497 23 5489
5599 45 4265
5399 42 5526
5500 38 1969
5498 55 2075
5600 23 336
5400 23 3146
5499 80 4822
5601 61 2425
5401 29 1936
5502 46 2705
5602 67 5739
5402 27 3460
5503 59 4945
5501 73 1360
5603 87 2857
5403 15 1952
5504 77 2401
5502 55 1469
5604 39 5871
5404 91 2993
5505 82 837
5503 32 2039
5605 23 3343
5405 36 3925
5506 52 2635
5504 56 450
5606 96 3627
5406 39 3449
5507 84 2758
5505 90 5157
5607 70 5584
5407 14 2361
5508 97 1390
5506 88 632
5608 98 1101
5408 60 216
5509 73 561
5507 97 4494
5609 84 4014
5409 73 798
5510 41 2183
5508 91 468
5610 25 501
5410 51 5519
5511 29 2000
5509 91 1501
5611 77 4652
5411 89 410
5512 17 1356
5510 15 3408
5612 12 1218
5412 32 5136
5513 47 2153
5511 36 2658
5613 88 4824
5413 17 4794
5514 89 282
5512 42 4312
5614 49 5813
5414 49 519
5515 82 2122
5513 58 5328
5615 40 3625
5415 57 5390
5516 77 4947
5514 36 2508
5616 18 4330
5416 16 623
5517 55 5646
5515 72 1981
5617 30 4579
5417 100 2183
5518 75 4525
5516 31 3225
5618 48 3247
5418 69 5715
5519 30 4489
5517 23 4886
5619 47 1714
5419 86 2460
5520 29 5295
5518 88 1580
5620 57 5525
5420 77 847
5521 53 2501
5519 68 5686
5621 26 4572
5421 84 4522
5522 50 2022
5520 35 4606
5622 42 2232
5422 87 4731
5523 11 3749
5521 22 2920
5623 19 2397
5423 76 2713
5524 56 1207
5522 15 27
5624 85 5446
5424 70 1046
5525 44 733
5523 44 4200
5625 86 2237
5425 90 676
5526 10 1109
5524 74 2985
5626 16 2484
5426 62 3434
5527 73 3578
5525 77 4735
5627 33 1983
5427 82 3414
5528 92 5685
5526 15 4551
5628 55 2690
5428 38 1921
5529 60 4187
5527 80 2212
5629 82 2086
5429 72 2543
5530 86 2553
5528 64 3407
5630 20 4533
5430 48 2605
5531 39 1189
5529 41 116
5631 44 1559
5431 12 3738
5532 64 5513
5530 55 2870
5632 58 254
5432 43 1581
5533 74 1374
5531 40 4904
5633 47 1440
5433 87 4479
5534 35 928
5532 18 1969
5634 27 4487
5434 77 4061
5535 20 99
5533 40 4665
5635 68 1353
5435 98 176
5536 17 374
5534 42 4069
5636 76 4654
5436 65 4250
5537 46 1659
5535 51 2123
5637 84 1953
5437 35 4707
5538 84 5264
5536 64 658
5638 39 1833
5438 22 5611
5539 68 3230
5537 70 287
5639 19 4832
5439 12 1232
5540 79 1649
5538 42 2989
5640 23 2205
5440 93 3003
5541 15 3221
5539 52 2809
5641 96 1484
5441 32 5928
5542 31 5136
5540 61 3162
5642 17 5275
5442 54 4598
5543 96 4363
5541 30 3175
5643 10 5534
5443 81 3685
5544 24 1766
5542 45 4781
5644 25 4133
5444 54 1680
5545 11 1887
5543 97 5304
5645 35 4769
5445 41 4310
5546 86 3045
5544 80 5438
5646 74 1381
5446 48 5465
5547 40 4022
5545 46 3731
5647 86 4223
5447 43 3825
5548 48 49
5546 87 5443
5648 37 513
5448 82 4087
5549 79 4868
5547 71 5573
5649 64 2695
5449 84 486
5550 18 122
5548 94 4640
5650 85 1806
5450 34 4256
5551 74 356
5549 55 416
5651 57 4514
5451 25 272
5552 20 4239
5550 97 2898
5652 45 1093
5452 33 192
5553 29 2975
5551 27 3719
5653 91 5915
5453 91 4490
5554 47 3052
5552 31 5385
5654 84 5442
5454 65 4414
5555 81 2620
5553 31 1978
5655 17 877
5455 86 5179
5556 44 5434
5554 75 498
5656 73 593
5456 17 4513
5557 76 2290
5555 22 3753
5657 69 5517
5457 50 1177
5558 69 4938
5556 67 2042
5658 43 3366
5458 32 2561
5559 57 5309
5557 18 3221
5659 60 4443
5459 48 5753
5560 76 3846
5558 26 1803
5660 18 61
5460 39 1550
5561 56 3237
5559 28 1634
5661 73 1421
5461 25 1277
5562 11 4798
5560 37 2120
5662 43 4907
5462 29 1830
5563 47 5471
5561 49 5596
5663 85 2044
5463 74 5475
5564 77 15
5562 52 1180
5664 95 347
5464 100 1105
5565 10 114
5563 92 1125
5665 70 1611
5465 70 946
5566 39 4685
5564 83 5173
5666 39 272
5466 80 4594
5567 21 4110
5565 66 5604
5667 87 3540
5467 42 547
5568 29 3074
5566 17 4944
5668 13 5497
5468 20 964
5569 32 5610
5567 79 3823
5669 94 5575
5469 83 3357
5570 51 4012
5568 15 1314
5670 82 2881
5470 53 1835
5571 23 3261
5569 58 2445
5671 92 477
5471 14 5010
5572 34 5811
5570 58 2269
5672 39 3810
5472 76 4367
5573 57 4000
5571 36 2961
5673 100 5747
5473 68 2923
5574 69 5176
5572 51 3939
5674 67 1317
5474 70 4630
5575 31 2875
5573 31 3484
5675 63 851
5475 89 5843
5576 85 3883
5574 31 523
5676 98 4960
5476 26 2812
5577 72 3761
5575 16 2732
5677 79 2766
5477 43 3441
5578 85 3303
5576 17 4262
5678 35 4083
5478 26 545
5579 95 1136
5577 51 5659
5679 42 416
5479 52 3624
5580 35 5596
5578 46 4662
5680 55 4851
5480 12 1542
5581 54 3106
5579 64 2941
5681 35 3704
5481 45 710
5582 54 3301
5580 41 1159
5682 76 2936
5482 41 1189
5583 40 202
5581 67 1260
5683 31 364
5483 21 4127
5584 80 3712
5582 26 4810
5684 58 4914
5484 78 3355
5585 60 833
5583 14 4346
5685 25 5764
5485 66 3122
5586 88 3754
5584 80 5419
5686 22 1234
5486 85 2094
5587 74 2687
5585 60 4337
5687 88 3202
5487 43 5488
5588 31 1154
5586 71 5252
5688 18 282
5488 34 1504
5589 42 4795
5587 54 669
5689 94 3339
5489 77 5398
5590 26 927
5588 56 894
5690 80 5918
5490 21 1736
5591 23 1216
5589 43 4583
5691 24 3958
5491 12 2471
5592 66 1591
5590 83 734
5692 97 634
5492 80 3541
5593 26 691
5591 51 226
5693 88 4186
5493 74 5271
5594 38 2979
5592 45 675
5694 47 5074
5494 20 2212
5595 39 4488
5593 65 1228
5695 81 4284
5495 15 3226
5596 40 3557
5594 79 3546
5696 60 2012
5496 27 1426
5597 57 837
5595 40 2821
5697 33 1316
5497 57 1826
5598 92 1443
5596 34 2815
5698 91 3596
5498 13 4423
5599 23 1922
5597 70 2140
5699 62 4871
5499 93 4412
5600 24 2172
5598 24 2392
5700 83 5590
5500 24 929
5599 41 5028
5701 62 5266
5501 19 2972
5602 52 1256
5702 60 4222
5502 42 4430
5603 33 5065
5601 18 1656
5703 80 1082
5503 44 2217
5604 51 1939
5602 70 4287
5704 37 2692
5504 69 412
5605 52 3764
5603 96 4401
5705 74 890
5505 17 1287
5606 31 4289
5604 78 302
5706 69 5558
5506 89 4484
5607 59 1250
5605 74 5142
5707 57 4145
5507 46 1835
5608 38 413
5606 42 259
5708 100 1220
5508 49 5717
5609 98 5500
5607 82 3076
5709 41 4911
5509 59 3389
5610 87 1779
5608 54 1603
5710 61 883
5510 38 1337
5611 20 1230
5609 47 5113
5711 56 5155
5511 43 2696
5612 74 4541
5610 69 5932
5712 14 2164
5512 25 111
5613 100 3361
5611 41 5239
5713 63 5329
5513 47 1477
5614 77 3542
5612 54 5305
5714 21 4875
5514 69 4920
5615 87 2496
5613 87 5749
5715 15 2370
5515 48 4504
5616 83 4314
5614 88 197
5716 13 5005
5516 19 3389
5617 23 5702
5615 93 5932
5717 61 1164
5517 40 889
5618 29 5931
5616 27 3381
5718 59 2013
5518 58 585
5619 64 4786
5617 98 4610
5719 60 1277
5519 82 473
5620 90 2444
5618 19 4980
5720 49 2534
5520 32 2902
5621 33 2307
5619 18 4235
5721 83 3783
5521 77 2817
5622 71 2519
5620 45 2646
5722 80 4293
5522 42 5136
5623 63 5257
5621 23 4303
5723 91 3072
5523 99 647
5624 99 5506
5622 66 4366
5724 57 833
5524 96 5708
5625 12 4216
5623 23 4785
5725 84 1208
5525 84 2655
5626 85 2133
5624 33 3356
5726 19 1604
5526 100 3541
5627 79 4111
5625 65 1587
5727 29 5626
5527 52 1531
5628 17 1760
5626 13 1546
5728 43 508
5528 13 4444
5629 88 662
5627 42 5176
5729 49 299
5529 46 4328
5630 13 4045
5628 35 5488
5730 94 890
5530 10 2564
5631 50 4294
5629 69 1152
5731 40 4587
5531 56 4856
5632 28 540
5630 68 5725
5732 93 1092
5532 17 2838
5633 31 4433
5631 54 2920
5733 19 612
5533 84 3928
5634 56 604
5632 23 485
5734 14 909
5534 96 5647
5635 71 2358
5633 96 1013
5735 91 2438
5535 62 2410
5636 78 4373
5634 95 1738
5736 42 5247
5536 89 1693
5637 58 5661
5635 79 2561
5737 59 1295
5537 61 5116
5638 55 4722
5636 94 77
5738 87 2770
5538 74 2844
5639 53 2492
5637 16 1144
5739 49 4922
5539 16 5617
5640 14 4732
5638 22 378
5740 67 2975
5540 37 2924
5641 82 4710
5639 36 5845
5741 47 478
5541 90 4287
5642 69 3092
5640 55 1673
5742 98 4516
5542 94 3842
5643 33 4863
5641 45 5916
5743 23 3160
5543 57 4632
5644 79 993
5642 96 1911
5744 53 5541
5544 68 3208
5645 21 2834
5643 79 3185
5745 63 3882
5545 100 1936
5646 88 2535
5644 77 111
5746 39 304
5546 91 3526
5647 42 2371
5645 88 1785
5747 73 185
5547 38 1681
5648 47 4136
5646 81 62
5748 84 2665
5548 35 1642
5649 23 4412
5647 85 4592
5749 35 3746
5549 71 2344
5650 27 5896
5648 78 1246
5750 26 3039
5550 84 1086
5651 99 5358
5649 80 4212
5751 34 5265
5551 31 4744
5652 96 3374
5650 53 996
5752 84 1872
5552 87 1844
5653 49 5673
5651 60 145
5753 95 115
5553 78 5473
5654 59 4784
5652 97 2499
5754 73 4709
5554 40 4182
5655 30 3831
5653 74 3874
5755 71 59
5555 72 3471
5656 13 2580
5654 48 2800
5756 69 5224
5556 64 1612
5657 39 751
5655 14 498
5757 80 2834
5557 36 2278
5658 87 3360
5656 14 3526
5758 60 2030
5558 44 5512
5659 23 5434
5657 78 540
5759 83 492
5559 39 3266
5660 89 5793
5658 10 790
5760 13 2032
5560 23 2614
5661 57 5394
5659 50 1588
5761 65 4381
5561 97 2623
5662 90 1441
5660 80 306
5762 41 4798
5562 80 3188
5663 26 4318
5661 93 4570
5763 25 2492
5563 87 108
5664 43 1014
5662 40 4127
5764 60 1861
5564 23 783
5665 25 2812
5663 22 3152
5765 30 3301
5565 93 3782
5666 26 1682
5664 25 3330
5766 100 222
5566 82 2863
5667 66 1966
5665 24 3730
5767 46 5137
5567 71 3099
5668 80 5748
5666 90 2260
5768 88 483
5568 24 5515
5669 68 1291
5667 74 3834
5769 88 5008
5569 10 1249
5670 67 5583
5668 39 5128
5770 22 3396
5570 32 4511
5671 28 1305
5669 42 5377
5771 31 3447
5571 23 829
5672 63 4521
5670 42 1694
5772 48 1735
5572 51 4962
5673 72 1320
5671 74 1842
5773 70 3350
5573 60 1837
5674 87 2908
5672 65 3782
5774 90 4370
5574 68 2733
5675 25 4411
5673 59 1251
5775 21 5811
5575 52 3018
5676 99 2981
5674 86 3077
5776 57 881
5576 20 724
5677 97 4321
5675 85 463
5777 93 5170
5577 52 1821
5678 54 2680
5676 100 717
5778 42 3733
5578 59 4067
5679 99 4999
5677 19 4160
5779 59 1713
5579 30 2415
5680 46 3747
5678 80 172
5780 100 2291
5580 55 5002
5681 99 2299
5679 70 5673
5781 89 4388
5581 64 4095
5682 51 170
5680 83 317
5782 36 689
5582 75 3332
5683 63 2715
5681 93 5364
5783 12 5592
5583 56 3454
5684 47 3659
5682 66 1009
5784 15 4119
5584 32 5032
5685 20 4421
5683 54 2599
5785 57 4731
5585 56 5339
5686 68 5584
5684 33 4756
5786 91 142
5586 80 4220
5687 34 3739
5685 84 5765
5787 28 1330
5587 35 3508
5688 29 2170
5686 84 5329
5788 74 1421
5588 50 737
5689 46 3754
5687 44 5938
5789 97 3990
5589 85 1552
5690 27 4268
5688 26 5215
5790 69 1407
5590 15 4510
5691 66 506
5689 44 1233
5791 57 2684
5591 59 583
5692 12 152
5690 56 4224
5792 44 2147
5592 94 3430
5693 38 901
5691 40 3498
5793 34 399
5593 60 741
5694 10 2272
5692 36 3352
5794 63 5127
5594 51 950
5695 64 3941
5693 42 3938
5795 95 2651
5595 89 3986
5696 71 799
5694 36 188
5796 29 989
5596 84 2208
5697 37 1345
5695 84 3257
5797 34 2167
5597 84 3645
5698 79 3746
5696 10 1767
5798 13 65
5598 10 3547
5699 71 2816
5697 72 891
5799 32 1152
5599 53 426
5700 90 2295
5698 10 1001
5800 25 2165
5600 80 1182
5699 41 662
5801 32 5023
5601 89 3085
5702 43 3880
5802 65 35
5602 28 3509
5703 21 5897
5701 22 5160
5803 97 3660
5603 75 746
5704 73 4411
5702 80 3902
5804 81 3944
5604 54 1692
5705 33 5502
5703 30 980
5805 30 5164
5605 52 4714
5706 59 3624
5704 20 3545
5806 52 2670
5606 86 3724
5707 43 2322
5705 57 5637
5807 69 1266
5607 75 2371
5708 35 2143
5706 60 5780
5808 99 4582
5608 71 5517
5709 96 4552
5707 87 5807
5809 17 2092
5609 93 858
5710 39 4875
5708 39 1812
5810 74 5625
5610 59 4599
5711 20 1519
5709 45 3729
5811 72 5647
5611 89 3703
5712 57 1520
5710 14 556
5812 34 1700
5612 10 4608
5713 89 3796
5711 74 4772
5813 36 4425
5613 58 833
5714 80 5932
5712 85 459
5814 53 703
5614 39 5058
5715 30 2583
5713 60 5698
5815 78 717
5615 14 267
5716 34 2503
5714 74 459
5816 67 5102
5616 13 291
5717 48 2657
5715 21 2275
5817 84 4416
5617 66 2634
5718 24 2795
5716 28 2697
5818 58 2862
5618 33 4675
5719 40 660
5717 76 5203
5819 98 1138
5619 32 3819
5720 94 4763
5718 24 2749
5820 44 917
5620 30 2953
5721 26 5460
5719 84 1380
5821 47 3741
5621 59 2244
5722 33 702
5720 55 5933
5822 51 3578
5622 59 4348
5723 91 2222
5721 81 4763
5823 31 3054
5623 41 5502
5724 20 5158
5722 45 3704
5824 68 4956
5624 87 2556
5725 28 4995
5723 92 1335
5825 52 3865
5625 95 1733
5726 93 4496
5724 45 4203
5826 65 4090
5626 25 329
5727 100 450
5725 84 5140
5827 97 301
5627 86 2114
5728 24 4512
5726 86 754
5828 50 1166
5628 70 3978
5729 19 1161
5727 71 1808
5829 62 240
5629 63 5311
5730 79 670
5728 17 883
5830 94 3847
5630 58 4838
5731 77 848
5729 90 4649
5831 98 3685
5631 12 5175
5732 74 2344
5730 47 5688
5832 46 75
5632 21 500
5733 17 3458
5731 36 1715
5833 92 4572
5633 100 97
5734 57 3450
5732 15 5310
5834 10 3327
5634 38 490
5735 78 5843
5733 39 2530
5835 18 2333
5635 46 620
5736 79 1716
5734 100 4624
5836 100 273
5636 37 4582
5737 30 4328
5735 15 4884
5837 15 1713
5637 42 548
5738 23 2557
5736 44 3549
5838 71 2788
5638 93 2110
5739 74 1137
5737 92 1157
5839 21 1045
5639 86 4995
5740 92 4957
5738 23 3059
5840 82 3603
5640 46 3055
5741 10 4956
5739 74 1910
5841 43 5004
5641 17 2377
5742 96 2991
5740 26 4479
5842 78 1360
5642 27 1432
5743 83 5014
5741 19 4671
5843 72 3454
5643 49 1875
5744 91 2887
5742 48 4061
5844 67 2049
5644 33 5051
5745 73 2393
5743 71 1731
5845 55 1460
5645 10 521
5746 64 4128
5744 81 5078
5846 53 4977
5646 26 926
5747 53 547
5745 99 5465
5847 50 4165
5647 99 4409
5748 73 439
5746 36 1706
5848 99 4637
5648 67 5689
5749 61 4455
5747 86 5586
5849 85 4283
5649 69 2634
5750 73 3649
5748 91 403
5850 24 3489
5650 70 1403
5751 33 1026
5749 15 1660
5851 87 4136
5651 27 2717
5752 87 5739
5750 49 4939
5852 67 4226
5652 93 205
5753 48 2928
5751 69 3978
5853 58 875
5653 68 4522
5754 77 5705
5752 28 371
5854 86 2615
5654 40 109
5755 58 3961
5753 90 5915
5855 25 4263
5655 95 5012
5756 100 5593
5754 32 5909
5856 36 4203
5656 62 2109
5757 82 4857
5755 40 3697
5857 63 2443
5657 65 4609
5758 37 4997
5756 47 289
5858 12 5122
5658 45 2176
5759 70 2022
5757 10 5576
5859 94 3481
5659 83 5524
5760 45 5283
5758 63 1195
5860 59 1226
5660 14 4382
5761 25 682
5759 75 2697
5861 20 4798
5661 53 2865
5762 60 3964
5760 76 1986
5862 54 4532
5662 82 5578
5763 93 3996
5761 25 5745
5863 28 2677
5663 74 2291
5764 10 4401
5762 72 968
5864 82 2760
5664 100 1058
5765 94 726
5763 34 2752
5865 62 5714
5665 58 2397
5766 88 2323
5764 62 596
5866 18 1363
5666 47 271
5767 59 1545
5765 49 5467
5867 39 1412
5667 79 2351
5768 89 2453
5766 23 2701
5868 26 1091
5668 48 652
5769 84 4425
5767 60 1762
5869 58 5196
5669 50 2914
5770 23 2486
5768 93 162
5870 89 3847
5670 68 2795
5771 35 76
5769 54 2200
5871 14 2175
5671 98 5106
5772 48 3907
5770 46 2000
5872 81 2883
5672 91 2591
5773 63 2966
5771 99 2213
5873 51 2041
5673 12 3158
5774 66 3447
5772 97 5565
5874 79 3955
5674 71 5417
5775 61 3676
5773 59 1539
5875 11 5470
5675 18 2276
5776 88 47
5774 96 1515
5876 74 5935
5676 46 5874
5777 21 3580
5775 54 4976
5877 98 3126
5677 37 5620
5778 27 1213
5776 20 1297
5878 27 648
5678 29 1826
5779 62 5686
5777 29 4980
5879 61 2407
5679 56 2670
5780 34 5789
5778 61 2964
5880 19 1705
5680 40 2324
5781 51 2507
5779 37 1549
5881 24 2930
5681 42 4709
5782 30 896
5780 46 4533
5882 92 4722
5682 37 1335
5783 42 244
5781 30 4870
5883 75 374
5683 22 737
5784 80 2120
5782 84 1236
5884 59 255
5684 41 4780
5785 45 5023
5783 47 3471
5885 53 3565
5685 68 1475
5786 27 1149
5784 37 4847
5886 61 5383
5686 93 3154
5787 78 3770
5785 21 2927
5887 16 2031
5687 78 3314
5788 51 4797
5786 57 4902
5888 67 4811
5688 53 5775
5789 26 3020
5787 16 1069
5889 68 4982
5689 19 1788
5790 78 2659
5788 67 2806
5890 56 528
5690 10 1843
5791 99 4459
5789 88 890
5891 59 4008
5691 89 4130
5792 17 4744
5790 19 179
5892 24 1099
5692 78 5577
5793 31 712
5791 25 1246
5893 100 705
5693 39 5632
5794 55 2113
5792 97 2338
5894 15 5494
5694 92 2353
5795 14 39
5793 38 2775
5895 97 2181
5695 27 1677
5796 58 4208
5794 74 4456
5896 35 5217
5696 96 3087
5797 72 5057
5795 57 10
5897 77 4337
5697 40 5319
5798 37 2105
5796 36 1150
5898 83 549
5698 87 2064
5799 97 5930
5797 42 1420
5899 82 5713
5699 55 1944
5800 77 3365
5798 92 1253
5900 94 2449
5700 35 1135
5799 13 3819
5901 11 3570
5701 67 1191
5802 15 787
5902 31 2402
5702 53 5371
5803 94 2016
5801 12 5593
5903 34 3590
5703 66 4067
5804 89 3176
5802 77 1186
5904 14 2507
5704 88 5093
5805 14 2608
5803 51 4952
5905 35 3304
5705 73 5078
5806 79 2098
5804 13 3163
5906 43 1908
5706 21 3510
5807 96 5325
5805 91 2991
5907 75 5707
5707 37 828
5808 29 4955
5806 93 939
5908 70 57
5708 48 20
5809 39 2238
5807 92 1540
5909 70 4621
5709 93 4381
5810 41 3716
5808 62 3526
5910 78 3206
5710 25 602
5811 13 4595
5809 42 2866
5911 57 2403
5711 47 2328
5812 17 4127
5810 99 4090
5912 60 2196
5712 59 4812
5813 96 4831
5811 64 46
5913 85 877
5713 13 4451
5814 34 5584
5812 94 5720
5914 78 1999
5714 53 1914
5815 72 5236
5813 56 3285
5915 19 953
5715 24 5481
5816 16 2193
5814 60 1120
5916 91 421
5716 14 4602
5817 68 87
5815 74 4208
5917 58 1986
5717 21 5841
5818 81 892
5816 49 2155
5918 77 575
5718 99 1098
5819 26 4000
5817 44 4105
5919 21 4515
5719 77 5813
5820 38 4929
5818 10 4909
5920 68 1898
5720 84 643
5821 47 2060
5819 34 5705
5921 99 935
5721 65 988
5822 86 805
5820 82 4581
5922 61 4266
5722 92 2445
5823 67 5579
5821 32 4751
5923 100 2728
5723 29 5809
5824 94 4326
5822 19 5563
5924 82 5419
5724 19 1115
5825 74 5490
5823 25 1637
5925 75 244
5725 42 2591
5826 51 2098
5824 17 4239
5926 48 3267
5726 81 5034
5827 93 5280
5825 32 5563
5927 73 3905
5727 16 2349
5828 30 4325
5826 83 4588
5928 48 5932
5728 60 1775
5829 47 5091
5827 81 3118
5929 67 5864
5729 27 1804
5830 20 1974
5828 79 5548
5930 93 5106
5730 47 5289
5831 40 2748
5829 81 2239
5931 28 3959
5731 88 94
5832 58 5862
5830 53 5802
5932 41 180
5732 58 143
5833 24 2570
5831 84 5218
5933 74 359
5733 41 5204
5834 47 10
5832 48 3894
5934 25 4912
5734 67 4907
5835 18 5136
5833 38 3196
5935 95 3297
5735 90 5665
5836 68 2796
5834 25 5880
5936 54 4276
5736 79 5775
5837 58 3590
5835 27 1123
5937 65 5668
5737 47 5376
5838 21 4328
5836 35 3762
5938 27 4658
5738 28 3452
5839 87 397
5837 68 3657
5939 22 5482
5739 99 100
5840 12 2757
5838 31 5031
5940 28 4786
5740 73 2154
5841 43 4016
5839 87 2670
5941 82 2598
5741 43 4454
5842 94 3552
5840 71 3069
5942 52 1256
5742 87 1863
5843 56 5396
5841 49 1215
5943 27 2982
5743 76 3171
5844 96 2565
5842 18 3126
5944 49 3606
5744 85 728
5845 53 2958
5843 80 4531
5945 61 4196
5745 43 3915
5846 60 3516
5844 95 1238
5946 63 2047
5746 44 1394
5847 45 4943
5845 10 1251
5947 56 61
5747 97 1694
5848 77 673
5846 38 3302
5948 19 92
5748 50 4182
5849 67 3286
5847 10 4256
5949 73 5689
5749 71 2069
5850 39 62
5848 62 4600
5950 46 965
5750 65 1702
5851 63 2362
5849 22 5788
5951 26 1685
5751 10 1105
5852 23 3998
5850 96 5875
5952 67 3263
5752 61 4732
5853 55 2489
5851 13 895
5953 37 324
5753 82 1381
5854 80 5415
5852 97 2547
5954 53 2353
5754 95 899
5855 47 2023
5853 52 740
5955 34 1827
5755 39 3901
5856 71 3164
5854 97 2293
5956 51 356
5756 52 2777
5857 40 2396
5855 73 4702
5957 32 414
5757 39 1397
5858 20 4564
5856 57 3452
5958 53 4733
5758 21 450
5859 97 5060
5857 20 3819
5959 59 2847
5759 100 178
5860 30 1745
5858 81 4510
5960 12 431
5760 21 3904
5861 21 1250
5859 51 4287
5961 88 4902
5761 56 3887
5862 80 1640
5860 75 5146
5962 42 2648
5762 72 3261
5863 39 4214
5861 96 5789
5963 61 3196
5763 59 5860
5864 25 2887
5862 30 3134
5964 19 4111
5764 99 1086
5865 88 936
5863 59 87
5965 87 4371
5765 15 5744
5866 15 1623
5864 90 795
5966 27 1940
5766 47 3636
5867 73 4287
5865 57 202
5967 67 1974
5767 94 5800
5868 63 826
5866 58 5758
5968 94 2319
5768 41 1210
5869 27 3698
5867 22 3007
5969 10 1383
5769 30 2705
5870 93 487
5868 44 4712
5970 98 4187
5770 28 4165
5871 80 1290
5869 66 2982
5971 93 3459
5771 11 611
5872 17 4225
5870 23 3753
5972 35 5122
5772 27 2849
5873 73 1452
5871 31 1680
5973 88 765
5773 84 3786
5874 80 785
5872 99 653
5974 11 5027
5774 34 753
5875 55 2892
5873 67 1909
5975 57 355
5775 37 5848
5876 22 3111
5874 46 3867
5976 97 3772
5776 26 5534
5877 58 3899
5875 82 4366
5977 42 440
5777 56 1892
5878 49 4591
5876 20 4257
5978 76 3122
5778 88 2836
5879 12 3001
5877 72 3131
5979 85 3323
5779 71 367
5880 94 3366
5878 25 3001
5980 69 229
5780 31 5711
5881 65 4235
5879 43 3551
5981 52 4846
5781 37 2003
5882 12 2704
5880 88 3961
5982 75 611
5782 81 4357
5883 29 5895
5881 46 1341
5983 89 4282
5783 86 1981
5884 91 166
5882 43 561
5984 46 4545
5784 87 1604
5885 44 2563
5883 84 4514
5985 32 3763
5785 10 5153
5886 84 3136
5884 42 1900
5986 34 1481
5786 99 552
5887 89 310
5885 34 3117
5987 30 1073
5787 69 4591
5888 34 5877
5886 74 1028
5988 82 1867
5788 75 3093
5889 60 1813
5887 19 4290
5989 31 3731
5789 14 3265
5890 38 4437
5888 17 4643
5990 25 1122
5790 32 215
5891 90 2584
5889 80 4912
5991 16 118
5791 17 3461
5892 80 5805
5890 16 603
5992 29 4749
5792 46 3417
5893 36 1817
5891 64 4134
5993 57 224
5793 56 5532
5894 22 2367
5892 74 2160
5994 71 85
5794 35 30
5895 72 739
5893 95 711
5995 87 271
5795 38 4504
5896 79 5354
5894 12 2700
5996 68 5486
5796 24 1635
5897 55 5693
5895 98 5040
5997 20 2979
5797 49 4956
5898 76 3609
5896 60 2157
5998 76 2172
5798 24 3510
5899 97 876
5897 49 5557
5999 72 2007
5799 24 125
5900 48 5898
5898 40 401
6000 62 2715
5800 75 1067
5899 39 4848
6001 78 144
5801 92 5300
5902 68 5720
6002 35 1071
5802 61 2921
5903 38 396
5901 32 5388
6003 43 5261
5803 89 3211
5904 55 4333
5902 71 5798
6004 21 3005
5804 16 1215
5905 88 508
5903 25 4037
6005 99 1543
5805 81 2539
5906 92 503
5904 16 3591
6006 32 4638
5806 41 3967
5907 86 610
5905 96 5632
6007 88 5803
5807 30 1980
5908 24 5228
5906 80 5062
6008 32 641
5808 90 5044
5909 59 5782
5907 68 5715
6009 70 23
5809 20 3804
5910 54 4345
5908 78 4205
6010 69 5043
5810 80 4530
5911 83 4425
5909 54 4119
6011 89 4005
5811 45 1777
5912 74 4618
5910 95 5303
6012 12 5075
5812 53 1258
5913 40 4477
5911 60 1069
6013 48 3623
5813 12 1563
5914 57 1783
5912 41 5126
6014 91 828
5814 18 1089
5915 14 4375
5913 44 3263
6015 52 4087
5815 84 3141
5916 55 4575
5914 15 4229
6016 53 1436
5816 66 3465
5917 75 3029
5915 20 3754
6017 82 4955
5817 62 3474
5918 71 532
5916 25 4880
6018 48 4031
5818 18 4869
5919 56 4028
5917 37 4068
6019 72 4252
5819 77 21
5920 50 5386
5918 48 5643
6020 65 4026
5820 85 3358
5921 42 1768
5919 93 393
6021 31 1463
5821 14 4471
5922 91 4895
5920 58 4771
6022 91 3521
5822 82 4597
5923 31 2227
5921 53 1835
6023 39 5202
5823 99 829
5924 92 5120
5922 68 929
6024 73 5242
5824 22 2341
5925 55 3432
5923 62 1948
6025 37 2731
5825 40 5715
5926 83 4748
5924 83 3827
6026 80 93
5826 65 4268
5927 41 386
5925 11 81
6027 88 2445
5827 86 2989
5928 57 3040
5926 77 2051
6028 84 3181
5828 87 4476
5929 68 5860
5927 92 374
6029 24 1846
5829 95 5278
5930 83 0
5928 11 3069
6030 58 4416
5830 53 4440
5931 51 5590
5929 28 3060
6031 88 3052
5831 73 1834
5932 62 970
5930 36 2644
6032 47 505
5832 95 390
5933 52 3053
5931 82 3100
6033 66 2138
5833 88 4589
5934 16 5187
5932 69 2246
6034 50 4525
5834 47 140
5935 21 2575
5933 33 1505
6035 13 2057
5835 23 129
5936 54 3119
5934 14 4763
6036 25 382
5836 41 5311
5937 31 3928
5935 18 543
6037 18 5893
5837 83 4409
5938 62 465
5936 62 1628
6038 78 3732
5838 89 1089
5939 93 3528
5937 94 2286
6039 40 2498
5839 40 3744
5940 62 5052
5938 94 4398
6040 77 537
5840 85 2700
5941 32 1425
5939 72 3263
6041 93 4260
5841 23 5875
5942 98 5754
5940 23 2551
6042 81 2127
5842 93 1640
5943 37 1702
5941 23 1678
6043 74 4967
5843 13 4957
5944 41 1300
5942 71 1457
6044 31 2024
5844 83 5870
5945 84 2416
5943 45 4372
6045 33 2065
5845 66 2663
5946 32 1958
5944 76 3750
6046 71 3355
5846 61 2842
5947 76 451
5945 23 4580
6047 14 4263
5847 78 501
5948 68 1551
5946 23 3198
6048 55 1372
5848 39 3520
5949 24 3179
5947 97 1730
6049 20 2810
5849 98 1472
5950 58 5481
5948 97 4237
6050 23 4472
5850 72 994
5951 33 3077
5949 77 4588
6051 100 1254
5851 41 5543
5952 95 5755
5950 36 1035
6052 75 4652
5852 58 5392
5953 82 1819
5951 39 3350
6053 46 4648
5853 22 3221
5954 40 2873
5952 97 2152
6054 71 3800
5854 86 709
5955 52 1401
5953 76 2226
6055 21 4536
5855 18 5490
5956 70 4590
5954 60 2289
6056 16 3672
5856 29 4149
5957 40 72
5955 50 4623
6057 24 5590
5857 52 2979
5958 74 4230
5956 10 5338
6058 66 665
5858 94 2738
5959 65 144
5957 81 4656
6059 47 4045
5859 23 4259
5960 15 594
5958 93 1544
6060 71 214
5860 61 2188
5961 10 1405
5959 84 318
6061 12 5492
5861 36 1548
5962 22 2567
5960 54 1207
6062 32 2983
5862 74 998
5963 50 3079
5961 27 4842
6063 45 5104
5863 94 4210
5964 49 2045
5962 98 1157
6064 57 5829
5864 94 3563
5965 27 4935
5963 57 2712
6065 73 49
5865 17 1329
5966 95 5550
5964 29 768
6066 91 31
5866 50 1715
5967 63 5558
5965 15 1086
6067 88 5209
5867 37 890
5968 49 4992
5966 98 3939
6068 91 2591
5868 90 1078
5969 81 4993
5967 54 3103
6069 70 5795
5869 34 5862
5970 39 1973
5968 69 1611
6070 82 1319
5870 98 3277
5971 63 4190
5969 65 3747
6071 34 3565
5871 59 4758
5972 10 3899
5970 87 4828
6072 80 3020
5872 40 4407
5973 65 1510
5971 39 5159
6073 26 3107
5873 26 5512
5974 11 5380
5972 51 935
6074 15 4853
5874 22 1939
5975 65 5677
5973 70 4790
6075 44 5467
5875 24 3074
5976 68 3576
5974 82 4708
6076 96 4663
5876 93 5153
5977 53 3787
5975 85 3946
6077 86 3855
5877 28 79
5978 73 4865
5976 22 118
6078 68 1440
5878 80 1164
5979 30 4893
5977 80 4174
6079 25 4262
5879 41 1015
5980 85 980
5978 39 2269
6080 50 495
5880 98 916
5981 86 4231
5979 69 637
6081 77 4092
5881 20 5793
5982 41 3343
5980 76 2391
6082 12 2972
5882 39 3924
5983 18 1791
5981 59 2177
6083 87 5609
5883 28 443
5984 28 5777
5982 25 1207
6084 99 2055
5884 56 4573
5985 60 47
5983 26 1681
6085 68 4315
5885 55 3181
5986 26 1
5984 40 2559
6086 40 1131
5886 41 1843
5987 64 4109
5985 37 4878
6087 44 5351
5887 28 2162
5988 39 4949
5986 34 148
6088 38 4652
5888 95 1052
5989 44 288
5987 22 2637
6089 48 793
5889 79 4237
5990 89 1547
5988 49 5619
6090 37 272
5890 76 4049
5991 88 2660
5989 61 4985
6091 40 5342
5891 89 2566
5992 69 3679
5990 98 51
6092 68 4707
5892 73 1520
5993 87 4027
5991 11 4518
6093 58 3424
5893 22 2078
5994 69 4420
5992 78 4706
6094 69 392
5894 18 504
5995 27 3507
5993 46 861
6095 71 1706
5895 52 5387
5996 17 3615
5994 50 1282
6096 59 4603
5896 35 1556
5997 23 96
5995 98 3331
6097 26 3758
5897 64 4390
5998 65 1888
5996 22 4816
6098 70 46
5898 92 2625
5999 77 1355
5997 87 3810
6099 70 2069
5899 83 537
6000 81 1019
5998 21 3049
6100 18 2984
5900 17 3281
5999 87 4254
6101 61 4059
5901 20 4980
6002 98 2147
6102 69 3658
5902 65 4514
6003 55 2788
6001 100 4877
6103 55 4320
5903 15 2521
6004 73 3541
6002 93 2193
6104 81 35
5904 87 5102
6005 28 1410
6003 11 1591
6105 12 4305
5905 49 1870
6006 28 4125
6004 21 4813
6106 17 4418
5906 61 419
6007 88 435
6005 60 697
6107 58 2370
5907 86 5722
6008 80 5700
6006 91 4329
6108 33 3084
5908 37 3676
6009 64 4504
6007 95 5810
6109 36 1742
5909 12 3893
6010 69 5528
6008 99 170
6110 57 5032
5910 93 5608
6011 43 815
6009 78 1819
6111 81 290
5911 58 1854
6012 84 1857
6010 67 2300
6112 59 4616
5912 75 4988
6013 18 754
6011 28 403
6113 63 178
5913 76 614
6014 71 1644
6012 82 3035
6114 29 5267
5914 62 3121
6015 97 4085
6013 31 5895
6115 11 1663
5915 53 5846
6016 58 1032
6014 35 1886
6116 32 3187
5916 64 1284
6017 69 2043
6015 32 3266
6117 17 1531
5917 72 4501
6018 95 5217
6016 20 1912
6118 57 3836
5918 94 5051
6019 97 3134
6017 47 1881
6119 62 3520
5919 64 3293
6020 66 289
6018 93 3067
6120 15 5460
5920 100 2832
6021 71 5848
6019 13 5698
6121 28 114
5921 57 3839
6022 68 35
6020 22 4128
6122 88 1551
5922 49 5533
6023 19 4327
6021 93 2284
6123 29 5540
5923 24 1167
6024 12 3194
6022 55 4859
6124 70 1149
5924 89 1779
6025 46 1542
6023 71 4333
6125 70 4576
5925 82 3105
6026 65 1255
6024 58 1947
6126 75 3466
5926 75 2118
6027 13 2876
6025 17 3299
6127 54 4758
5927 71 4695
6028 46 3390
6026 39 3649
6128 73 988
5928 92 967
6029 76 3918
6027 44 321
6129 92 5924
5929 77 5042
6030 85 4377
6028 54 5177
6130 38 1263
5930 51 5519
6031 100 4785
6029 64 3717
6131 56 2711
5931 48 4448
6032 26 385
6030 50 1109
6132 98 1760
5932 96 4491
6033 29 710
6031 15 5920
6133 23 412
5933 94 3871
6034 86 3741
6032 29 751
6134 87 4375
5934 34 5102
6035 87 3312
6033 82 48
6135 34 1924
5935 72 980
6036 60 5035
6034 86 480
6136 56 225
5936 33 3959
6037 30 4887
6035 79 2883
6137 21 589
5937 31 2929
6038 67 35
6036 91 2000
6138 22 4905
5938 25 1128
6039 22 3030
6037 20 3646
6139 75 4027
5939 71 4385
6040 18 4932
6038 64 1923
6140 82 4223
5940 10 3171
6041 82 1120
6039 65 980
6141 62 28
5941 76 2152
6042 39 2715
6040 26 5787
6142 34 2886
5942 28 3067
6043 38 1845
6041 22 3275
6143 99 1186
5943 80 1090
6044 88 2138
6042 83 2046
6144 43 1293
5944 38 4275
6045 24 1060
6043 13 406
6145 78 3580
5945 59 598
6046 59 2161
6044 75 805
6146 19 2338
5946 73 1947
6047 19 489
6045 12 3279
6147 79 2142
5947 47 3109
6048 19 4667
6046 61 2949
6148 17 2547
5948 39 238
6049 47 1787
6047 39 5879
6149 95 4012
5949 25 499
6050 19 1205
6048 44 3009
6150 21 3431
5950 17 2821
6051 99 3940
6049 37 5128
6151 41 1033
5951 59 3198
6052 42 5345
6050 14 5067
6152 29 5795
5952 16 4880
6053 34 4259
6051 21 3009
6153 55 978
5953 23 3946
6054 65 4354
6052 99 3565
6154 20 2207
5954 60 3285
6055 33 3111
6053 70 3097
6155 19 3632
5955 74 4021
6056 49 2711
6054 94 2725
6156 30 5305
5956 37 4355
6057 27 2680
6055 92 3536
6157 37 9
5957 34 4781
6058 28 2373
6056 65 4424
6158 89 562
5958 56 2535
6059 89 900
6057 33 50
6159 13 892
5959 95 2493
6060 39 4908
6058 71 2966
6160 57 1518
5960 31 3953
6061 93 5926
6059 77 2948
6161 74 354
5961 18 3491
6062 49 396
6060 28 1402
6162 11 4955
5962 48 448
6063 29 2701
6061 92 3866
6163 48 4607
5963 89 1574
6064 51 1530
6062 55 303
6164 69 1027
5964 56 3673
6065 65 5711
6063 36 1868
6165 59 1669
5965 35 4892
6066 89 3780
6064 63 4024
6166 59 685
5966 80 638
6067 52 2430
6065 73 4785
6167 63 1971
5967 51 5092
6068 53 1413
6066 65 1244
6168 68 3343
5968 40 1744
6069 15 1518
6067 72 150
6169 34 4527
5969 61 925
6070 81 2483
6068 45 1291
6170 48 4939
5970 11 5430
6071 27 1126
6069 32 4152
6171 59 571
5971 44 2000
6072 28 5361
6070 73 4589
6172 98 4714
5972 42 2812
6073 63 5114
6071 56 1687
6173 52 3875
5973 85 3513
6074 17 3149
6072 79 3428
6174 82 1715
5974 92 200
6075 65 4052
6073 72 2454
6175 69 93
5975 90 1758
6076 33 2248
6074 26 3875
6176 50 2192
5976 91 5644
6077 43 1980
6075 84 264
6177 41 3763
5977 60 2383
6078 37 4218
6076 34 3633
6178 88 4048
5978 64 1953
6079 47 454
6077 70 1961
6179 29 4333
5979 94 5859
6080 100 1856
6078 91 1756
6180 52 3640
5980 100 5479
6081 76 4871
6079 21 4927
6181 93 4154
5981 71 4592
6082 96 1904
6080 61 2683
6182 93 3059
5982 88 620
6083 93 4010
6081 59 284
6183 76 172
5983 20 4734
6084 83 4929
6082 38 2747
6184 93 2064
5984 82 714
6085 63 4241
6083 78 4890
6185 35 4976
5985 98 1040
6086 67 2613
6084 54 876
6186 97 3781
5986 54 5427
6087 79 3526
6085 63 3692
6187 10 4795
5987 20 4923
6088 22 3544
6086 81 3597
6188 14 4987
5988 47 627
6089 47 4876
6087 41 870
6189 36 886
5989 13 1013
6090 56 2016
6088 19 4506
6190 53 3750
5990 16 5015
6091 84 4761
6089 68 941
6191 75 2576
5991 33 2517
6092 71 4141
6090 40 3675
6192 18 5162
5992 39 2153
6093 62 3271
6091 28 662
6193 46 3777
5993 26 736
6094 97 5401
6092 83 628
6194 43 3239
5994 74 5770
6095 14 981
6093 18 2629
6195 47 5449
5995 16 4165
6096 84 671
6094 32 1958
6196 72 504
5996 33 5199
6097 67 5016
6095 41 1574
6197 57 2358
5997 17 1419
6098 84 190
6096 30 3876
6198 89 5600
5998 46 5705
6099 18 4649
6097 31 2179
6199 56 3015
5999 34 2792
6100 61 3934
6098 63 2771
6200 73 2
6000 44 5645
6099 84 3507
6201 22 3304
6001 39 5354
6102 50 2346
6202 79 2594
6002 28 3580
6103 55 2927
6101 11 134
6203 26 2053
6003 59 5858
6104 73 4622
6102 95 3068
6204 18 2120
6004 34 4597
6105 15 5309
6103 80 1224
6205 95 5696
6005 32 2405
6106 71 2733
6104 38 2264
6206 41 2222
6006 40 3019
6107 28 1124
6105 96 2336
6207 100 1032
6007 87 2690
6108 16 3762
6106 47 4783
6208 72 1553
6008 65 3805
6109 17 3657
6107 84 5354
6209 80 686
6009 12 3733
6110 37 629
6108 70 2058
6210 80 945
6010 93 3427
6111 95 5042
6109 77 3625
6211 71 5353
6011 64 3747
6112 95 5768
6110 19 3748
6212 10 3346
6012 68 671
6113 13 3975
6111 77 4371
6213 43 5038
6013 26 4805
6114 54 3901
6112 52 4625
6214 88 374
6014 46 5410
6115 31 5003
6113 90 3085
6215 40 4087
6015 34 4364
6116 63 4265
6114 86 2441
6216 12 5455
6016 29 1630
6117 92 2634
6115 28 3484
6217 72 4209
6017 16 3576
6118 61 4912
6116 39 3289
6218 71 2284
6018 10 480
6119 43 3457
6117 85 1706
6219 75 5423
6019 40 5313
6120 38 2329
6118 33 3126
6220 58 2507
6020 17 3621
6121 11 2838
6119 20 4838
6221 30 182
6021 10 2271
6122 15 5761
6120 27 5398
6222 73 5911
6022 13 5666
6123 92 4489
6121 64 142
6223 46 992
6023 32 4506
6124 41 3630
6122 54 618
6224 19 5805
6024 73 1272
6125 18 3855
6123 69 1219
6225 37 1945
6025 21 5716
6126 75 2762
6124 39 620
6226 33 5869
6026 71 4163
6127 30 1478
6125 82 464
6227 47 5405
6027 11 590
6128 84 4147
6126 98 5585
6228 25 5223
6028 84 3070
6129 31 778
6127 82 4717
6229 34 1321
6029 76 2215
6130 90 1724
6128 58 3432
6230 18 3981
6030 18 2985
6131 26 2948
6129 33 4933
6231 89 1313
6031 62 3936
6132 34 1959
6130 57 1508
6232 12 3967
6032 58 1156
6133 67 5477
6131 46 2627
6233 52 1568
6033 85 3664
6134 67 662
6132 78 473
6234 76 3351
6034 49 1609
6135 98 4022
6133 85 5126
6235 58 522
6035 85 4728
6136 15 4587
6134 35 2537
6236 89 4821
6036 65 2440
6137 12 4170
6135 29 4819
6237 78 2164
6037 49 1921
6138 10 1633
6136 63 1708
6238 45 4146
6038 30 5005
6139 30 1269
6137 69 3577
6239 15 2605
6039 57 3858
6140 36 3434
6138 93 5016
6240 19 4325
6040 11 4195
6141 49 1099
6139 21 5689
6241 88 2717
6041 16 1664
6142 32 513
6140 11 3717
6242 96 1909
6042 65 1722
6143 45 1440
6141 20 4886
6243 44 3226
6043 97 567
6144 69 489
6142 18 2818
6244 80 2674
6044 21 2361
6145 94 1628
6143 35 2643
6245 28 4218
6045 93 5020
6146 77 4654
6144 86 4556
6246 80 2744
6046 59 4023
6147 25 3607
6145 20 1137
6247 84 4273
6047 51 1636
6148 36 160
6146 84 315
6248 93 3220
6048 49 532
6149 61 1368
6147 91 641
6249 77 1253
6049 73 592
6150 90 3733
6148 85 3520
6250 72 3599
6050 32 1080
6151 77 5717
6149 21 205
6251 74 2622
6051 59 5069
6152 80 5485
6150 62 4762
6252 25 3231
6052 30 4640
6153 34 489
6151 57 2823
6253 30 4532
6053 45 1613
6154 14 5436
6152 28 364
6254 27 5092
6054 72 2230
6155 56 1577
6153 41 703
6255 76 271
6055 20 3237
6156 81 4557
6154 12 1348
6256 22 1646
6056 39 4892
6157 12 2534
6155 29 69
6257 53 3024
6057 79 5048
6158 90 3841
6156 41 5457
6258 35 2622
6058 74 4006
6159 58 2056
6157 46 3617
6259 71 3218
6059 24 5933
6160 61 3816
6158 19 1220
6260 52 1423
6060 27 4852
6161 49 1898
6159 69 1279
6261 98 4833
6061 43 956
6162 39 4048
6160 34 4511
6262 16 3463
6062 24 4028
6163 57 4524
6161 73 3974
6263 65 2335
6063 43 1228
6164 83 4868
6162 19 1739
6264 53 1583
6064 29 2415
6165 82 5711
6163 96 1542
6265 38 5195
6065 10 4291
6166 72 1220
6164 63 1225
6266 12 5550
6066 61 4966
6167 46 993
6165 24 5211
6267 95 4423
6067 13 121
6168 89 523
6166 16 715
6268 58 524
6068 93 382
6169 53 5205
6167 57 4283
6269 33 5534
6069 10 4874
6170 31 2542
6168 62 4785
6270 51 4047
6070 64 2519
6171 23 551
6169 78 5333
6271 78 967
6071 16 4278
6172 60 1173
6170 86 2029
6272 61 5431
6072 79 2383
6173 67 212
6171 15 2062
6273 13 2925
6073 58 2701
6174 65 4642
6172 33 1244
6274 10 907
6074 79 1577
6175 92 5044
6173 96 3900
6275 82 2667
6075 93 5589
6176 31 4569
6174 56 5461
6276 27 129
6076 38 308
6177 40 2282
6175 83 5621
6277 91 3693
6077 63 3086
6178 51 5136
6176 60 4838
6278 23 1634
6078 79 4887
6179 86 130
6177 56 420
6279 17 2356
6079 47 127
6180 84 4370
6178 89 1445
6280 34 3982
6080 62 3681
6181 80 3207
6179 24 890
6281 70 5393
6081 11 28
6182 87 3180
6180 97 1106
6282 13 2414
6082 50 329
6183 93 3701
6181 34 1201
6283 38 2863
6083 84 4078
6184 45 1927
6182 57 290
6284 13 3669
6084 79 1884
6185 31 1546
6183 32 3648
6285 91 1612
6085 74 2201
6186 53 2708
6184 58 93
6286 61 4691
6086 28 4686
6187 27 3736
6185 29 312
6287 45 3167
6087 57 4576
6188 28 1499
6186 25 5580
6288 63 583
6088 77 850
6189 88 569
6187 62 1872
6289 33 1349
6089 16 2945
6190 26 1883
6188 47 1049
6290 34 3588
6090 38 4339
6191 92 2596
6189 94 1262
6291 62 4763
6091 60 4145
6192 63 2735
6190 34 4427
6292 74 2512
6092 80 3706
6193 97 2975
6191 54 4039
6293 67 4864
6093 84 4367
6194 73 5675
6192 94 5449
6294 19 1553
6094 98 3915
6195 65 2821
6193 80 5217
6295 50 2083
6095 75 2560
6196 74 5137
6194 35 1747
6296 73 5258
6096 42 2467
6197 36 1112
6195 51 1555
6297 100 1006
6097 25 488
6198 33 3770
6196 14 2509
6298 30 3147
6098 70 736
6199 88 1258
6197 60 2260
6299 50 251
6099 14 5297
6200 80 1323
6198 34 4460
6300 98 241
6100 42 1382
6199 98 5572
6301 14 2115
6101 14 3417
6202 52 1452
6302 83 3844
6102 35 4134
6203 82 2191
6201 78 3918
6303 14 3458
6103 81 5522
6204 53 761
6202 73 539
6304 39 5658
6104 94 3431
6205 67 3074
6203 26 4614
6305 45 5747
6105 14 3169
6206 70 5345
6204 31 3266
6306 11 1915
6106 64 5542
6207 56 1807
6205 74 2742
6307 19 4847
6107 84 2593
6208 32 4708
6206 52 5517
6308 57 868
6108 52 143
6209 88 29
6207 76 2681
6309 42 228
6109 89 3088
6210 40 1619
6208 88 1906
6310 14 3488
6110 92 144
6211 45 4561
6209 86 3732
6311 44 1403
6111 37 1713
6212 33 23
6210 45 3944
6312 30 840
6112 70 2300
6213 35 4141
6211 68 2473
6313 55 5241
6113 43 807
6214 27 5760
6212 67 3529
6314 15 4144
6114 29 4659
6215 89 5251
6213 83 4595
6315 12 1145
6115 39 5407
6216 77 5677
6214 13 3538
6316 58 3181
6116 63 3843
6217 95 2909
6215 87 5556
6317 22 1693
6117 30 2262
6218 78 1065
6216 90 976
6318 17 278
6118 82 2999
6219 95 2116
6217 20 1337
6319 72 3244
6119 46 5681
6220 30 1755
6218 93 3051
6320 32 2979
6120 34 4176
6221 63 331
6219 29 713
6321 65 4048
6121 97 2020
6222 41 823
6220 38 5006
6322 39 4127
6122 46 5045
6223 58 1635
6221 15 1763
6323 73 1559
6123 12 5875
6224 66 5512
6222 28 4220
6324 87 1190
6124 14 1829
6225 55 756
6223 33 2086
6325 83 140
6125 29 2106
6226 79 3917
6224 83 3267
6326 62 155
6126 51 1788
6227 60 1033
6225 19 5649
6327 83 3049
6127 60 4401
6228 50 4242
6226 34 1440
6328 99 1694
6128 23 3778
6229 84 3048
6227 61 2969
6329 26 721
6129 55 2314
6230 56 3745
6228 88 1552
6330 16 1528
6130 95 734
6231 90 2929
6229 51 2349
6331 33 1549
6131 35 3070
6232 83 5157
6230 23 3993
6332 37 493
6132 33 1055
6233 36 4744
6231 38 5068
6333 88 4836
6133 47 1388
6234 33 5864
6232 80 4377
6334 47 3629
6134 58 522
6235 44 3
6233 79 3593
6335 69 170
6135 40 1408
6236 16 2475
6234 23 2197
6336 52 5835
6136 54 3504
6237 25 2894
6235 87 5085
6337 58 2091
6137 73 2279
6238 17 2257
6236 11 119
6338 55 130
6138 57 2777
6239 91 1952
6237 23 1516
6339 81 4002
6139 35 346
6240 16 755
6238 45 326
6340 91 891
6140 48 1930
6241 22 2743
6239 89 4463
6341 32 343
6141 53 4214
6242 62 4664
6240 60 1833
6342 85 4057
6142 75 2106
6243 83 841
6241 49 1641
6343 25 3679
6143 68 1651
6244 61 1293
6242 20 5442
6344 95 4958
6144 39 5805
6245 26 431
6243 89 527
6345 31 831
6145 24 4310
6246 60 266
6244 34 598
6346 34 4880
6146 92 4040
6247 69 2697
6245 45 4371
6347 96 3509
6147 62 343
6248 86 3441
6246 72 2872
6348 44 1743
6148 46 84
6249 64 5710
6247 72 1318
6349 47 1374
6149 71 1512
6250 39 5839
6248 59 2648
6350 30 2925
6150 29 1297
6251 83 2703
6249 81 92
6351 46 4865
6151 83 683
6252 53 4228
6250 38 2418
6352 66 2798
6152 34 149
6253 46 877
6251 85 1866
6353 69 576
6153 44 4462
6254 54 5834
6252 23 2233
6354 25 423
6154 67 2388
6255 100 3199
6253 87 2101
6355 31 2310
6155 65 676
6256 97 1386
6254 96 3107
6356 89 3155
6156 62 4334
6257 33 2450
6255 33 2979
6357 94 5018
6157 94 3162
6258 51 4013
6256 47 3990
6358 78 4551
6158 35 3019
6259 67 5659
6257 95 1748
6359 45 2076
6159 25 2397
6260 60 3900
6258 72 4042
6360 21 5526
6160 43 5437
6261 100 5152
6259 14 1535
6361 32 4642
6161 43 3850
6262 85 4253
6260 30 4141
6362 66 1995
6162 33 5334
6263 14 3446
6261 42 4031
6363 84 855
6163 53 5202
6264 43 5370
6262 51 1616
6364 58 5569
6164 34 5128
6265 72 2798
6263 22 4760
6365 92 2105
6165 90 764
6266 74 2850
6264 63 4504
6366 19 2729
6166 75 2594
6267 17 3061
6265 97 1151
6367 28 4280
6167 88 5140
6268 34 3776
6266 45 459
6368 55 4401
6168 34 5786
6269 92 5387
6267 27 3993
6369 83 947
6169 34 5355
6270 19 3368
6268 40 2148
6370 51 606
6170 97 488
6271 40 1700
6269 18 1338
6371 99 603
6171 26 1585
6272 25 3835
6270 34 2644
6372 51 2178
6172 41 4095
6273 66 5686
6271 26 4028
6373 70 280
6173 100 4219
6274 78 5735
6272 30 196
6374 52 188
6174 54 2634
6275 65 4063
6273 59 5214
6375 77 3775
6175 28 1625
6276 84 3232
6274 65 1678
6376 27 3677
6176 32 5938
6277 79 2309
6275 78 2723
6377 19 4450
6177 32 5881
6278 26 3011
6276 59 4111
6378 69 4321
6178 63 3454
6279 73 2917
6277 58 2022
6379 56 1492
6179 77 585
6280 92 3268
6278 29 3334
6380 23 1979
6180 73 2214
6281 96 1377
6279 33 374
6381 30 1898
6181 18 878
6282 92 4879
6280 44 5657
6382 80 908
6182 23 3858
6283 64 4598
6281 81 3272
6383 46 2342
6183 79 860
6284 53 4759
6282 62 4315
6384 34 5421
6184 97 1011
6285 90 3734
6283 98 5372
6385 84 1464
6185 84 4383
6286 67 3580
6284 58 4534
6386 10 4380
6186 56 4400
6287 42 836
6285 36 4693
6387 100 2351
6187 84 3012
6288 62 2336
6286 74 148
6388 83 5706
6188 34 5815
6289 45 2209
6287 77 3730
6389 76 48
6189 78 1305
6290 25 4458
6288 15 5735
6390 77 2227
6190 54 4963
6291 46 3825
6289 85 2259
6391 38 1037
6191 81 285
6292 59 1041
6290 81 3593
6392 24 2732
6192 47 2835
6293 87 1136
6291 48 195
6393 13 1454
6193 13 1033
6294 88 4146
6292 50 3183
6394 45 3800
6194 55 5426
6295 14 5108
6293 46 1683
6395 34 3862
6195 65 594
6296 65 699
6294 11 4861
6396 45 4031
6196 95 1830
6297 65 1436
6295 99 1674
6397 84 4400
6197 57 3469
6298 50 1831
6296 80 2760
6398 31 4909
6198 99 637
6299 56 4349
6297 15 5101
6399 43 2776
6199 17 4486
6300 54 5866
6298 45 736
6400 11 5445
6200 95 3261
6299 58 5182
6401 38 2199
6201 41 2005
6302 51 4194
6402 30 5825
6202 21 5001
6303 25 1602
6301 83 4245
6403 30 5787
6203 97 1919
6304 87 3889
6302 73 296
6404 94 3459
6204 42 377
6305 55 3353
6303 32 4337
6405 74 914
6205 50 4835
6306 94 2109
6304 76 445
6406 89 3969
6206 33 1745
6307 21 1631
6305 50 3242
6407 79 4829
6207 25 1166
6308 24 515
6306 15 3320
6408 39 663
6208 19 2132
6309 13 1278
6307 95 1971
6409 16 1655
6209 87 1167
6310 99 254
6308 72 1070
6410 97 5558
6210 42 5241
6311 50 3294
6309 54 2998
6411 51 5355
6211 40 3073
6312 86 4361
6310 72 3155
6412 88 3052
6212 72 4099
6313 43 2134
6311 60 832
6413 75 5454
6213 88 2348
6314 74 5348
6312 37 2166
6414 92 5066
6214 100 3804
6315 11 3548
6313 54 4483
6415 54 2976
6215 79 2552
6316 26 2470
6314 49 1817
6416 23 964
6216 49 5093
6317 16 2139
6315 24 2037
6417 55 4110
6217 32 2442
6318 98 5540
6316 10 272
6418 72 1773
6218 92 1561
6319 77 1983
6317 75 920
6419 70 336
6219 89 754
6320 40 3880
6318 19 5653
6420 16 4935
6220 37 3284
6321 42 382
6319 54 533
6421 20 3542
6221 47 5458
6322 80 482
6320 33 1898
6422 40 2371
6222 23 855
6323 13 1202
6321 69 1772
6423 70 1241
6223 82 5680
6324 23 246
6322 100 2782
6424 19 3762
6224 65 3358
6325 41 5630
6323 79 3904
6425 64 67
6225 33 5001
6326 71 5476
6324 17 4945
6426 19 523
6226 76 5645
6327 55 5081
6325 26 526
6427 63 2867
6227 56 3768
6328 45 3434
6326 96 3905
6428 75 2788
6228 94 5375
6329 20 4931
6327 96 1597
6429 75 1428
6229 77 3694
6330 20 2224
6328 95 4457
6430 60 4661
6230 85 381
6331 58 3722
6329 63 4961
6431 67 1228
6231 79 3436
6332 17 2877
6330 51 5473
6432 38 3674
6232 43 80
6333 15 4640
6331 93 3934
6433 93 4318
6233 53 4667
6334 60 4986
6332 77 4588
6434 74 1357
6234 84 648
6335 86 1045
6333 24 4072
6435 73 3990
6235 33 1748
6336 51 5345
6334 94 2380
6436 79 4562
6236 28 5709
6337 50 762
6335 100 5514
6437 98 1641
6237 97 681
6338 55 4612
6336 44 2325
6438 76 3338
6238 53 3849
6339 71 2242
6337 50 5241
6439 39 841
6239 82 4784
6340 12 3857
6338 58 5710
6440 87 3504
6240 63 1799
6341 13 5158
6339 70 5798
6441 57 2981
6241 100 2263
6342 17 140
6340 52 2215
6442 22 4092
6242 13 4925
6343 76 1895
6341 17 4137
6443 56 4578
6243 85 306
6344 33 704
6342 21 3998
6444 78 5239
6244 93 650
6345 91 368
6343 76 4955
6445 18 3869
6245 17 1263
6346 29 4140
6344 88 2695
6446 17 3845
6246 42 996
6347 86 5009
6345 25 4750
6447 32 809
6247 71 5098
6348 19 2628
6346 28 4433
6448 42 4643
6248 72 3387
6349 19 4194
6347 68 1390
6449 79 5555
6249 11 2654
6350 81 2971
6348 33 5936
6450 74 434
6250 95 4745
6351 40 3094
6349 17 610
6451 83 5411
6251 27 2256
6352 81 4075
6350 75 5459
6452 60 1340
6252 31 2157
6353 38 5109
6351 44 2237
6453 67 2023
6253 42 1799
6354 53 3676
6352 44 2948
6454 37 2437
6254 67 671
6355 65 3419
6353 19 2014
6455 17 5598
6255 38 4825
6356 89 4006
6354 43 4816
6456 73 3473
6256 19 5475
6357 53 3416
6355 97 403
6457 37 2217
6257 57 5665
6358 85 2793
6356 60 5532
6458 39 3409
6258 30 421
6359 82 2050
6357 76 339
6459 14 2083
6259 21 1825
6360 52 4212
6358 74 935
6460 66 5319
6260 36 1950
6361 56 5351
6359 91 5427
6461 95 3956
6261 45 4772
6362 60 5124
6360 46 5542
6462 60 410
6262 41 208
6363 52 3899
6361 39 2934
6463 48 4974
6263 88 1627
6364 20 4385
6362 44 4184
6464 63 4166
6264 71 1999
6365 95 1134
6363 39 5591
6465 54 4959
6265 82 1091
6366 37 5486
6364 15 4191
6466 28 3572
6266 97 4313
6367 69 2604
6365 66 737
6467 42 2931
6267 43 1159
6368 60 4546
6366 73 5704
6468 57 1560
6268 15 5664
6369 38 858
6367 95 643
6469 50 2243
6269 98 4728
6370 83 5486
6368 82 3754
6470 67 3310
6270 19 4709
6371 70 199
6369 50 202
6471 84 3007
6271 74 5920
6372 20 2487
6370 87 266
6472 77 3030
6272 55 3209
6373 98 4695
6371 98 4152
6473 17 334
6273 38 766
6374 97 3899
6372 12 149
6474 40 584
6274 98 3792
6375 31 4893
6373 12 1817
6475 23 2856
6275 34 1322
6376 36 3298
6374 15 155
6476 33 2713
6276 40 1515
6377 81 127
6375 34 515
6477 68 5317
6277 31 2100
6378 50 4309
6376 97 4077
6478 99 4000
6278 91 319
6379 86 2654
6377 46 76
6479 83 1720
6279 58 3189
6380 18 4651
6378 27 4030
6480 85 1939
6280 73 1596
6381 51 3288
6379 30 4072
6481 91 3713
6281 93 845
6382 13 3340
6380 87 4692
6482 91 5844
6282 86 5470
6383 65 5932
6381 12 4525
6483 16 5160
6283 52 4893
6384 85 5063
6382 30 1545
6484 45 4588
6284 96 4711
6385 97 2248
6383 43 4768
6485 84 5377
6285 66 2288
6386 31 5347
6384 55 4509
6486 10 210
6286 53 325
6387 14 1748
6385 81 361
6487 61 491
6287 37 91
6388 69 4726
6386 96 782
6488 42 4616
6288 81 1583
6389 69 1460
6387 64 5116
6489 17 5453
6289 83 2633
6390 48 3880
6388 11 4977
6490 30 2795
6290 32 5903
6391 22 937
6389 17 570
6491 11 695
6291 32 171
6392 33 4348
6390 48 5248
6492 95 4501
6292 33 3312
6393 33 1950
6391 64 90
6493 46 3286
6293 52 5830
6394 31 2760
6392 55 4371
6494 65 851
6294 58 4132
6395 20 3069
6393 16 5357
6495 54 1288
6295 60 5526
6396 51 2566
6394 55 4139
6496 73 3974
6296 95 1820
6397 25 619
6395 47 1350
6497 63 4753
6297 94 1572
6398 58 4334
6396 58 2723
6498 59 1259
6298 97 1673
6399 46 5530
6397 73 4037
6499 86 3905
6299 95 5423
6400 41 3551
6398 16 1187
6500 94 1665
6300 16 3571
6399 80 1819
6501 39 3791
6301 45 4029
6402 55 4060
6502 56 3556
6302 17 3035
6403 100 2096
6401 92 1444
6503 26 909
6303 69 1015
6404 36 3566
6402 44 139
6504 27 1098
6304 80 1654
6405 20 1330
6403 13 4280
6505 55 4458
6305 51 5057
6406 54 4899
6404 14 4237
6506 94 3903
6306 88 3404
6407 87 4668
6405 16 3540
6507 43 229
6307 61 4800
6408 18 3410
6406 39 3695
6508 91 3069
6308 100 3056
6409 39 2082
6407 85 4826
6509 88 2896
6309 38 3076
6410 65 4424
6408 13 1121
6510 32 5416
6310 90 3893
6411 21 4958
6409 72 3835
6511 68 2733
6311 58 2413
6412 78 1577
6410 72 3061
6512 71 4333
6312 13 2659
6413 88 1851
6411 79 1420
6513 83 3990
6313 72 3949
6414 83 3147
6412 63 2059
6514 23 5510
6314 11 5372
6415 72 594
6413 50 4564
6515 41 5632
6315 87 3569
6416 76 2636
6414 41 5273
6516 64 1931
6316 77 2675
6417 25 3462
6415 55 1749
6517 72 1168
6317 29 247
6418 97 5602
6416 89 1978
6518 78 2792
6318 14 4334
6419 22 4226
6417 91 3912
6519 72 4141
6319 86 3886
6420 80 5627
6418 77 230
6520 26 2184
6320 95 1249
6421 79 5320
6419 100 5644
6521 31 3136
6321 66 5465
6422 67 4809
6420 100 4794
6522 77 3712
6322 38 3601
6423 12 3895
6421 66 145
6523 62 4147
6323 69 2297
6424 20 5456
6422 30 4651
6524 22 3233
6324 51 4300
6425 20 4729
6423 15 4010
6525 96 4983
6325 34 2757
6426 56 5338
6424 75 2071
6526 67 1977
6326 62 4833
6427 85 960
6425 68 1933
6527 19 4153
6327 53 3327
6428 89 1973
6426 78 5539
6528 97 904
6328 79 4096
6429 13 58
6427 33 4832
6529 52 2613
6329 49 1142
6430 35 3751
6428 36 1325
6530 40 5513
6330 16 2650
6431 27 4378
6429 50 3197
6531 91 2408
6331 63 360
6432 24 2404
6430 89 489
6532 64 5178
6332 30 1760
6433 25 4044
6431 55 4418
6533 78 3968
6333 12 5412
6434 86 215
6432 43 328
6534 64 1280
6334 13 4818
6435 77 5600
6433 16 3736
6535 85 4337
6335 52 5206
6436 38 265
6434 17 956
6536 69 1919
6336 71 2209
6437 65 2061
6435 80 3963
6537 64 3773
6337 17 299
6438 14 853
6436 44 4719
6538 58 2427
6338 15 1789
6439 57 3667
6437 63 3991
6539 52 3025
6339 84 1723
6440 62 1353
6438 49 2142
6540 68 1147
6340 91 1198
6441 73 5847
6439 82 2950
6541 64 2830
6341 24 2267
6442 58 4793
6440 28 2452
6542 72 3702
6342 40 799
6443 41 2808
6441 82 2242
6543 25 854
6343 79 3985
6444 43 4266
6442 66 5402
6544 52 3141
6344 24 399
6445 84 3646
6443 71 2089
6545 83 1951
6345 23 394
6446 37 5841
6444 78 497
6546 45 1273
6346 66 2373
6447 74 4703
6445 38 1416
6547 17 2327
6347 32 955
6448 60 1442
6446 96 2574
6548 13 1058
6348 34 954
6449 15 1920
6447 79 5402
6549 49 783
6349 68 1780
6450 53 4427
6448 72 2484
6550 61 3684
6350 40 1158
6451 56 107
6449 96 3913
6551 66 5434
6351 100 2954
6452 61 3054
6450 56 4722
6552 67 5079
6352 22 2766
6453 54 2055
6451 61 3244
6553 10 4298
6353 43 5899
6454 39 4648
6452 29 1736
6554 44 3474
6354 73 1304
6455 19 4603
6453 94 2619
6555 49 2171
6355 53 2486
6456 73 559
6454 27 1275
6556 100 4031
6356 12 5334
6457 14 1783
6455 89 5657
6557 27 1603
6357 77 3839
6458 21 2558
6456 95 2571
6558 32 5516
6358 72 1842
6459 10 4582
6457 94 3466
6559 42 364
6359 20 3527
6460 82 1495
6458 89 526
6560 56 2109
6360 47 1189
6461 40 2738
6459 98 4593
6561 43 5586
6361 49 3409
6462 48 3481
6460 69 662
6562 60 4262
6362 60 5087
6463 76 790
6461 59 1930
6563 81 3541
6363 69 2141
6464 12 822
6462 73 5935
6564 86 4551
6364 41 1156
6465 15 3413
6463 77 1914
6565 76 2764
6365 53 3454
6466 50 650
6464 91 4327
6566 11 3267
6366 33 3644
6467 46 5668
6465 51 3539
6567 21 3289
6367 68 2454
6468 60 2381
6466 89 1146
6568 57 5127
6368 16 3459
6469 18 1307
6467 68 5104
6569 94 5576
6369 54 4834
6470 28 913
6468 23 2368
6570 74 2346
6370 42 1107
6471 93 3868
6469 12 5842
6571 99 2472
6371 93 4590
6472 58 3859
6470 91 5907
6572 80 2942
6372 89 3752
6473 97 1341
6471 47 1380
6573 65 5212
6373 97 1158
6474 88 5009
6472 62 5395
6574 46 145
6374 48 2323
6475 50 4954
6473 97 2394
6575 58 2067
6375 13 392
6476 27 588
6474 44 4694
6576 19 398
6376 64 209
6477 19 91
6475 10 2442
6577 57 5243
6377 48 2326
6478 60 4025
6476 82 2425
6578 73 1434
6378 92 5462
6479 88 3571
6477 86 621
6579 81 5303
6379 10 952
6480 35 1989
6478 52 5135
6580 91 3992
6380 44 2714
6481 18 3865
6479 33 2411
6581 54 5625
6381 54 5906
6482 41 4287
6480 98 2640
6582 60 2554
6382 50 4670
6483 89 561
6481 100 3812
6583 73 4584
6383 80 2877
6484 49 133
6482 87 4810
6584 87 851
6384 51 2216
6485 85 508
6483 91 3870
6585 94 2228
6385 47 393
6486 27 181
6484 33 1849
6586 80 811
6386 79 5587
6487 100 5865
6485 71 5203
6587 23 1695
6387 22 5690
6488 56 434
6486 67 3981
6588 28 1486
6388 32 5232
6489 99 4842
6487 48 5280
6589 64 5756
6389 39 3149
6490 86 2309
6488 41 3595
6590 42 3556
6390 39 1177
6491 52 1199
6489 25 1925
6591 46 3642
6391 11 1734
6492 93 1133
6490 11 4098
6592 17 5844
6392 84 5516
6493 95 2306
6491 90 5901
6593 59 2842
6393 27 279
6494 68 2761
6492 44 4280
6594 65 2465
6394 10 1313
6495 94 2066
6493 12 2609
6595 66 3108
6395 66 374
6496 51 417
6494 90 2772
6596 79 2154
6396 57 318
6497 25 1229
6495 15 1960
6597 93 353
6397 82 396
6498 64 5898
6496 30 5065
6598 96 3745
6398 82 198
6499 79 2928
6497 12 3012
6599 19 3741
6399 50 2687
6500 40 2897
6498 42 5282
6600 95 3145
6400 50 1483
6499 59 509
6601 88 795
6401 32 2471
6502 41 4929
6602 36 5864
6402 28 347
6503 30 3389
6501 87 656
6603 93 944
6403 87 2820
6504 17 3064
6502 43 3424
6604 53 3105
6404 99 1425
6505 86 4399
6503 76 3348
6605 89 4171
6405 76 1152
6506 40 1394
6504 72 4269
6606 17 1713
6406 60 1454
6507 54 1859
6505 86 4233
6607 99 2425
6407 56 2673
6508 79 3629
6506 40 787
6608 30 1662
6408 20 1001
6509 48 1799
6507 29 2141
6609 71 1296
6409 50 1947
6510 72 4600
6508 57 1811
6610 86 346
6410 61 5466
6511 51 2104
6509 82 5857
6611 17 4623
6411 42 810
6512 69 5441
6510 79 3669
6612 41 384
6412 27 4405
6513 43 15
6511 64 4848
6613 56 4735
6413 11 406
6514 91 4805
6512 46 5340
6614 44 2563
6414 53 5287
6515 74 3366
6513 58 2557
6615 22 485
6415 67 1454
6516 42 2834
6514 40 4326
6616 64 1908
6416 46 3645
6517 83 2543
6515 77 1541
6617 67 3563
6417 53 2873
6518 19 4515
6516 25 1855
6618 93 5930
6418 32 748
6519 13 2985
6517 92 1754
6619 98 317
6419 14 4869
6520 74 3200
6518 12 3651
6620 94 4264
6420 65 336
6521 89 1535
6519 50 479
6621 10 466
6421 74 682
6522 30 5193
6520 56 546
6622 70 5390
6422 58 69
6523 36 1261
6521 41 3676
6623 38 2990
6423 100 4667
6524 63 1391
6522 58 2169
6624 37 2930
6424 84 4049
6525 90 5939
6523 20 2580
6625 42 4984
6425 51 5314
6526 24 3686
6524 62 3319
6626 57 3976
6426 66 3721
6527 92 1435
6525 19 2934
6627 17 5662
6427 60 3563
6528 70 237
6526 88 3231
6628 36 3617
6428 10 1379
6529 35 4214
6527 66 2746
6629 72 376
6429 33 5599
6530 43 920
6528 10 3193
6630 94 2479
6430 33 2472
6531 48 3675
6529 88 5676
6631 52 3284
6431 24 4362
6532 24 3455
6530 91 5804
6632 54 665
6432 100 2862
6533 67 1454
6531 25 2074
6633 79 5462
6433 19 1358
6534 27 2616
6532 53 1033
6634 64 5380
6434 78 4461
6535 21 2987
6533 51 2320
6635 40 4163
6435 42 5807
6536 96 996
6534 89 1980
6636 13 3451
6436 28 1016
6537 65 2059
6535 29 4032
6637 59 726
6437 73 4126
6538 74 492
6536 49 3483
6638 90 4567
6438 26 1977
6539 14 1599
6537 33 4056
6639 63 578
6439 59 4313
6540 48 4770
6538 68 3107
6640 63 1244
6440 16 2678
6541 43 1819
6539 79 3494
6641 68 1082
6441 30 4822
6542 94 4763
6540 19 5865
6642 15 1244
6442 10 5199
6543 58 5377
6541 97 1132
6643 66 3714
6443 46 1173
6544 21 5703
6542 73 1828
6644 88 1370
6444 95 5748
6545 56 3103
6543 16 5061
6645 94 4477
6445 84 728
6546 51 572
6544 33 3635
6646 61 2044
6446 49 4045
6547 21 4795
6545 91 4439
6647 68 391
6447 15 1460
6548 26 3455
6546 55 1037
6648 84 2850
6448 49 2626
6549 26 910
6547 94 5368
6649 95 1053
6449 58 2661
6550 69 106
6548 89 3010
6650 45 981
6450 51 5143
6551 75 946
6549 47 2246
6651 59 3264
6451 33 3917
6552 57 3444
6550 15 1443
6652 78 1290
6452 34 4412
6553 93 3025
6551 31 3495
6653 34 5193
6453 89 5310
6554 15 434
6552 60 1097
6654 97 3219
6454 17 4329
6555 41 3988
6553 63 2619
6655 51 3593
6455 13 364
6556 31 1759
6554 33 876
6656 93 4427
6456 28 2267
6557 55 1176
6555 27 1777
6657 93 3228
6457 82 2709
6558 84 2020
6556 71 4244
6658 23 2380
6458 69 1121
6559 23 4923
6557 89 3257
6659 77 4241
6459 12 1475
6560 52 3337
6558 11 3642
6660 42 4270
6460 45 3672
6561 88 2974
6559 72 400
6661 60 1637
6461 91 3686
6562 82 3825
6560 21 4795
6662 20 2510
6462 83 1023
6563 34 1193
6561 11 3509
6663 70 1285
6463 54 2408
6564 41 2877
6562 11 1286
6664 13 3376
6464 61 5853
6565 52 2108
6563 55 231
6665 24 5589
6465 54 174
6566 95 5723
6564 84 4302
6666 51 5455
6466 78 3102
6567 69 3646
6565 18 2073
6667 86 405
6467 30 2534
6568 52 3187
6566 73 257
6668 63 1602
6468 36 5707
6569 93 2330
6567 70 2890
6669 37 5887
6469 73 5790
6570 88 2615
6568 45 410
6670 79 2607
6470 88 5510
6571 32 894
6569 66 3151
6671 23 1319
6471 78 223
6572 48 5100
6570 85 5929
6672 25 492
6472 67 5554
6573 92 5042
6571 27 1791
6673 79 4860
6473 83 4036
6574 60 5596
6572 96 5547
6674 72 1153
6474 18 2973
6575 77 1167
6573 74 3090
6675 52 2676
6475 35 3503
6576 62 914
6574 73 2524
6676 96 2068
6476 41 2834
6577 82 1234
6575 38 4209
6677 25 4969
6477 52 632
6578 39 4450
6576 68 616
6678 89 4463
6478 69 3372
6579 82 1673
6577 91 1411
6679 99 4757
6479 69 5907
6580 54 799
6578 32 5783
6680 41 922
6480 16 1776
6581 96 2615
6579 35 4700
6681 78 327
6481 87 2442
6582 28 2232
6580 26 984
6682 75 4739
6482 42 3010
6583 48 1595
6581 79 743
6683 90 457
6483 81 5158
6584 87 3591
6582 60 4492
6684 45 1300
6484 42 3698
6585 14 4486
6583 44 4858
6685 10 3903
6485 31 5483
6586 56 1277
6584 97 3749
6686 20 2091
6486 13 5313
6587 93 4428
6585 37 1525
6687 51 4264
6487 25 5149
6588 23 2498
6586 84 5498
6688 16 5688
6488 83 5469
6589 66 2434
6587 16 3992
6689 40 1969
6489 82 1984
6590 52 2187
6588 87 5032
6690 13 2188
6490 85 559
6591 84 125
6589 14 453
6691 36 1497
6491 47 3339
6592 44 4316
6590 10 5745
6692 30 2411
6492 87 987
6593 95 4083
6591 21 3665
6693 89 758
6493 17 5067
6594 74 2369
6592 35 1998
6694 74 4985
6494 40 2789
6595 21 5874
6593 48 5177
6695 47 5165
6495 65 4995
6596 40 3177
6594 13 4118
6696 14 2921
6496 10 2771
6597 40 5540
6595 12 874
6697 55 3547
6497 48 5545
6598 29 4418
6596 56 1982
6698 24 2003
6498 51 2704
6599 33 4212
6597 12 851
6699 28 607
6499 13 930
6600 82 4393
6598 10 956
6700 51 531
6500 11 284
6599 13 3078
6701 57 5851
6501 64 1424
6602 30 5716
6702 39 2693
6502 59 661
6603 81 659
6601 88 3535
6703 34 258
6503 34 144
6604 19 5036
6602 42 1275
6704 26 1860
6504 12 1997
6605 96 3441
6603 40 3524
6705 17 1168
6505 23 1422
6606 100 1355
6604 24 1892
6706 65 831
6506 59 2561
6607 69 646
6605 25 4688
6707 87 1046
6507 62 3187
6608 89 2159
6606 29 3640
6708 41 1584
6508 78 1654
6609 92 2428
6607 84 3223
6709 93 281
6509 85 1149
6610 28 685
6608 74 3034
6710 33 3898
6510 69 429
6611 12 928
6609 55 2887
6711 33 1767
6511 26 1140
6612 24 1458
6610 90 806
6712 22 896
6512 31 2991
6613 19 2624
6611 72 2309
6713 46 391
6513 45 3723
6614 74 5704
6612 56 2472
6714 51 4578
6514 15 4194
6615 27 4172
6613 18 799
6715 16 5368
6515 25 2430
6616 15 1411
6614 75 4465
6716 60 3256
6516 48 3660
6617 15 3988
6615 18 4826
6717 15 1845
6517 55 2411
6618 17 836
6616 51 578
6718 56 2941
6518 16 3185
6619 71 970
6617 40 5905
6719 77 1054
6519 48 3209
6620 43 5437
6618 19 5534
6720 67 1151
6520 66 5448
6621 86 3818
6619 24 2602
6721 64 490
6521 84 4480
6622 94 3269
6620 99 1107
6722 81 4806
6522 11 2985
6623 37 3324
6621 89 4103
6723 62 1385
6523 45 985
6624 69 142
6622 85 2691
6724 34 4647
6524 32 202
6625 83 4945
6623 26 3837
6725 15 3920
6525 32 4199
6626 12 3380
6624 85 3365
6726 21 5500
6526 60 5293
6627 32 4175
6625 22 2397
6727 80 1921
6527 44 3783
6628 40 1755
6626 14 4830
6728 70 1578
6528 38 1720
6629 96 2232
6627 36 5726
6729 14 1195
6529 85 4251
6630 31 5011
6628 18 5406
6730 32 1531
6530 40 2080
6631 15 5113
6629 43 764
6731 99 3825
6531 57 3230
6632 49 1647
6630 66 3961
6732 49 4490
6532 66 3192
6633 18 1383
6631 82 875
6733 22 500
6533 61 510
6634 73 5114
6632 17 102
6734 53 2099
6534 93 2945
6635 13 5453
6633 29 4064
6735 72 4824
6535 30 3444
6636 57 1492
6634 37 1268
6736 13 3504
6536 41 5791
6637 83 5191
6635 37 2113
6737 71 1571
6537 27 768
6638 23 3306
6636 71 4634
6738 51 4542
6538 68 2739
6639 94 1740
6637 24 1918
6739 47 5187
6539 99 5773
6640 12 4544
6638 55 3206
6740 45 2172
6540 95 1132
6641 12 2915
6639 19 5578
6741 53 2925
6541 23 2804
6642 70 3792
6640 49 4903
6742 14 3602
6542 74 2638
6643 85 2319
6641 44 1405
6743 89 3989
6543 23 3665
6644 38 2771
6642 77 4702
6744 25 2615
6544 58 5608
6645 60 5282
6643 73 1718
6745 75 4839
6545 37 3272
6646 73 1643
6644 50 3979
6746 43 5021
6546 56 634
6647 79 4695
6645 55 378
6747 48 3089
6547 34 1609
6648 29 157
6646 28 3264
6748 66 3544
6548 87 1818
6649 82 1329
6647 71 2640
6749 84 1271
6549 47 3691
6650 33 4246
6648 11 4834
6750 73 1449
6550 37 1461
6651 30 1907
6649 63 4627
6751 78 4345
6551 16 192
6652 57 4395
6650 62 2715
6752 58 3867
6552 46 4154
6653 62 3697
6651 94 2165
6753 72 3687
6553 39 1945
6654 57 3629
6652 45 4970
6754 80 5475
6554 78 3318
6655 26 4688
6653 70 1519
6755 10 5746
6555 46 2498
6656 13 2174
6654 79 3872
6756 60 5548
6556 12 4444
6657 14 1580
6655 48 3903
6757 19 5333
6557 87 973
6658 78 3029
6656 76 2937
6758 97 2810
6558 60 343
6659 94 5669
6657 75 630
6759 11 4067
6559 91 2045
6660 73 1887
6658 83 4042
6760 31 2779
6560 48 5037
6661 60 391
6659 96 1113
6761 69 1666
6561 86 4587
6662 37 3367
6660 19 3989
6762 53 686
6562 40 3744
6663 83 137
6661 19 2763
6763 16 4262
6563 88 982
6664 45 4406
6662 24 2108
6764 91 1753
6564 56 3918
6665 65 1155
6663 46 81
6765 96 935
6565 72 3335
6666 62 3259
6664 53 80
6766 83 201
6566 85 251
6667 64 3528
6665 56 2220
6767 61 2380
6567 61 3943
6668 20 1831
6666 38 2789
6768 61 292
6568 87 4333
6669 94 1200
6667 63 2853
6769 80 2274
6569 82 1826
6670 29 5082
6668 68 5566
6770 17 4074
6570 83 2014
6671 71 2512
6669 54 4013
6771 63 219
6571 10 5896
6672 33 5225
6670 79 474
6772 71 693
6572 37 1346
6673 32 1688
6671 76 4339
6773 49 4014
6573 38 2365
6674 98 3470
6672 27 2466
6774 91 4157
6574 58 3114
6675 32 2691
6673 93 5674
6775 28 4451
6575 49 3844
6676 83 5297
6674 30 3947
6776 38 5381
6576 87 4644
6677 23 3114
6675 41 3418
6777 56 2799
6577 24 4242
6678 24 3794
6676 30 7
6778 56 1739
6578 39 1390
6679 71 5339
6677 48 2796
6779 39 2521
6579 94 2843
6680 18 2772
6678 87 5117
6780 84 3346
6580 89 4889
6681 97 5151
6679 15 3697
6781 54 5865
6581 87 4373
6682 61 683
6680 17 3197
6782 47 4046
6582 90 142
6683 48 3226
6681 45 4468
6783 70 4727
6583 79 580
6684 30 474
6682 36 5903
6784 25 2978
6584 16 4917
6685 28 4313
6683 47 5780
6785 72 3145
6585 42 589
6686 29 4192
6684 70 1987
6786 48 193
6586 80 1705
6687 79 5340
6685 96 1922
6787 37 403
6587 41 5012
6688 36 2409
6686 21 3941
6788 21 3215
6588 93 4057
6689 51 4194
6687 96 4126
6789 76 2939
6589 82 803
6690 97 883
6688 44 4970
6790 99 199
6590 93 5661
6691 77 755
6689 76 3858
6791 88 5289
6591 30 2833
6692 55 5357
6690 10 835
6792 67 2227
6592 96 3024
6693 95 502
6691 79 5528
6793 24 1645
6593 72 1606
6694 87 793
6692 72 3123
6794 31 820
6594 79 680
6695 43 5849
6693 34 1299
6795 77 4722
6595 43 4413
6696 86 3382
6694 83 1090
6796 57 4813
6596 43 2636
6697 88 4046
6695 23 5208
6797 27 770
6597 70 531
6698 21 3729
6696 65 4916
6798 41 1193
6598 13 1886
6699 29 1257
6697 63 4015
6799 34 506
6599 44 5927
6700 32 576
6698 49 2078
6800 84 2006
6600 39 2673
6699 71 4650
6801 52 5176
6601 13 3763
6702 87 1440
6802 62 5083
6602 95 1136
6703 18 3274
6701 14 4313
6803 29 5504
6603 25 360
6704 48 1133
6702 82 615
6804 10 2874
6604 47 2738
6705 36 1092
6703 92 1580
6805 23 4386
6605 99 5315
6706 86 465
6704 16 5193
6806 90 5747
6606 79 169
6707 49 4963
6705 56 3404
6807 45 2653
6607 74 3552
6708 63 263
6706 96 2567
6808 21 4325
6608 84 5110
6709 56 158
6707 94 2409
6809 54 5432
6609 54 2978
6710 87 280
6708 43 3011
6810 89 5873
6610 24 1817
6711 24 4868
6709 55 187
6811 29 3830
6611 48 1619
6712 25 2102
6710 35 204
6812 46 1217
6612 99 1193
6713 80 4555
6711 52 881
6813 99 5552
6613 38 5786
6714 80 2123
6712 43 5565
6814 90 249
6614 68 3755
6715 23 2899
6713 66 2748
6815 46 2429
6615 30 963
6716 20 753
6714 84 1450
6816 86 2741
6616 16 1740
6717 17 3756
6715 90 5660
6817 55 2919
6617 61 2172
6718 61 727
6716 94 3483
6818 46 4691
6618 75 237
6719 88 2031
6717 94 1600
6819 47 5180
6619 69 4854
6720 72 672
6718 75 3426
6820 18 3948
6620 38 3041
6721 53 3477
6719 17 2141
6821 84 3254
6621 21 463
6722 30 323
6720 81 5442
6822 43 4532
6622 36 4049
6723 73 4120
6721 88 3482
6823 86 5483
6623 17 1200
6724 16 46
6722 56 4378
6824 45 1685
6624 51 25
6725 92 851
6723 30 2467
6825 24 1619
6625 36 4306
6726 18 582
6724 67 1984
6826 46 1457
6626 39 5600
6727 14 2160
6725 43 652
6827 75 1587
6627 17 2208
6728 90 4439
6726 24 2808
6828 53 4460
6628 32 4160
6729 91 3299
6727 67 4618
6829 96 5748
6629 38 127
6730 42 2141
6728 84 3247
6830 58 5257
6630 75 1644
6731 100 1840
6729 23 2533
6831 32 2026
6631 24 463
6732 68 516
6730 84 4583
6832 59 2500
6632 71 3548
6733 73 3725
6731 52 853
6833 95 4111
6633 32 0
6734 14 1190
6732 82 5520
6834 80 757
6634 56 2427
6735 42 2530
6733 34 4734
6835 57 3559
6635 33 2731
6736 11 394
6734 47 2181
6836 15 1040
6636 37 4210
6737 38 1082
6735 33 5152
6837 49 5851
6637 93 558
6738 84 1152
6736 88 5001
6838 30 4537
6638 98 3040
6739 45 5711
6737 85 3529
6839 66 420
6639 88 1405
6740 39 2388
6738 77 507
6840 43 724
6640 15 1995
6741 63 4521
6739 18 4271
6841 17 1299
6641 89 2224
6742 25 5182
6740 19 4237
6842 45 1264
6642 16 373
6743 26 4824
6741 28 5652
6843 10 2683
6643 36 5199
6744 87 5121
6742 33 2269
6844 35 4309
6644 78 2488
6745 58 2558
6743 80 1022
6845 26 4396
6645 25 3145
6746 45 5063
6744 88 407
6846 51 2198
6646 41 2140
6747 56 3739
6745 11 3772
6847 21 3177
6647 19 4147
6748 44 255
6746 86 3655
6848 40 1229
6648 64 854
6749 64 5189
6747 42 271
6849 78 2037
6649 34 1485
6750 52 2432
6748 64 3582
6850 54 3481
6650 69 1477
6751 19 1518
6749 56 4052
6851 11 218
6651 21 1558
6752 18 1770
6750 79 128
6852 87 4368
6652 11 3859
6753 16 5362
6751 44 1476
6853 71 908
6653 24 2401
6754 94 2221
6752 24 2378
6854 43 586
6654 64 4992
6755 50 4896
6753 25 3669
6855 89 2546
6655 12 4350
6756 68 1608
6754 71 2198
6856 40 1953
6656 10 998
6757 78 2634
6755 58 4361
6857 97 4697
6657 72 2170
6758 32 5256
6756 31 1889
6858 39 3452
6658 31 1173
6759 51 2739
6757 84 1526
6859 96 4392
6659 97 2838
6760 87 3811
6758 67 965
6860 88 927
6660 66 1979
6761 77 4084
6759 21 5475
6861 55 1329
6661 37 3586
6762 54 5390
6760 61 2446
6862 10 589
6662 91 2588
6763 13 2941
6761 50 5635
6863 36 4112
6663 38 2921
6764 12 2587
6762 74 741
6864 57 415
6664 87 412
6765 81 3130
6763 63 4016
6865 37 3740
6665 22 857
6766 68 5892
6764 12 1862
6866 64 1160
6666 15 4693
6767 84 625
6765 39 5649
6867 93 3611
6667 40 2349
6768 77 1487
6766 63 4410
6868 64 1912
6668 63 3921
6769 40 3755
6767 85 1770
6869 75 1810
6669 75 5592
6770 44 2620
6768 14 1416
6870 73 4915
6670 45 4325
6771 60 5004
6769 24 1978
6871 39 2932
6671 25 5668
6772 82 5361
6770 44 2944
6872 69 1673
6672 28 824
6773 46 709
6771 19 3043
6873 91 1813
6673 36 4273
6774 23 4055
6772 28 2949
6874 21 4903
6674 68 1378
6775 72 529
6773 55 4364
6875 59 3401
6675 41 2521
6776 82 4675
6774 28 809
6876 39 5282
6676 42 2381
6777 93 886
6775 36 2586
6877 73 4119
6677 31 5601
6778 23 132
6776 40 164
6878 13 4513
6678 43 4122
6779 85 45
6777 76 433
6879 88 3397
6679 37 1008
6780 55 5231
6778 55 2778
6880 82 278
6680 98 3048
6781 58 4300
6779 53 3934
6881 15 565
6681 82 68
6782 92 1705
6780 62 1035
6882 22 3941
6682 58 4425
6783 41 1806
6781 80 5492
6883 63 5017
6683 50 1120
6784 88 3435
6782 68 2183
6884 33 2538
6684 84 3304
6785 29 3298
6783 17 3893
6885 72 1931
6685 12 1728
6786 19 1243
6784 86 4008
6886 35 2307
6686 12 40
6787 17 2772
6785 17 74
6887 89 3538
6687 20 3030
6788 25 2351
6786 56 1641
6888 82 136
6688 79 5862
6789 14 217
6787 81 5730
6889 91 3637
6689 47 72
6790 55 5021
6788 38 578
6890 79 5587
6690 69 1380
6791 82 3097
6789 75 1124
6891 85 992
6691 26 1663
6792 56 5832
6790 36 3696
6892 20 4371
6692 47 4623
6793 11 1542
6791 16 2247
6893 11 2975
6693 58 4579
6794 60 2989
6792 37 5666
6894 27 5436
6694 84 3968
6795 95 1964
6793 17 3542
6895 78 2933
6695 16 2414
6796 40 927
6794 65 149
6896 88 3981
6696 50 647
6797 36 4118
6795 55 412
6897 19 2006
6697 63 2014
6798 36 343
6796 90 31
6898 26 5893
6698 43 2653
6799 54 2366
6797 65 4563
6899 74 1848
6699 42 2166
6800 53 1463
6798 39 5839
6900 59 774
6700 75 38
6799 78 3286
6901 28 4537
6701 43 1948
6802 25 1294
6902 24 1978
6702 67 3095
6803 51 4196
6801 93 1859
6903 66 5559
6703 41 2426
6804 66 1819
6802 67 5546
6904 29 5572
6704 92 5850
6805 83 5143
6803 14 1116
6905 65 3555
6705 62 1211
6806 26 3896
6804 67 1186
6906 100 3804
6706 40 1483
6807 31 4598
6805 32 1653
6907 50 4361
6707 47 5485
6808 55 5754
6806 39 710
6908 12 3800
6708 99 3714
6809 28 4311
6807 37 2645
6909 23 4566
6709 70 2474
6810 45 2292
6808 68 4593
6910 20 979
6710 81 296
6811 32 3442
6809 88 1196
6911 53 1760
6711 82 868
6812 22 419
6810 74 5123
6912 44 2200
6712 74 2519
6813 56 3270
6811 91 209
6913 53 5737
6713 39 895
6814 34 916
6812 50 1626
6914 23 2523
6714 90 2891
6815 13 946
6813 60 4898
6915 91 4582
6715 89 4817
6816 46 4005
6814 15 4889
6916 97 1785
6716 83 3032
6817 16 2596
6815 47 2338
6917 62 3576
6717 54 2403
6818 50 1122
6816 89 5837
6918 60 1358
6718 100 5721
6819 51 3240
6817 44 902
6919 88 4102
6719 21 4547
6820 56 353
6818 31 4231
6920 89 1342
6720 35 1934
6821 48 3312
6819 89 2635
6921 54 5699
6721 58 3890
6822 91 1124
6820 81 5273
6922 86 1728
6722 41 4070
6823 61 3488
6821 46 3592
6923 37 2550
6723 71 3490
6824 88 5713
6822 97 853
6924 94 5592
6724 81 5553
6825 97 1039
6823 78 5013
6925 18 2032
6725 32 767
6826 16 1731
6824 47 3572
6926 87 352
6726 21 3909
6827 68 4386
6825 13 4035
6927 94 180
6727 57 5149
6828 87 569
6826 88 2782
6928 62 3592
6728 12 2464
6829 99 1444
6827 74 3958
6929 52 3522
6729 76 1262
6830 84 2092
6828 16 3532
6930 52 2694
6730 30 1742
6831 82 472
6829 25 5551
6931 60 2357
6731 93 4109
6832 47 3392
6830 86 4592
6932 42 4231
6732 24 2731
6833 76 2697
6831 14 2688
6933 58 1305
6733 54 4145
6834 83 3550
6832 27 3788
6934 58 3050
6734 64 4264
6835 23 1882
6833 22 5385
6935 68 1433
6735 81 3760
6836 17 1611
6834 65 1077
6936 58 1269
6736 50 545
6837 79 4481
6835 66 5259
6937 72 1022
6737 98 1838
6838 72 5632
6836 39 5009
6938 31 4767
6738 32 4474
6839 21 5400
6837 66 5018
6939 75 2022
6739 25 4895
6840 87 203
6838 25 5005
6940 53 547
6740 97 483
6841 25 4820
6839 66 3577
6941 57 3124
6741 14 4675
6842 92 1123
6840 65 3140
6942 94 3669
6742 77 1248
6843 77 1079
6841 40 3426
6943 56 834
6743 63 5527
6844 73 4871
6842 38 3451
6944 76 2327
6744 83 75
6845 24 230
6843 74 1087
6945 47 4180
6745 90 2487
6846 33 3685
6844 14 1768
6946 26 3257
6746 44 915
6847 69 4632
6845 57 4584
6947 82 3970
6747 91 1528
6848 40 4441
6846 91 1969
6948 74 5161
6748 48 5179
6849 84 612
6847 78 1835
6949 91 557
6749 71 3879
6850 73 780
6848 77 2826
6950 77 5090
6750 67 3061
6851 55 4554
6849 73 2917
6951 64 1180
6751 88 3384
6852 11 1078
6850 67 5506
6952 80 1177
6752 94 5154
6853 62 4377
6851 39 3775
6953 70 5085
6753 29 798
6854 42 4861
6852 27 2130
6954 40 402
6754 39 4298
6855 85 1434
6853 67 2260
6955 47 4932
6755 47 549
6856 11 2944
6854 64 920
6956 42 888
6756 15 4894
6857 10 129
6855 26 4519
6957 69 964
6757 68 3390
6858 98 3736
6856 73 4545
6958 62 3537
6758 75 1350
6859 42 4483
6857 90 5707
6959 87 3674
6759 83 5054
6860 73 4770
6858 42 3509
6960 10 1041
6760 18 1253
6861 12 5031
6859 68 2624
6961 39 472
6761 52 5773
6862 29 2556
6860 22 1307
6962 94 3177
6762 89 389
6863 57 4357
6861 69 2963
6963 72 3910
6763 63 5331
6864 64 601
6862 55 2068
6964 64 1288
6764 23 4162
6865 91 5516
6863 84 1147
6965 84 1692
6765 48 2240
6866 69 1075
6864 72 2821
6966 83 2834
6766 44 2436
6867 58 308
6865 39 3418
6967 73 2142
6767 79 3501
6868 80 1258
6866 32 766
6968 74 3427
6768 73 4250
6869 44 5077
6867 98 5559
6969 88 2157
6769 85 180
6870 78 2257
6868 80 3728
6970 73 5258
6770 51 1296
6871 86 3625
6869 39 2033
6971 52 2966
6771 16 140
6872 51 3835
6870 78 650
6972 31 4919
6772 77 4474
6873 99 5417
6871 50 1766
6973 60 2025
6773 80 1419
6874 98 5678
6872 89 907
6974 17 5254
6774 10 3668
6875 66 5540
6873 36 2105
6975 41 4269
6775 53 4766
6876 46 2050
6874 24 773
6976 40 2607
6776 75 5294
6877 85 2320
6875 100 3688
6977 48 1270
6777 11 3976
6878 42 2842
6876 37 102
6978 85 1509
6778 60 943
6879 56 4222
6877 78 2380
6979 33 1355
6779 54 1223
6880 30 1724
6878 23 4525
6980 82 5531
6780 84 4593
6881 93 5457
6879 29 3786
6981 62 98
6781 36 1413
6882 57 5487
6880 22 5019
6982 22 761
6782 51 652
6883 77 1446
6881 83 192
6983 85 5829
6783 91 2759
6884 92 3055
6882 76 2931
6984 59 4501
6784 75 662
6885 56 5281
6883 61 3731
6985 97 4335
6785 17 5481
6886 20 3869
6884 87 2694
6986 56 1625
6786 19 3084
6887 68 3161
6885 90 1011
6987 26 5120
6787 26 4465
6888 11 3174
6886 35 832
6988 64 2564
6788 36 2838
6889 59 451
6887 19 1312
6989 12 624
6789 11 532
6890 86 3860
6888 44 461
6990 97 5120
6790 11 2258
6891 84 4303
6889 89 1364
6991 92 1378
6791 97 2552
6892 93 3669
6890 27 4312
6992 16 4903
6792 73 4464
6893 36 212
6891 42 3851
6993 87 4734
6793 63 460
6894 72 5388
6892 52 2837
6994 51 992
6794 48 3475
6895 84 2802
6893 88 739
6995 17 5281
6795 56 668
6896 85 5924
6894 53 475
6996 75 5619
6796 58 2007
6897 30 3009
6895 98 1919
6997 11 134
6797 93 1902
6898 82 2618
6896 56 1306
6998 16 2137
6798 45 976
6899 78 4008
6897 99 5218
6999 30 5279
6799 66 3214
6900 54 2209
6898 60 3960
7000 44 3105
6800 57 662
6899 99 4355
7001 17 1330
6801 26 3144
6902 94 4931
7002 53 3014
6802 95 3222
6903 58 5498
6901 51 3714
7003 76 153
6803 62 2155
6904 46 1603
6902 28 5023
7004 64 3936
6804 67 3168
6905 57 5437
6903 10 5422
7005 96 3737
6805 68 2811
6906 74 5828
6904 69 974
7006 85 1373
6806 23 1390
6907 28 3951
6905 68 2175
7007 18 3866
6807 67 2810
6908 22 538
6906 73 5789
7008 99 4171
6808 38 2610
6909 91 4611
6907 82 5836
7009 64 5249
6809 38 4890
6910 18 619
6908 98 5165
7010 51 2190
6810 29 2179
6911 39 3516
6909 48 2225
7011 16 3235
6811 34 5602
6912 45 1783
6910 14 1372
7012 64 5541
6812 80 2604
6913 94 2433
6911 29 1480
7013 80 3123
6813 93 3676
6914 47 77
6912 80 1104
7014 24 3838
6814 31 3390
6915 85 3483
6913 54 2752
7015 76 601
6815 50 2298
6916 88 1814
6914 34 5091
7016 93 58
6816 27 2139
6917 44 2821
6915 20 597
7017 58 1494
6817 32 1586
6918 15 3636
6916 80 4512
7018 34 125
6818 16 419
6919 56 3702
6917 28 215
7019 79 2812
6819 81 5858
6920 28 878
6918 66 1293
7020 93 4921
6820 74 18
6921 51 986
6919 12 3465
7021 26 2327
6821 12 2936
6922 35 5499
6920 75 3913
7022 67 5444
6822 57 3783
6923 59 2866
6921 23 2796
7023 22 3748
6823 50 3142
6924 74 4246
6922 83 2391
7024 96 5724
6824 90 612
6925 32 5328
6923 47 5534
7025 75 257
6825 73 2702
6926 76 1907
6924 98 2353
7026 90 2587
6826 26 1435
6927 35 527
6925 91 3047
7027 22 3155
6827 85 2306
6928 95 1497
6926 62 3402
7028 66 5669
6828 49 1871
6929 83 2867
6927 93 5722
7029 76 693
6829 27 4640
6930 75 1328
6928 35 1617
7030 46 2561
6830 17 3765
6931 77 5436
6929 43 5732
7031 96 5194
6831 27 2509
6932 29 4998
6930 39 1797
7032 71 2015
6832 100 3930
6933 43 2463
6931 90 5781
7033 25 4764
6833 29 3140
6934 21 991
6932 97 4697
7034 78 2172
6834 98 3103
6935 68 862
6933 18 2738
7035 62 4185
6835 78 5522
6936 82 5634
6934 25 2008
7036 14 2234
6836 73 3071
6937 58 80
6935 13 5197
7037 55 5370
6837 60 5610
6938 44 4693
6936 50 2393
7038 88 597
6838 65 2545
6939 84 3431
6937 91 1566
7039 53 2300
6839 75 5876
6940 61 4435
6938 13 5194
7040 53 4178
6840 63 475
6941 66 4136
6939 76 5337
7041 42 40
6841 36 4900
6942 89 4522
6940 65 2845
7042 64 2171
6842 17 4756
6943 57 4859
6941 32 763
7043 24 2415
6843 59 198
6944 78 203
6942 92 3078
7044 47 2119
6844 56 988
6945 64 3588
6943 75 1014
7045 96 4765
6845 93 451
6946 57 4379
6944 45 649
7046 60 1088
6846 82 3368
6947 49 1884
6945 82 655
7047 47 2528
6847 40 4353
6948 19 3852
6946 78 3338
7048 57 1371
6848 65 4419
6949 70 3014
6947 74 2982
7049 48 5457
6849 56 1900
6950 14 5477
6948 71 208
7050 22 5058
6850 73 1982
6951 84 268
6949 94 4065
7051 96 4660
6851 78 925
6952 49 2251
6950 26 1901
7052 31 248
6852 13 5799
6953 23 4012
6951 44 3986
7053 49 838
6853 99 594
6954 17 1959
6952 88 5510
7054 63 2533
6854 66 611
6955 29 2541
6953 49 4523
7055 53 1824
6855 19 4574
6956 47 5106
6954 15 2034
7056 25 1805
6856 46 4631
6957 100 3476
6955 34 1069
7057 69 202
6857 98 2561
6958 51 4772
6956 27 2133
7058 17 5296
6858 43 139
6959 74 4883
6957 71 1284
7059 36 5480
6859 93 5919
6960 47 1101
6958 24 3164
7060 38 391
6860 69 1316
6961 21 2011
6959 48 5084
7061 30 5647
6861 12 4519
6962 23 461
6960 15 4314
7062 100 1019
6862 54 3682
6963 85 4978
6961 68 5329
7063 81 1565
6863 76 1224
6964 99 5770
6962 92 4690
7064 60 3618
6864 92 484
6965 20 3587
6963 10 3359
7065 38 903
6865 100 3512
6966 55 4704
6964 67 21
7066 36 1058
6866 54 3122
6967 88 3104
6965 31 328
7067 73 678
6867 32 2507
6968 66 5791
6966 76 2648
7068 62 2573
6868 90 5141
6969 48 5598
6967 55 5347
7069 88 253
6869 31 5079
6970 11 5241
6968 59 311
7070 69 2374
6870 53 2467
6971 32 1546
6969 43 2287
7071 18 2185
6871 48 3093
6972 16 3585
6970 15 4963
7072 93 526
6872 52 4556
6973 95 4744
6971 31 685
7073 54 1075
6873 17 4848
6974 74 4487
6972 60 1670
7074 95 1928
6874 64 3424
6975 89 3305
6973 24 5837
7075 70 2745
6875 62 3884
6976 85 5140
6974 50 899
7076 80 1681
6876 53 3669
6977 92 4317
6975 36 3301
7077 25 1400
6877 92 3225
6978 37 2532
6976 65 3863
7078 72 3817
6878 50 5751
6979 94 1504
6977 32 4475
7079 23 4184
6879 31 5777
6980 13 1228
6978 49 465
7080 53 2424
6880 89 1502
6981 15 4570
6979 64 5690
7081 99 4200
6881 100 324
6982 78 1313
6980 68 2286
7082 15 3169
6882 27 2068
6983 25 4408
6981 98 1657
7083 81 4748
6883 29 630
6984 82 783
6982 73 3351
7084 68 4457
6884 28 5061
6985 20 3484
6983 95 4163
7085 86 273
6885 100 3221
6986 49 5426
6984 40 3802
7086 21 851
6886 36 4285
6987 58 4744
6985 44 3118
7087 62 5246
6887 15 4492
6988 21 4262
6986 79 3159
7088 76 4857
6888 67 309
6989 85 5631
6987 68 353
7089 52 1454
6889 47 1230
6990 35 5279
6988 72 2211
7090 64 1185
6890 89 5372
6991 23 2926
6989 15 5841
7091 79 1941
6891 83 5816
6992 42 3069
6990 32 3347
7092 78 2658
6892 52 1350
6993 31 294
6991 18 1660
7093 75 3031
6893 87 46
6994 39 1989
6992 13 3420
7094 15 5916
6894 18 4999
6995 96 444
6993 84 705
7095 56 1772
6895 99 3730
6996 49 3554
6994 47 5113
7096 35 1869
6896 44 2340
6997 42 1968
6995 49 5773
7097 62 5233
6897 39 803
6998 18 3623
6996 68 924
7098 49 3612
6898 69 1794
6999 30 4008
6997 57 1403
7099 74 2246
6899 86 4819
7000 60 5434
6998 34 2570
7100 51 5783
6900 74 746
6999 37 3293
7101 65 2110
6901 82 198
7002 77 3687
7102 82 916
6902 26 5263
7003 95 4671
7001 66 4088
7103 15 3319
6903 93 1197
7004 96 850
7002 76 1220
7104 93 492
6904 38 4875
7005 12 2542
7003 32 4237
7105 39 2866
6905 23 4010
7006 31 3609
7004 86 3674
7106 12 429
6906 87 2800
7007 50 2308
7005 27 2472
7107 79 4829
6907 53 1736
7008 58 1755
7006 93 802
7108 68 4461
6908 56 1770
7009 26 4713
7007 31 3462
7109 51 2196
6909 63 2656
7010 91 247
7008 88 5539
7110 98 2062
6910 29 5304
7011 75 5449
7009 45 5462
7111 72 655
6911 71 1219
7012 87 3709
7010 14 873
7112 85 4660
6912 98 3576
7013 45 833
7011 82 2811
7113 62 3454
6913 54 3242
7014 69 5866
7012 60 5919
7114 29 5146
6914 72 4359
7015 100 4554
7013 76 2581
7115 21 4014
6915 19 3035
7016 76 5638
7014 75 287
7116 29 3773
6916 79 1447
7017 80 2456
7015 20 5476
7117 63 65
6917 38 4594
7018 21 5544
7016 27 512
7118 19 2634
6918 49 1104
7019 74 518
7017 51 4678
7119 74 2515
6919 70 2934
7020 95 3274
7018 11 2532
7120 56 4831
6920 95 4281
7021 18 2551
7019 47 465
7121 88 1241
6921 66 2089
7022 78 4825
7020 95 5710
7122 98 397
6922 75 3474
7023 32 3064
7021 68 4104
7123 81 5435
6923 84 895
7024 43 4431
7022 72 2935
7124 10 84
6924 56 2578
7025 27 5427
7023 13 3759
7125 96 1026
6925 66 5597
7026 55 1319
7024 10 4331
7126 73 4744
6926 24 131
7027 79 3209
7025 66 3205
7127 20 1349
6927 32 3642
7028 95 4637
7026 74 4938
7128 84 192
6928 81 827
7029 99 4846
7027 36 2997
7129 93 4130
6929 55 4193
7030 25 1377
7028 99 684
7130 75 3492
6930 82 1331
7031 50 1067
7029 62 655
7131 56 537
6931 96 4190
7032 77 3704
7030 46 4372
7132 88 2834
6932 57 2282
7033 88 2894
7031 26 970
7133 40 3906
6933 28 487
7034 15 4529
7032 78 172
7134 78 2434
6934 72 3797
7035 89 2658
7033 99 4354
7135 26 4333
6935 67 133
7036 71 2587
7034 22 4997
7136 58 1623
6936 28 3934
7037 92 1012
7035 62 284
7137 93 326
6937 86 1557
7038 15 1809
7036 57 1293
7138 36 194
6938 55 423
7039 86 5509
7037 87 3493
7139 28 5629
6939 44 3856
7040 91 560
7038 95 5872
7140 31 794
6940 73 2733
7041 58 3622
7039 27 2740
7141 61 1746
6941 100 1487
7042 94 789
7040 41 3568
7142 21 2581
6942 70 3324
7043 95 5316
7041 10 1943
7143 61 1465
6943 26 2507
7044 13 296
7042 81 3773
7144 52 162
6944 10 3152
7045 58 2438
7043 37 3999
7145 99 1730
6945 62 5320
7046 45 5739
7044 39 3382
7146 44 2830
6946 43 89
7047 36 5432
7045 70 4522
7147 85 2318
6947 28 3505
7048 68 504
7046 51 5581
7148 91 3442
6948 64 5455
7049 82 5186
7047 98 5877
7149 51 4603
6949 95 4053
7050 40 1763
7048 78 4851
7150 54 1755
6950 94 4802
7051 88 1661
7049 18 5649
7151 93 1293
6951 60 3633
7052 17 1507
7050 26 5786
7152 17 158
6952 56 2641
7053 71 1853
7051 75 329
7153 43 4325
6953 92 2147
7054 57 3547
7052 100 3453
7154 59 4864
6954 67 2443
7055 17 5762
7053 55 1762
7155 10 258
6955 90 1111
7056 44 265
7054 83 85
7156 90 2711
6956 78 3366
7057 67 2831
7055 32 4086
7157 76 789
6957 56 5144
7058 84 1287
7056 33 4626
7158 39 2082
6958 90 5061
7059 38 2948
7057 23 4903
7159 48 5301
6959 95 5228
7060 61 1180
7058 83 5439
7160 25 1779
6960 74 2177
7061 25 3507
7059 63 3236
7161 74 4542
6961 100 2598
7062 14 3303
7060 57 807
7162 29 263
6962 63 665
7063 92 5849
7061 54 1414
7163 54 2384
6963 69 3314
7064 31 728
7062 40 217
7164 72 249
6964 79 3274
7065 77 2854
7063 28 2219
7165 76 4793
6965 18 1406
7066 63 2306
7064 59 450
7166 45 5242
6966 67 1219
7067 37 1261
7065 46 3386
7167 80 2129
6967 60 5800
7068 88 2867
7066 44 232
7168 86 2146
6968 13 2961
7069 54 887
7067 39 2584
7169 65 3748
6969 60 4042
7070 51 1856
7068 17 3766
7170 38 3199
6970 74 4095
7071 43 3896
7069 17 464
7171 63 4892
6971 52 5256
7072 74 3682
7070 63 2972
7172 86 5553
6972 46 1015
7073 82 2146
7071 31 3762
7173 22 3773
6973 61 3252
7074 81 2265
7072 66 3432
7174 16 1554
6974 28 5119
7075 99 5068
7073 70 1846
7175 96 5164
6975 10 4723
7076 13 4411
7074 13 3961
7176 100 2235
6976 39 579
7077 19 3654
7075 14 5452
7177 29 5878
6977 100 3553
7078 99 2353
7076 39 72
7178 10 1114
6978 22 595
7079 10 3740
7077 64 2173
7179 76 1690
6979 60 877
7080 70 5721
7078 73 3127
7180 72 3854
6980 67 1984
7081 55 151
7079 13 3502
7181 33 3605
6981 20 1065
7082 40 1763
7080 87 2676
7182 59 4751
6982 55 4752
7083 48 566
7081 54 1864
7183 34 3588
6983 13 5279
7084 35 5184
7082 25 705
7184 86 1122
6984 56 3839
7085 65 1399
7083 60 4772
7185 33 1599
6985 66 1310
7086 44 3065
7084 40 14
7186 61 1449
6986 18 4877
7087 63 3780
7085 15 3908
7187 30 3058
6987 61 61
7088 59 268
7086 85 361
7188 90 4814
6988 41 3488
7089 42 3570
7087 19 486
7189 13 368
6989 98 24
7090 55 514
7088 27 5103
7190 53 5186
6990 50 958
7091 61 4443
7089 23 789
7191 72 1741
6991 96 4343
7092 31 3287
7090 16 1908
7192 90 344
6992 96 841
7093 76 5830
7091 29 4533
7193 97 5043
6993 33 4117
7094 60 2811
7092 95 38
7194 40 3757
6994 40 746
7095 51 3836
7093 57 5785
7195 52 1575
6995 20 5065
7096 88 4355
7094 60 1405
7196 69 3370
6996 47 882
7097 95 5480
7095 67 5149
7197 68 2340
6997 81 3779
7098 82 2563
7096 70 502
7198 10 4990
6998 58 4929
7099 97 2985
7097 88 3033
7199 76 1351
6999 38 579
7100 70 4795
7098 48 983
7200 39 5390
7000 91 562
7099 41 3382
7201 63 3507
7001 60 190
7102 84 4818
7202 32 5627
7002 18 4819
7103 33 761
7101 42 35
7203 62 5859
7003 78 3236
7104 36 5453
7102 55 1216
7204 87 5604
7004 54 3804
7105 22 1222
7103 60 4903
7205 59 5411
7005 65 1352
7106 83 4454
7104 47 98
7206 88 596
7006 54 1611
7107 70 1852
7105 79 38
7207 69 2189
7007 37 3927
7108 72 4212
7106 27 4665
7208 61 3175
7008 51 4986
7109 73 3832
7107 54 4052
7209 97 2375
7009 70 4876
7110 47 2066
7108 81 3524
7210 11 776
7010 63 5840
7111 19 1846
7109 57 5580
7211 11 3766
7011 20 3003
7112 85 5532
7110 76 1829
7212 48 757
7012 53 2808
7113 11 3948
7111 24 669
7213 34 3236
7013 31 3089
7114 73 3110
7112 80 5896
7214 94 5043
7014 29 3234
7115 76 1608
7113 76 1197
7215 92 5894
7015 84 3803
7116 93 2960
7114 42 4595
7216 39 4292
7016 56 1639
7117 63 428
7115 98 1666
7217 97 602
7017 63 5742
7118 76 5893
7116 75 2432
7218 90 2517
7018 13 2578
7119 88 865
7117 58 2845
7219 66 5289
7019 57 4564
7120 17 2412
7118 96 5175
7220 68 3778
7020 74 5148
7121 77 4007
7119 18 4890
7221 90 3082
7021 61 357
7122 95 4484
7120 73 3097
7222 85 775
7022 55 3831
7123 55 4204
7121 12 2339
7223 75 5090
7023 86 3499
7124 19 5354
7122 83 3086
7224 32 5559
7024 42 708
7125 90 4551
7123 20 4321
7225 83 602
7025 69 4067
7126 66 2471
7124 40 3206
7226 92 1385
7026 25 2350
7127 67 4756
7125 84 4974
7227 91 2430
7027 72 1230
7128 91 1985
7126 17 552
7228 90 84
7028 32 905
7129 61 4282
7127 95 1783
7229 45 2300
7029 96 3342
7130 36 5049
7128 44 4920
7230 42 1403
7030 60 3778
7131 80 3638
7129 90 500
7231 49 2465
7031 66 3747
7132 48 1827
7130 97 4775
7232 25 1073
7032 78 2674
7133 76 976
7131 85 4900
7233 61 5166
7033 41 1946
7134 15 4582
7132 72 2884
7234 73 1962
7034 13 1287
7135 52 2301
7133 72 5268
7235 85 383
7035 89 1787
7136 59 799
7134 28 4821
7236 81 2968
7036 51 4128
7137 92 4447
7135 84 819
7237 85 5453
7037 71 3508
7138 27 4617
7136 74 1069
7238 88 2534
7038 28 1498
7139 66 968
7137 21 4977
7239 67 5430
7039 13 5925
7140 82 2903
7138 40 5922
7240 12 2479
7040 83 3250
7141 31 1049
7139 37 5471
7241 97 2516
7041 55 5834
7142 80 1264
7140 67 2548
7242 76 3701
7042 59 5748
7143 83 2959
7141 96 4100
7243 56 2246
7043 93 5224
7144 21 5366
7142 92 2079
7244 22 335
7044 81 4792
7145 19 1025
7143 30 1814
7245 23 4529
7045 16 940
7146 56 4562
7144 41 1569
7246 52 4137
7046 35 2572
7147 81 1444
7145 57 4430
7247 91 648
7047 28 3197
7148 37 3508
7146 40 2933
7248 81 2160
7048 30 647
7149 17 3025
7147 100 327
7249 73 3323
7049 11 4153
7150 75 1072
7148 44 3423
7250 32 5838
7050 56 5656
7151 19 4965
7149 44 1771
7251 28 3306
7051 85 2241
7152 38 2169
7150 57 2125
7252 80 3499
7052 59 5718
7153 13 2055
7151 11 1072
7253 38 2802
7053 10 270
7154 89 5419
7152 86 656
7254 20 1287
7054 69 5912
7155 49 4070
7153 40 1755
7255 53 1055
7055 49 5205
7156 74 41
7154 18 2020
7256 87 1105
7056 90 1418
7157 27 5438
7155 32 320
7257 29 5478
7057 41 3486
7158 41 3698
7156 27 5487
7258 45 5294
7058 99 5182
7159 90 5740
7157 69 4620
7259 97 1398
7059 78 636
7160 82 4443
7158 73 3151
7260 43 5917
7060 69 3488
7161 22 1714
7159 11 3279
7261 55 2118
7061 13 4045
7162 80 1895
7160 62 61
7262 49 5194
7062 74 68
7163 78 4586
7161 37 4224
7263 11 951
7063 61 2748
7164 39 774
7162 55 5407
7264 28 2599
7064 41 1369
7165 70 2718
7163 11 1347
7265 13 2901
7065 19 5543
7166 32 5565
7164 85 4454
7266 90 3673
7066 66 2777
7167 57 3240
7165 97 3878
7267 55 5185
7067 45 2052
7168 54 41
7166 36 667
7268 37 258
7068 60 5930
7169 10 3483
7167 25 1930
7269 99 137
7069 72 4945
7170 58 529
7168 100 5505
7270 40 5082
7070 66 5757
7171 11 3088
7169 32 978
7271 74 3193
7071 14 5348
7172 87 4899
7170 22 4097
7272 59 1894
7072 58 2533
7173 15 3236
7171 71 4137
7273 41 4506
7073 48 4082
7174 93 1077
7172 18 48
7274 45 943
7074 20 4090
7175 88 1579
7173 65 4427
7275 51 3316
7075 24 673
7176 55 5039
7174 78 3805
7276 28 3210
7076 87 1513
7177 12 5099
7175 52 943
7277 20 1068
7077 31 5531
7178 58 861
7176 53 4497
7278 64 475
7078 29 2695
7179 34 812
7177 59 2331
7279 96 2172
7079 92 3081
7180 13 1799
7178 23 2552
7280 10 223
7080 41 5288
7181 78 5711
7179 83 5029
7281 72 1030
7081 46 4508
7182 15 1999
7180 12 5683
7282 22 3190
7082 15 702
7183 96 5575
7181 52 2930
7283 70 3885
7083 34 4681
7184 55 412
7182 33 2203
7284 68 5696
7084 47 4659
7185 16 3949
7183 45 3791
7285 25 2291
7085 81 3901
7186 99 163
7184 87 1963
7286 94 4839
7086 67 853
7187 55 3193
7185 11 380
7287 32 1476
7087 37 2727
7188 52 3937
7186 76 2003
7288 70 3577
7088 56 2548
7189 13 2316
7187 30 1217
7289 80 3394
7089 32 3845
7190 50 3759
7188 59 3055
7290 95 4919
7090 45 1660
7191 87 5253
7189 53 3444
7291 66 5131
7091 90 3119
7192 77 5201
7190 77 4169
7292 86 3404
7092 75 4523
7193 16 4099
7191 52 892
7293 95 2681
7093 32 4713
7194 91 3204
7192 21 4691
7294 69 5164
7094 47 5546
7195 33 990
7193 64 5495
7295 25 2227
7095 66 5117
7196 34 965
7194 64 878
7296 16 5308
7096 100 2020
7197 100 4921
7195 92 3164
7297 89 5698
7097 52 2910
7198 99 4448
7196 31 5448
7298 38 714
7098 72 3658
7199 48 2763
7197 12 3303
7299 15 655
7099 33 5046
7200 87 2061
7198 48 1607
7300 94 4512
7100 66 411
7199 26 687
7301 49 1068
7101 34 4611
7202 92 3460
7302 45 2524
7102 42 5463
7203 27 4838
7201 36 3337
7303 66 444
7103 93 1182
7204 18 4827
7202 36 2800
7304 17 5575
7104 64 3571
7205 28 2435
7203 55 5419
7305 26 4615
7105 42 3676
7206 20 2986
7204 34 4602
7306 56 4718
7106 62 1931
7207 83 1588
7205 90 3808
7307 57 5571
7107 19 3014
7208 96 1942
7206 91 3787
7308 99 4071
7108 36 127
7209 72 2831
7207 98 690
7309 16 1063
7109 45 4445
7210 55 936
7208 100 1144
7310 21 1032
7110 33 4936
7211 59 2058
7209 56 2319
7311 23 2996
7111 19 3693
7212 39 2359
7210 67 1754
7312 18 3052
7112 16 1463
7213 47 3007
7211 15 705
7313 41 1330
7113 96 4629
7214 85 837
7212 99 1813
7314 32 5918
7114 79 1556
7215 79 5078
7213 31 1316
7315 11 3949
7115 82 1211
7216 39 4590
7214 78 3222
7316 93 5110
7116 61 562
7217 88 3954
7215 20 2557
7317 82 754
7117 64 1807
7218 49 5459
7216 43 1143
7318 11 523
7118 91 2335
7219 33 3040
7217 32 3774
7319 17 4443
7119 24 4866
7220 10 509
7218 77 4760
7320 31 2320
7120 84 175
7221 26 2495
7219 43 240
7321 60 3598
7121 11 3095
7222 65 4482
7220 99 1367
7322 66 652
7122 22 2035
7223 97 1140
7221 42 3510
7323 88 4611
7123 96 3649
7224 40 3757
7222 81 635
7324 34 4901
7124 83 5461
7225 87 3335
7223 82 5413
7325 44 1254
7125 86 1174
7226 79 1949
7224 63 4182
7326 34 3856
7126 95 4361
7227 35 4618
7225 61 2618
7327 91 2755
7127 29 5071
7228 37 2870
7226 75 3244
7328 42 2196
7128 15 1047
7229 30 5659
7227 56 556
7329 11 555
7129 63 5515
7230 88 2514
7228 54 4392
7330 22 2532
7130 17 5037
7231 75 2338
7229 17 1868
7331 100 566
7131 91 3408
7232 87 1250
7230 68 4678
7332 21 1563
7132 21 3297
7233 73 3047
7231 95 1642
7333 11 3128
7133 19 3786
7234 65 1904
7232 52 1358
7334 25 3707
7134 87 63
7235 71 367
7233 91 5266
7335 55 2682
7135 19 3850
7236 84 4518
7234 19 5872
7336 59 946
7136 12 3165
7237 25 1239
7235 97 2165
7337 53 1391
7137 55 2101
7238 85 2863
7236 57 31
7338 30 3287
7138 50 3871
7239 53 1213
7237 94 1521
7339 83 740
7139 64 1053
7240 95 4364
7238 11 1622
7340 81 71
7140 23 5278
7241 92 1845
7239 21 1831
7341 100 4302
7141 29 1498
7242 39 3078
7240 58 1932
7342 13 873
7142 81 4205
7243 24 2334
7241 27 2523
7343 32 210
7143 20 293
7244 52 5272
7242 17 5508
7344 87 2204
7144 29 692
7245 53 1441
7243 49 3099
7345 84 4963
7145 11 4078
7246 99 2077
7244 33 1416
7346 60 2053
7146 83 2992
7247 62 5630
7245 62 1126
7347 16 4418
7147 64 5425
7248 92 1031
7246 40 4898
7348 90 4712
7148 67 3793
7249 99 1241
7247 90 5226
7349 60 1048
7149 69 1095
7250 72 2074
7248 81 2445
7350 71 4263
7150 19 764
7251 86 1679
7249 76 2548
7351 82 2181
7151 66 3400
7252 77 2292
7250 40 3229
7352 29 1264
7152 12 5670
7253 65 312
7251 61 425
7353 98 2700
7153 29 1920
7254 11 2134
7252 44 141
7354 52 403
7154 97 1060
7255 15 5763
7253 36 1557
7355 45 3244
7155 97 4295
7256 96 1555
7254 94 2207
7356 35 1785
7156 50 5175
7257 78 3350
7255 13 5290
7357 51 278
7157 43 5386
7258 74 488
7256 54 5420
7358 98 14
7158 52 2759
7259 79 1
7257 61 2272
7359 61 3437
7159 10 356
7260 10 3813
7258 32 5410
7360 68 1548
7160 32 3682
7261 14 4149
7259 47 3335
7361 96 1157
7161 71 4978
7262 85 1862
7260 15 3462
7362 61 1082
7162 45 3007
7263 45 3381
7261 92 4278
7363 33 1754
7163 24 5400
7264 91 2486
7262 19 605
7364 43 5233
7164 10 3192
7265 67 3046
7263 34 2589
7365 20 117
7165 49 1970
7266 24 3174
7264 56 5266
7366 40 4686
7166 35 260
7267 97 642
7265 81 4494
7367 16 3214
7167 31 394
7268 48 4336
7266 55 3035
7368 47 1248
7168 75 26
7269 41 5205
7267 34 4188
7369 28 5319
7169 37 4352
7270 100 1007
7268 47 2610
7370 64 2575
7170 20 1112
7271 44 433
7269 60 2494
7371 85 5539
7171 21 5246
7272 29 474
7270 79 9
7372 65 5303
7172 73 1431
7273 71 5601
7271 50 1959
7373 95 65
7173 26 1438
7274 19 1956
7272 18 5384
7374 77 4803
7174 29 574
7275 11 590
7273 89 1193
7375 67 34
7175 100 3354
7276 94 2080
7274 27 391
7376 29 3576
7176 72 3987
7277 52 5143
7275 39 468
7377 47 250
7177 91 1496
7278 28 2975
7276 28 4426
7378 28 2094
7178 36 2048
7279 80 5214
7277 83 2045
7379 99 701
7179 93 767
7280 22 1644
7278 79 3187
7380 23 5322
7180 78 1906
7281 12 2304
7279 93 3460
7381 66 4991
7181 46 64
7282 79 4928
7280 66 5009
7382 57 2512
7182 14 4865
7283 12 1697
7281 89 5202
7383 43 5914
7183 70 3449
7284 67 2531
7282 23 2513
7384 76 5476
7184 60 3087
7285 77 1415
7283 45 2851
7385 13 2476
7185 98 3598
7286 42 5729
7284 69 4700
7386 61 1582
7186 35 2184
7287 34 1854
7285 33 4290
7387 98 4501
7187 46 1546
7288 19 5906
7286 19 1333
7388 42 3088
7188 36 4864
7289 83 3112
7287 40 3285
7389 75 1093
7189 76 4478
7290 67 1120
7288 93 4217
7390 18 1195
7190 18 1614
7291 55 2686
7289 28 4650
7391 49 78
7191 18 1924
7292 76 3500
7290 74 409
7392 40 675
7192 59 3728
7293 99 4046
7291 77 287
7393 43 2030
7193 46 5411
7294 81 1248
7292 93 3086
7394 39 1501
7194 11 3544
7295 38 833
7293 45 2921
7395 77 3392
7195 12 747
7296 95 894
7294 45 4297
7396 77 5204
7196 63 3620
7297 21 201
7295 63 4698
7397 13 5577
7197 83 3240
7298 44 4424
7296 62 2675
7398 66 906
7198 83 4892
7299 92 3755
7297 36 203
7399 38 248
7199 63 2543
7300 71 5361
7298 62 4241
7400 76 5553
7200 11 511
7299 93 3849
7401 10 3569
7201 39 2295
7302 68 4988
7402 40 510
7202 21 1791
7303 83 5873
7301 40 1413
7403 45 5697
7203 22 5168
7304 99 691
7302 16 5058
7404 25 5643
7204 41 5788
7305 42 5511
7303 64 5611
7405 68 4485
7205 10 2131
7306 43 1676
7304 44 1519
7406 50 5862
7206 72 3378
7307 50 1476
7305 10 1230
7407 36 925
7207 26 2281
7308 65 4330
7306 49 1240
7408 70 1823
7208 69 2110
7309 71 1614
7307 57 1660
7409 97 1326
7209 70 3815
7310 60 2869
7308 60 2276
7410 19 2037
7210 65 2465
7311 66 1566
7309 64 4864
7411 34 1539
7211 72 2221
7312 11 422
7310 92 5585
7412 97 194
7212 23 4334
7313 77 5215
7311 88 4195
7413 70 4575
7213 17 3648
7314 42 4589
7312 42 3563
7414 43 1596
7214 37 2041
7315 92 3904
7313 67 2583
7415 59 5677
7215 34 1300
7316 72 3078
7314 59 3462
7416 22 5896
7216 96 842
7317 96 1229
7315 73 526
7417 64 2760
7217 98 5144
7318 11 2441
7316 77 3663
7418 87 4669
7218 17 5571
7319 40 3996
7317 18 3249
7419 17 4953
7219 47 5459
7320 78 4449
7318 37 5636
7420 18 1661
7220 67 3161
7321 11 1462
7319 18 2877
7421 82 858
7221 17 77
7322 91 1403
7320 83 2189
7422 51 3992
7222 43 5734
7323 88 1155
7321 93 1582
7423 45 5722
7223 23 522
7324 15 3709
7322 67 2204
7424 54 1700
7224 36 891
7325 32 486
7323 61 2247
7425 83 1519
7225 38 3633
7326 24 4760
7324 27 4567
7426 51 2632
7226 97 3078
7327 39 3761
7325 29 3750
7427 21 363
7227 89 3010
7328 62 2390
7326 22 3594
7428 15 1117
7228 48 2158
7329 60 5757
7327 32 5410
7429 82 1180
7229 21 254
7330 31 2210
7328 95 3737
7430 18 4589
7230 29 2560
7331 74 5574
7329 63 1652
7431 25 3960
7231 65 4201
7332 90 677
7330 83 1308
7432 45 5815
7232 81 3727
7333 100 2182
7331 71 522
7433 11 3677
7233 72 1635
7334 80 3778
7332 24 2418
7434 64 4027
7234 38 455
7335 45 1
7333 25 4362
7435 72 4850
7235 17 3050
7336 42 4157
7334 33 4227
7436 89 3120
7236 47 339
7337 55 783
7335 31 1244
7437 20 5019
7237 21 2406
7338 93 5693
7336 75 565
7438 75 1656
7238 47 4814
7339 74 3004
7337 39 3306
7439 28 5326
7239 27 792
7340 96 855
7338 44 2572
7440 99 4356
7240 24 1901
7341 25 206
7339 84 3456
7441 59 997
7241 72 5215
7342 62 4963
7340 39 2569
7442 54 4244
7242 88 4401
7343 60 254
7341 96 4193
7443 64 2407
7243 76 5288
7344 75 3883
7342 18 4087
7444 38 1480
7244 77 4086
7345 49 2133
7343 47 5386
7445 74 1857
7245 34 3377
7346 15 5433
7344 63 1690
7446 60 615
7246 49 3548
7347 90 1660
7345 45 4526
7447 89 2476
7247 73 4640
7348 12 1489
7346 14 2890
7448 69 4871
7248 44 4023
7349 76 1036
7347 100 5340
7449 78 3630
7249 27 852
7350 88 3166
7348 67 1505
7450 32 5606
7250 23 3180
7351 15 2318
7349 58 2264
7451 87 1452
7251 57 1258
7352 25 402
7350 92 1448
7452 41 5295
7252 68 846
7353 78 4464
7351 53 3170
7453 96 3599
7253 72 5576
7354 24 1539
7352 86 4314
7454 41 383
7254 49 4573
7355 51 160
7353 71 1124
7455 67 2657
7255 88 3479
7356 10 5659
7354 63 2562
7456 32 4980
7256 86 424
7357 30 2184
7355 47 2430
7457 41 1644
7257 19 2800
7358 39 4627
7356 45 4078
7458 82 5906
7258 100 2282
7359 50 3594
7357 61 4997
7459 55 1488
7259 24 5854
7360 42 1849
7358 52 5751
7460 69 4537
7260 48 3765
7361 19 4766
7359 67 4772
7461 74 2549
7261 52 2778
7362 23 2582
7360 28 5616
7462 51 4231
7262 87 3558
7363 69 2516
7361 65 3264
7463 44 3003
7263 46 4913
7364 53 2546
7362 15 2139
7464 36 5299
7264 25 4078
7365 60 1291
7363 66 4564
7465 67 4942
7265 63 4492
7366 16 4766
7364 98 4227
7466 27 5286
7266 75 223
7367 52 5753
7365 47 5768
7467 15 2600
7267 73 5694
7368 30 5368
7366 50 4917
7468 53 4711
7268 66 3168
7369 70 5748
7367 76 3886
7469 92 2845
7269 96 5525
7370 47 155
7368 79 44
7470 63 2294
7270 17 3421
7371 14 900
7369 38 4597
7471 43 5416
7271 12 953
7372 33 2702
7370 52 2928
7472 85 5406
7272 49 1670
7373 62 5307
7371 37 5643
7473 28 4338
7273 18 764
7374 25 2179
7372 14 1512
7474 76 5611
7274 32 4558
7375 28 4521
7373 38 2803
7475 75 4992
7275 58 5121
7376 45 3163
7374 91 4818
7476 79 3807
7276 51 2156
7377 93 3751
7375 96 1967
7477 19 3032
7277 85 3868
7378 93 4633
7376 72 4889
7478 74 3580
7278 29 4090
7379 23 3289
7377 10 4284
7479 76 1301
7279 13 2985
7380 74 550
7378 29 3677
7480 92 327
7280 46 2957
7381 61 4461
7379 33 5543
7481 58 1551
7281 14 1719
7382 60 1954
7380 70 3829
7482 100 1331
7282 36 185
7383 60 636
7381 10 5473
7483 97 1169
7283 37 4523
7384 83 1493
7382 61 1510
7484 14 5215
7284 32 4405
7385 75 746
7383 61 4897
7485 62 2616
7285 58 2746
7386 52 3831
7384 63 5116
7486 40 2638
7286 23 174
7387 83 4425
7385 39 2337
7487 52 1358
7287 91 3599
7388 73 5852
7386 28 5421
7488 32 4341
7288 52 5166
7389 88 1363
7387 69 3039
7489 36 5237
7289 34 5281
7390 47 2400
7388 32 1659
7490 87 2856
7290 11 2686
7391 95 2207
7389 80 2558
7491 49 4920
7291 34 1070
7392 55 3772
7390 83 5167
7492 21 4147
7292 14 1673
7393 54 4402
7391 31 1630
7493 46 1177
7293 59 1968
7394 78 1500
7392 43 5212
7494 65 3171
7294 26 2205
7395 81 5368
7393 79 5683
7495 48 2767
7295 76 2708
7396 33 3392
7394 70 2983
7496 16 1833
7296 25 1342
7397 97 2589
7395 29 5693
7497 82 2960
7297 14 4554
7398 43 4014
7396 89 5319
7498 57 3483
7298 11 4849
7399 100 99
7397 51 2262
7499 51 5383
7299 42 1062
7400 70 2920
7398 57 2847
7500 60 4043
7300 25 58
7399 49 3510
7501 38 1914
7301 53 2806
7402 78 4460
7502 68 2982
7302 11 529
7403 92 5648
7401 93 5064
7503 22 855
7303 78 5268
7404 17 2141
7402 96 3569
7504 41 5146
7304 71 267
7405 17 2638
7403 57 3780
7505 28 5855
7305 64 5136
7406 79 1514
7404 98 3866
7506 30 4581
7306 44 5382
7407 11 4828
7405 95 3495
7507 100 3591
7307 88 1083
7408 86 3706
7406 68 3390
7508 75 5719
7308 31 4649
7409 67 75
7407 57 1636
7509 63 4139
7309 27 2770
7410 13 5357
7408 63 2493
7510 28 167
7310 27 1680
7411 96 3291
7409 59 789
7511 94 1383
7311 91 5441
7412 34 2658
7410 94 959
7512 16 3191
7312 12 5282
7413 13 4646
7411 65 2761
7513 78 3527
7313 46 5377
7414 61 4148
7412 76 5174
7514 72 765
7314 77 2894
7415 95 1420
7413 64 2394
7515 33 3223
7315 82 4536
7416 77 1841
7414 30 673
7516 98 1182
7316 89 2119
7417 70 1091
7415 82 4907
7517 84 5411
7317 56 4261
7418 22 965
7416 75 3051
7518 75 1872
7318 35 5435
7419 26 2585
7417 72 276
7519 99 4465
7319 26 3267
7420 79 3011
7418 96 4787
7520 35 1960
7320 62 905
7421 34 1421
7419 55 3882
7521 56 4749
7321 63 2382
7422 97 2207
7420 40 631
7522 66 1217
7322 48 2581
7423 29 4660
7421 62 5770
7523 30 2417
7323 17 2295
7424 82 468
7422 75 1206
7524 26 4864
7324 79 2115
7425 22 4168
7423 51 2316
7525 35 4031
7325 27 5029
7426 18 5455
7424 32 711
7526 59 755
7326 77 1898
7427 16 3914
7425 11 3579
7527 65 3389
7327 71 5820
7428 95 1018
7426 60 5368
7528 75 4458
7328 11 3922
7429 98 3245
7427 50 2249
7529 55 1092
7329 35 5916
7430 95 3081
7428 27 5745
7530 18 5098
7330 89 5187
7431 72 3371
7429 78 5163
7531 62 2411
7331 82 4178
7432 41 2293
7430 81 3667
7532 60 3753
7332 73 4110
7433 91 1856
7431 95 4240
7533 39 5890
7333 63 5595
7434 21 3537
7432 37 5140
7534 41 3245
7334 57 5092
7435 54 1471
7433 31 1610
7535 32 2260
7335 38 198
7436 21 2853
7434 31 4792
7536 98 2917
7336 66 4210
7437 10 2337
7435 16 5354
7537 64 3488
7337 80 4217
7438 85 1502
7436 32 4097
7538 85 2451
7338 95 3768
7439 76 3932
7437 91 2473
7539 49 1436
7339 41 2801
7440 23 1238
7438 87 2512
7540 28 650
7340 23 4337
7441 68 132
7439 26 4848
7541 81 4869
7341 70 4518
7442 96 5126
7440 11 4027
7542 55 5356
7342 85 3552
7443 97 4253
7441 35 5624
7543 90 3910
7343 75 228
7444 90 4378
7442 94 2300
7544 25 2890
7344 100 5217
7445 32 4106
7443 86 4808
7545 32 859
7345 87 1602
7446 64 5432
7444 65 4026
7546 86 3687
7346 68 2389
7447 26 5860
7445 32 476
7547 74 2133
7347 88 146
7448 67 5373
7446 51 258
7548 28 2555
7348 50 638
7449 92 4733
7447 55 5021
7549 82 3331
7349 11 4110
7450 18 2447
7448 48 3916
7550 87 1716
7350 26 733
7451 91 1596
7449 93 2028
7551 63 5122
7351 70 5857
7452 76 98
7450 54 2565
7552 49 4737
7352 24 4853
7453 47 1236
7451 57 5736
7553 31 4010
7353 62 1070
7454 90 489
7452 39 3881
7554 95 453
7354 19 4600
7455 49 2078
7453 75 5150
7555 59 5134
7355 98 5256
7456 21 3365
7454 65 2037
7556 42 1928
7356 39 2144
7457 77 2112
7455 44 2972
7557 16 182
7357 76 3607
7458 20 770
7456 87 738
7558 63 5576
7358 29 668
7459 30 3295
7457 29 2501
7559 88 5643
7359 84 955
7460 44 1731
7458 26 1881
7560 14 1384
7360 79 4385
7461 45 5836
7459 92 5297
7561 20 697
7361 99 4334
7462 95 1215
7460 30 12
7562 72 1102
7362 88 2210
7463 37 1697
7461 77 992
7563 57 2045
7363 19 5684
7464 95 2482
7462 36 4727
7564 12 4100
7364 44 248
7465 56 3613
7463 71 2683
7565 54 1522
7365 53 662
7466 14 1168
7464 20 2523
7566 55 1169
7366 76 5631
7467 44 3693
7465 87 4251
7567 95 5410
7367 36 567
7468 24 1706
7466 100 101
7568 62 2017
7368 57 4645
7469 85 5016
7467 20 641
7569 87 2129
7369 16 856
7470 17 4736
7468 81 5438
7570 74 1475
7370 77 3294
7471 37 908
7469 40 1561
7571 22 2352
7371 97 1472
7472 56 548
7470 23 4168
7572 51 3606
7372 47 2985
7473 38 5242
7471 30 3554
7573 59 3688
7373 67 2438
7474 27 1061
7472 93 1515
7574 28 1351
7374 79 2207
7475 28 2774
7473 45 1656
7575 40 5667
7375 60 4377
7476 99 4802
7474 61 2643
7576 83 4922
7376 41 4316
7477 92 472
7475 42 5391
7577 19 1283
7377 91 2431
7478 82 4474
7476 54 5593
7578 99 3952
7378 58 856
7479 53 1063
7477 74 1454
7579 49 5011
7379 30 5810
7480 92 2029
7478 65 429
7580 70 2074
7380 39 2601
7481 15 3680
7479 22 1574
7581 34 76
7381 75 291
7482 12 2123
7480 46 3067
7582 87 5094
7382 59 5938
7483 67 5636
7481 55 147
7583 45 2981
7383 41 2582
7484 88 4423
7482 15 5292
7584 47 2677
7384 37 3863
7485 24 2268
7483 26 477
7585 10 1774
7385 92 5837
7486 55 4440
7484 74 4780
7586 65 1413
7386 82 4038
7487 26 5399
7485 60 893
7587 72 5199
7387 62 4195
7488 82 5801
7486 77 2767
7588 50 1809
7388 89 1145
7489 80 5681
7487 85 2209
7589 67 750
7389 100 2425
7490 90 5464
7488 80 3340
7590 60 4441
7390 69 3903
7491 29 214
7489 51 1104
7591 48 1761
7391 39 3443
7492 56 4524
7490 96 3563
7592 31 4314
7392 32 4906
7493 98 2183
7491 82 2971
7593 40 1268
7393 78 2052
7494 49 557
7492 55 2228
7594 33 2552
7394 79 3994
7495 89 4035
7493 45 2812
7595 76 1631
7395 93 231
7496 93 5632
7494 72 734
7596 97 2688
7396 26 4276
7497 38 2082
7495 10 4666
7597 37 3125
7397 48 3620
7498 75 4877
7496 33 1870
7598 78 2018
7398 61 3379
7499 27 4276
7497 98 1787
7599 67 5547
7399 59 3488
7500 98 5291
7498 37 955
7600 100 5106
7400 57 3585
7499 53 3519
7601 99 3168
7401 35 895
7502 69 269
7602 62 1972
7402 20 1672
7503 72 5920
7501 90 3859
7603 31 5880
7403 87 5314
7504 38 2519
7502 99 5492
7604 38 2679
7404 51 1853
7505 82 5889
7503 27 2610
7605 21 4267
7405 99 2406
7506 97 4767
7504 15 858
7606 75 2084
7406 43 3979
7507 24 2562
7505 59 1784
7607 62 2618
7407 84 2311
7508 63 4168
7506 71 272
7608 66 489
7408 76 3363
7509 47 3237
7507 62 1590
7609 90 649
7409 96 2911
7510 26 1867
7508 25 3722
7610 72 1209
7410 35 4665
7511 21 396
7509 51 1081
7611 21 4127
7411 62 5154
7512 88 1829
7510 24 1563
7612 78 4927
7412 10 3208
7513 51 4206
7511 81 749
7613 31 3264
7413 83 4888
7514 96 3908
7512 11 1675
7614 54 1924
7414 40 5553
7515 21 2794
7513 80 891
7615 25 3381
7415 77 4167
7516 95 1283
7514 97 2513
7616 22 4520
7416 30 2967
7517 90 2524
7515 97 1288
7617 75 357
7417 92 772
7518 82 3714
7516 70 1155
7618 94 2357
7418 62 2777
7519 68 702
7517 61 572
7619 82 141
7419 17 3829
7520 19 3188
7518 89 3491
7620 57 3005
7420 70 2894
7521 79 2846
7519 29 293
7621 67 5896
7421 97 3156
7522 62 625
7520 39 801
7622 22 171
7422 72 806
7523 46 1297
7521 77 3936
7623 55 5675
7423 15 4178
7524 48 3922
7522 62 4279
7624 40 1748
7424 59 2591
7525 96 3588
7523 62 1164
7625 74 1472
7425 25 2215
7526 49 2961
7524 45 156
7626 14 1748
7426 59 3535
7527 69 4305
7525 71 4196
7627 28 1223
7427 51 4297
7528 22 397
7526 87 3618
7628 89 110
7428 97 4742
7529 90 4835
7527 28 3245
7629 22 5672
7429 95 4665
7530 21 2172
7528 65 2028
7630 73 2829
7430 38 3177
7531 13 4965
7529 53 5818
7631 39 3990
7431 91 4877
7532 77 1985
7530 64 3015
7632 20 3338
7432 32 4916
7533 48 4940
7531 63 3629
7633 89 636
7433 28 3262
7534 55 1833
7532 84 2074
7634 87 5180
7434 35 5575
7535 75 1663
7533 38 4011
7635 28 3290
7435 21 5614
7536 49 4576
7534 24 3480
7636 54 5289
7436 55 2502
7537 72 4666
7535 20 5777
7637 30 1624
7437 27 3957
7538 99 438
7536 67 3738
7638 86 5273
7438 63 2953
7539 16 705
7537 12 5872
7639 53 5557
7439 88 2516
7540 74 1554
7538 56 1785
7640 45 2552
7440 47 1470
7541 74 3439
7539 68 2227
7641 11 297
7441 64 739
7542 82 1784
7540 74 680
7642 48 2649
7442 64 829
7543 93 5697
7541 77 2309
7643 88 2057
7443 40 410
7544 34 37
7542 30 373
7644 28 2149
7444 10 5831
7545 68 764
7543 62 5083
7645 33 5508
7445 74 4716
7546 85 1541
7544 35 5459
7646 80 776
7446 45 616
7547 41 860
7545 16 4749
7647 31 4984
7447 98 4794
7548 80 4791
7546 14 1932
7648 71 1442
7448 62 5240
7549 44 5252
7547 70 506
7649 75 281
7449 59 1521
7550 66 2806
7548 36 3325
7650 32 3698
7450 33 4416
7551 14 784
7549 12 1426
7651 95 615
7451 77 2370
7552 33 1680
7550 37 2961
7652 35 4219
7452 42 5052
7553 51 1422
7551 35 339
7653 55 378
7453 15 3726
7554 76 1663
7552 50 2880
7654 72 735
7454 85 3195
7555 67 4619
7553 63 655
7655 27 2052
7455 97 4609
7556 88 5475
7554 35 3252
7656 19 5781
7456 59 2888
7557 94 4434
7555 39 4333
7657 24 3168
7457 36 3651
7558 84 4142
7556 87 4080
7658 60 2368
7458 66 2331
7559 96 2016
7557 68 3263
7659 96 5789
7459 49 5143
7560 52 4299
7558 21 2834
7660 51 2954
7460 64 4416
7561 90 3179
7559 30 3376
7661 92 2900
7461 15 4611
7562 39 5522
7560 56 1565
7662 64 1061
7462 79 2011
7563 63 4566
7561 67 3877
7663 65 1367
7463 83 3000
7564 55 767
7562 93 2394
7664 56 3462
7464 26 1448
7565 82 1863
7563 53 5887
7665 85 78
7465 96 2880
7566 84 1831
7564 23 1274
7666 82 4415
7466 46 1758
7567 79 5164
7565 38 1459
7667 59 4808
7467 48 2793
7568 82 990
7566 74 1908
7668 65 1662
7468 93 2255
7569 18 5023
7567 45 2855
7669 98 1195
7469 76 4790
7570 37 799
7568 35 4653
7670 96 1273
7470 89 1066
7571 79 697
7569 39 1477
7671 90 3836
7471 35 457
7572 96 3309
7570 32 160
7672 95 970
7472 53 2714
7573 89 696
7571 32 1157
7673 15 1551
7473 41 2593
7574 46 3195
7572 76 5303
7674 91 4414
7474 61 3617
7575 12 2737
7573 47 4056
7675 75 3977
7475 13 3088
7576 88 1697
7574 52 3135
7676 98 3824
7476 92 3581
7577 49 3579
7575 41 1839
7677 57 4562
7477 64 2655
7578 14 2082
7576 100 3958
7678 76 5880
7478 16 4868
7579 88 3262
7577 40 945
7679 46 5491
7479 63 4149
7580 79 4685
7578 94 3157
7680 37 5266
7480 34 717
7581 54 1354
7579 31 4656
7681 33 618
7481 54 956
7582 28 3775
7580 31 2161
7682 20 5596
7482 36 1088
7583 30 1661
7581 94 1802
7683 68 2837
7483 20 234
7584 91 4342
7582 73 4427
7684 22 202
7484 94 708
7585 38 2128
7583 31 3948
7685 61 3938
7485 83 1109
7586 51 1702
7584 63 3367
7686 75 4124
7486 19 1648
7587 66 5393
7585 90 631
7687 88 2824
7487 13 4763
7588 62 930
7586 72 5107
7688 78 2003
7488 17 2711
7589 51 4231
7587 23 1095
7689 46 2720
7489 81 1902
7590 97 2740
7588 67 2132
7690 88 3005
7490 34 1870
7591 57 1232
7589 40 3822
7691 77 5202
7491 58 2249
7592 97 148
7590 88 4858
7692 83 535
7492 70 4958
7593 66 1865
7591 45 1062
7693 74 2480
7493 57 4949
7594 97 104
7592 50 343
7694 53 1908
7494 92 3100
7595 49 741
7593 26 1677
7695 29 818
7495 36 3727
7596 56 3008
7594 49 3615
7696 65 2799
7496 54 3001
7597 11 5654
7595 24 3826
7697 20 1670
7497 10 5315
7598 50 3110
7596 30 1735
7698 74 4440
7498 35 5295
7599 39 1755
7597 75 5315
7699 85 4279
7499 59 1665
7600 41 1196
7598 28 1989
7700 49 1685
7500 14 1502
7599 12 1432
7701 75 5679
7501 91 852
7602 40 5628
7702 27 5242
7502 80 1291
7603 58 2624
7601 35 3275
7703 40 4471
7503 54 4295
7604 77 5241
7602 83 5534
7704 24 4082
7504 22 5831
7605 66 4462
7603 75 4231
7705 20 1208
7505 80 417
7606 82 4729
7604 86 2555
7706 18 3382
7506 10 5173
7607 51 2720
7605 73 4368
7707 37 2088
7507 11 5318
7608 44 2118
7606 42 1170
7708 14 5785
7508 79 527
7609 59 5307
7607 87 5369
7709 57 4916
7509 78 2364
7610 91 4350
7608 60 5358
7710 94 1523
7510 99 1910
7611 24 2110
7609 14 3035
7711 55 1693
7511 67 436
7612 90 1206
7610 78 1309
7712 15 1271
7512 73 5139
7613 100 3406
7611 48 4352
7713 67 4000
7513 75 5291
7614 78 5194
7612 25 4845
7714 18 4138
7514 40 1004
7615 87 1785
7613 46 261
7715 18 4781
7515 83 2035
7616 60 3048
7614 93 708
7716 72 3524
7516 100 3863
7617 42 561
7615 38 1071
7717 68 2034
7517 58 4462
7618 19 2943
7616 28 587
7718 69 3498
7518 53 2580
7619 81 2759
7617 29 2136
7719 51 3863
7519 48 5839
7620 70 4184
7618 97 4983
7720 83 4634
7520 26 5707
7621 28 98
7619 85 2949
7721 41 557
7521 39 3304
7622 20 1579
7620 67 1661
7722 72 4106
7522 81 4443
7623 57 4781
7621 26 1600
7723 78 2460
7523 46 3037
7624 68 422
7622 10 3398
7724 43 1620
7524 36 972
7625 99 5923
7623 44 719
7725 17 5921
7525 75 1095
7626 67 3540
7624 75 2607
7726 36 3847
7526 51 4345
7627 76 4596
7625 96 4210
7727 23 4391
7527 40 1112
7628 58 2606
7626 16 3469
7728 60 3392
7528 10 1275
7629 15 1559
7627 32 1323
7729 37 256
7529 25 1661
7630 64 4352
7628 77 2514
7730 13 2934
7530 12 5565
7631 70 5356
7629 12 3176
7731 76 5298
7531 15 3277
7632 37 921
7630 25 2592
7732 82 906
7532 97 5647
7633 62 16
7631 85 2818
7733 47 5787
7533 44 3586
7634 37 866
7632 45 4488
7734 56 2138
7534 11 2141
7635 55 5661
7633 29 2751
7735 94 3054
7535 50 2276
7636 43 2898
7634 47 880
7736 45 1561
7536 81 1021
7637 34 4291
7635 40 3480
7737 18 5450
7537 53 2875
7638 24 2626
7636 98 3235
7738 29 4433
7538 86 2233
7639 48 1799
7637 80 1365
7739 95 960
7539 66 3823
7640 51 4810
7638 61 3848
7740 28 5930
7540 42 2307
7641 97 5794
7639 58 4929
7741 69 3518
7541 77 481
7642 47 2631
7640 11 3471
7742 84 4745
7542 22 3653
7643 77 3647
7641 94 3718
7743 21 5281
7543 64 5905
7644 23 33
7642 16 675
7744 87 2837
7544 59 4897
7645 44 1405
7643 47 476
7745 18 3097
7545 59 2734
7646 77 5380
7644 59 4036
7746 83 5304
7546 28 378
7647 90 2289
7645 45 4280
7747 33 3607
7547 45 5717
7648 100 2403
7646 75 2191
7748 60 1489
7548 34 1034
7649 39 500
7647 50 4766
7749 31 1552
7549 54 2447
7650 95 4961
7648 59 5446
7750 12 3073
7550 10 2583
7651 19 1692
7649 94 4607
7751 32 4119
7551 81 2037
7652 50 4140
7650 83 3624
7752 82 3594
7552 63 4130
7653 63 3228
7651 31 2915
7753 40 971
7553 13 404
7654 49 5630
7652 18 3099
7754 63 1
7554 90 1880
7655 60 1772
7653 96 2648
7755 91 2261
7555 28 37
7656 55 2650
7654 20 4455
7756 26 1603
7556 86 1011
7657 12 4733
7655 83 4389
7757 96 2226
7557 12 3680
7658 58 2976
7656 78 5370
7758 43 520
7558 10 1226
7659 38 1141
7657 82 5779
7759 70 5939
7559 95 4384
7660 61 1728
7658 41 932
7760 48 5457
7560 28 5130
7661 85 2623
7659 11 2151
7761 26 1120
7561 15 5248
7662 21 3207
7660 76 3761
7762 42 2554
7562 19 2092
7663 80 3323
7661 50 4482
7763 35 1145
7563 48 1835
7664 43 3011
7662 82 3264
7764 15 2915
7564 44 5103
7665 29 4137
7663 79 2184
7765 98 705
7565 10 2440
7666 98 3809
7664 82 2904
7766 69 4593
7566 98 1202
7667 84 113
7665 49 4288
7767 99 3113
7567 57 5234
7668 73 5263
7666 72 3987
7768 94 1076
7568 88 1569
7669 84 4963
7667 97 3404
7769 56 1090
7569 22 1610
7670 40 4818
7668 49 3943
7770 19 2153
7570 13 4370
7671 37 4823
7669 79 4403
7771 100 2564
7571 75 3055
7672 98 5588
7670 55 4416
7772 18 5580
7572 27 2763
7673 16 1228
7671 85 3470
7773 76 2034
7573 13 4565
7674 12 1397
7672 20 765
7774 99 5255
7574 74 5093
7675 25 2899
7673 25 616
7775 68 3552
7575 45 2200
7676 40 4262
7674 83 1513
7776 88 617
7576 48 4572
7677 90 4103
7675 99 3246
7777 20 1192
7577 42 1821
7678 61 1223
7676 64 991
7778 57 1989
7578 91 95
7679 92 1193
7677 60 1533
7779 67 5504
7579 47 1393
7680 79 925
7678 73 3989
7780 62 6
7580 52 2086
7681 24 5844
7679 64 1932
7781 74 1652
7581 18 1552
7682 76 2905
7680 80 1550
7782 55 1225
7582 71 1902
7683 22 12
7681 74 3672
7783 18 3626
7583 15 2131
7684 83 3455
7682 18 958
7784 77 1901
7584 74 1271
7685 95 2581
7683 78 5436
7785 90 1347
7585 38 4313
7686 88 2006
7684 13 5859
7786 68 126
7586 47 3895
7687 53 4641
7685 96 5408
7787 95 5045
7587 70 3252
7688 41 1318
7686 59 70
7788 44 2061
7588 52 1818
7689 67 1179
7687 41 1105
7789 29 2439
7589 77 5670
7690 82 204
7688 47 2073
7790 42 5916
7590 57 1366
7691 90 815
7689 71 5164
7791 40 2119
7591 14 5173
7692 93 4155
7690 82 4007
7792 57 5695
7592 41 426
7693 61 307
7691 39 5885
7793 53 5801
7593 34 3842
7694 88 3519
7692 32 1396
7794 79 4649
7594 68 1949
7695 34 3281
7693 29 5177
7795 28 3324
7595 81 3993
7696 81 3100
7694 88 5432
7796 100 4402
7596 21 385
7697 94 2896
7695 49 991
7797 49 5446
7597 17 4334
7698 68 2514
7696 41 4709
7798 27 4251
7598 26 2226
7699 24 689
7697 97 1114
7799 29 5456
7599 44 1851
7700 78 4710
7698 19 1487
7800 47 2259
7600 43 1220
7699 21 5923
7801 34 4480
7601 16 2354
7702 97 4758
7802 48 3347
7602 98 5850
7703 48 1325
7701 30 5578
7803 56 655
7603 98 5226
7704 30 3526
7702 83 4840
7804 69 5316
7604 91 5389
7705 42 3282
7703 82 2320
7805 81 2744
7605 51 5938
7706 49 2598
7704 52 1983
7806 17 3767
7606 20 2418
7707 73 1374
7705 32 4532
7807 62 3525
7607 73 2627
7708 29 2551
7706 92 5506
7808 65 1816
7608 31 3529
7709 77 869
7707 62 4648
7809 73 5392
7609 47 2039
7710 57 498
7708 56 5216
7810 100 4461
7610 44 2959
7711 79 5512
7709 39 1580
7811 25 1315
7611 69 5716
7712 32 2160
7710 26 4042
7812 23 3989
7612 98 984
7713 90 3468
7711 77 2125
7813 92 953
7613 43 4646
7714 85 4754
7712 30 302
7814 53 4833
7614 63 884
7715 61 5462
7713 19 1295
7815 52 1508
7615 75 5074
7716 86 2778
7714 56 2632
7816 29 4033
7616 19 472
7717 48 5674
7715 42 64
7817 74 311
7617 88 2729
7718 26 301
7716 17 5542
7818 28 4210
7618 58 3946
7719 62 2722
7717 41 1587
7819 92 949
7619 18 3255
7720 74 4467
7718 22 4543
7820 100 5813
7620 39 3888
7721 43 1372
7719 68 5758
7821 10 1266
7621 61 2110
7722 21 5795
7720 64 1238
7822 16 5262
7622 93 3758
7723 91 3591
7721 13 1984
7823 97 408
7623 20 1983
7724 39 3877
7722 17 4499
7824 28 5199
7624 80 1701
7725 13 4763
7723 24 4586
7825 27 1840
7625 15 5479
7726 73 4594
7724 29 651
7826 98 3281
7626 37 2370
7727 25 5237
7725 11 2578
7827 88 2592
7627 32 3834
7728 78 3904
7726 77 2580
7828 13 5634
7628 87 5546
7729 49 5767
7727 83 2132
7829 64 10
7629 27 842
7730 65 4163
7728 20 4243
7830 79 707
7630 70 2455
7731 15 1872
7729 83 2828
7831 36 1025
7631 19 4747
7732 97 2160
7730 45 2491
7832 54 3679
7632 80 5031
7733 91 621
7731 49 5427
7833 69 4087
7633 73 2344
7734 73 4590
7732 19 1733
7834 58 1824
7634 91 1026
7735 26 1333
7733 35 3793
7835 88 859
7635 86 863
7736 53 2610
7734 25 3871
7836 37 5120
7636 28 1444
7737 48 1319
7735 55 4172
7837 24 781
7637 92 2062
7738 74 2173
7736 77 4175
7838 75 5022
7638 25 2056
7739 66 1389
7737 82 959
7839 99 5186
7639 76 62
7740 57 1838
7738 13 3882
7840 72 3376
7640 85 2238
7741 44 3636
7739 37 22
7841 20 4080
7641 99 3358
7742 75 2407
7740 62 1849
7842 14 4005
7642 52 4996
7743 17 4369
7741 33 2663
7843 15 1666
7643 46 5825
7744 33 2115
7742 16 892
7844 92 1741
7644 65 3103
7745 99 4745
7743 96 5239
7845 39 1885
7645 80 4960
7746 34 2741
7744 31 3138
7846 49 328
7646 87 3322
7747 13 1465
7745 87 3113
7847 81 5749
7647 28 2438
7748 72 1970
7746 25 4266
7848 74 528
7648 39 5429
7749 22 5411
7747 46 3650
7849 32 3071
7649 53 3742
7750 56 5155
7748 64 1689
7850 31 2865
7650 62 1147
7751 26 5564
7749 55 4489
7851 82 2849
7651 25 3580
7752 31 1989
7750 27 4762
7852 100 5058
7652 71 3534
7753 90 226
7751 70 130
7853 33 1778
7653 81 3264
7754 100 1942
7752 38 221
7854 33 3494
7654 93 4643
7755 86 5475
7753 50 3136
7855 83 2924
7655 40 2620
7756 64 4207
7754 80 3341
7856 94 2322
7656 45 799
7757 51 4143
7755 19 3227
7857 71 2787
7657 52 5201
7758 60 894
7756 19 5712
7858 48 3702
7658 72 4841
7759 20 5731
7757 24 3177
7859 93 3255
7659 46 5078
7760 65 3052
7758 16 5521
7860 73 4091
7660 76 3035
7761 84 2839
7759 82 4638
7861 98 4335
7661 76 5631
7762 24 3897
7760 25 5754
7862 66 629
7662 60 5333
7763 28 2257
7761 44 5166
7863 87 5545
7663 21 3445
7764 77 418
7762 27 5490
7864 11 4713
7664 81 4615
7765 92 5718
7763 64 5518
7865 89 1183
7665 67 463
7766 34 4142
7764 60 4725
7866 20 5115
7666 46 2599
7767 34 131
7765 47 5154
7867 96 3577
7667 35 840
7768 41 4758
7766 49 4812
7868 37 2270
7668 36 2614
7769 70 5445
7767 99 2372
7869 92 2666
7669 78 3480
7770 27 1495
7768 73 5727
7870 46 3854
7670 67 481
7771 84 1755
7769 95 3188
7871 68 4651
7671 59 4821
7772 48 5083
7770 38 4979
7872 59 2128
7672 20 2311
7773 90 5139
7771 42 1304
7873 29 1599
7673 73 271
7774 94 2275
7772 24 75
7874 99 1096
7674 41 1322
7775 54 500
7773 16 808
7875 39 2563
7675 22 1339
7776 83 465
7774 18 4958
7876 19 106
7676 57 1333
7777 92 1052
7775 44 588
7877 96 2852
7677 75 2943
7778 60 3480
7776 73 3347
7878 53 3193
7678 71 2322
7779 16 2609
7777 96 5526
7879 97 3483
7679 65 3751
7780 60 2818
7778 95 4440
7880 54 63
7680 29 3072
7781 29 765
7779 56 4027
7881 72 1090
7681 17 2642
7782 84 4512
7780 45 1765
7882 23 2078
7682 25 666
7783 17 4599
7781 91 4605
7883 77 5844
7683 42 4383
7784 87 5333
7782 99 5218
7884 40 3252
7684 20 5867
7785 49 4088
7783 27 3623
7885 49 4410
7685 59 2114
7786 46 438
7784 47 1600
7886 18 2194
7686 96 2588
7787 35 4200
7785 29 4950
7887 81 636
7687 40 4539
7788 78 1261
7786 95 3444
7888 98 144
7688 42 3044
7789 97 1671
7787 62 4727
7889 44 3502
7689 42 4109
7790 69 3416
7788 23 4936
7890 52 5808
7690 85 1703
7791 26 2674
7789 34 3557
7891 14 4585
7691 99 3615
7792 11 1766
7790 58 2044
7892 93 16
7692 23 4217
7793 34 2955
7791 79 843
7893 33 1028
7693 15 1825
7794 86 5710
7792 66 3922
7894 25 4035
7694 12 523
7795 57 5317
7793 71 343
7895 40 3973
7695 93 2579
7796 48 1152
7794 64 3389
7896 65 71
7696 35 2736
7797 26 4025
7795 74 4715
7897 47 1216
7697 35 901
7798 88 3320
7796 99 3908
7898 27 999
7698 70 5336
7799 70 4932
7797 11 5640
7899 15 4887
7699 31 1853
7800 12 2450
7798 53 2307
7900 61 3167
7700 73 5266
7799 82 4554
7901 97 3032
7701 44 3424
7802 56 2433
7902 65 4468
7702 90 1301
7803 33 3373
7801 55 1923
7903 39 5526
7703 57 56
7804 35 5222
7802 63 4394
7904 89 2358
7704 74 456
7805 66 2531
7803 63 4590
7905 95 684
7705 56 5251
7806 35 5598
7804 46 624
7906 83 5336
7706 34 5540
7807 84 2712
7805 68 4626
7907 21 1052
7707 57 663
7808 29 922
7806 44 427
7908 54 2230
7708 28 4624
7809 79 3471
7807 74 4757
7909 55 3867
7709 37 1425
7810 66 2232
7808 79 3518
7910 56 1435
7710 13 4724
7811 30 2581
7809 63 3220
7911 80 3582
7711 61 1494
7812 44 1022
7810 65 2368
7912 75 2573
7712 60 5122
7813 21 3452
7811 32 3422
7913 42 4393
7713 100 1360
7814 57 2192
7812 18 668
7914 45 15
7714 22 5231
7815 94 628
7813 20 1260
7915 51 1871
7715 15 3772
7816 65 2688
7814 68 2785
7916 70 5018
7716 67 2267
7817 73 4874
7815 70 5673
7917 41 388
7717 68 4937
7818 35 601
7816 69 3593
7918 33 2832
7718 80 1376
7819 61 3065
7817 59 3961
7919 64 3671
7719 78 4243
7820 74 2859
7818 96 1623
7920 77 1292
7720 27 436
7821 13 2351
7819 87 1187
7921 29 2145
7721 92 5222
7822 36 5647
7820 78 63
7922 24 2689
7722 99 1436
7823 84 5041
7821 49 5905
7923 22 3179
7723 52 2405
7824 67 782
7822 47 1578
7924 54 1357
7724 55 659
7825 43 2382
7823 98 4544
7925 97 5288
7725 36 4123
7826 20 3131
7824 53 176
7926 62 677
7726 100 47
7827 27 2907
7825 16 5776
7927 69 4860
7727 90 4429
7828 11 5907
7826 69 2503
7928 34 4676
7728 99 4449
7829 40 2432
7827 89 1865
7929 20 3734
7729 56 1274
7830 78 944
7828 53 650
7930 54 1012
7730 40 3359
7831 53 5854
7829 18 4825
7931 24 3767
7731 30 4736
7832 70 2793
7830 41 4117
7932 70 5170
7732 83 505
7833 76 5522
7831 34 3129
7933 70 1756
7733 10 1894
7834 45 1529
7832 67 5449
7934 36 3239
7734 35 2886
7835 82 4099
7833 77 3092
7935 87 897
7735 87 3715
7836 100 3651
7834 12 2032
7936 50 5286
7736 39 1380
7837 90 1420
7835 31 5761
7937 39 116
7737 22 2184
7838 97 2750
7836 23 5753
7938 44 5075
7738 90 5315
7839 64 3985
7837 71 3548
7939 45 3305
7739 41 5307
7840 80 1809
7838 94 3036
7940 79 822
7740 41 1375
7841 58 4131
7839 38 3211
7941 33 3800
7741 58 4993
7842 33 1787
7840 89 3208
7942 48 4892
7742 59 3525
7843 35 2405
7841 52 4729
7943 98 2628
7743 66 1440
7844 88 5919
7842 42 4888
7944 75 2023
7744 14 3830
7845 70 4090
7843 34 1640
7945 11 1160
7745 92 3495
7846 49 1558
7844 64 5774
7946 98 5505
7746 79 2105
7847 94 1731
7845 92 3749
7947 32 1415
7747 30 3442
7848 73 2508
7846 85 5904
7948 37 1667
7748 53 188
7849 52 5140
7847 48 2990
7949 87 5906
7749 42 3022
7850 35 1680
7848 84 2233
7950 69 4384
7750 31 3917
7851 77 5700
7849 83 5206
7951 25 2181
7751 46 4129
7852 47 3017
7850 34 5265
7952 87 1394
7752 46 5186
7853 81 5394
7851 42 3332
7953 32 1943
7753 76 1714
7854 69 2942
7852 21 4694
7954 88 95
7754 96 4611
7855 45 3660
7853 49 485
7955 20 1166
7755 16 2002
7856 93 1965
7854 32 4015
7956 87 3840
7756 45 2144
7857 25 4937
7855 96 528
7957 30 1946
7757 90 3189
7858 94 5665
7856 14 4823
7958 77 1382
7758 96 2340
7859 31 4377
7857 41 87
7959 16 683
7759 78 536
7860 61 3103
7858 65 3593
7960 83 5222
7760 100 3310
7861 61 3105
7859 45 2457
7961 61 839
7761 36 5364
7862 12 5310
7860 43 3427
7962 86 3169
7762 20 5426
7863 31 1958
7861 19 944
7963 77 5808
7763 41 3514
7864 56 2373
7862 20 1745
7964 74 3260
7764 21 433
7865 27 2262
7863 53 2996
7965 35 2264
7765 74 5727
7866 55 3865
7864 70 5055
7966 11 231
7766 40 452
7867 66 3257
7865 12 476
7967 53 5705
7767 87 4636
7868 89 3036
7866 25 1978
7968 24 1553
7768 35 4914
7869 48 1130
7867 99 5331
7969 26 4680
7769 60 2643
7870 29 5697
7868 39 1065
7970 33 3463
7770 82 2123
7871 68 3575
7869 21 4445
7971 83 1277
7771 99 4561
7872 86 1745
7870 54 296
7972 12 1849
7772 21 5518
7873 24 3155
7871 75 630
7973 49 101
7773 92 5464
7874 76 3358
7872 90 4634
7974 85 1281
7774 97 1125
7875 34 3793
7873 73 1497
7975 69 2049
7775 42 405
7876 16 5422
7874 76 3913
7976 86 1039
7776 70 41
7877 91 1816
7875 44 5324
7977 55 4968
7777 36 2772
7878 26 5735
7876 32 1978
7978 80 4318
7778 78 1615
7879 48 2097
7877 34 3689
7979 99 1941
7779 74 3422
7880 49 66
7878 19 909
7980 64 1585
7780 39 745
7881 28 837
7879 14 3088
7981 64 2229
7781 31 2238
7882 71 3339
7880 22 4681
7982 68 1809
7782 64 1355
7883 26 5253
7881 25 5667
7983 93 5706
7783 98 3524
7884 29 3061
7882 43 3185
7984 17 1141
7784 63 4139
7885 56 4639
7883 78 3734
7985 21 2092
7785 73 715
7886 82 5683
7884 27 1272
7986 78 4045
7786 52 1387
7887 16 1968
7885 53 5401
7987 94 3933
7787 60 4636
7888 46 4801
7886 44 3941
7988 37 5593
7788 77 4317
7889 19 698
7887 39 2732
7989 41 2391
7789 96 5446
7890 66 895
7888 35 1407
7990 34 2349
7790 75 5691
7891 13 5797
7889 69 2956
7991 36 3406
7791 46 1310
7892 91 3854
7890 14 1595
7992 45 1033
7792 75 4437
7893 24 1646
7891 48 1263
7993 52 4688
7793 78 2349
7894 84 188
7892 35 4407
7994 80 2834
7794 69 4663
7895 11 2776
7893 31 3007
7995 18 3660
7795 50 2707
7896 65 3352
7894 12 1486
7996 58 759
7796 96 2236
7897 31 4370
7895 20 3117
7997 69 3354
7797 50 3052
7898 23 1946
7896 55 498
7998 22 5399
7798 26 156
7899 69 1900
7897 76 2312
7999 16 2011
7799 16 961
7900 92 267
7898 31 4506
8000 14 1273
7800 99 4436
7899 20 3190
8001 73 5685
7801 42 4103
7902 45 4693
8002 81 1596
7802 42 4819
7903 44 5523
7901 22 4423
8003 38 1376
7803 73 5269
7904 43 5019
7902 88 1517
8004 38 4084
7804 15 5589
7905 45 4451
7903 46 2068
8005 92 4960
7805 23 1826
7906 63 3682
7904 48 5661
8006 23 3580
7806 94 2887
7907 59 4809
7905 80 4636
8007 78 5791
7807 98 5653
7908 87 377
7906 79 1947
8008 24 1541
7808 100 1656
7909 19 4933
7907 16 4127
8009 93 3172
7809 39 3687
7910 39 2966
7908 74 737
8010 74 689
7810 77 3662
7911 36 1982
7909 58 665
8011 63 3068
7811 48 4106
7912 56 208
7910 40 3576
8012 13 5390
7812 25 2893
7913 59 803
7911 16 2475
8013 17 1686
7813 40 4989
7914 34 3837
7912 80 4783
8014 50 3847
7814 83 293
7915 60 3738
7913 82 402
8015 87 4538
7815 99 5693
7916 27 381
7914 59 312
8016 89 4490
7816 14 3877
7917 48 3431
7915 91 1004
8017 88 713
7817 86 39
7918 78 2515
7916 32 3762
8018 38 206
7818 53 2345
7919 71 1565
7917 70 3276
8019 46 4154
7819 16 3326
7920 85 5075
7918 34 2719
8020 58 1407
7820 24 3743
7921 42 5876
7919 64 5380
8021 60 5566
7821 41 3903
7922 54 2828
7920 41 1188
8022 76 261
7822 51 5169
7923 95 1679
7921 41 4794
8023 11 4141
7823 28 168
7924 18 4291
7922 20 673
8024 39 4233
7824 45 2887
7925 61 4755
7923 31 5842
8025 44 908
7825 27 5895
7926 96 2228
7924 35 2395
8026 36 2675
7826 63 1758
7927 57 232
7925 31 2179
8027 48 3310
7827 53 4023
7928 32 2059
7926 45 5607
8028 17 1638
7828 70 3795
7929 61 2610
7927 34 1099
8029 18 3181
7829 41 129
7930 32 315
7928 19 5515
8030 66 5257
7830 80 5939
7931 75 2458
7929 26 22
8031 71 4400
7831 20 4567
7932 67 3333
7930 23 5010
8032 34 632
7832 20 5841
7933 17 5196
7931 12 2405
8033 46 5573
7833 86 1567
7934 77 4690
7932 13 1008
8034 95 2091
7834 97 3195
7935 68 5770
7933 92 5836
8035 29 5631
7835 21 2326
7936 86 1827
7934 43 1647
8036 11 420
7836 73 1900
7937 67 5373
7935 19 1917
8037 99 1364
7837 85 157
7938 89 172
7936 72 4693
8038 32 3672
7838 72 4371
7939 68 1147
7937 23 5354
8039 93 4198
7839 54 4850
7940 42 689
7938 22 2211
8040 25 5619
7840 66 5911
7941 13 4743
7939 42 1501
8041 88 1533
7841 69 585
7942 80 5285
7940 76 5592
8042 25 1690
7842 44 3000
7943 50 5233
7941 49 1281
8043 66 5851
7843 32 592
7944 53 3441
7942 10 3133
8044 25 105
7844 60 5515
7945 61 5521
7943 43 3126
8045 33 3088
7845 88 5263
7946 21 4218
7944 91 4119
8046 72 3869
7846 64 2728
7947 52 1093
7945 24 869
8047 60 3243
7847 97 5889
7948 13 3083
7946 17 1197
8048 54 2504
7848 58 3637
7949 56 5523
7947 58 5003
8049 19 5380
7849 51 2708
7950 19 4862
7948 36 5543
8050 83 1532
7850 30 3092
7951 35 1173
7949 72 2405
8051 96 5579
7851 71 5748
7952 16 1739
7950 46 4640
8052 41 3464
7852 10 4897
7953 24 5586
7951 60 5500
8053 41 2795
7853 64 5326
7954 66 5337
7952 77 5175
8054 88 3225
7854 22 4882
7955 77 4092
7953 68 718
8055 32 1439
7855 34 1867
7956 39 2547
7954 96 1280
8056 78 5364
7856 18 3126
7957 88 2166
7955 17 1772
8057 100 5833
7857 59 5466
7958 31 2804
7956 79 2201
8058 73 4995
7858 39 2872
7959 18 4321
7957 31 189
8059 57 4499
7859 100 240
7960 59 4666
7958 23 4831
8060 37 4671
7860 74 1704
7961 10 1681
7959 92 2231
8061 98 5633
7861 97 4834
7962 45 5748
7960 97 224
8062 31 335
7862 27 1752
7963 10 318
7961 43 1882
8063 42 2536
7863 58 3883
7964 72 705
7962 96 20
8064 56 658
7864 14 3554
7965 16 1424
7963 41 3235
8065 60 1963
7865 86 542
7966 49 4196
7964 34 4117
8066 48 5710
7866 44 1180
7967 45 2092
7965 83 930
8067 32 551
7867 40 390
7968 27 1836
7966 12 2000
8068 26 2244
7868 94 2366
7969 73 3922
7967 83 1985
8069 35 3019
7869 63 3605
7970 88 5036
7968 39 2381
8070 38 2992
7870 69 5548
7971 15 173
7969 86 2793
8071 89 5068
7871 72 5409
7972 86 3615
7970 77 4160
8072 63 4695
7872 43 603
7973 66 1118
7971 29 1606
8073 56 3242
7873 65 3475
7974 79 5570
7972 44 2567
8074 47 3457
7874 64 5412
7975 42 719
7973 83 1269
8075 60 5899
7875 40 2209
7976 61 2670
7974 72 3231
8076 92 1304
7876 83 4572
7977 93 3653
7975 25 3990
8077 72 3201
7877 27 210
7978 37 5215
7976 47 863
8078 99 4927
7878 59 3508
7979 15 179
7977 27 889
8079 59 3609
7879 28 110
7980 29 2128
7978 94 5638
8080 83 883
7880 41 2682
7981 20 5170
7979 68 2617
8081 13 994
7881 18 1923
7982 96 5073
7980 11 5135
8082 97 4887
7882 34 3118
7983 23 3254
7981 29 60
8083 85 2631
7883 33 2278
7984 97 338
7982 16 1136
8084 72 4169
7884 31 5179
7985 14 1813
7983 53 4318
8085 57 2585
7885 20 4768
7986 45 3143
7984 36 4444
8086 86 2468
7886 15 1668
7987 31 3104
7985 100 4794
8087 11 163
7887 44 3380
7988 61 2551
7986 35 3023
8088 48 1269
7888 83 4904
7989 89 3304
7987 21 5306
8089 21 472
7889 55 4385
7990 74 3084
7988 21 3470
8090 20 5158
7890 21 4538
7991 32 5546
7989 81 4932
8091 67 5031
7891 23 2324
7992 79 3924
7990 98 2041
8092 16 369
7892 40 2013
7993 42 4727
7991 58 4783
8093 30 2157
7893 40 4092
7994 19 1846
7992 51 3130
8094 37 955
7894 56 3854
7995 26 1502
7993 32 4450
8095 28 1728
7895 80 318
7996 28 905
7994 41 4484
8096 99 3715
7896 42 1686
7997 64 1703
7995 35 2406
8097 73 1785
7897 59 1289
7998 81 1080
7996 33 382
8098 95 4166
7898 69 4460
7999 29 732
7997 22 3281
8099 93 3854
7899 39 5063
8000 16 3305
7998 56 2563
8100 11 2994
7900 13 5405
7999 99 3354
8101 33 1511
7901 86 4411
8002 92 5131
8102 43 463
7902 57 1759
8003 82 2281
8001 10 2101
8103 66 5816
7903 13 4497
8004 89 928
8002 78 4853
8104 95 1924
7904 73 3500
8005 10 5874
8003 30 5033
8105 75 1151
7905 49 4647
8006 75 4326
8004 14 1903
8106 23 973
7906 22 197
8007 45 4636
8005 96 4315
8107 55 5546
7907 81 1930
8008 78 2442
8006 49 37
8108 88 5106
7908 33 472
8009 89 1393
8007 64 154
8109 76 878
7909 71 3873
8010 19 2847
8008 68 877
8110 16 3347
7910 86 3366
8011 73 4351
8009 14 3604
8111 26 5926
7911 43 3573
8012 94 3149
8010 19 691
8112 88 2559
7912 25 5778
8013 88 3629
8011 32 1020
8113 72 3299
7913 78 4874
8014 33 5209
8012 75 1106
8114 58 3407
7914 93 4436
8015 78 2115
8013 35 1689
8115 51 2331
7915 54 3845
8016 56 1653
8014 35 528
8116 77 3844
7916 53 3578
8017 64 5553
8015 85 2592
8117 43 931
7917 34 2221
8018 83 1707
8016 62 5630
8118 52 2207
7918 37 3504
8019 42 1390
8017 43 3769
8119 65 1132
7919 98 5345
8020 33 2386
8018 66 832
8120 81 2024
7920 70 1655
8021 98 1815
8019 47 922
8121 74 3066
7921 97 4649
8022 11 3291
8020 56 2769
8122 28 638
7922 93 5860
8023 15 3808
8021 22 2062
8123 16 2237
7923 11 515
8024 86 4458
8022 77 632
8124 12 1510
7924 52 416
8025 10 226
8023 16 3630
8125 68 3367
7925 42 2211
8026 33 1940
8024 76 3857
8126 99 5139
7926 57 718
8027 92 2577
8025 90 937
8127 50 268
7927 87 3730
8028 51 373
8026 93 3778
8128 89 5900
7928 24 1132
8029 49 439
8027 67 3993
8129 55 307
7929 11 2440
8030 90 5868
8028 13 4922
8130 66 1444
7930 78 1716
8031 58 836
8029 31 1096
8131 28 2835
7931 94 4927
8032 10 1243
8030 95 469
8132 26 235
7932 77 4191
8033 15 2916
8031 39 3101
8133 47 4894
7933 13 3775
8034 19 5561
8032 15 3291
8134 47 1705
7934 79 2730
8035 22 5583
8033 52 4607
8135 23 4142
7935 72 3822
8036 91 5842
8034 72 768
8136 58 5802
7936 16 5835
8037 33 2787
8035 33 3970
8137 72 1838
7937 26 3756
8038 23 873
8036 54 192
8138 89 5725
7938 28 3534
8039 26 5805
8037 52 605
8139 38 5713
7939 42 5858
8040 11 1742
8038 30 3079
8140 17 1346
7940 79 2133
8041 33 101
8039 22 1889
8141 45 523
7941 33 1724
8042 41 39
8040 23 3160
8142 65 1448
7942 75 3560
8043 83 943
8041 14 3377
8143 59 843
7943 92 1084
8044 33 2092
8042 54 5611
8144 31 1407
7944 81 1937
8045 24 3744
8043 17 2514
8145 93 4295
7945 74 4172
8046 39 5281
8044 73 2200
8146 79 2241
7946 94 4480
8047 76 5623
8045 63 1580
8147 51 3174
7947 48 110
8048 27 776
8046 77 3420
8148 52 4196
7948 16 5875
8049 20 5581
8047 79 5759
8149 33 2879
7949 80 2227
8050 86 2682
8048 100 3035
8150 31 4340
7950 64 726
8051 78 1255
8049 34 981
8151 11 1575
7951 34 1472
8052 28 2580
8050 60 4671
8152 52 3131
7952 80 4787
8053 84 3735
8051 83 3703
8153 14 5673
7953 99 2400
8054 89 296
8052 31 4207
8154 93 4058
7954 75 711
8055 34 3816
8053 21 4718
8155 43 4456
7955 20 2711
8056 98 1971
8054 49 30
8156 97 3135
7956 72 206
8057 35 3416
8055 35 2584
8157 81 2872
7957 60 658
8058 75 1390
8056 68 1962
8158 26 2626
7958 14 2237
8059 78 5575
8057 64 1828
8159 98 2266
7959 35 1329
8060 44 2407
8058 42 181
8160 23 3623
7960 77 1994
8061 72 2131
8059 21 4728
8161 25 3549
7961 29 980
8062 48 718
8060 80 3517
8162 43 4543
7962 97 5422
8063 83 876
8061 41 3939
8163 29 3696
7963 22 2283
8064 88 5872
8062 10 3248
8164 100 2111
7964 82 4011
8065 43 683
8063 23 3855
8165 76 2740
7965 75 4282
8066 97 1685
8064 94 3374
8166 92 4204
7966 86 2444
8067 11 3435
8065 45 3537
8167 74 2849
7967 80 2144
8068 30 805
8066 57 2389
8168 16 4885
7968 36 1963
8069 59 1251
8067 51 4564
8169 38 4231
7969 48 5880
8070 89 1020
8068 34 3021
8170 81 1977
7970 48 5793
8071 18 1191
8069 26 35
8171 50 438
7971 30 3702
8072 100 3200
8070 61 1289
8172 100 5025
7972 46 1444
8073 98 5332
8071 89 622
8173 26 4326
7973 20 5922
8074 71 367
8072 99 4392
8174 62 1503
7974 20 3686
8075 72 1877
8073 61 1897
8175 76 758
7975 43 1007
8076 39 5589
8074 72 2021
8176 72 4005
7976 98 1054
8077 52 4607
8075 75 412
8177 11 4869
7977 93 5536
8078 44 1928
8076 28 376
8178 13 5907
7978 63 5245
8079 56 2669
8077 71 5276
8179 41 370
7979 17 3483
8080 39 1347
8078 74 4968
8180 29 3356
7980 99 1249
8081 39 4699
8079 10 1702
8181 34 3041
7981 33 2393
8082 39 1259
8080 38 2812
8182 79 5197
7982 39 3437
8083 23 2802
8081 99 2112
8183 90 605
7983 85 4561
8084 62 443
8082 50 755
8184 68 598
7984 45 1734
8085 15 2076
8083 70 4373
8185 60 283
7985 47 3201
8086 16 3335
8084 78 5861
8186 72 134
7986 51 4561
8087 85 4304
8085 77 5302
8187 48 1108
7987 85 4406
8088 18 5476
8086 97 998
8188 18 5142
7988 75 5425
8089 58 2104
8087 50 1786
8189 39 4685
7989 12 3971
8090 17 699
8088 96 5553
8190 73 4489
7990 85 824
8091 45 3640
8089 25 226
8191 74 2452
7991 74 2156
8092 59 4706
8090 47 1183
8192 96 3945
7992 88 49
8093 90 2955
8091 67 5538
8193 90 1137
7993 96 3878
8094 92 4407
8092 19 5732
8194 19 3097
7994 30 2406
8095 84 5375
8093 81 5295
8195 22 3403
7995 64 4452
8096 40 1267
8094 30 2302
8196 70 1208
7996 95 4021
8097 18 4125
8095 76 976
8197 95 589
7997 12 585
8098 49 2274
8096 41 1491
8198 76 4518
7998 63 4696
8099 17 1427
8097 11 2894
8199 25 2683
7999 86 4666
8100 70 3068
8098 70 3252
8200 50 3582
8000 87 784
8099 23 990
8201 79 1980
8001 74 3494
8102 82 5458
8202 63 5012
8002 25 163
8103 74 1235
8101 76 3036
8203 95 952
8003 87 520
8104 76 48
8102 78 2650
8204 92 2474
8004 97 997
8105 68 4831
8103 58 5927
8205 37 3227
8005 56 3313
8106 60 814
8104 57 1127
8206 67 40
8006 67 1630
8107 30 3682
8105 29 3219
8207 98 1767
8007 76 3541
8108 91 1925
8106 25 466
8208 78 3796
8008 100 5715
8109 50 2228
8107 56 1847
8209 74 5226
8009 46 3287
8110 12 4494
8108 66 2547
8210 46 160
8010 99 3732
8111 13 698
8109 16 1216
8211 88 4494
8011 46 3445
8112 98 3181
8110 34 173
8212 53 3057
8012 47 378
8113 14 3958
8111 41 2503
8213 89 5111
8013 73 5430
8114 89 2847
8112 56 4693
8214 22 3386
8014 51 1555
8115 25 2228
8113 14 5866
8215 61 1436
8015 42 4493
8116 87 607
8114 17 4874
8216 26 2522
8016 59 3845
8117 24 3335
8115 32 2566
8217 64 1301
8017 78 2963
8118 49 5135
8116 77 5516
8218 61 4371
8018 75 3204
8119 98 3529
8117 39 4739
8219 51 1619
8019 46 5830
8120 42 2283
8118 77 2251
8220 71 3150
8020 67 1424
8121 42 949
8119 72 4270
8221 94 3802
8021 41 2633
8122 35 1144
8120 63 1841
8222 27 3759
8022 80 5847
8123 80 3509
8121 57 5702
8223 46 4493
8023 66 3946
8124 56 5775
8122 17 2356
8224 65 1365
8024 60 4975
8125 36 3450
8123 57 739
8225 32 928
8025 45 1263
8126 54 167
8124 46 2421
8226 53 3428
8026 82 339
8127 24 5390
8125 37 1691
8227 59 3354
8027 82 1157
8128 54 1553
8126 84 2468
8228 22 5877
8028 23 5356
8129 45 884
8127 93 4298
8229 80 1787
8029 21 1391
8130 24 4174
8128 71 378
8230 77 3586
8030 63 1118
8131 70 5876
8129 87 1657
8231 16 3896
8031 91 3221
8132 23 5854
8130 95 3654
8232 96 3291
8032 17 1325
8133 52 2216
8131 15 3315
8233 66 196
8033 50 5294
8134 21 4203
8132 49 4220
8234 81 5182
8034 82 5115
8135 11 434
8133 27 3215
8235 49 4730
8035 14 4945
8136 60 1255
8134 42 3049
8236 50 4006
8036 73 2906
8137 70 2739
8135 82 4565
8237 52 2136
8037 24 998
8138 12 3648
8136 69 3024
8238 98 2485
8038 76 4285
8139 99 2168
8137 70 534
8239 12 812
8039 84 5793
8140 29 186
8138 18 4851
8240 77 2634
8040 98 5369
8141 46 4334
8139 36 3584
8241 28 3763
8041 49 2702
8142 63 2855
8140 20 3260
8242 73 3788
8042 85 233
8143 12 4799
8141 77 2742
8243 52 1732
8043 39 4157
8144 62 3507
8142 24 973
8244 99 5070
8044 75 1010
8145 26 2181
8143 95 1877
8245 47 1066
8045 63 5513
8146 76 948
8144 44 1877
8246 71 2432
8046 21 1642
8147 56 3374
8145 65 2894
8247 36 760
8047 21 1558
8148 83 4586
8146 29 5575
8248 78 5662
8048 53 2733
8149 32 5418
8147 85 2468
8249 19 404
8049 10 4514
8150 21 2881
8148 68 5046
8250 53 3656
8050 95 4648
8151 23 1709
8149 36 1320
8251 92 544
8051 11 5675
8152 17 948
8150 84 2174
8252 54 1777
8052 21 3079
8153 74 631
8151 80 5539
8253 76 5388
8053 53 3266
8154 60 1490
8152 71 799
8254 80 2212
8054 16 2756
8155 76 3467
8153 25 966
8255 18 3035
8055 55 2971
8156 52 279
8154 32 4869
8256 70 2489
8056 19 5782
8157 87 128
8155 60 529
8257 16 3295
8057 19 4218
8158 30 3687
8156 28 83
8258 30 3845
8058 45 1066
8159 67 133
8157 20 3926
8259 49 1011
8059 55 5775
8160 55 3837
8158 61 2673
8260 12 678
8060 22 4988
8161 60 4056
8159 36 3073
8261 73 645
8061 10 5437
8162 70 279
8160 79 3146
8262 77 5485
8062 68 4408
8163 51 532
8161 62 1471
8263 53 79
8063 50 5907
8164 24 1840
8162 91 3466
8264 80 2561
8064 13 3638
8165 22 5154
8163 62 889
8265 75 5292
8065 41 3064
8166 96 1243
8164 65 5730
8266 91 1447
8066 27 1690
8167 72 4013
8165 37 4484
8267 50 4542
8067 42 4692
8168 34 2706
8166 54 4637
8268 95 3518
8068 23 153
8169 35 4450
8167 69 1352
8269 81 343
8069 54 2404
8170 24 5422
8168 73 5677
8270 50 2929
8070 24 2580
8171 70 1534
8169 73 4776
8271 70 4003
8071 89 325
8172 39 4715
8170 36 219
8272 54 2000
8072 27 1206
8173 17 4921
8171 41 3698
8273 41 3316
8073 76 833
8174 12 2848
8172 67 4915
8274 54 4497
8074 90 4047
8175 46 2916
8173 58 1057
8275 42 228
8075 80 3345
8176 21 2713
8174 97 3918
8276 48 4154
8076 39 4063
8177 60 4488
8175 31 3936
8277 69 4160
8077 98 471
8178 27 4515
8176 80 3673
8278 44 4651
8078 54 2832
8179 11 3931
8177 72 3254
8279 45 3492
8079 43 908
8180 65 4258
8178 63 946
8280 78 412
8080 74 3535
8181 27 1172
8179 45 3157
8281 14 4520
8081 57 3322
8182 72 764
8180 38 3296
8282 22 4561
8082 96 1761
8183 16 3965
8181 25 3812
8283 30 1479
8083 92 4607
8184 69 3629
8182 94 5279
8284 10 4391
8084 20 5111
8185 59 2550
8183 38 1967
8285 99 1595
8085 75 4623
8186 56 4754
8184 56 3125
8286 100 4766
8086 36 4405
8187 66 2479
8185 62 5885
8287 69 1392
8087 57 4596
8188 62 1620
8186 71 734
8288 11 4649
8088 41 1623
8189 43 266
8187 83 1309
8289 65 3346
8089 31 1837
8190 57 4687
8188 36 5088
8290 19 1854
8090 12 3934
8191 45 5060
8189 85 4467
8291 61 5792
8091 42 3028
8192 42 2484
8190 10 4672
8292 40 4580
8092 59 347
8193 36 2803
8191 15 1056
8293 80 2989
8093 22 2155
8194 78 4146
8192 61 4408
8294 54 2941
8094 24 3606
8195 69 213
8193 93 3028
8295 62 3585
8095 51 3959
8196 84 4731
8194 54 370
8296 69 307
8096 12 2409
8197 56 4979
8195 35 2613
8297 64 3470
8097 43 5087
8198 44 1575
8196 72 630
8298 43 5265
8098 58 3067
8199 72 4354
8197 43 1642
8299 14 5334
8099 93 1577
8200 94 1990
8198 90 2345
8300 90 3447
8100 31 5158
8199 27 1444
8301 11 2396
8101 36 5777
8202 76 1745
8302 99 2674
8102 12 668
8203 25 5143
8201 26 3771
8303 98 5663
8103 18 805
8204 92 147
8202 29 3514
8304 73 2283
8104 26 1606
8205 44 4614
8203 71 674
8305 97 1696
8105 88 48
8206 48 2769
8204 54 4505
8306 70 2838
8106 51 5688
8207 94 74
8205 79 1963
8307 18 4681
8107 24 5800
8208 19 4881
8206 61 987
8308 12 2544
8108 49 3970
8209 58 4731
8207 12 3276
8309 52 1535
8109 36 1501
8210 10 4788
8208 42 2073
8310 70 287
8110 57 3336
8211 12 2316
8209 96 3117
8311 60 4474
8111 25 3647
8212 73 1918
8210 31 1368
8312 74 1762
8112 25 2072
8213 69 796
8211 71 5541
8313 22 517
8113 13 2722
8214 80 4702
8212 62 3672
8314 100 1801
8114 92 3713
8215 47 4536
8213 39 1015
8315 27 266
8115 51 4153
8216 28 4940
8214 81 5025
8316 78 4203
8116 72 2766
8217 46 3862
8215 17 5841
8317 37 3962
8117 68 4380
8218 10 4666
8216 23 3059
8318 21 5675
8118 88 4937
8219 61 1943
8217 56 1466
8319 53 4902
8119 46 5489
8220 32 5915
8218 11 1472
8320 84 3578
8120 40 4934
8221 42 417
8219 67 4568
8321 49 5404
8121 21 4553
8222 56 3197
8220 56 3758
8322 69 5601
8122 93 80
8223 81 4876
8221 34 4200
8323 57 3884
8123 21 5125
8224 76 12
8222 86 3426
8324 25 4305
8124 39 1861
8225 86 355
8223 40 2197
8325 54 1054
8125 45 4069
8226 38 3499
8224 95 3169
8326 60 2120
8126 96 836
8227 80 2066
8225 33 3128
8327 74 610
8127 30 5327
8228 58 5243
8226 97 4652
8328 21 518
8128 43 2006
8229 68 3374
8227 20 1522
8329 98 630
8129 89 1282
8230 99 1069
8228 34 1220
8330 84 568
8130 89 4501
8231 90 1603
8229 86 3855
8331 20 4906
8131 19 5623
8232 81 4710
8230 100 2508
8332 31 4887
8132 87 4327
8233 40 5917
8231 72 1523
8333 22 1050
8133 39 1048
8234 22 1456
8232 65 4838
8334 17 4102
8134 64 1440
8235 98 753
8233 44 1161
8335 91 1695
8135 63 255
8236 16 2437
8234 65 3570
8336 91 2724
8136 69 772
8237 17 3116
8235 50 3142
8337 13 65
8137 100 907
8238 17 5804
8236 51 2173
8338 58 1453
8138 52 668
8239 67 3373
8237 97 5031
8339 16 2606
8139 82 3737
8240 69 1012
8238 45 5112
8340 76 1631
8140 54 5680
8241 16 3231
8239 65 1895
8341 16 750
8141 61 3314
8242 35 3194
8240 100 2699
8342 88 666
8142 34 4371
8243 95 4410
8241 24 1162
8343 43 5328
8143 84 2558
8244 37 3238
8242 69 5685
8344 38 1808
8144 35 2027
8245 16 804
8243 63 892
8345 15 129
8145 30 3527
8246 10 1594
8244 23 1566
8346 97 3459
8146 27 5429
8247 59 5742
8245 92 1126
8347 88 1780
8147 13 4060
8248 99 5088
8246 45 3559
8348 56 5410
8148 91 3801
8249 90 1222
8247 57 2899
8349 37 4209
8149 80 5920
8250 49 2380
8248 11 1143
8350 91 1107
8150 14 5270
8251 90 1691
8249 91 876
8351 21 4045
8151 74 4151
8252 31 4190
8250 94 1857
8352 40 2208
8152 65 5183
8253 79 5395
8251 82 2752
8353 34 3317
8153 89 2106
8254 27 5219
8252 42 3833
8354 77 4511
8154 70 4450
8255 28 5689
8253 87 2215
8355 41 1118
8155 48 5806
8256 21 5771
8254 92 4911
8356 100 683
8156 90 1590
8257 53 5267
8255 29 745
8357 89 4032
8157 52 1616
8258 51 4382
8256 49 296
8358 39 5405
8158 11 501
8259 81 1854
8257 55 4731
8359 15 4015
8159 83 2393
8260 11 1177
8258 57 498
8360 68 3138
8160 93 1724
8261 86 2153
8259 36 4902
8361 24 447
8161 45 313
8262 99 5704
8260 60 4967
8362 23 5225
8162 64 3552
8263 92 1035
8261 24 702
8363 11 5013
8163 62 5131
8264 57 5705
8262 11 5206
8364 80 2337
8164 91 3186
8265 45 1686
8263 37 269
8365 42 3034
8165 94 3001
8266 37 4173
8264 11 5678
8366 36 5805
8166 67 790
8267 37 1858
8265 85 521
8367 10 340
8167 35 4664
8268 15 4847
8266 59 2615
8368 34 191
8168 60 1721
8269 67 909
8267 40 3834
8369 15 4806
8169 61 4984
8270 62 2612
8268 49 5879
8370 100 163
8170 46 2168
8271 59 575
8269 84 3205
8371 76 207
8171 49 5417
8272 43 5023
8270 72 3921
8372 95 2028
8172 36 5061
8273 81 2380
8271 82 5326
8373 72 619
8173 29 4198
8274 81 3663
8272 98 5054
8374 49 5212
8174 75 4653
8275 82 518
8273 83 2957
8375 70 2065
8175 99 3594
8276 25 2035
8274 95 1257
8376 18 5247
8176 98 5854
8277 66 5272
8275 59 2730
8377 93 5019
8177 19 768
8278 68 970
8276 12 2327
8378 16 2297
8178 65 5095
8279 81 4231
8277 66 3235
8379 13 3368
8179 76 4127
8280 22 4561
8278 36 3129
8380 40 1480
8180 43 5674
8281 13 2690
8279 77 5933
8381 47 4907
8181 99 1343
8282 16 1965
8280 12 5907
8382 10 392
8182 68 1244
8283 12 5931
8281 45 5235
8383 91 946
8183 58 4725
8284 92 2520
8282 63 657
8384 31 2090
8184 96 1584
8285 78 3955
8283 94 3440
8385 17 5354
8185 32 4592
8286 16 1449
8284 98 5024
8386 50 4052
8186 91 4955
8287 32 5143
8285 100 5629
8387 22 2094
8187 37 3672
8288 72 928
8286 45 4522
8388 79 5572
8188 75 1289
8289 31 607
8287 10 5386
8389 99 5449
8189 63 4078
8290 64 2179
8288 37 3363
8390 51 5597
8190 79 712
8291 89 1675
8289 69 5495
8391 52 1304
8191 24 5294
8292 24 2927
8290 48 5021
8392 22 2373
8192 63 1349
8293 77 3438
8291 66 696
8393 70 3438
8193 46 5396
8294 81 2359
8292 31 444
8394 53 5636
8194 96 3721
8295 30 1757
8293 65 2005
8395 30 5183
8195 43 3304
8296 27 2489
8294 83 1711
8396 24 4995
8196 81 4253
8297 14 3784
8295 63 2647
8397 12 1989
8197 63 3277
8298 22 4190
8296 85 840
8398 60 2682
8198 69 4064
8299 22 4715
8297 94 5293
8399 11 1695
8199 42 1157
8300 45 5543
8298 30 4843
8400 38 3012
8200 30 466
8299 54 3600
8401 72 796
8201 21 734
8302 69 1826
8402 52 4911
8202 37 1399
8303 66 1175
8301 50 5045
8403 81 4218
8203 86 4380
8304 45 1226
8302 79 918
8404 57 1728
8204 73 4040
8305 25 5392
8303 67 3269
8405 53 5779
8205 91 2877
8306 29 5380
8304 87 1438
8406 80 4812
8206 54 4213
8307 97 1987
8305 28 4680
8407 56 626
8207 86 327
8308 86 2750
8306 90 5335
8408 77 2706
8208 65 1753
8309 68 1208
8307 15 5546
8409 63 1075
8209 50 1159
8310 23 2553
8308 21 2263
8410 59 2671
8210 18 2133
8311 55 3605
8309 66 2180
8411 65 5549
8211 56 5927
8312 49 2917
8310 89 5441
8412 61 924
8212 87 4544
8313 12 4460
8311 91 150
8413 55 4754
8213 89 5635
8314 94 3000
8312 75 74
8414 81 2430
8214 47 4104
8315 51 5813
8313 84 3789
8415 83 3746
8215 99 3157
8316 46 5780
8314 83 5509
8416 29 3922
8216 30 3115
8317 63 4035
8315 70 3649
8417 80 2049
8217 42 2009
8318 65 1196
8316 28 2349
8418 34 983
8218 43 4370
8319 43 4214
8317 44 2883
8419 76 1694
8219 65 975
8320 25 4937
8318 96 2917
8420 80 360
8220 71 4429
8321 52 4576
8319 43 3854
8421 88 820
8221 16 632
8322 78 2864
8320 29 2836
8422 41 1991
8222 76 4962
8323 71 4914
8321 71 238
8423 32 103
8223 81 5936
8324 42 5294
8322 21 4643
8424 49 3484
8224 16 4788
8325 72 5141
8323 64 4612
8425 21 3421
8225 84 5091
8326 96 3648
8324 89 342
8426 67 1413
8226 90 1748
8327 69 5930
8325 17 4070
8427 76 665
8227 20 3858
8328 38 2742
8326 48 5249
8428 57 3757
8228 50 4421
8329 75 4528
8327 10 1306
8429 53 378
8229 87 554
8330 91 1994
8328 57 4448
8430 97 2571
8230 68 1624
8331 72 80
8329 93 4672
8431 47 2575
8231 26 211
8332 51 3384
8330 96 1416
8432 48 4890
8232 67 3988
8333 81 5638
8331 55 3864
8433 56 4580
8233 31 1245
8334 50 3005
8332 96 1483
8434 99 1042
8234 23 2056
8335 88 788
8333 29 1456
8435 71 199
8235 38 3509
8336 34 943
8334 73 241
8436 34 867
8236 79 5718
8337 55 1264
8335 85 5856
8437 86 4927
8237 41 2037
8338 51 1897
8336 75 1934
8438 67 270
8238 33 2449
8339 38 2342
8337 34 321
8439 34 375
8239 28 1907
8340 81 2314
8338 99 5138
8440 10 3466
8240 24 2074
8341 45 3637
8339 89 2298
8441 62 3685
8241 83 2112
8342 12 2358
8340 65 3856
8442 50 4050
8242 43 2834
8343 54 4241
8341 54 4151
8443 53 3875
8243 92 488
8344 20 5346
8342 16 3897
8444 93 2963
8244 21 4491
8345 33 2009
8343 45 2696
8445 84 481
8245 67 448
8346 72 5502
8344 10 565
8446 91 329
8246 60 5658
8347 74 5194
8345 72 1475
8447 91 5606
8247 66 115
8348 60 2072
8346 43 5625
8448 52 1003
8248 70 4500
8349 69 309
8347 13 5209
8449 20 4795
8249 28 304
8350 86 3553
8348 45 945
8450 58 4055
8250 60 372
8351 45 265
8349 78 3494
8451 37 3044
8251 95 4752
8352 60 1591
8350 99 1149
8452 55 3192
8252 89 4706
8353 76 896
8351 94 2960
8453 30 3141
8253 83 1875
8354 66 2055
8352 74 2765
8454 67 5432
8254 98 5897
8355 94 3295
8353 69 5540
8455 78 3418
8255 23 2648
8356 63 812
8354 19 5569
8456 80 212
8256 89 1198
8357 19 1693
8355 71 3164
8457 10 3160
8257 40 3318
8358 69 2024
8356 73 2569
8458 81 1688
8258 53 1251
8359 73 2830
8357 29 2254
8459 67 3681
8259 80 3948
8360 47 5723
8358 11 2058
8460 47 154
8260 24 4050
8361 45 2856
8359 89 1044
8461 47 2758
8261 34 4850
8362 70 2402
8360 62 529
8462 73 5723
8262 70 3654
8363 75 2017
8361 85 3266
8463 18 2685
8263 41 1914
8364 13 2974
8362 49 3017
8464 72 345
8264 13 4381
8365 45 2708
8363 75 4534
8465 19 4087
8265 67 5740
8366 97 2086
8364 12 2429
8466 28 3597
8266 98 545
8367 92 1310
8365 100 3089
8467 49 794
8267 64 4784
8368 61 5307
8366 52 2056
8468 73 1739
8268 41 1780
8369 95 4826
8367 32 1961
8469 80 5732
8269 38 4237
8370 67 3175
8368 26 1954
8470 75 782
8270 52 2043
8371 97 5648
8369 89 5508
8471 57 5818
8271 85 5068
8372 11 2236
8370 19 5555
8472 57 3214
8272 25 5042
8373 30 4003
8371 34 1168
8473 21 59
8273 56 876
8374 62 3717
8372 13 4604
8474 30 3158
8274 54 3819
8375 22 5917
8373 47 1487
8475 11 166
8275 87 4594
8376 90 3097
8374 91 55
8476 15 4561
8276 33 4904
8377 87 4058
8375 11 5769
8477 79 3572
8277 54 1935
8378 26 319
8376 22 4485
8478 31 2865
8278 83 5929
8379 85 2667
8377 27 16
8479 31 5768
8279 32 2739
8380 10 225
8378 57 2397
8480 86 1836
8280 56 1309
8381 65 3125
8379 76 2810
8481 28 4762
8281 21 4597
8382 53 5777
8380 85 2005
8482 77 1046
8282 19 5268
8383 64 1592
8381 80 2864
8483 97 2291
8283 13 137
8384 15 1154
8382 70 2243
8484 80 2811
8284 98 3567
8385 28 5551
8383 85 886
8485 92 3805
8285 23 1602
8386 52 3906
8384 88 3065
8486 74 5438
8286 37 4526
8387 55 1798
8385 46 5407
8487 76 1702
8287 13 3615
8388 35 2675
8386 58 321
8488 31 3622
8288 14 2926
8389 86 4257
8387 70 5713
8489 72 5610
8289 87 2738
8390 20 2839
8388 37 504
8490 35 4421
8290 19 4873
8391 100 4239
8389 51 3511
8491 83 2057
8291 47 2958
8392 44 3579
8390 69 4373
8492 79 858
8292 70 5140
8393 97 3146
8391 38 4684
8493 54 2377
8293 44 596
8394 91 95
8392 16 4354
8494 90 584
8294 34 5151
8395 38 4728
8393 60 3390
8495 41 3792
8295 20 297
8396 69 2309
8394 74 5127
8496 63 1806
8296 69 5603
8397 18 2142
8395 19 5172
8497 43 1074
8297 24 506
8398 92 3802
8396 93 3369
8498 44 2477
8298 88 1017
8399 33 462
8397 40 612
8499 50 1460
8299 72 5062
8400 60 3398
8398 88 2608
8500 88 997
8300 81 1428
8399 100 1537
8501 56 1571
8301 41 2174
8402 16 2481
8502 68 5443
8302 10 1628
8403 75 5586
8401 38 351
8503 26 3540
8303 39 5161
8404 55 1289
8402 84 1376
8504 81 781
8304 47 4161
8405 88 3131
8403 86 4892
8505 91 461
8305 90 5013
8406 85 4557
8404 29 623
8506 68 2957
8306 61 5666
8407 40 2160
8405 96 2735
8507 79 3731
8307 98 217
8408 87 5391
8406 57 565
8508 52 1726
8308 65 5504
8409 12 4068
8407 95 2831
8509 65 1213
8309 33 5555
8410 40 3659
8408 68 1793
8510 54 3085
8310 88 2528
8411 88 4176
8409 97 3395
8511 26 2683
8311 93 4277
8412 72 2156
8410 98 5674
8512 38 4123
8312 22 2776
8413 30 1245
8411 79 166
8513 51 734
8313 53 357
8414 45 1957
8412 17 5305
8514 44 3744
8314 94 4253
8415 35 821
8413 77 2439
8515 41 589
8315 96 5583
8416 40 4654
8414 33 3866
8516 61 2219
8316 13 4437
8417 51 3367
8415 64 3310
8517 55 519
8317 50 3056
8418 89 3171
8416 57 4773
8518 38 2254
8318 91 609
8419 95 2471
8417 51 2681
8519 20 1016
8319 89 780
8420 14 281
8418 55 4380
8520 95 2700
8320 12 4411
8421 91 3879
8419 21 4123
8521 82 4293
8321 33 980
8422 40 4493
8420 59 5319
8522 56 3290
8322 10 451
8423 92 4608
8421 62 4642
8523 59 4521
8323 14 721
8424 18 36
8422 90 621
8524 46 3121
8324 52 1870
8425 35 3631
8423 85 3155
8525 54 5625
8325 60 4016
8426 95 2415
8424 15 3008
8526 78 3752
8326 34 5503
8427 12 3508
8425 62 2473
8527 64 158
8327 88 5131
8428 32 4071
8426 13 3911
8528 13 209
8328 72 4274
8429 48 2634
8427 93 1109
8529 39 2099
8329 79 2833
8430 63 3000
8428 88 2250
8530 20 2564
8330 82 5528
8431 20 525
8429 53 4248
8531 46 3510
8331 86 592
8432 16 1099
8430 53 5319
8532 71 2552
8332 56 389
8433 47 203
8431 69 1015
8533 98 3799
8333 36 2534
8434 90 1504
8432 74 4283
8534 29 3570
8334 23 761
8435 14 1109
8433 31 4647
8535 53 3480
8335 86 2288
8436 68 1638
8434 31 5484
8536 87 312
8336 44 4523
8437 19 2404
8435 98 1458
8537 94 2621
8337 83 468
8438 18 3143
8436 21 4483
8538 87 4534
8338 19 3752
8439 45 5656
8437 90 3071
8539 30 251
8339 75 2511
8440 53 5386
8438 94 5931
8540 37 2353
8340 65 2356
8441 30 1959
8439 33 1513
8541 25 4303
8341 96 3463
8442 42 1327
8440 32 4276
8542 88 352
8342 67 4163
8443 89 126
8441 65 4419
8543 95 1736
8343 32 1751
8444 73 3258
8442 19 3876
8544 77 3918
8344 92 2091
8445 45 4314
8443 41 1315
8545 62 5405
8345 20 1335
8446 54 3692
8444 48 220
8546 67 2417
8346 48 1756
8447 22 2923
8445 83 2943
8547 43 2574
8347 23 1699
8448 89 1944
8446 90 504
8548 53 4619
8348 26 2426
8449 75 2908
8447 35 4403
8549 78 5024
8349 61 5706
8450 16 4955
8448 51 1834
8550 63 1393
8350 82 2116
8451 47 1447
8449 12 3972
8551 32 1330
8351 94 4357
8452 52 3360
8450 64 297
8552 41 5014
8352 85 4510
8453 68 1033
8451 14 5903
8553 88 1769
8353 39 2228
8454 52 4693
8452 68 5420
8554 14 5469
8354 43 866
8455 28 1723
8453 99 1779
8555 54 827
8355 45 5435
8456 66 5588
8454 61 2812
8556 29 2002
8356 45 3257
8457 76 114
8455 75 2032
8557 18 5180
8357 84 2196
8458 77 2826
8456 97 5897
8558 97 1755
8358 24 5728
8459 69 16
8457 82 2310
8559 93 1914
8359 17 2812
8460 76 5538
8458 14 197
8560 76 5578
8360 19 2451
8461 53 3633
8459 65 129
8561 25 1458
8361 65 3616
8462 32 1564
8460 67 3659
8562 82 5690
8362 18 3496
8463 70 2277
8461 67 1931
8563 66 5297
8363 48 3200
8464 75 5804
8462 33 2765
8564 79 588
8364 31 480
8465 93 1885
8463 61 3427
8565 34 2740
8365 55 234
8466 56 5566
8464 29 3631
8566 51 2571
8366 37 3275
8467 53 4255
8465 50 922
8567 22 5732
8367 88 4941
8468 56 5692
8466 86 693
8568 59 4454
8368 23 1593
8469 78 1897
8467 94 1473
8569 56 5039
8369 31 2205
8470 69 5609
8468 60 2285
8570 10 5234
8370 50 1708
8471 42 3918
8469 33 2876
8571 24 5362
8371 83 2198
8472 42 3684
8470 100 1066
8572 99 5123
8372 34 339
8473 31 282
8471 39 1225
8573 25 5222
8373 39 1133
8474 35 1750
8472 50 2326
8574 55 2316
8374 93 390
8475 56 2310
8473 100 1922
8575 23 1301
8375 60 1977
8476 45 3269
8474 40 1974
8576 47 3140
8376 66 867
8477 54 2154
8475 40 1283
8577 19 939
8377 87 2383
8478 19 1732
8476 54 1427
8578 63 5712
8378 30 5304
8479 48 1874
8477 21 5066
8579 43 2910
8379 25 2964
8480 27 4663
8478 83 526
8580 36 4926
8380 88 5094
8481 76 4831
8479 51 1961
8581 80 4641
8381 29 5584
8482 65 1844
8480 28 2898
8582 81 4776
8382 24 1452
8483 54 4426
8481 58 1915
8583 75 2722
8383 97 288
8484 70 1153
8482 84 1381
8584 44 5583
8384 17 2550
8485 91 5190
8483 44 3298
8585 68 2482
8385 65 623
8486 36 2661
8484 21 4423
8586 91 3144
8386 25 4585
8487 60 3592
8485 92 897
8587 33 781
8387 28 511
8488 54 3947
8486 70 4377
8588 77 931
8388 62 5700
8489 99 4705
8487 43 3663
8589 45 5813
8389 83 4854
8490 45 5536
8488 38 278
8590 89 1662
8390 92 5881
8491 14 3225
8489 81 2613
8591 51 1378
8391 67 2527
8492 80 1373
8490 98 1928
8592 98 2287
8392 96 451
8493 58 3203
8491 61 3124
8593 68 4603
8393 24 1779
8494 63 2737
8492 33 2991
8594 77 2196
8394 99 2140
8495 14 300
8493 38 2195
8595 36 3013
8395 42 4680
8496 40 1520
8494 67 423
8596 36 923
8396 10 3367
8497 75 915
8495 18 3540
8597 36 5729
8397 13 306
8498 66 3559
8496 48 1080
8598 82 1367
8398 65 1274
8499 23 2634
8497 50 43
8599 84 3664
8399 68 4106
8500 18 2909
8498 63 4491
8600 95 3985
8400 50 1349
8499 21 1925
8601 30 3504
8401 75 1116
8502 19 3202
8602 25 5772
8402 97 5015
8503 13 5048
8501 76 3648
8603 59 4489
8403 70 3007
8504 92 2532
8502 74 1965
8604 89 301
8404 68 3929
8505 91 5365
8503 79 5368
8605 77 3952
8405 82 3626
8506 44 281
8504 10 1770
8606 25 3287
8406 71 4236
8507 14 1221
8505 41 5826
8607 83 4414
8407 34 3428
8508 11 5091
8506 54 1429
8608 95 3371
8408 97 1763
8509 41 4189
8507 21 2704
8609 75 81
8409 20 4023
8510 84 2971
8508 33 564
8610 93 2598
8410 64 1039
8511 30 1234
8509 50 3156
8611 18 2060
8411 11 1045
8512 86 1985
8510 57 3908
8612 30 3906
8412 26 1134
8513 20 1816
8511 40 5871
8613 87 5734
8413 74 246
8514 17 5657
8512 67 3521
8614 93 2886
8414 97 628
8515 60 369
8513 59 5752
8615 83 387
8415 31 3316
8516 21 841
8514 91 4422
8616 28 224
8416 36 1309
8517 28 2162
8515 62 2972
8617 68 3180
8417 20 4716
8518 24 2193
8516 98 65
8618 81 5116
8418 24 5874
8519 63 5125
8517 15 2394
8619 90 5734
8419 88 897
8520 43 5868
8518 68 2878
8620 59 293
8420 29 256
8521 82 4400
8519 48 2342
8621 65 4543
8421 92 3690
8522 52 3254
8520 66 2106
8622 59 3851
8422 62 4449
8523 26 5702
8521 78 3238
8623 99 4817
8423 71 3569
8524 53 2497
8522 78 3151
8624 100 536
8424 95 3020
8525 32 3807
8523 43 1095
8625 29 730
8425 69 2284
8526 12 389
8524 92 1903
8626 25 4542
8426 19 750
8527 84 22
8525 87 3216
8627 84 1766
8427 28 3713
8528 64 3889
8526 79 2929
8628 72 1189
8428 34 3103
8529 78 4338
8527 98 2313
8629 27 5665
8429 25 2887
8530 31 5731
8528 72 2611
8630 79 1182
8430 95 1050
8531 97 5204
8529 94 4189
8631 46 831
8431 35 1873
8532 20 1401
8530 28 4979
8632 47 4802
8432 66 1333
8533 93 4136
8531 81 5209
8633 88 1101
8433 14 1135
8534 61 3509
8532 41 1512
8634 61 5526
8434 93 3973
8535 21 1354
8533 43 4923
8635 63 413
8435 75 2193
8536 89 567
8534 85 3783
8636 38 1055
8436 51 1755
8537 92 3759
8535 10 1436
8637 12 4057
8437 71 5476
8538 59 673
8536 70 4914
8638 45 2353
8438 87 4834
8539 71 1439
8537 75 1182
8639 66 5095
8439 80 3370
8540 64 79
8538 10 3413
8640 62 1030
8440 58 4046
8541 54 6
8539 56 5087
8641 90 3264
8441 86 1297
8542 79 1993
8540 20 3286
8642 85 3969
8442 53 2105
8543 57 3370
8541 34 2115
8643 82 2155
8443 90 1484
8544 51 3192
8542 81 4605
8644 93 2769
8444 98 5286
8545 25 5148
8543 35 5863
8645 66 576
8445 50 4422
8546 47 5651
8544 25 5278
8646 24 5794
8446 61 3271
8547 57 5612
8545 88 2151
8647 33 1060
8447 82 2403
8548 62 5143
8546 93 454
8648 20 2968
8448 68 4766
8549 89 4223
8547 33 5538
8649 51 4668
8449 16 5853
8550 14 3706
8548 42 5627
8650 65 3715
8450 49 4262
8551 54 2785
8549 31 5114
8651 22 5849
8451 91 4051
8552 87 3347
8550 81 259
8652 94 1652
8452 68 1705
8553 61 1222
8551 65 2900
8653 46 3382
8453 58 543
8554 79 4240
8552 97 3520
8654 63 2794
8454 71 3659
8555 79 3208
8553 17 511
8655 17 2983
8455 96 5538
8556 15 3372
8554 18 1802
8656 89 2518
8456 84 3546
8557 70 455
8555 18 4274
8657 71 894
8457 96 3023
8558 68 5270
8556 92 2852
8658 91 4358
8458 17 4933
8559 64 2671
8557 23 5700
8659 26 1951
8459 26 4591
8560 19 5871
8558 35 5080
8660 60 5085
8460 54 4254
8561 20 5795
8559 25 2338
8661 54 359
8461 58 1677
8562 73 3631
8560 73 5460
8662 90 3264
8462 88 102
8563 11 1753
8561 11 2132
8663 90 1819
8463 10 4161
8564 49 3863
8562 32 763
8664 82 945
8464 92 2561
8565 59 3274
8563 55 5692
8665 74 2052
8465 34 652
8566 35 3174
8564 38 3042
8666 66 2182
8466 95 1246
8567 47 5843
8565 34 807
8667 18 5283
8467 11 1431
8568 22 5681
8566 67 1613
8668 23 2276
8468 16 4496
8569 68 557
8567 60 3767
8669 40 4099
8469 35 421
8570 20 3033
8568 77 707
8670 99 1463
8470 67 2732
8571 31 3268
8569 23 3574
8671 96 2547
8471 12 3700
8572 90 3548
8570 98 145
8672 71 2113
8472 47 3297
8573 66 5152
8571 34 4418
8673 53 1998
8473 19 2039
8574 89 5756
8572 37 3691
8674 50 1507
8474 99 4056
8575 78 4719
8573 97 1374
8675 30 1103
8475 74 4722
8576 36 4416
8574 62 900
8676 40 2033
8476 79 188
8577 88 575
8575 48 4617
8677 83 5499
8477 44 1603
8578 88 5339
8576 10 3479
8678 43 5192
8478 16 1973
8579 67 1134
8577 54 2388
8679 99 3361
8479 93 4107
8580 21 2848
8578 45 4355
8680 88 3762
8480 79 4819
8581 56 3697
8579 71 2086
8681 29 2998
8481 88 2728
8582 98 638
8580 89 2179
8682 91 1162
8482 18 4110
8583 25 419
8581 76 5746
8683 24 2363
8483 65 1879
8584 68 5597
8582 32 4919
8684 68 343
8484 95 3666
8585 16 1497
8583 22 2564
8685 32 3405
8485 48 3539
8586 91 4029
8584 76 3007
8686 49 845
8486 28 5293
8587 35 3319
8585 17 2105
8687 62 3818
8487 33 2026
8588 21 173
8586 50 5281
8688 75 340
8488 38 5645
8589 47 69
8587 28 710
8689 33 967
8489 90 2641
8590 81 1069
8588 65 3705
8690 97 3306
8490 67 439
8591 10 3909
8589 33 1499
8691 19 2996
8491 81 3668
8592 95 4832
8590 33 1789
8692 42 28
8492 80 5153
8593 64 1670
8591 99 133
8693 77 4622
8493 44 3775
8594 80 5197
8592 34 2708
8694 67 5499
8494 60 3419
8595 63 3322
8593 38 3165
8695 41 2351
8495 92 4389
8596 15 5563
8594 77 3220
8696 33 2550
8496 44 4617
8597 55 3322
8595 19 4766
8697 22 948
8497 70 437
8598 74 3951
8596 85 5233
8698 83 5554
8498 69 1176
8599 40 5447
8597 93 918
8699 97 3783
8499 29 1118
8600 31 504
8598 20 4860
8700 45 2374
8500 23 1884
8599 27 3113
8701 92 3899
8501 10 4257
8602 99 5686
8702 28 4093
8502 20 2634
8603 79 1532
8601 47 2945
8703 70 2301
8503 82 3267
8604 91 73
8602 48 4072
8704 57 3390
8504 71 1835
8605 56 3541
8603 100 4767
8705 99 5623
8505 100 5090
8606 51 5159
8604 36 2175
8706 22 183
8506 55 4520
8607 89 4323
8605 31 5472
8707 29 5090
8507 46 289
8608 32 5426
8606 50 4649
8708 18 3938
8508 26 1663
8609 12 544
8607 71 3071
8709 24 5306
8509 78 1657
8610 13 4315
8608 60 1083
8710 40 4987
8510 74 2735
8611 43 4577
8609 84 126
8711 56 5629
8511 75 3572
8612 94 3499
8610 89 1780
8712 25 3309
8512 15 2658
8613 51 2564
8611 21 2746
8713 49 1837
8513 38 1647
8614 65 2257
8612 67 1052
8714 88 791
8514 30 3531
8615 25 912
8613 79 1744
8715 19 2206
8515 35 3033
8616 80 4522
8614 24 1017
8716 26 5154
8516 83 3786
8617 79 2684
8615 83 1536
8717 62 633
8517 41 1772
8618 73 576
8616 89 5524
8718 72 1059
8518 17 4735
8619 59 1151
8617 15 4340
8719 57 2423
8519 64 5606
8620 88 1434
8618 71 2413
8720 68 2767
8520 68 1410
8621 21 2394
8619 83 609
8721 87 3770
8521 66 5416
8622 49 555
8620 38 524
8722 93 1625
8522 40 2742
8623 36 1867
8621 72 1738
8723 79 1778
8523 52 1575
8624 85 5358
8622 94 1860
8724 49 3953
8524 95 396
8625 87 5361
8623 46 3307
8725 24 4459
8525 100 4685
8626 93 2283
8624 39 1902
8726 66 2608
8526 67 5834
8627 72 3123
8625 86 3061
8727 91 4471
8527 45 5529
8628 45 3313
8626 62 5411
8728 24 1990
8528 90 1573
8629 18 3238
8627 37 2324
8729 50 1769
8529 69 5479
8630 25 2706
8628 63 2890
8730 17 5350
8530 70 343
8631 93 3778
8629 67 5136
8731 66 2905
8531 51 2764
8632 76 1558
8630 47 1964
8732 32 5895
8532 18 334
8633 40 833
8631 71 4106
8733 22 5227
8533 83 1184
8634 14 5693
8632 52 563
8734 11 2486
8534 74 983
8635 13 2999
8633 15 2977
8735 78 3251
8535 64 3858
8636 73 642
8634 24 3929
8736 23 2464
8536 78 3426
8637 93 5392
8635 92 1159
8737 100 4533
8537 41 2268
8638 26 1826
8636 63 50
8738 85 2880
8538 39 5938
8639 36 3122
8637 82 2441
8739 67 1979
8539 32 1127
8640 46 5650
8638 72 753
8740 95 1506
8540 32 3325
8641 23 23
8639 83 5270
8741 23 4003
8541 96 4333
8642 63 272
8640 48 5074
8742 58 4722
8542 86 3500
8643 12 3989
8641 76 237
8743 85 3879
8543 40 263
8644 91 5640
8642 15 406
8744 46 1176
8544 23 2312
8645 46 152
8643 59 1491
8745 98 5024
8545 78 4852
8646 52 4490
8644 100 2094
8746 82 3285
8546 68 2865
8647 20 4741
8645 46 4581
8747 92 1370
8547 97 1629
8648 26 5326
8646 76 2401
8748 97 406
8548 55 1655
8649 67 3467
8647 20 2986
8749 98 2556
8549 68 3383
8650 73 4430
8648 72 5098
8750 20 3436
8550 18 4940
8651 63 1128
8649 11 4543
8751 99 1074
8551 15 4839
8652 67 3837
8650 76 5291
8752 96 5924
8552 53 632
8653 16 3776
8651 65 2568
8753 26 2256
8553 62 3417
8654 11 5880
8652 41 4112
8754 46 962
8554 87 2279
8655 65 348
8653 39 2968
8755 10 2288
8555 69 2715
8656 63 968
8654 94 3819
8756 65 4645
8556 69 3694
8657 77 2016
8655 39 4917
8757 66 1252
8557 25 3659
8658 27 1296
8656 56 3012
8758 80 1092
8558 35 1423
8659 50 560
8657 54 2434
8759 74 2743
8559 88 3035
8660 61 5342
8658 54 5891
8760 55 4272
8560 20 1354
8661 14 706
8659 21 2378
8761 60 4294
8561 71 2262
8662 49 837
8660 79 533
8762 68 2699
8562 86 2216
8663 92 3560
8661 41 2233
8763 18 558
8563 51 4213
8664 90 709
8662 58 5851
8764 16 1119
8564 40 4117
8665 37 3523
8663 12 4737
8765 81 3664
8565 29 4050
8666 64 1307
8664 60 1215
8766 75 2866
8566 24 396
8667 62 5376
8665 35 4315
8767 71 749
8567 77 1033
8668 38 3946
8666 66 5582
8768 37 1256
8568 54 3315
8669 96 3950
8667 30 3966
8769 12 5533
8569 78 1626
8670 33 4560
8668 75 5676
8770 91 537
8570 68 5546
8671 83 1323
8669 69 3292
8771 38 3913
8571 51 1462
8672 98 1615
8670 20 3699
8772 21 1343
8572 35 3939
8673 94 4501
8671 71 1773
8773 63 2140
8573 32 3602
8674 24 1653
8672 94 1881
8774 60 5333
8574 54 307
8675 64 835
8673 90 5515
8775 56 4948
8575 77 3540
8676 78 4537
8674 41 873
8776 47 378
8576 19 5422
8677 59 3189
8675 97 4309
8777 42 2199
8577 14 2343
8678 61 91
8676 26 5691
8778 82 583
8578 76 3920
8679 58 1826
8677 22 4647
8779 59 4347
8579 27 2265
8680 97 5275
8678 34 509
8780 69 3704
8580 17 449
8681 64 5106
8679 59 5551
8781 68 1162
8581 44 5349
8682 84 2338
8680 79 5403
8782 92 5654
8582 86 464
8683 94 5099
8681 60 3503
8783 32 4301
8583 35 3562
8684 55 1567
8682 26 2801
8784 86 3414
8584 64 2250
8685 87 1088
8683 99 392
8785 35 3192
8585 28 4785
8686 68 5682
8684 82 5134
8786 11 1923
8586 61 1498
8687 21 972
8685 31 1075
8787 19 3460
8587 91 4184
8688 95 1004
8686 27 1814
8788 99 2670
8588 92 4665
8689 52 4625
8687 83 3854
8789 22 4768
8589 34 4021
8690 76 3215
8688 98 4523
8790 30 458
8590 67 3641
8691 30 754
8689 82 5925
8791 61 4052
8591 65 3542
8692 29 4439
8690 65 2761
8792 32 4992
8592 48 3147
8693 18 151
8691 70 121
8793 26 2642
8593 91 3534
8694 64 2860
8692 28 215
8794 77 3296
8594 41 4990
8695 93 1468
8693 15 3318
8795 54 4831
8595 61 5058
8696 20 5786
8694 50 671
8796 12 3022
8596 31 1738
8697 32 2725
8695 60 5493
8797 14 1295
8597 32 823
8698 46 2115
8696 70 2578
8798 75 5037
8598 19 4568
8699 41 3911
8697 85 439
8799 43 5164
8599 11 1248
8700 77 3579
8698 73 4175
8800 29 5385
8600 57 2210
8699 85 2056
8801 86 1580
8601 90 5428
8702 99 30
8802 38 3810
8602 47 4875
8703 73 3058
8701 48 5714
8803 78 589
8603 34 1430
8704 38 1238
8702 56 5300
8804 93 1139
8604 29 1441
8705 84 2118
8703 25 4235
8805 32 4120
8605 28 967
8706 47 3741
8704 17 2613
8806 14 4472
8606 29 3479
8707 49 4313
8705 96 4349
8807 41 4233
8607 55 507
8708 56 4251
8706 93 3031
8808 21 4953
8608 49 483
8709 77 920
8707 39 5457
8809 99 1527
8609 30 115
8710 79 2026
8708 46 1418
8810 61 722
8610 20 1237
8711 93 5807
8709 71 3389
8811 33 2189
8611 39 845
8712 65 3484
8710 25 2207
8812 19 4487
8612 40 5078
8713 96 5485
8711 19 4243
8813 71 776
8613 74 5878
8714 25 4404
8712 85 1424
8814 81 1475
8614 65 608
8715 92 2003
8713 15 5730
8815 78 4924
8615 46 1028
8716 51 1557
8714 26 779
8816 32 5182
8616 86 217
8717 63 2840
8715 72 4889
8817 48 4818
8617 56 5657
8718 75 3764
8716 22 1364
8818 69 542
8618 85 890
8719 90 2049
8717 46 459
8819 85 836
8619 30 1140
8720 78 2431
8718 75 572
8820 31 2110
8620 65 1262
8721 88 2377
8719 49 5423
8821 61 1745
8621 42 446
8722 59 101
8720 23 285
8822 63 5524
8622 46 2304
8723 28 153
8721 47 713
8823 95 3997
8623 26 5695
8724 18 1765
8722 64 2068
8824 75 4276
8624 61 4887
8725 60 3249
8723 56 4383
8825 11 1409
8625 20 1076
8726 21 1071
8724 98 4400
8826 65 5195
8626 21 3914
8727 70 2617
8725 82 6
8827 53 2168
8627 22 4400
8728 92 1631
8726 89 3197
8828 57 3892
8628 19 1020
8729 25 2395
8727 100 3952
8829 38 717
8629 58 2050
8730 76 964
8728 27 2561
8830 73 2771
8630 27 1352
8731 97 3740
8729 12 4610
8831 88 1224
8631 28 5119
8732 66 2285
8730 16 1235
8832 77 3154
8632 77 4417
8733 59 2000
8731 98 1995
8833 99 1515
8633 18 5329
8734 91 2669
8732 22 846
8834 32 1411
8634 40 4680
8735 83 5168
8733 20 1815
8835 21 5691
8635 77 3148
8736 87 3729
8734 52 3126
8836 36 6
8636 55 2057
8737 100 1607
8735 85 2966
8837 37 1347
8637 55 4853
8738 83 4758
8736 63 3778
8838 77 5902
8638 65 1603
8739 74 4148
8737 96 3320
8839 64 1090
8639 52 100
8740 59 4521
8738 74 163
8840 53 5917
8640 80 3918
8741 58 5037
8739 98 4259
8841 69 2650
8641 12 4070
8742 50 3331
8740 72 3811
8842 89 301
8642 95 3273
8743 90 209
8741 27 4537
8843 53 5465
8643 98 3547
8744 71 4673
8742 78 486
8844 70 1802
8644 41 2647
8745 79 2494
8743 45 1169
8845 88 5806
8645 37 5339
8746 96 3484
8744 42 3942
8846 97 323
8646 19 5824
8747 20 5395
8745 55 3022
8847 24 2773
8647 78 813
8748 30 711
8746 41 2603
8848 33 4270
8648 86 4367
8749 16 3263
8747 81 1399
8849 23 1537
8649 87 2708
8750 77 3680
8748 67 3007
8850 77 4904
8650 26 2981
8751 55 5683
8749 51 5623
8851 74 5147
8651 92 3923
8752 31 5859
8750 52 3836
8852 13 2184
8652 53 4453
8753 32 3021
8751 20 3351
8853 23 5288
8653 61 1003
8754 100 4196
8752 41 4154
8854 75 5387
8654 57 2515
8755 36 1213
8753 89 4413
8855 93 4250
8655 82 3137
8756 17 972
8754 45 5107
8856 93 4997
8656 57 4823
8757 86 782
8755 32 3213
8857 100 1118
8657 71 5617
8758 53 2942
8756 73 4713
8858 93 4284
8658 14 3938
8759 54 5850
8757 65 3569
8859 50 4386
8659 48 1995
8760 59 4522
8758 39 4138
8860 23 5067
8660 45 4899
8761 47 783
8759 14 5934
8861 83 1153
8661 56 1272
8762 76 3723
8760 12 1366
8862 34 5589
8662 22 2956
8763 58 4563
8761 21 566
8863 12 2140
8663 38 5545
8764 12 5246
8762 25 3221
8864 92 4290
8664 71 3902
8765 66 2545
8763 41 5747
8865 83 915
8665 87 3839
8766 40 2908
8764 32 661
8866 50 4349
8666 74 592
8767 100 1315
8765 91 4030
8867 17 4564
8667 97 1242
8768 13 105
8766 56 5909
8868 13 5504
8668 99 3192
8769 65 3195
8767 50 4642
8869 96 2820
8669 43 5509
8770 59 2332
8768 12 1061
8870 19 3294
8670 73 991
8771 83 466
8769 24 2370
8871 17 90
8671 82 3341
8772 77 5695
8770 51 3142
8872 54 5466
8672 23 2552
8773 16 5218
8771 53 1437
8873 49 714
8673 93 2635
8774 57 3726
8772 73 3835
8874 82 4794
8674 72 4157
8775 42 709
8773 37 3208
8875 74 5660
8675 83 2696
8776 78 2433
8774 38 3735
8876 81 2246
8676 66 2649
8777 91 80
8775 72 983
8877 90 742
8677 60 3171
8778 92 2516
8776 56 3919
8878 81 355
8678 71 2437
8779 12 3589
8777 23 1367
8879 11 5106
8679 91 2904
8780 28 2818
8778 100 2668
8880 16 5096
8680 92 2437
8781 30 163
8779 26 3409
8881 50 5364
8681 53 2574
8782 76 947
8780 47 3254
8882 26 5351
8682 17 1826
8783 44 3867
8781 28 794
8883 86 2608
8683 88 2659
8784 84 27
8782 74 3707
8884 91 5561
8684 45 4975
8785 41 775
8783 23 2420
8885 86 211
8685 19 3542
8786 41 1932
8784 31 779
8886 75 2010
8686 22 2832
8787 87 3740
8785 16 5693
8887 64 2413
8687 16 2812
8788 79 4118
8786 37 4364
8888 15 1635
8688 21 744
8789 83 663
8787 85 528
8889 57 2737
8689 43 4913
8790 72 1405
8788 90 1495
8890 89 4003
8690 75 5296
8791 87 3526
8789 23 5265
8891 59 1196
8691 54 1884
8792 14 3775
8790 52 4678
8892 56 3144
8692 65 859
8793 50 3049
8791 58 4980
8893 53 4563
8693 48 33
8794 58 1072
8792 35 614
8894 81 4733
8694 13 5089
8795 69 5285
8793 99 152
8895 14 3174
8695 54 804
8796 26 1458
8794 15 5398
8896 10 4191
8696 90 366
8797 36 5863
8795 16 264
8897 62 5708
8697 94 4774
8798 90 733
8796 99 2583
8898 80 1326
8698 66 2016
8799 85 3101
8797 52 1903
8899 34 2784
8699 16 4986
8800 96 1940
8798 30 1883
8900 96 4020
8700 43 3497
8799 43 3998
8901 11 3082
8701 88 2523
8802 50 2748
8902 79 3219
8702 43 2736
8803 52 5937
8801 84 927
8903 62 1840
8703 44 1945
8804 13 5802
8802 26 5234
8904 71 3197
8704 15 2641
8805 53 4910
8803 15 5891
8905 69 2082
8705 51 2106
8806 83 3348
8804 61 4345
8906 51 3265
8706 46 1025
8807 90 217
8805 50 2947
8907 24 1570
8707 19 2283
8808 23 3989
8806 49 3086
8908 81 1525
8708 56 5427
8809 93 5180
8807 94 4437
8909 42 3001
8709 96 3364
8810 25 3626
8808 21 4028
8910 75 2749
8710 67 1232
8811 46 5468
8809 15 1766
8911 84 603
8711 43 2231
8812 94 1997
8810 75 5929
8912 97 3819
8712 27 4242
8813 68 197
8811 74 4044
8913 56 78
8713 85 4213
8814 99 1628
8812 46 1464
8914 64 2518
8714 51 4553
8815 59 2751
8813 64 5201
8915 77 3660
8715 10 297
8816 53 2640
8814 11 2626
8916 83 3439
8716 71 4877
8817 68 2811
8815 62 2028
8917 53 5576
8717 27 3958
8818 11 1766
8816 66 1588
8918 58 3592
8718 22 168
8819 86 2440
8817 52 788
8919 17 4758
8719 68 4299
8820 92 5516
8818 57 4666
8920 39 903
8720 26 2796
8821 20 2246
8819 52 4440
8921 19 3374
8721 32 670
8822 90 506
8820 60 1718
8922 19 2014
8722 27 4008
8823 11 2542
8821 98 893
8923 22 3090
8723 64 5164
8824 26 5004
8822 41 683
8924 96 2635
8724 31 2377
8825 50 825
8823 99 4485
8925 19 4066
8725 11 3506
8826 60 4734
8824 62 1467
8926 35 1938
8726 19 3932
8827 21 1588
8825 20 503
8927 50 2829
8727 84 2070
8828 38 1154
8826 75 4233
8928 24 4372
8728 68 5699
8829 21 4764
8827 88 99
8929 60 5578
8729 27 4373
8830 53 1974
8828 91 2468
8930 34 204
8730 14 4425
8831 60 2316
8829 23 5105
8931 39 2583
8731 34 5188
8832 26 1598
8830 36 872
8932 20 5773
8732 34 4188
8833 51 1757
8831 46 2669
8933 83 5048
8733 27 5538
8834 46 2638
8832 77 4246
8934 82 194
8734 33 2025
8835 58 2054
8833 65 5563
8935 82 2569
8735 13 2650
8836 29 147
8834 25 1903
8936 25 3417
8736 61 4421
8837 55 4609
8835 48 4833
8937 46 363
8737 48 3934
8838 23 4524
8836 28 4022
8938 32 2146
8738 73 2262
8839 61 4381
8837 18 3194
8939 79 1639
8739 63 3204
8840 27 4650
8838 27 2862
8940 74 974
8740 87 3969
8841 97 5437
8839 98 2695
8941 11 1417
8741 26 2805
8842 91 4407
8840 41 4500
8942 68 20
8742 76 5711
8843 30 5228
8841 71 970
8943 48 242
8743 30 501
8844 58 706
8842 40 624
8944 65 5645
8744 48 5874
8845 56 777
8843 30 452
8945 90 1357
8745 90 470
8846 81 967
8844 69 4085
8946 17 2996
8746 35 5832
8847 61 4012
8845 67 4803
8947 11 2017
8747 52 3206
8848 79 2842
8846 96 5204
8948 34 2269
8748 99 4175
8849 25 1222
8847 76 3464
8949 34 1394
8749 94 4457
8850 92 5616
8848 32 472
8950 82 2220
8750 20 3123
8851 46 3484
8849 81 5255
8951 93 1831
8751 37 2017
8852 16 4323
8850 33 5322
8952 57 726
8752 10 4331
8853 50 803
8851 89 3988
8953 76 2550
8753 45 1988
8854 67 2771
8852 78 1545
8954 36 936
8754 41 173
8855 30 1680
8853 51 2390
8955 55 4342
8755 54 349
8856 69 4296
8854 65 5698
8956 80 4922
8756 46 5345
8857 45 137
8855 84 4734
8957 42 3995
8757 66 2336
8858 60 4203
8856 27 4560
8958 92 2550
8758 54 5576
8859 14 2293
8857 82 635
8959 79 3750
8759 47 484
8860 35 3632
8858 84 1620
8960 30 3837
8760 96 848
8861 17 1360
8859 10 3890
8961 55 2183
8761 84 4939
8862 42 5062
8860 26 1991
8962 17 5064
8762 46 4884
8863 67 4256
8861 79 253
8963 95 5924
8763 25 2371
8864 29 3203
8862 34 3579
8964 45 273
8764 75 4646
8865 52 1654
8863 52 4592
8965 78 2132
8765 13 4141
8866 60 5226
8864 87 3570
8966 13 4658
8766 63 3604
8867 92 2527
8865 19 429
8967 55 5593
8767 26 2897
8868 63 2236
8866 95 1536
8968 89 1565
8768 98 1067
8869 86 1245
8867 11 3473
8969 33 5117
8769 71 2690
8870 90 5706
8868 93 2168
8970 54 3215
8770 89 5222
8871 50 2559
8869 41 5786
8971 92 1991
8771 10 4533
8872 90 1675
8870 69 4407
8972 92 2935
8772 80 1130
8873 15 3282
8871 84 2652
8973 77 2472
8773 68 4398
8874 26 2501
8872 72 598
8974 86 3776
8774 20 3310
8875 69 5055
8873 14 2686
8975 35 4516
8775 16 1104
8876 52 4212
8874 55 4090
8976 13 3001
8776 93 918
8877 68 2144
8875 94 4573
8977 84 3731
8777 71 702
8878 46 4465
8876 99 5420
8978 49 612
8778 78 1005
8879 59 930
8877 21 1665
8979 79 5505
8779 90 1503
8880 56 1285
8878 85 1060
8980 77 5801
8780 73 2029
8881 65 2213
8879 18 3677
8981 96 2128
8781 44 5710
8882 65 1666
8880 20 3941
8982 48 1374
8782 58 3873
8883 67 2318
8881 94 833
8983 76 2706
8783 85 3474
8884 21 5852
8882 43 3624
8984 84 3110
8784 77 2537
8885 26 3476
8883 32 4804
8985 58 4884
8785 96 3450
8886 41 1904
8884 11 2889
8986 89 4348
8786 69 606
8887 23 1
8885 83 2199
8987 90 4516
8787 39 1456
8888 19 5314
8886 57 791
8988 73 545
8788 92 3587
8889 17 5781
8887 37 5891
8989 99 2655
8789 31 5683
8890 84 5839
8888 70 5194
8990 31 4249
8790 10 5654
8891 41 3089
8889 82 4286
8991 53 5134
8791 77 3194
8892 84 3890
8890 39 3216
8992 58 1432
8792 99 3195
8893 17 3665
8891 43 3579
8993 93 1128
8793 33 763
8894 78 4371
8892 42 2356
8994 45 852
8794 69 2756
8895 60 2272
8893 17 276
8995 84 3118
8795 13 7
8896 14 3621
8894 85 2676
8996 59 5286
8796 27 3830
8897 100 4193
8895 63 2409
8997 95 1105
8797 79 5038
8898 90 2190
8896 31 3715
8998 47 1503
8798 67 1720
8899 14 5168
8897 54 1322
8999 31 2985
8799 77 5339
8900 20 665
8898 48 1988
9000 75 682
8800 64 3844
8899 27 124
9001 98 907
8801 26 86
8902 79 1655
9002 61 2359
8802 80 974
8903 25 3410
8901 26 3907
9003 51 2445
8803 81 1397
8904 74 888
8902 23 5073
9004 35 1911
8804 39 4320
8905 44 1084
8903 75 699
9005 64 284
8805 72 1447
8906 62 3534
8904 92 3837
9006 64 894
8806 51 3103
8907 86 3662
8905 23 3211
9007 42 2297
8807 80 4729
8908 78 3227
8906 47 1945
9008 57 319
8808 89 784
8909 78 1242
8907 85 3057
9009 49 5208
8809 76 2414
8910 75 131
8908 15 5730
9010 38 3564
8810 76 5088
8911 86 2264
8909 42 5514
9011 86 4948
8811 37 1563
8912 44 3271
8910 94 2125
9012 37 4746
8812 45 2057
8913 81 1443
8911 33 5233
9013 54 2808
8813 90 3226
8914 57 2603
8912 49 5375
9014 54 1408
8814 67 2480
8915 83 201
8913 81 5763
9015 49 1338
8815 48 5497
8916 72 3962
8914 93 4372
9016 42 1289
8816 78 245
8917 78 1433
8915 94 1305
9017 19 3637
8817 47 503
8918 37 1784
8916 34 2892
9018 49 2463
8818 48 5932
8919 26 5259
8917 91 481
9019 54 3421
8819 42 3564
8920 65 499
8918 87 3414
9020 49 2126
8820 43 79
8921 67 4239
8919 21 434
9021 77 5232
8821 33 1434
8922 20 4069
8920 68 2767
9022 65 2155
8822 30 4615
8923 69 341
8921 75 5298
9023 17 1137
8823 34 3568
8924 66 2873
8922 14 3642
9024 27 4533
8824 85 3862
8925 43 2089
8923 45 691
9025 53 2443
8825 50 5056
8926 54 792
8924 20 4916
9026 57 938
8826 12 5683
8927 21 2288
8925 27 4907
9027 21 3708
8827 24 5575
8928 41 4663
8926 19 3368
9028 67 4624
8828 28 5796
8929 20 2105
8927 93 3395
9029 86 5228
8829 87 3840
8930 85 2535
8928 82 538
9030 14 4870
8830 60 1114
8931 66 1300
8929 16 3308
9031 15 5459
8831 27 2686
8932 24 5694
8930 17 856
9032 81 5487
8832 23 4574
8933 96 2628
8931 28 174
9033 25 1481
8833 63 3739
8934 17 2120
8932 53 5689
9034 48 1255
8834 76 4170
8935 61 914
8933 52 4928
9035 62 5137
8835 41 3653
8936 87 1673
8934 91 5644
9036 18 4886
8836 57 5348
8937 31 1268
8935 56 376
9037 43 2708
8837 66 601
8938 61 4361
8936 21 1555
9038 64 4395
8838 62 3661
8939 12 481
8937 27 1182
9039 16 4903
8839 30 1488
8940 44 4695
8938 10 2683
9040 42 3065
8840 17 2334
8941 75 2924
8939 86 5928
9041 20 3349
8841 84 390
8942 64 2306
8940 57 1410
9042 58 3769
8842 13 5218
8943 69 4868
8941 30 3415
9043 92 2031
8843 79 4233
8944 93 1215
8942 43 804
9044 41 5406
8844 14 3159
8945 92 3514
8943 51 2077
9045 67 2145
8845 45 2744
8946 25 5194
8944 94 2689
9046 38 1803
8846 56 2807
8947 71 4923
8945 22 4474
9047 70 528
8847 57 2901
8948 61 2691
8946 100 4164
9048 96 4334
8848 50 4475
8949 78 2680
8947 20 3186
9049 43 136
8849 30 1852
8950 56 1588
8948 30 3100
9050 32 5917
8850 50 4604
8951 100 2474
8949 88 186
9051 34 315
8851 31 2169
8952 32 1015
8950 18 1841
9052 82 4947
8852 32 3237
8953 23 4253
8951 79 5583
9053 92 5544
8853 54 819
8954 58 720
8952 14 2823
9054 15 4700
8854 15 4917
8955 42 4844
8953 70 136
9055 71 3048
8855 11 3641
8956 36 1206
8954 47 3603
9056 21 5057
8856 35 552
8957 46 5309
8955 87 2485
9057 51 4657
8857 99 1919
8958 10 3262
8956 29 3095
9058 57 499
8858 36 4697
8959 36 2815
8957 38 1369
9059 33 3872
8859 11 3313
8960 79 1056
8958 65 5293
9060 88 394
8860 52 4079
8961 24 5815
8959 60 5219
9061 93 3556
8861 88 970
8962 29 4726
8960 72 224
9062 50 4334
8862 82 381
8963 62 1330
8961 68 5333
9063 56 4621
8863 68 852
8964 76 772
8962 82 921
9064 89 621
8864 17 2623
8965 84 726
8963 10 5135
9065 51 2155
8865 74 1043
8966 49 5092
8964 86 2703
9066 78 5438
8866 12 1437
8967 51 4096
8965 33 5481
9067 40 3231
8867 98 3370
8968 73 2142
8966 41 3447
9068 63 379
8868 14 4788
8969 39 3655
8967 11 2309
9069 83 1516
8869 44 1704
8970 11 4911
8968 39 2774
9070 81 1731
8870 68 3903
8971 69 2852
8969 35 2491
9071 32 3228
8871 87 5556
8972 59 2486
8970 17 2176
9072 12 2298
8872 86 116
8973 71 4030
8971 91 4846
9073 90 4553
8873 31 2578
8974 17 497
8972 42 1306
9074 87 314
8874 13 3995
8975 87 5189
8973 15 2271
9075 30 2295
8875 25 4793
8976 12 3552
8974 88 643
9076 15 93
8876 71 708
8977 37 982
8975 19 1315
9077 16 1166
8877 93 4686
8978 47 3938
8976 57 3879
9078 91 2301
8878 57 2546
8979 99 1
8977 18 2526
9079 11 2437
8879 55 2321
8980 35 3246
8978 72 1157
9080 36 5820
8880 68 5331
8981 53 287
8979 49 3200
9081 95 4404
8881 33 2497
8982 97 720
8980 35 827
9082 27 4868
8882 54 4525
8983 15 4571
8981 70 3487
9083 38 4757
8883 98 374
8984 33 935
8982 86 5672
9084 35 5139
8884 87 5857
8985 25 91
8983 72 3020
9085 59 4312
8885 59 5391
8986 28 4884
8984 13 5611
9086 70 4823
8886 28 791
8987 17 5695
8985 47 582
9087 48 5783
8887 75 1556
8988 65 2655
8986 98 3891
9088 61 4100
8888 60 4896
8989 71 5009
8987 25 5460
9089 21 1319
8889 84 5362
8990 15 3961
8988 50 4799
9090 35 1627
8890 75 3654
8991 71 1800
8989 95 4456
9091 17 1313
8891 75 5834
8992 29 5531
8990 60 3739
9092 22 1131
8892 64 1162
8993 68 2629
8991 62 4146
9093 49 1937
8893 91 2072
8994 52 4712
8992 44 1907
9094 12 1090
8894 33 4336
8995 22 2126
8993 75 218
9095 43 2387
8895 85 5846
8996 26 1414
8994 54 2561
9096 52 1094
8896 33 981
8997 53 4984
8995 33 4384
9097 95 3700
8897 30 1556
8998 10 2700
8996 76 4242
9098 55 3966
8898 72 296
8999 94 2062
8997 98 3492
9099 62 0
8899 50 3968
9000 87 66
8998 59 5571
9100 79 4245
8900 16 4320
8999 23 4089
9101 28 2687
8901 69 611
9002 94 161
9102 86 4682
8902 10 77
9003 23 4378
9001 74 2059
9103 43 3239
8903 87 1200
9004 51 1018
9002 78 3897
9104 64 2028
8904 20 4367
9005 18 3913
9003 42 4305
9105 14 94
8905 31 3456
9006 74 1866
9004 33 516
9106 65 3268
8906 49 2564
9007 71 1937
9005 36 2829
9107 18 199
8907 79 4552
9008 45 5559
9006 96 1942
9108 68 2857
8908 29 1504
9009 75 889
9007 87 3455
9109 36 2430
8909 57 5208
9010 29 5301
9008 87 1131
9110 62 720
8910 94 1618
9011 39 5015
9009 31 358
9111 100 3170
8911 49 595
9012 98 3115
9010 14 5065
9112 38 2993
8912 14 1934
9013 35 173
9011 62 135
9113 69 4015
8913 60 251
9014 40 1522
9012 53 2658
9114 50 808
8914 77 1510
9015 46 2180
9013 63 1928
9115 48 3874
8915 35 4859
9016 45 2010
9014 37 829
9116 87 2508
8916 91 4770
9017 77 279
9015 39 5477
9117 89 1736
8917 51 5243
9018 12 3676
9016 77 313
9118 14 3554
8918 90 1523
9019 10 3735
9017 100 949
9119 87 5665
8919 84 3127
9020 45 4907
9018 61 3100
9120 55 5484
8920 57 4857
9021 71 4205
9019 75 1847
9121 45 5755
8921 98 5607
9022 28 802
9020 70 2170
9122 66 4041
8922 60 2829
9023 34 2032
9021 34 5487
9123 68 4811
8923 29 2422
9024 37 342
9022 16 387
9124 99 4812
8924 14 5162
9025 14 5336
9023 66 3966
9125 73 2586
8925 93 1538
9026 22 3056
9024 82 483
9126 66 2438
8926 80 160
9027 39 1519
9025 28 4663
9127 22 1568
8927 67 5265
9028 100 1348
9026 89 966
9128 85 2935
8928 84 556
9029 80 5568
9027 76 3865
9129 22 4520
8929 100 5473
9030 72 1519
9028 68 384
9130 63 4124
8930 82 4135
9031 65 3489
9029 48 5278
9131 54 1834
8931 16 4738
9032 18 770
9030 50 1138
9132 78 3142
8932 87 5828
9033 46 1293
9031 85 2710
9133 58 4534
8933 19 5168
9034 34 5591
9032 46 3419
9134 70 2810
8934 14 5339
9035 83 4916
9033 54 1994
9135 39 2753
8935 18 2382
9036 67 755
9034 36 3808
9136 34 1695
8936 60 2950
9037 95 5445
9035 97 2623
9137 25 2218
8937 77 3394
9038 78 3587
9036 15 2851
9138 90 3054
8938 85 546
9039 99 4666
9037 83 3794
9139 32 729
8939 54 2591
9040 12 3546
9038 49 2468
9140 43 1135
8940 85 2909
9041 49 2934
9039 37 684
9141 86 349
8941 28 1990
9042 64 1204
9040 83 5289
9142 27 94
8942 19 4147
9043 96 4789
9041 90 4610
9143 86 2904
8943 93 3553
9044 90 5325
9042 21 1993
9144 81 4359
8944 78 3700
9045 99 2962
9043 26 1968
9145 91 3105
8945 56 1674
9046 88 2230
9044 18 1922
9146 46 4430
8946 64 2449
9047 63 5461
9045 80 4086
9147 71 199
8947 77 2875
9048 58 819
9046 56 36
9148 81 4635
8948 41 4270
9049 54 395
9047 41 4507
9149 93 4904
8949 35 1670
9050 98 5837
9048 13 5785
9150 20 3720
8950 100 4575
9051 57 5180
9049 84 1305
9151 95 385
8951 80 1624
9052 61 2256
9050 17 2926
9152 53 3503
8952 60 50
9053 12 4402
9051 49 3190
9153 52 3815
8953 98 4648
9054 10 939
9052 16 5623
9154 59 1106
8954 59 1910
9055 57 5761
9053 64 4282
9155 68 2870
8955 15 595
9056 59 3181
9054 46 990
9156 99 1009
8956 15 5160
9057 16 4656
9055 16 2465
9157 99 3963
8957 97 44
9058 91 620
9056 88 1473
9158 89 3139
8958 64 2641
9059 23 756
9057 61 1925
9159 18 559
8959 12 2121
9060 29 4919
9058 84 2884
9160 46 1181
8960 76 3739
9061 24 2860
9059 98 5501
9161 46 352
8961 94 4027
9062 96 1266
9060 98 4174
9162 49 3738
8962 63 1623
9063 43 3238
9061 88 3256
9163 86 1024
8963 57 4901
9064 95 3523
9062 11 2361
9164 89 4585
8964 83 2920
9065 88 46
9063 52 200
9165 72 2617
8965 30 4577
9066 15 304
9064 59 803
9166 76 4527
8966 72 1495
9067 24 2116
9065 95 5090
9167 74 4047
8967 13 3132
9068 65 1547
9066 15 4375
9168 49 3289
8968 52 1816
9069 16 3976
9067 30 4737
9169 31 1970
8969 56 3536
9070 99 4619
9068 23 1152
9170 21 5797
8970 17 1905
9071 73 3628
9069 84 1401
9171 34 2742
8971 75 1784
9072 66 1410
9070 84 3406
9172 82 2932
8972 37 881
9073 95 4044
9071 60 558
9173 64 1860
8973 75 251
9074 92 1605
9072 45 1083
9174 72 1038
8974 32 5161
9075 77 1220
9073 54 2638
9175 86 3127
8975 19 5053
9076 36 5314
9074 25 1336
9176 65 5264
8976 73 1472
9077 97 1434
9075 10 3811
9177 98 2793
8977 19 4093
9078 68 4508
9076 98 149
9178 30 3685
8978 79 4875
9079 19 310
9077 25 3068
9179 54 5765
8979 44 3999
9080 33 1443
9078 70 1867
9180 41 1646
8980 12 2589
9081 22 5411
9079 33 1916
9181 76 1209
8981 47 5312
9082 11 3205
9080 26 1129
9182 81 1126
8982 89 2726
9083 61 1106
9081 17 158
9183 99 1949
8983 76 4310
9084 99 320
9082 59 3125
9184 47 4092
8984 82 2817
9085 14 4543
9083 88 4603
9185 25 2071
8985 37 5600
9086 37 2094
9084 84 1967
9186 40 4537
8986 17 5831
9087 11 4841
9085 33 2407
9187 41 3670
8987 11 4578
9088 76 3285
9086 32 532
9188 14 3050
8988 39 2664
9089 58 2641
9087 97 3412
9189 53 3337
8989 22 5622
9090 77 1682
9088 36 394
9190 86 4383
8990 34 150
9091 72 4810
9089 25 2995
9191 27 3089
8991 73 1308
9092 72 796
9090 19 184
9192 29 3681
8992 81 1606
9093 35 2223
9091 37 5359
9193 20 440
8993 11 3325
9094 90 3001
9092 96 2635
9194 15 5028
8994 48 169
9095 59 1211
9093 17 5480
9195 87 5577
8995 77 5688
9096 37 2240
9094 78 3705
9196 56 1318
8996 69 4822
9097 28 3061
9095 17 3157
9197 93 975
8997 47 3531
9098 37 1405
9096 35 2655
9198 69 233
8998 68 4640
9099 96 5464
9097 64 3051
9199 31 5908
8999 77 5456
9100 64 5303
9098 40 2439
9200 32 3063
9000 23 2005
9099 34 268
9201 14 5036
9001 58 1878
9102 50 1003
9202 44 117
9002 84 1986
9103 90 3752
9101 74 2598
9203 52 4706
9003 40 1785
9104 80 3422
9102 67 180
9204 22 5606
9004 33 2661
9105 17 3783
9103 93 3612
9205 54 698
9005 15 4406
9106 31 5634
9104 19 3014
9206 14 2745
9006 46 1648
9107 23 1284
9105 41 5824
9207 35 5743
9007 35 3888
9108 53 5811
9106 14 4129
9208 53 5184
9008 47 5710
9109 48 2772
9107 82 5420
9209 31 2336
9009 76 2430
9110 88 1060
9108 51 2534
9210 55 5915
9010 39 5330
9111 91 1703
9109 36 1355
9211 15 2810
9011 15 1699
9112 97 1601
9110 90 3888
9212 46 2862
9012 86 5889
9113 82 494
9111 48 2949
9213 88 372
9013 84 2883
9114 55 5295
9112 50 4850
9214 76 4561
9014 72 658
9115 53 1478
9113 53 3087
9215 88 1332
9015 17 5684
9116 51 3959
9114 65 4314
9216 15 4653
9016 52 3091
9117 87 480
9115 76 1204
9217 59 1025
9017 14 1758
9118 34 4880
9116 80 1606
9218 83 448
9018 60 3809
9119 96 5585
9117 83 4516
9219 67 1755
9019 27 1144
9120 62 4265
9118 80 2186
9220 64 1791
9020 29 3288
9121 13 2181
9119 72 2310
9221 90 1824
9021 41 4415
9122 59 3160
9120 82 5157
9222 60 4100
9022 64 4050
9123 21 1236
9121 26 2267
9223 11 5588
9023 35 4552
9124 34 3575
9122 68 5153
9224 23 5238
9024 86 1316
9125 50 664
9123 76 5028
9225 58 868
9025 79 5482
9126 14 2463
9124 10 3520
9226 18 3050
9026 66 1406
9127 81 791
9125 11 1295
9227 65 2765
9027 67 3820
9128 56 3359
9126 61 2804
9228 54 4243
9028 73 4540
9129 55 5931
9127 86 582
9229 82 1009
9029 75 377
9130 70 2485
9128 60 5502
9230 20 3715
9030 60 4388
9131 49 3429
9129 85 1833
9231 14 2360
9031 11 1673
9132 19 1906
9130 30 998
9232 60 82
9032 48 4348
9133 39 3119
9131 92 2570
9233 39 483
9033 88 4738
9134 14 5643
9132 90 1510
9234 30 5634
9034 99 4948
9135 72 4391
9133 81 3011
9235 39 4878
9035 46 4197
9136 19 5319
9134 96 5038
9236 28 3912
9036 10 1838
9137 65 4614
9135 21 1553
9237 44 4799
9037 36 4529
9138 79 2204
9136 50 5428
9238 37 5760
9038 94 2265
9139 19 1400
9137 75 4727
9239 29 1140
9039 47 1102
9140 85 4658
9138 40 5699
9240 47 799
9040 23 3280
9141 25 1267
9139 40 4351
9241 52 1882
9041 74 5101
9142 29 1622
9140 56 3108
9242 85 426
9042 16 4440
9143 99 2465
9141 28 4323
9243 56 2032
9043 27 4787
9144 22 3340
9142 10 2523
9244 85 3529
9044 77 2811
9145 27 5587
9143 45 325
9245 19 3137
9045 73 2762
9146 33 915
9144 48 2392
9246 86 4362
9046 73 619
9147 49 5290
9145 74 5500
9247 16 2365
9047 12 3956
9148 18 5803
9146 45 1111
9248 41 3163
9048 45 4112
9149 56 74
9147 99 1085
9249 18 3578
9049 92 2432
9150 41 348
9148 65 147
9250 69 1324
9050 76 5493
9151 34 2386
9149 88 1201
9251 68 4256
9051 23 4545
9152 20 1206
9150 35 5290
9252 57 1869
9052 61 5429
9153 19 4845
9151 50 3090
9253 63 4764
9053 56 4921
9154 42 5915
9152 60 2515
9254 23 684
9054 28 3991
9155 33 5344
9153 68 5071
9255 78 653
9055 60 4161
9156 90 5417
9154 47 1272
9256 64 1653
9056 74 731
9157 59 1695
9155 40 1436
9257 16 1158
9057 63 592
9158 98 1265
9156 25 4921
9258 10 2645
9058 62 3135
9159 50 3430
9157 39 3183
9259 59 3688
9059 71 5236
9160 97 5896
9158 14 841
9260 32 54
9060 29 2658
9161 49 2346
9159 81 1122
9261 47 1465
9061 86 1906
9162 78 2010
9160 36 2883
9262 28 4500
9062 51 5631
9163 80 298
9161 97 4725
9263 84 2742
9063 31 1155
9164 72 3670
9162 88 5889
9264 33 2921
9064 70 2453
9165 52 5739
9163 15 2430
9265 92 3760
9065 24 5217
9166 89 3051
9164 42 5025
9266 17 5155
9066 83 659
9167 21 3590
9165 84 7
9267 99 3801
9067 48 972
9168 100 4982
9166 64 2202
9268 98 798
9068 53 1518
9169 67 4232
9167 50 3124
9269 38 1323
9069 28 3137
9170 50 4794
9168 66 3643
9270 65 3753
9070 52 2492
9171 26 1471
9169 19 5601
9271 34 5178
9071 28 1888
9172 83 1830
9170 43 5674
9272 77 2041
9072 34 1181
9173 94 696
9171 20 1049
9273 54 5509
9073 84 467
9174 91 3383
9172 13 2053
9274 54 1180
9074 19 3952
9175 28 1353
9173 82 489
9275 64 5070
9075 44 2948
9176 83 688
9174 24 4392
9276 71 4522
9076 51 3842
9177 19 1430
9175 29 3342
9277 79 5479
9077 96 1333
9178 67 975
9176 26 5568
9278 67 5874
9078 10 325
9179 55 2619
9177 43 5716
9279 30 926
9079 64 4840
9180 21 5111
9178 41 4081
9280 84 1607
9080 46 1033
9181 38 1964
9179 80 544
9281 27 4401
9081 25 319
9182 96 1998
9180 43 87
9282 75 1614
9082 65 221
9183 61 1558
9181 14 1204
9283 28 1359
9083 26 1077
9184 38 1265
9182 19 5367
9284 88 4231
9084 65 3641
9185 89 2978
9183 85 3494
9285 99 2410
9085 43 1446
9186 26 1889
9184 39 1590
9286 28 3091
9086 18 4568
9187 18 5675
9185 75 1138
9287 78 5743
9087 58 3367
9188 37 2896
9186 59 976
9288 15 461
9088 49 4110
9189 92 1249
9187 95 287
9289 42 1948
9089 58 2278
9190 28 2668
9188 63 5855
9290 18 5879
9090 66 1606
9191 16 952
9189 42 2037
9291 37 2396
9091 72 1865
9192 48 3000
9190 12 4618
9292 69 99
9092 33 5501
9193 23 1270
9191 20 428
9293 41 5269
9093 20 4851
9194 90 324
9192 13 1680
9294 12 2923
9094 64 3899
9195 49 1770
9193 18 4286
9295 78 1425
9095 47 4448
9196 73 3087
9194 39 2610
9296 48 4362
9096 24 4800
9197 94 1946
9195 34 4953
9297 15 1466
9097 52 2377
9198 68 2640
9196 65 3554
9298 29 981
9098 11 896
9199 40 5004
9197 99 5407
9299 19 1146
9099 51 3800
9200 71 4823
9198 26 3312
9300 71 5616
9100 93 4885
9199 68 5509
9301 74 3707
9101 18 5279
9202 60 309
9302 33 3680
9102 42 891
9203 12 4166
9201 100 3269
9303 82 4421
9103 48 2395
9204 34 4542
9202 95 4188
9304 44 3936
9104 15 3867
9205 92 735
9203 28 3015
9305 21 3657
9105 34 1096
9206 22 158
9204 38 1936
9306 13 5728
9106 43 1472
9207 34 3595
9205 59 1255
9307 54 86
9107 68 4105
9208 76 4596
9206 20 5662
9308 74 2570
9108 43 1937
9209 20 4640
9207 72 4683
9309 49 3858
9109 53 5437
9210 81 1518
9208 23 4508
9310 24 1510
9110 43 69
9211 84 1186
9209 53 2446
9311 22 339
9111 23 959
9212 92 539
9210 37 2872
9312 34 2456
9112 50 3729
9213 79 851
9211 26 478
9313 65 3117
9113 66 5581
9214 51 1998
9212 12 3024
9314 17 1401
9114 23 5314
9215 75 3139
9213 74 2062
9315 82 915
9115 60 3313
9216 75 4625
9214 30 1858
9316 40 3357
9116 95 5804
9217 20 1815
9215 25 4097
9317 23 2806
9117 11 3890
9218 82 2381
9216 61 541
9318 11 3483
9118 62 1670
9219 97 1272
9217 14 4631
9319 76 4862
9119 65 5688
9220 28 4180
9218 60 5479
9320 12 5819
9120 63 1269
9221 18 2721
9219 95 5612
9321 98 2295
9121 17 1517
9222 96 1064
9220 60 5340
9322 41 3394
9122 25 5075
9223 70 4677
9221 36 81
9323 18 1937
9123 87 335
9224 12 1868
9222 27 643
9324 79 429
9124 28 267
9225 47 856
9223 18 2183
9325 46 1382
9125 65 3959
9226 67 2862
9224 99 5141
9326 69 409
9126 46 3646
9227 66 1216
9225 64 997
9327 74 5345
9127 75 1758
9228 34 5651
9226 77 5846
9328 71 1650
9128 94 174
9229 20 5585
9227 96 1036
9329 34 1573
9129 38 229
9230 29 5545
9228 49 823
9330 93 5447
9130 98 1483
9231 15 663
9229 26 2314
9331 31 5148
9131 74 1828
9232 100 759
9230 25 1001
9332 70 5563
9132 67 2055
9233 70 2659
9231 62 194
9333 50 2348
9133 76 3915
9234 45 3367
9232 72 622
9334 58 326
9134 46 4944
9235 69 1372
9233 94 3753
9335 22 5094
9135 68 2600
9236 84 2151
9234 40 3926
9336 78 3313
9136 72 2492
9237 98 1248
9235 15 2655
9337 35 5254
9137 87 2587
9238 53 1241
9236 35 717
9338 45 845
9138 66 2711
9239 97 1050
9237 11 393
9339 43 909
9139 53 729
9240 77 1076
9238 36 1267
9340 37 4382
9140 85 4069
9241 49 1695
9239 17 843
9341 23 5521
9141 99 2776
9242 81 4322
9240 37 1747
9342 55 2869
9142 60 2203
9243 20 3921
9241 55 5510
9343 88 593
9143 68 5238
9244 84 1168
9242 82 4610
9344 84 2236
9144 29 2861
9245 24 3555
9243 12 1792
9345 96 48
9145 24 3667
9246 15 749
9244 51 4358
9346 90 5087
9146 22 253
9247 65 3225
9245 65 1859
9347 27 5276
9147 45 151
9248 10 2292
9246 55 4792
9348 53 5380
9148 51 3360
9249 23 4233
9247 56 4290
9349 83 4111
9149 99 2919
9250 36 2063
9248 64 5725
9350 93 1285
9150 89 3590
9251 31 4597
9249 38 1597
9351 81 3963
9151 39 701
9252 28 3080
9250 56 1229
9352 53 2109
9152 61 982
9253 57 156
9251 96 481
9353 34 1711
9153 32 5447
9254 39 1710
9252 58 3871
9354 71 3352
9154 11 1094
9255 90 690
9253 88 3867
9355 62 1760
9155 20 2957
9256 28 5723
9254 54 4416
9356 73 3531
9156 83 4418
9257 58 70
9255 99 5672
9357 90 5168
9157 10 3582
9258 38 536
9256 24 3605
9358 90 2782
9158 31 586
9259 95 3256
9257 29 2526
9359 44 4271
9159 59 3954
9260 90 1946
9258 72 2831
9360 86 4219
9160 70 681
9261 53 1621
9259 53 3882
9361 15 1221
9161 99 5675
9262 64 1752
9260 44 152
9362 54 1575
9162 60 1481
9263 82 3783
9261 35 4957
9363 71 4524
9163 70 2631
9264 70 974
9262 63 2874
9364 61 2222
9164 60 3266
9265 64 2665
9263 91 149
9365 19 401
9165 32 4234
9266 22 5669
9264 78 3093
9366 24 2256
9166 55 2285
9267 38 5789
9265 80 3756
9367 32 1278
9167 94 518
9268 30 2831
9266 68 2527
9368 22 3797
9168 47 2928
9269 84 829
9267 65 1921
9369 63 4668
9169 44 192
9270 64 17
9268 93 1417
9370 45 3273
9170 18 2966
9271 37 4346
9269 63 3537
9371 39 5633
9171 38 249
9272 91 5445
9270 30 49
9372 48 5022
9172 37 296
9273 96 1537
9271 50 1876
9373 19 5083
9173 46 4889
9274 94 1026
9272 37 4942
9374 81 5806
9174 24 4276
9275 34 767
9273 35 4706
9375 71 3028
9175 40 1354
9276 42 5876
9274 49 5720
9376 42 4127
9176 64 2672
9277 61 5917
9275 53 733
9377 40 697
9177 85 4805
9278 87 586
9276 65 2185
9378 49 3863
9178 18 3595
9279 50 1389
9277 71 1195
9379 86 3096
9179 68 1723
9280 70 3790
9278 81 360
9380 45 5235
9180 81 4019
9281 99 687
9279 50 943
9381 75 1088
9181 100 329
9282 71 1002
9280 42 4492
9382 28 2193
9182 98 3598
9283 25 3939
9281 13 3836
9383 52 2587
9183 89 5902
9284 95 4007
9282 97 712
9384 30 3207
9184 29 2649
9285 93 1895
9283 88 2456
9385 14 2682
9185 56 3595
9286 45 451
9284 39 2971
9386 31 5112
9186 33 2517
9287 50 3955
9285 67 2664
9387 44 955
9187 37 510
9288 38 3020
9286 52 2781
9388 37 280
9188 41 3408
9289 36 2280
9287 59 4313
9389 59 3247
9189 14 1435
9290 10 5618
9288 33 234
9390 41 1188
9190 59 3558
9291 42 3519
9289 67 4421
9391 78 182
9191 42 1472
9292 49 5493
9290 17 246
9392 88 5938
9192 80 1097
9293 73 3718
9291 65 5587
9393 92 5706
9193 66 3470
9294 11 2723
9292 86 3987
9394 81 647
9194 93 5470
9295 92 2542
9293 100 2555
9395 91 1964
9195 26 4768
9296 84 269
9294 75 1280
9396 63 2276
9196 54 2819
9297 60 4985
9295 29 1047
9397 45 2077
9197 75 3692
9298 100 3354
9296 96 3864
9398 27 2359
9198 80 1430
9299 24 4930
9297 70 4241
9399 97 5546
9199 53 3387
9300 65 5381
9298 91 1399
9400 19 3641
9200 76 2457
9299 85 120
9401 17 2277
9201 68 5094
9302 18 245
9402 87 5484
9202 98 2523
9303 36 5596
9301 40 820
9403 24 4743
9203 44 5900
9304 49 4485
9302 54 2230
9404 25 4901
9204 25 4083
9305 35 248
9303 41 5143
9405 30 203
9205 54 4640
9306 35 3719
9304 53 1385
9406 14 4800
9206 34 5292
9307 70 4369
9305 69 4219
9407 45 3742
9207 70 2844
9308 67 263
9306 48 371
9408 40 4432
9208 89 3452
9309 84 1865
9307 38 5854
9409 99 2817
9209 31 2220
9310 17 915
9308 31 490
9410 95 4801
9210 67 2050
9311 98 5528
9309 69 2464
9411 18 3474
9211 71 5523
9312 65 2900
9310 45 2490
9412 68 2013
9212 65 4145
9313 45 3696
9311 55 3389
9413 80 5084
9213 75 1510
9314 93 3389
9312 86 5712
9414 82 3931
9214 58 4210
9315 76 5660
9313 91 3626
9415 15 2947
9215 64 2329
9316 76 4859
9314 30 511
9416 93 3701
9216 44 5766
9317 28 516
9315 11 932
9417 31 3203
9217 35 5864
9318 65 4490
9316 47 3299
9418 28 1496
9218 66 900
9319 81 3594
9317 66 5649
9419 42 3344
9219 16 5481
9320 23 3724
9318 11 4406
9420 92 1534
9220 37 2165
9321 24 4848
9319 42 340
9421 24 2960
9221 57 894
9322 68 4547
9320 34 2195
9422 74 1044
9222 39 279
9323 86 2381
9321 98 2699
9423 43 2476
9223 85 2252
9324 98 1672
9322 98 2634
9424 67 68
9224 85 5800
9325 68 3802
9323 12 4392
9425 77 5736
9225 64 5217
9326 97 3302
9324 78 5126
9426 58 5854
9226 28 137
9327 53 4353
9325 76 3924
9427 99 5630
9227 56 4324
9328 43 3603
9326 98 3660
9428 18 2039
9228 66 5332
9329 70 1302
9327 45 5406
9429 56 3924
9229 15 1361
9330 33 4904
9328 24 3051
9430 60 1722
9230 53 1953
9331 75 2988
9329 82 5306
9431 77 300
9231 60 3852
9332 73 5628
9330 28 569
9432 44 4307
9232 73 2792
9333 87 3622
9331 21 4212
9433 24 2315
9233 55 2828
9334 54 306
9332 80 1244
9434 24 2970
9234 94 242
9335 19 1499
9333 90 3393
9435 20 31
9235 18 2710
9336 61 3712
9334 93 2546
9436 27 4659
9236 66 3296
9337 59 808
9335 93 20
9437 58 3733
9237 36 1818
9338 24 793
9336 77 4420
9438 94 3519
9238 46 5701
9339 48 3457
9337 16 697
9439 16 1964
9239 42 462
9340 67 4862
9338 56 755
9440 59 3198
9240 30 5494
9341 52 3353
9339 93 2800
9441 62 3679
9241 17 3172
9342 15 2725
9340 100 3644
9442 28 1431
9242 55 4758
9343 23 3581
9341 16 1591
9443 39 3030
9243 19 5455
9344 65 3086
9342 42 872
9444 10 1247
9244 86 3030
9345 35 4015
9343 17 3208
9445 18 2297
9245 65 2946
9346 48 1801
9344 40 424
9446 63 1929
9246 33 1969
9347 76 1017
9345 82 4366
9447 43 5339
9247 93 1144
9348 58 1816
9346 12 4395
9448 90 1461
9248 23 2438
9349 28 1104
9347 90 3195
9449 64 5069
9249 54 642
9350 14 1930
9348 51 2716
9450 16 593
9250 78 1012
9351 24 4315
9349 51 2419
9451 13 185
9251 72 1507
9352 89 5366
9350 94 3994
9452 11 488
9252 25 345
9353 39 922
9351 66 5168
9453 54 1972
9253 96 2419
9354 37 1231
9352 86 1232
9454 44 4902
9254 88 4989
9355 38 2876
9353 49 615
9455 43 1811
9255 24 1021
9356 81 1496
9354 59 4937
9456 72 4716
9256 21 4351
9357 38 5597
9355 61 1545
9457 76 3998
9257 20 5304
9358 39 385
9356 93 5513
9458 51 5898
9258 31 258
9359 69 2452
9357 21 1015
9459 26 3218
9259 51 3024
9360 33 3793
9358 56 613
9460 66 1302
9260 26 3624
9361 40 3833
9359 54 2204
9461 51 4299
9261 16 5296
9362 88 5365
9360 93 4815
9462 19 426
9262 76 3054
9363 97 3512
9361 80 1994
9463 31 4182
9263 53 4994
9364 77 5700
9362 16 5883
9464 90 5312
9264 43 3960
9365 83 790
9363 30 5717
9465 72 2026
9265 75 2517
9366 99 3994
9364 14 1830
9466 42 5715
9266 39 4229
9367 31 5370
9365 67 1048
9467 77 5875
9267 46 359
9368 69 3350
9366 79 1839
9468 84 2190
9268 26 5857
9369 96 3067
9367 38 1702
9469 25 3601
9269 21 5178
9370 89 860
9368 91 591
9470 24 4601
9270 10 2291
9371 78 4134
9369 82 781
9471 36 3100
9271 65 598
9372 73 3959
9370 68 4091
9472 89 4049
9272 76 1900
9373 52 888
9371 73 617
9473 41 2683
9273 36 1908
9374 52 4713
9372 97 1101
9474 53 3308
9274 24 4885
9375 10 2554
9373 15 2769
9475 19 3070
9275 87 2001
9376 24 920
9374 60 2116
9476 53 5622
9276 65 1687
9377 50 3166
9375 51 3907
9477 29 1468
9277 45 973
9378 41 1363
9376 27 1613
9478 41 4573
9278 68 5098
9379 10 4536
9377 35 5239
9479 53 2468
9279 35 2244
9380 34 5389
9378 98 4245
9480 62 3431
9280 11 586
9381 10 4756
9379 12 2187
9481 54 1371
9281 30 3948
9382 85 5837
9380 56 11
9482 45 5150
9282 73 3223
9383 94 4376
9381 86 5211
9483 96 1435
9283 42 5758
9384 12 4839
9382 74 1841
9484 35 1340
9284 30 3127
9385 69 5306
9383 26 5605
9485 63 2466
9285 21 5496
9386 53 4286
9384 42 2959
9486 72 2617
9286 47 286
9387 89 4779
9385 69 5136
9487 16 4028
9287 61 4247
9388 16 4404
9386 87 669
9488 94 1916
9288 98 1369
9389 89 1897
9387 31 2838
9489 20 4128
9289 41 3707
9390 31 2700
9388 46 5036
9490 100 3817
9290 37 4079
9391 94 3988
9389 71 3253
9491 100 5193
9291 34 679
9392 22 1419
9390 60 5422
9492 50 1064
9292 97 4410
9393 34 2752
9391 53 4769
9493 90 5247
9293 65 4354
9394 78 3126
9392 46 4613
9494 63 219
9294 81 3811
9395 26 2369
9393 90 3656
9495 97 4724
9295 84 340
9396 19 3718
9394 17 5767
9496 79 1618
9296 57 1361
9397 15 5691
9395 38 2507
9497 57 73
9297 95 102
9398 70 2310
9396 63 3546
9498 82 3460
9298 81 3370
9399 81 2758
9397 60 4049
9499 50 4791
9299 23 4352
9400 40 2246
9398 54 2923
9500 77 3411
9300 82 233
9399 54 1371
9501 70 3537
9301 17 4954
9402 82 3079
9502 76 5570
9302 29 2401
9403 22 2901
9401 67 586
9503 93 1294
9303 38 2304
9404 52 189
9402 53 4574
9504 27 2558
9304 33 3312
9405 11 1503
9403 19 3489
9505 50 1161
9305 15 4503
9406 68 5905
9404 87 3355
9506 11 4949
9306 81 4807
9407 25 1538
9405 52 539
9507 47 5707
9307 90 5661
9408 29 5130
9406 91 1487
9508 87 1785
9308 49 3568
9409 99 4645
9407 61 5338
9509 44 5071
9309 33 1787
9410 97 4396
9408 18 4297
9510 100 4960
9310 78 5003
9411 95 1806
9409 16 1623
9511 94 5590
9311 84 4445
9412 84 5091
9410 58 2512
9512 16 2108
9312 99 787
9413 38 264
9411 62 2430
9513 59 3728
9313 66 4446
9414 46 5405
9412 96 1936
9514 45 1885
9314 21 4404
9415 46 1574
9413 91 2066
9515 38 3381
9315 64 1144
9416 77 410
9414 97 3364
9516 48 766
9316 97 3119
9417 34 3321
9415 18 3831
9517 84 3917
9317 28 210
9418 18 4801
9416 62 4944
9518 46 3429
9318 15 149
9419 50 560
9417 100 5364
9519 70 5195
9319 50 574
9420 87 3766
9418 64 3112
9520 19 2284
9320 67 2950
9421 46 5002
9419 43 2607
9521 46 4821
9321 16 4688
9422 22 4064
9420 36 4180
9522 82 2234
9322 72 1671
9423 15 1911
9421 55 5662
9523 17 1798
9323 92 1097
9424 50 3446
9422 46 4705
9524 33 4922
9324 85 3450
9425 63 1280
9423 40 2497
9525 95 2359
9325 12 1756
9426 44 2745
9424 58 4302
9526 50 66
9326 44 553
9427 41 5719
9425 99 2735
9527 65 4317
9327 50 1611
9428 33 182
9426 67 2693
9528 25 3123
9328 86 2863
9429 30 322
9427 40 1221
9529 68 814
9329 38 4109
9430 60 2240
9428 22 1874
9530 73 994
9330 29 1829
9431 36 3653
9429 47 850
9531 17 3320
9331 21 5686
9432 48 4114
9430 42 2470
9532 57 4241
9332 11 5296
9433 47 3536
9431 79 1271
9533 43 1526
9333 96 4525
9434 75 560
9432 32 1058
9534 44 4588
9334 83 768
9435 24 5792
9433 53 3289
9535 86 5284
9335 14 4837
9436 21 5536
9434 51 2920
9536 77 4212
9336 54 2491
9437 98 1825
9435 21 984
9537 43 3230
9337 59 999
9438 92 2034
9436 33 1712
9538 53 5049
9338 91 105
9439 56 236
9437 42 4827
9539 21 4748
9339 84 5302
9440 88 4654
9438 22 5654
9540 18 1867
9340 100 443
9441 36 3642
9439 56 4284
9541 75 2495
9341 72 1641
9442 76 3763
9440 58 5245
9542 93 2053
9342 22 5442
9443 75 5653
9441 16 462
9543 99 1199
9343 99 4606
9444 40 5216
9442 46 102
9544 20 2984
9344 67 261
9445 62 582
9443 35 4858
9545 98 5043
9345 69 1054
9446 20 3251
9444 74 5595
9546 32 3165
9346 65 530
9447 71 4233
9445 77 2188
9547 74 1192
9347 69 187
9448 65 2609
9446 52 3272
9548 12 3445
9348 81 3356
9449 73 5066
9447 66 233
9549 43 5719
9349 80 1199
9450 94 3876
9448 82 5888
9550 94 5120
9350 91 5070
9451 74 4577
9449 37 2819
9551 87 3683
9351 18 5915
9452 46 5727
9450 90 2790
9552 73 4561
9352 36 60
9453 35 2962
9451 35 5833
9553 14 2639
9353 94 3096
9454 87 4908
9452 75 5616
9554 48 3735
9354 58 1760
9455 25 3997
9453 43 3764
9555 99 3045
9355 46 1911
9456 12 5341
9454 82 5737
9556 21 2044
9356 40 1535
9457 91 3503
9455 32 3973
9557 35 5691
9357 66 4574
9458 59 2342
9456 74 2974
9558 49 5738
9358 37 4358
9459 45 575
9457 31 74
9559 92 1127
9359 39 2648
9460 25 3763
9458 67 1496
9560 45 1700
9360 18 5828
9461 51 5896
9459 59 2699
9561 60 5317
9361 52 3270
9462 12 3886
9460 27 3636
9562 98 3316
9362 43 5336
9463 79 3307
9461 56 4108
9563 75 4229
9363 13 501
9464 17 12
9462 82 1607
9564 63 5108
9364 18 1368
9465 82 1160
9463 56 4397
9565 34 4770
9365 59 5773
9466 32 5317
9464 26 3619
9566 56 5754
9366 78 1952
9467 20 330
9465 65 1507
9567 76 644
9367 52 4832
9468 89 1568
9466 69 2511
9568 45 63
9368 95 4876
9469 96 4296
9467 99 5520
9569 31 1953
9369 43 882
9470 69 1831
9468 71 3132
9570 71 1981
9370 36 149
9471 11 4664
9469 73 2191
9571 37 2817
9371 56 4835
9472 32 76
9470 11 5921
9572 16 1259
9372 18 4702
9473 37 4328
9471 37 5649
9573 75 1814
9373 14 5124
9474 88 4729
9472 62 3923
9574 84 293
9374 92 5826
9475 79 3271
9473 74 5146
9575 83 1760
9375 76 2624
9476 91 2049
9474 67 4324
9576 29 2521
9376 72 3861
9477 20 4664
9475 34 3745
9577 20 4740
9377 54 3722
9478 72 2773
9476 63 508
9578 22 3524
9378 75 2817
9479 71 5900
9477 36 3676
9579 90 71
9379 31 2834
9480 59 1517
9478 82 384
9580 55 5019
9380 98 4066
9481 28 557
9479 20 5261
9581 97 2862
9381 90 2240
9482 46 5141
9480 59 1357
9582 66 1828
9382 14 1480
9483 50 3060
9481 71 5826
9583 32 4096
9383 76 4343
9484 44 1036
9482 69 362
9584 74 3514
9384 74 1252
9485 53 2039
9483 90 754
9585 44 4398
9385 48 2912
9486 67 1246
9484 98 3264
9586 40 3639
9386 80 3307
9487 29 2434
9485 24 5392
9587 98 4721
9387 77 5551
9488 91 1063
9486 96 1092
9588 95 338
9388 16 1216
9489 35 377
9487 90 3321
9589 44 2306
9389 79 5233
9490 11 5209
9488 85 1869
9590 20 839
9390 12 5933
9491 88 4202
9489 62 351
9591 49 1964
9391 49 360
9492 26 1094
9490 16 1020
9592 96 503
9392 17 1746
9493 76 436
9491 73 1713
9593 61 3896
9393 20 4128
9494 25 2611
9492 75 3105
9594 38 1316
9394 21 2260
9495 38 3308
9493 100 2804
9595 79 4583
9395 10 2612
9496 93 1002
9494 58 5406
9596 46 620
9396 41 4695
9497 46 629
9495 87 5536
9597 23 2338
9397 77 5425
9498 90 2737
9496 88 2366
9598 73 2839
9398 39 899
9499 74 4536
9497 99 216
9599 89 607
9399 20 2914
9500 42 2636
9498 98 2336
9600 22 3809
9400 94 444
9499 87 3704
9601 47 5198
9401 89 5893
9502 44 3345
9602 95 5536
9402 84 184
9503 34 2920
9501 64 3086
9603 99 1779
9403 48 375
9504 33 1158
9502 26 3573
9604 72 2693
9404 97 3761
9505 46 2873
9503 55 1548
9605 99 5219
9405 96 1658
9506 94 717
9504 91 4864
9606 35 3532
9406 68 3880
9507 62 1194
9505 50 4836
9607 91 4850
9407 52 4924
9508 60 5843
9506 29 5257
9608 65 2669
9408 84 1036
9509 15 2771
9507 76 4768
9609 14 5163
9409 79 5391
9510 96 4313
9508 33 1088
9610 52 2407
9410 71 2573
9511 87 4744
9509 43 2134
9611 50 1171
9411 97 1596
9512 26 3267
9510 36 4359
9612 43 5068
9412 91 5059
9513 67 3122
9511 42 1538
9613 94 5275
9413 78 4089
9514 98 1030
9512 35 1817
9614 67 2591
9414 81 36
9515 61 2035
9513 53 3949
9615 85 1065
9415 32 2575
9516 35 67
9514 26 3634
9616 99 2006
9416 75 462
9517 85 4529
9515 78 4840
9617 97 3365
9417 55 626
9518 19 5345
9516 94 2555
9618 27 3658
9418 66 2865
9519 24 2409
9517 80 5809
9619 28 3568
9419 61 1704
9520 49 4945
9518 94 2356
9620 14 5928
9420 60 2597
9521 65 3291
9519 45 2374
9621 19 2715
9421 34 5258
9522 91 1555
9520 68 5155
9622 92 1889
9422 87 5569
9523 46 1635
9521 29 5732
9623 24 3555
9423 21 4839
9524 45 5795
9522 83 3152
9624 83 5863
9424 33 2822
9525 27 2097
9523 68 446
9625 42 5779
9425 62 428
9526 69 4998
9524 26 1574
9626 85 4496
9426 55 5693
9527 49 4809
9525 37 5821
9627 65 334
9427 81 5867
9528 74 1745
9526 12 3419
9628 38 1150
9428 64 3340
9529 100 4031
9527 33 2606
9629 64 1137
9429 92 2912
9530 49 3329
9528 63 1072
9630 21 1308
9430 63 5741
9531 33 3283
9529 46 3148
9631 70 3688
9431 30 3987
9532 83 1831
9530 37 674
9632 20 1765
9432 53 3828
9533 97 510
9531 47 5151
9633 61 4461
9433 63 158
9534 67 3692
9532 24 39
9634 21 1579
9434 32 1489
9535 36 5316
9533 27 2322
9635 38 1507
9435 85 4052
9536 68 3506
9534 20 578
9636 83 573
9436 24 593
9537 91 1341
9535 27 3692
9637 69 4242
9437 83 3546
9538 81 4365
9536 53 2697
9638 55 5385
9438 68 1383
9539 30 3084
9537 47 1873
9639 44 1853
9439 33 3167
9540 43 2432
9538 59 5602
9640 12 5261
9440 24 3141
9541 41 5670
9539 96 4281
9641 21 3211
9441 10 1463
9542 84 2771
9540 30 4142
9642 67 547
9442 29 4077
9543 53 5512
9541 92 743
9643 21 2860
9443 36 1124
9544 43 5864
9542 69 1020
9644 49 3324
9444 68 5807
9545 97 998
9543 95 5108
9645 27 1078
9445 12 1286
9546 73 3839
9544 75 2093
9646 98 3430
9446 44 4075
9547 70 3323
9545 74 5034
9647 13 1442
9447 93 1715
9548 59 799
9546 99 5334
9648 41 1013
9448 29 5905
9549 54 2195
9547 49 1073
9649 25 5576
9449 43 1230
9550 24 5157
9548 59 2510
9650 74 3841
9450 90 2330
9551 42 2243
9549 100 5636
9651 25 2818
9451 50 4103
9552 87 2083
9550 45 340
9652 65 1605
9452 80 3603
9553 29 1073
9551 74 1532
9653 10 343
9453 71 1363
9554 69 1698
9552 46 1622
9654 10 4234
9454 81 3954
9555 56 4357
9553 49 4191
9655 65 724
9455 70 3070
9556 34 1941
9554 42 1823
9656 79 3235
9456 63 5592
9557 18 3156
9555 64 706
9657 34 3115
9457 57 1549
9558 31 1942
9556 57 5026
9658 66 2968
9458 12 1473
9559 66 4853
9557 85 2437
9659 50 5496
9459 36 2734
9560 94 3654
9558 78 4324
9660 42 3129
9460 88 4737
9561 73 912
9559 93 3736
9661 22 4342
9461 58 497
9562 14 2197
9560 82 2300
9662 66 4626
9462 50 3399
9563 26 3749
9561 50 3069
9663 56 1119
9463 29 1010
9564 15 4625
9562 28 1468
9664 35 4643
9464 40 1404
9565 32 3864
9563 86 5300
9665 44 979
9465 52 2382
9566 28 4339
9564 74 3167
9666 54 5402
9466 14 4140
9567 99 4659
9565 39 163
9667 31 500
9467 77 3586
9568 67 5296
9566 22 661
9668 48 2256
9468 58 3834
9569 77 2447
9567 99 845
9669 26 2555
9469 80 662
9570 54 4508
9568 38 5459
9670 97 1135
9470 98 862
9571 99 4822
9569 31 1319
9671 46 5888
9471 73 1338
9572 90 4332
9570 58 701
9672 40 4981
9472 21 4100
9573 64 2524
9571 88 4221
9673 15 3138
9473 45 3742
9574 48 2328
9572 45 4377
9674 69 1529
9474 14 4861
9575 27 178
9573 98 1605
9675 96 156
9475 13 2823
9576 61 3211
9574 100 5873
9676 94 4123
9476 43 1892
9577 43 29
9575 89 536
9677 74 635
9477 100 4187
9578 10 520
9576 71 1660
9678 91 126
9478 90 4910
9579 30 3015
9577 47 3136
9679 64 2327
9479 36 5195
9580 39 3492
9578 28 1404
9680 82 4861
9480 83 2847
9581 74 1581
9579 27 5277
9681 62 3040
9481 67 2458
9582 30 1606
9580 83 1069
9682 58 2252
9482 67 497
9583 87 4406
9581 99 4378
9683 67 5517
9483 32 1306
9584 96 4726
9582 64 4146
9684 12 5021
9484 74 283
9585 64 2834
9583 46 1412
9685 15 1338
9485 13 1207
9586 57 650
9584 53 2022
9686 69 525
9486 59 2841
9587 31 4762
9585 79 3252
9687 62 1949
9487 80 4909
9588 67 2921
9586 30 2010
9688 64 862
9488 73 3008
9589 57 5807
9587 64 527
9689 23 4677
9489 25 719
9590 46 2605
9588 70 1772
9690 31 3642
9490 15 3398
9591 99 4799
9589 73 5498
9691 68 1471
9491 65 2383
9592 40 5285
9590 26 2929
9692 63 3952
9492 29 4365
9593 81 146
9591 12 2044
9693 24 4885
9493 38 4874
9594 20 1594
9592 27 4343
9694 95 4834
9494 43 2684
9595 98 3698
9593 88 2304
9695 13 3717
9495 89 2222
9596 96 480
9594 18 2898
9696 85 3470
9496 84 804
9597 36 3332
9595 64 5458
9697 86 4236
9497 31 3952
9598 95 3860
9596 68 2003
9698 16 5842
9498 16 1375
9599 74 4616
9597 68 3095
9699 99 5322
9499 21 5489
9600 83 528
9598 53 3529
9700 93 4680
9500 29 4082
9599 38 2671
9701 76 2290
9501 56 1533
9602 69 2364
9702 65 3691
9502 53 2062
9603 20 2089
9601 94 5298
9703 87 5922
9503 60 794
9604 70 4458
9602 13 4404
9704 45 2203
9504 84 2505
9605 98 5376
9603 42 4850
9705 43 729
9505 24 3842
9606 96 5591
9604 54 111
9706 60 4908
9506 81 4707
9607 11 956
9605 17 5300
9707 58 2866
9507 41 2791
9608 32 5026
9606 36 586
9708 78 2446
9508 55 3922
9609 49 1052
9607 72 4780
9709 77 4686
9509 61 5260
9610 60 2047
9608 38 2492
9710 24 507
9510 76 2463
9611 88 2244
9609 70 38
9711 52 5584
9511 76 249
9612 99 1435
9610 96 1628
9712 43 1170
9512 33 1099
9613 62 4285
9611 62 5165
9713 65 1738
9513 82 4132
9614 48 2492
9612 34 44
9714 24 4943
9514 87 1072
9615 16 1735
9613 17 5861
9715 40 4792
9515 13 4100
9616 78 3377
9614 17 4099
9716 57 1685
9516 50 5451
9617 99 747
9615 11 5927
9717 62 1225
9517 97 4208
9618 26 3208
9616 98 1266
9718 81 5054
9518 57 2892
9619 78 1618
9617 98 2316
9719 49 2841
9519 32 4442
9620 11 3734
9618 72 383
9720 11 5230
9520 60 2973
9621 52 4939
9619 78 4542
9721 60 3656
9521 30 5824
9622 35 4016
9620 48 120
9722 43 2912
9522 24 1020
9623 35 5118
9621 69 1750
9723 68 914
9523 90 4659
9624 75 2177
9622 27 752
9724 59 161
9524 95 1556
9625 45 3539
9623 90 1119
9725 48 4864
9525 90 4429
9626 84 3549
9624 21 996
9726 93 1972
9526 15 1002
9627 41 5016
9625 17 5686
9727 72 875
9527 87 49
9628 77 2829
9626 100 873
9728 91 5064
9528 10 704
9629 68 980
9627 60 3110
9729 58 5449
9529 56 3813
9630 54 3548
9628 58 1493
9730 92 3681
9530 76 284
9631 74 1808
9629 26 2174
9731 44 556
9531 79 1164
9632 91 419
9630 71 333
9732 35 3775
9532 32 3964
9633 28 5263
9631 68 3678
9733 12 2888
9533 45 511
9634 74 3858
9632 99 5089
9734 33 2090
9534 68 3796
9635 46 2522
9633 49 431
9735 93 4976
9535 50 5176
9636 22 4488
9634 59 2060
9736 50 1667
9536 63 3182
9637 43 3926
9635 95 729
9737 98 2715
9537 67 1173
9638 71 4441
9636 64 2239
9738 31 1324
9538 96 5454
9639 87 2044
9637 77 605
9739 23 2197
9539 22 1931
9640 61 4295
9638 71 2010
9740 72 987
9540 13 5838
9641 20 2462
9639 48 1013
9741 74 5578
9541 56 1051
9642 14 1493
9640 89 4444
9742 30 4451
9542 80 4076
9643 42 5855
9641 42 1375
9743 50 5164
9543 55 3564
9644 84 88
9642 83 751
9744 74 5731
9544 44 5350
9645 83 4453
9643 51 5916
9745 49 2758
9545 54 3651
9646 52 2004
9644 27 431
9746 80 786
9546 47 969
9647 19 1337
9645 10 4659
9747 71 3
9547 97 3467
9648 92 3482
9646 82 1116
9748 13 956
9548 74 2908
9649 38 1721
9647 60 5213
9749 26 1447
9549 58 612
9650 82 2994
9648 70 868
9750 64 4699
9550 58 1903
9651 34 5380
9649 96 1085
9751 68 1965
9551 11 367
9652 39 1482
9650 42 781
9752 70 3507
9552 75 1906
9653 27 3233
9651 21 1714
9753 99 1076
9553 20 4649
9654 55 4254
9652 35 4739
9754 70 3483
9554 38 2292
9655 40 2210
9653 59 4429
9755 14 3357
9555 60 1511
9656 77 3045
9654 29 5364
9756 24 431
9556 88 3039
9657 56 4133
9655 90 159
9757 42 949
9557 47 4349
9658 100 193
9656 41 5411
9758 42 5771
9558 87 983
9659 66 1518
9657 56 474
9759 22 1244
9559 78 3784
9660 62 4934
9658 47 5413
9760 89 2983
9560 52 5274
9661 29 3922
9659 47 1837
9761 81 4788
9561 78 5406
9662 68 4969
9660 43 290
9762 100 956
9562 34 3745
9663 17 4202
9661 89 2581
9763 45 4321
9563 16 4369
9664 34 725
9662 76 5050
9764 10 4927
9564 66 5592
9665 10 4705
9663 73 2810
9765 18 3065
9565 53 1094
9666 75 69
9664 76 3988
9766 34 4313
9566 69 4838
9667 55 2788
9665 35 1516
9767 67 4892
9567 98 2100
9668 29 2931
9666 64 1791
9768 58 1395
9568 73 945
9669 56 4217
9667 71 5642
9769 22 3597
9569 14 1558
9670 54 1359
9668 43 2452
9770 13 4111
9570 17 2196
9671 14 887
9669 31 1430
9771 84 4974
9571 51 3397
9672 56 507
9670 38 2798
9772 68 5397
9572 83 801
9673 80 1464
9671 85 4864
9773 22 5460
9573 51 147
9674 15 374
9672 94 4279
9774 38 4466
9574 59 5023
9675 76 3129
9673 98 4075
9775 76 18
9575 68 5609
9676 63 2970
9674 41 5560
9776 52 2792
9576 44 5602
9677 84 2166
9675 73 2709
9777 100 4903
9577 50 4829
9678 21 3477
9676 76 5829
9778 47 3623
9578 31 2178
9679 57 2210
9677 25 5232
9779 43 4495
9579 60 4606
9680 48 2766
9678 65 4924
9780 52 376
9580 33 1276
9681 37 3219
9679 96 1148
9781 54 2926
9581 79 2770
9682 75 3411
9680 78 989
9782 33 3392
9582 61 3529
9683 28 5737
9681 99 1749
9783 67 4485
9583 13 915
9684 100 3722
9682 16 2524
9784 91 3909
9584 12 884
9685 96 4271
9683 94 2449
9785 93 3158
9585 46 983
9686 86 3443
9684 98 2966
9786 84 5175
9586 97 96
9687 81 3293
9685 62 2272
9787 24 4357
9587 95 1693
9688 73 1315
9686 84 652
9788 60 3803
9588 30 451
9689 52 5290
9687 39 4532
9789 12 3742
9589 62 219
9690 19 5869
9688 25 4425
9790 71 5500
9590 41 384
9691 93 4883
9689 10 1557
9791 38 3335
9591 51 3576
9692 22 5497
9690 95 2377
9792 33 4490
9592 69 4365
9693 30 392
9691 97 405
9793 48 3806
9593 85 5718
9694 47 2746
9692 15 2453
9794 45 5731
9594 46 2235
9695 71 1193
9693 19 4685
9795 33 1358
9595 98 2565
9696 61 4382
9694 40 1079
9796 30 1269
9596 66 2566
9697 100 2235
9695 33 2646
9797 71 493
9597 89 4070
9698 20 5600
9696 57 2909
9798 22 5008
9598 33 4091
9699 61 5926
9697 17 5813
9799 51 1248
9599 37 5147
9700 18 1362
9698 77 744
9800 93 3811
9600 91 2160
9699 50 5429
9801 64 4487
9601 76 2612
9702 28 3216
9802 45 2506
9602 63 3059
9703 33 3234
9701 76 5060
9803 14 4465
9603 92 1582
9704 71 2001
9702 19 2265
9804 27 5545
9604 14 1578
9705 68 174
9703 95 1299
9805 39 4463
9605 99 3305
9706 95 5929
9704 54 498
9806 72 4555
9606 49 5796
9707 19 2597
9705 92 387
9807 81 2024
9607 25 4180
9708 12 1533
9706 71 361
9808 100 4039
9608 60 5264
9709 25 174
9707 73 3101
9809 30 5086
9609 91 3974
9710 43 4116
9708 55 3409
9810 47 5369
9610 14 2271
9711 47 2854
9709 71 1849
9811 97 1629
9611 59 4199
9712 77 1815
9710 19 4284
9812 85 1577
9612 94 4295
9713 20 630
9711 35 5205
9813 85 3193
9613 69 3279
9714 10 2260
9712 79 1978
9814 90 2146
9614 47 3558
9715 58 2398
9713 31 1769
9815 39 2923
9615 14 1641
9716 54 2652
9714 13 2166
9816 61 2246
9616 32 2188
9717 43 1877
9715 58 3098
9817 44 4064
9617 63 1566
9718 35 3387
9716 28 41
9818 51 5557
9618 40 2997
9719 70 1016
9717 72 2532
9819 63 5502
9619 76 1995
9720 99 5304
9718 95 260
9820 29 2647
9620 88 2097
9721 96 528
9719 61 2019
9821 57 3063
9621 97 2811
9722 34 111
9720 68 1046
9822 74 4261
9622 61 533
9723 19 2164
9721 51 4719
9823 77 3872
9623 41 2619
9724 34 406
9722 18 1105
9824 46 3837
9624 47 1578
9725 32 1187
9723 87 1847
9825 62 2314
9625 100 1768
9726 95 4052
9724 92 5272
9826 47 5845
9626 26 3710
9727 75 3808
9725 63 3244
9827 48 2047
9627 10 2784
9728 45 5060
9726 44 3075
9828 44 894
9628 50 5636
9729 88 2610
9727 12 1691
9829 94 1007
9629 32 4463
9730 89 866
9728 76 5693
9830 29 1161
9630 18 5368
9731 21 3284
9729 93 1694
9831 75 1494
9631 10 5486
9732 22 4766
9730 91 4064
9832 12 1837
9632 38 740
9733 88 1254
9731 30 5578
9833 38 4234
9633 15 1456
9734 40 5122
9732 59 4780
9834 41 4507
9634 21 1033
9735 37 740
9733 70 693
9835 58 3280
9635 49 2455
9736 68 4892
9734 88 3547
9836 21 4717
9636 38 3797
9737 70 1260
9735 52 3591
9837 97 3489
9637 18 3688
9738 96 1028
9736 52 5181
9838 20 5809
9638 35 4230
9739 84 3800
9737 95 5420
9839 85 3656
9639 26 3782
9740 35 3404
9738 78 4072
9840 84 635
9640 66 1150
9741 22 5072
9739 16 4907
9841 27 1211
9641 25 4219
9742 76 4043
9740 36 3991
9842 25 442
9642 100 3222
9743 61 372
9741 95 799
9843 97 3169
9643 69 220
9744 85 5872
9742 57 1304
9844 12 2234
9644 16 136
9745 49 5529
9743 26 4010
9845 55 1574
9645 90 5122
9746 32 3930
9744 67 3380
9846 11 4564
9646 16 5113
9747 99 5371
9745 37 298
9847 59 3784
9647 80 2458
9748 22 2892
9746 26 3601
9848 46 1938
9648 45 15
9749 31 172
9747 49 2827
9849 86 2035
9649 49 1460
9750 15 686
9748 31 5205
9850 43 654
9650 41 4577
9751 50 3556
9749 29 4274
9851 89 4735
9651 62 2611
9752 38 511
9750 16 5115
9852 89 5577
9652 66 57
9753 66 4732
9751 43 5264
9853 94 2886
9653 74 5081
9754 71 5199
9752 48 2983
9854 73 3301
9654 28 2343
9755 73 3616
9753 18 4984
9855 72 2693
9655 57 878
9756 100 710
9754 30 5044
9856 10 5886
9656 16 767
9757 45 154
9755 98 4283
9857 17 850
9657 78 309
9758 37 4315
9756 61 1908
9858 62 3169
9658 34 5583
9759 49 4117
9757 46 2279
9859 24 5342
9659 96 4519
9760 74 569
9758 23 2297
9860 25 4553
9660 60 60
9761 33 4155
9759 45 4400
9861 27 3330
9661 67 1450
9762 70 2085
9760 45 4979
9862 44 3587
9662 10 5757
9763 68 160
9761 78 607
9863 82 3380
9663 57 768
9764 95 5102
9762 26 4305
9864 77 5853
9664 40 2600
9765 14 5582
9763 39 4037
9865 92 5442
9665 54 5460
9766 90 1130
9764 80 774
9866 45 5749
9666 95 1175
9767 90 2753
9765 97 5386
9867 34 4
9667 50 1856
9768 41 3084
9766 79 5572
9868 58 3703
9668 41 2900
9769 33 4816
9767 61 1712
9869 33 928
9669 96 2175
9770 44 2547
9768 76 1244
9870 91 3546
9670 75 296
9771 20 1949
9769 61 3685
9871 61 3853
9671 13 970
9772 88 1728
9770 40 556
9872 74 4739
9672 90 2844
9773 55 3399
9771 61 5277
9873 57 346
9673 46 2785
9774 64 4785
9772 97 4412
9874 26 2552
9674 67 1610
9775 21 557
9773 10 1342
9875 74 3801
9675 40 5784
9776 67 4663
9774 21 5095
9876 74 5538
9676 50 2103
9777 55 3069
9775 76 1635
9877 37 4176
9677 62 3316
9778 39 1118
9776 32 673
9878 100 5327
9678 99 5059
9779 14 4910
9777 18 2730
9879 15 5385
9679 52 4128
9780 14 393
9778 49 4712
9880 93 2923
9680 83 3209
9781 37 516
9779 11 5909
9881 51 2415
9681 58 5745
9782 65 4017
9780 95 2461
9882 14 2829
9682 66 3848
9783 23 382
9781 55 1507
9883 57 3966
9683 70 5339
9784 23 5191
9782 16 447
9884 16 2022
9684 11 4091
9785 23 1416
9783 38 454
9885 88 4136
9685 71 3979
9786 94 3345
9784 54 3852
9886 94 1406
9686 91 1316
9787 72 3
9785 96 2158
9887 99 5031
9687 34 2607
9788 63 586
9786 47 1957
9888 82 5119
9688 25 177
9789 33 3068
9787 92 227
9889 24 1392
9689 21 1823
9790 79 105
9788 59 3269
9890 30 5436
9690 81 831
9791 56 2192
9789 80 2546
9891 47 698
9691 28 2195
9792 87 935
9790 36 3646
9892 31 2762
9692 34 5440
9793 18 192
9791 99 2296
9893 86 2195
9693 32 5302
9794 46 5711
9792 79 1577
9894 66 3059
9694 89 3618
9795 78 518
9793 64 978
9895 48 3593
9695 66 1844
9796 41 3686
9794 21 635
9896 78 4157
9696 79 2261
9797 23 4173
9795 38 3847
9897 87 1918
9697 80 126
9798 59 43
9796 61 101
9898 36 2754
9698 17 4988
9799 43 668
9797 96 217
9899 99 3754
9699 61 3726
9800 19 927
9798 27 1387
9900 47 558
9700 24 3523
9799 84 3077
9901 61 546
9701 94 1892
9802 31 2605
9902 34 5350
9702 30 2219
9803 92 933
9801 28 163
9903 67 4426
9703 77 2532
9804 56 4838
9802 43 2531
9904 79 937
9704 64 5405
9805 52 936
9803 70 3576
9905 49 4972
9705 37 5314
9806 68 1960
9804 44 1926
9906 25 1214
9706 99 4727
9807 20 1926
9805 55 4529
9907 65 3862
9707 69 5854
9808 98 2368
9806 59 3115
9908 98 1147
9708 63 5304
9809 92 2266
9807 86 1010
9909 18 1492
9709 33 5328
9810 85 4902
9808 17 5799
9910 37 1875
9710 18 2800
9811 79 635
9809 28 871
9911 100 1538
9711 26 5537
9812 42 5556
9810 54 3672
9912 43 2322
9712 58 2453
9813 20 3062
9811 32 2960
9913 19 460
9713 21 2156
9814 64 2138
9812 53 1183
9914 95 3909
9714 47 5465
9815 31 5301
9813 29 5151
9915 82 1889
9715 62 3795
9816 78 2883
9814 93 774
9916 45 714
9716 32 5277
9817 26 2902
9815 33 2803
9917 96 2977
9717 82 3007
9818 69 782
9816 32 2890
9918 65 5023
9718 21 1075
9819 51 2065
9817 72 2082
9919 67 4818
9719 97 3320
9820 31 2373
9818 70 5372
9920 25 1453
9720 91 3016
9821 67 1964
9819 22 1649
9921 92 2871
9721 43 4601
9822 33 2600
9820 55 282
9922 36 3514
9722 88 154
9823 95 5445
9821 22 3283
9923 53 2877
9723 98 4417
9824 66 1501
9822 16 3216
9924 90 2263
9724 37 3654
9825 52 5332
9823 58 4111
9925 40 4886
9725 13 742
9826 10 1543
9824 42 2472
9926 59 4827
9726 48 998
9827 45 1358
9825 30 1652
9927 22 4935
9727 18 893
9828 48 2950
9826 48 3191
9928 65 1865
9728 39 1831
9829 74 672
9827 89 1173
9929 53 902
9729 93 2973
9830 58 2667
9828 82 5739
9930 90 4566
9730 46 4624
9831 47 4625
9829 80 5203
9931 32 4246
9731 70 3443
9832 56 790
9830 43 613
9932 45 1719
9732 59 5082
9833 70 5679
9831 69 2849
9933 15 5457
9733 64 3928
9834 98 2256
9832 75 2784
9934 11 5202
9734 30 1051
9835 44 4637
9833 30 2969
9935 35 2789
9735 84 3591
9836 90 1866
9834 78 1486
9936 88 3514
9736 79 3862
9837 100 1326
9835 100 974
9937 25 5641
9737 75 5090
9838 71 4394
9836 60 4152
9938 99 1560
9738 76 2130
9839 91 3184
9837 40 4621
9939 21 140
9739 85 3879
9840 90 2719
9838 90 317
9940 11 2514
9740 27 3087
9841 79 3600
9839 78 5937
9941 99 327
9741 22 2481
9842 42 3867
9840 39 3940
9942 45 4826
9742 35 3865
9843 26 42
9841 87 2213
9943 27 2039
9743 74 1696
9844 11 1844
9842 97 786
9944 84 3864
9744 98 4000
9845 90 945
9843 55 4388
9945 35 5892
9745 79 5741
9846 33 1477
9844 88 92
9946 61 442
9746 13 4484
9847 71 2473
9845 12 4029
9947 38 615
9747 74 1486
9848 60 4319
9846 53 5180
9948 29 8
9748 35 3932
9849 64 407
9847 18 5233
9949 98 578
9749 38 4066
9850 95 2111
9848 60 3380
9950 19 2283
9750 31 5312
9851 48 4937
9849 99 4897
9951 61 2897
9751 54 2575
9852 75 4862
9850 67 5103
9952 54 2276
9752 90 5217
9853 66 4883
9851 39 946
9953 22 193
9753 68 2507
9854 16 161
9852 14 4077
9954 27 5859
9754 84 668
9855 85 3957
9853 49 855
9955 52 4013
9755 47 4145
9856 13 5053
9854 36 2708
9956 58 1589
9756 79 4118
9857 44 2668
9855 33 5023
9957 82 727
9757 20 5274
9858 17 741
9856 39 4488
9958 51 2682
9758 89 1079
9859 92 1279
9857 30 3706
9959 98 2575
9759 21 2765
9860 34 3201
9858 19 4153
9960 56 1479
9760 31 2620
9861 99 5538
9859 15 1264
9961 88 2126
9761 92 2959
9862 90 4380
9860 57 4180
9962 24 3892
9762 92 3367
9863 31 2900
9861 85 4511
9963 60 5624
9763 88 2236
9864 12 4422
9862 45 3212
9964 82 5892
9764 47 1625
9865 90 903
9863 30 2627
9965 23 2480
9765 77 1470
9866 25 4769
9864 68 4271
9966 85 1789
9766 99 4981
9867 57 5362
9865 74 3197
9967 82 2860
9767 23 3375
9868 82 4848
9866 90 5411
9968 32 5630
9768 69 2097
9869 78 586
9867 38 4671
9969 36 664
9769 47 4208
9870 78 532
9868 47 2355
9970 38 3612
9770 43 5776
9871 55 735
9869 64 236
9971 23 5648
9771 13 2948
9872 34 4398
9870 45 4979
9972 16 4839
9772 63 2438
9873 90 3279
9871 19 4254
9973 94 5247
9773 89 3821
9874 42 5050
9872 53 529
9974 11 3339
9774 47 963
9875 53 2739
9873 17 4226
9975 85 4873
9775 54 1233
9876 55 5872
9874 31 421
9976 29 2181
9776 71 3944
9877 11 1351
9875 21 1651
9977 19 4994
9777 97 5413
9878 18 2760
9876 71 3759
9978 99 972
9778 55 5131
9879 44 3489
9877 84 1385
9979 97 931
9779 88 5536
9880 21 5223
9878 13 2428
9980 69 461
9780 66 4791
9881 36 945
9879 98 5165
9981 35 2691
9781 44 1552
9882 26 4173
9880 93 2825
9982 37 23
9782 79 2484
9883 38 1862
9881 41 1252
9983 88 1863
9783 13 5774
9884 13 2806
9882 16 4141
9984 84 5664
9784 81 3662
9885 85 5640
9883 38 3201
9985 24 5443
9785 76 4071
9886 92 3279
9884 23 5638
9986 13 1260
9786 31 1760
9887 17 1846
9885 45 4062
9987 70 471
9787 64 273
9888 42 5014
9886 29 2920
9988 90 1473
9788 54 197
9889 16 321
9887 85 1907
9989 28 3453
9789 35 5848
9890 29 636
9888 45 2705
9990 68 3147
9790 65 1511
9891 67 3664
9889 59 3127
9991 22 4438
9791 33 2353
9892 26 1770
9890 11 2696
9992 39 3520
9792 61 1705
9893 18 5643
9891 17 572
9993 89 1785
9793 53 5834
9894 80 5209
9892 15 2296
9994 55 5188
9794 22 1039
9895 71 1194
9893 39 1247
9995 30 2705
9795 97 5117
9896 58 1733
9894 55 2586
9996 94 2040
9796 21 513
9897 32 4333
9895 23 1622
9997 17 5655
9797 14 5895
9898 10 3734
9896 83 2473
9998 84 3710
9798 23 5185
9899 62 2586
9897 18 1226
9999 11 61
9799 88 5648
9900 27 366
9898 54 2289
10000 75 423
9800 94 134
9899 45 5155
9801 93 2062
9902 96 2445
9802 14 293
9903 85 4871
9901 31 5669
9803 88 4167
9904 46 4098
9902 37 3637
9804 13 1501
9905 74 3202
9903 61 977
9805 29 3673
9906 57 740
9904 57 4181
9806 20 1822
9907 56 5125
9905 69 389
9807 58 723
9908 36 470
9906 36 4671
9808 45 3196
9909 47 2044
9907 57 7
9809 99 3628
9910 86 2340
9908 62 5029
9810 35 3774
9911 20 2585
9909 78 146
9811 53 5579
9912 82 2727
9910 61 1728
9812 52 2555
9913 19 1118
9911 95 1580
9813 48 4874
9914 67 3049
9912 20 320
9814 55 4121
9915 96 5102
9913 55 2097
9815 22 152
9916 73 2603
9914 12 2983
9816 33 888
9917 68 471
9915 47 478
9817 96 4316
9918 36 5308
9916 55 6
9818 67 1965
9919 10 2121
9917 53 1236
9819 50 2114
9920 95 3323
9918 77 3862
9820 77 5814
9921 63 4590
9919 72 3041
9821 83 4904
9922 20 1557
9920 44 2676
9822 62 2347
9923 34 1072
9921 65 1123
9823 65 4330
9924 80 4436
9922 82 4412
9824 35 3672
9925 22 1873
9923 17 5274
9825 83 2642
9926 88 5710
9924 26 1728
9826 23 5471
9927 80 3209
9925 100 1341
9827 82 3671
9928 65 752
9926 45 1577
9828 35 2203
9929 94 1363
9927 46 3223
9829 14 5933
9930 65 2421
9928 88 3854
9830 76 5608
9931 86 4883
9929 60 2661
9831 53 2360
9932 72 4526
9930 15 1081
9832 17 2715
9933 85 4960
9931 86 2996
9833 98 930
9934 27 5932
9932 58 1151
9834 16 4362
9935 95 2643
9933 100 4120
9835 54 229
9936 11 4739
9934 35 4363
9836 46 5348
9937 82 327
9935 84 152
9837 34 22
9938 39 1807
9936 54 4120
9838 91 5242
9939 86 5544
9937 59 2783
9839 21 1079
9940 50 4199
9938 68 1480
9840 58 4915
9941 11 1490
9939 38 5754
9841 37 2470
9942 25 954
9940 32 5096
9842 14 5327
9943 98 4981
9941 27 1147
9843 93 5238
9944 37 1210
9942 21 4085
9844 59 286
9945 39 5079
9943 21 2299
9845 83 5526
9946 20 7
9944 57 3964
9846 56 2857
9947 14 4987
9945 95 1790
9847 32 2350
9948 46 661
9946 32 5821
9848 95 746
9949 41 2498
9947 35 5329
9849 34 3886
9950 45 1925
9948 79 5324
9850 16 257
9951 15 3459
9949 57 3121
9851 100 2561
9952 58 4853
9950 36 4755
9852 64 837
9953 61 171
9951 68 845
9853 56 794
9954 14 3455
9952 83 4896
9854 47 3525
9955 54 3208
9953 37 3001
9855 13 1297
9956 89 2343
9954 23 1080
9856 31 1228
9957 72 5936
9955 58 4536
9857 58 4878
9958 12 2945
9956 97 1339
9858 49 1465
9959 77 5214
9957 95 2614
9859 33 1358
9960 88 5726
9958 32 2928
9860 62 5892
9961 74 3291
9959 85 1230
9861 11 2666
9962 72 2012
9960 58 881
9862 88 5272
9963 84 5246
9961 54 4065
9863 92 4770
9964 29 3987
9962 24 4158
9864 86 4413
9965 68 336
9963 65 1154
9865 18 2074
9966 76 2561
9964 61 4358
9866 54 1998
9967 40 3835
9965 79 100
9867 35 4659
9968 39 1876
9966 79 2563
9868 99 1384
9969 34 5663
9967 33 3501
9869 52 476
9970 16 611
9968 25 3056
9870 46 1674
9971 20 3125
9969 77 3889
9871 44 2243
9972 92 4092
9970 28 5494
9872 56 829
9973 86 2667
9971 28 4717
9873 72 2367
9974 69 1448
9972 22 1652
9874 15 5743
9975 34 3200
9973 39 3211
9875 36 178
9976 13 797
9974 50 5067
9876 27 2575
9977 88 455
9975 62 558
9877 13 2379
9978 90 1168
9976 10 4276
9878 84 5095
9979 99 403
9977 28 4982
9879 85 3675
9980 45 3079
9978 26 3302
9880 80 5318
9981 58 1372
9979 12 617
9881 28 1647
9982 94 749
9980 83 2398
9882 31 4547
9983 14 944
9981 77 1783
9883 53 2315
9984 86 5919
9982 56 3192
9884 67 2373
9985 92 3488
9983 49 3270
9885 15 1903
9986 85 2430
9984 54 3244
9886 81 5089
9987 58 5629
9985 32 3924
9887 17 1794
9988 36 1496
9986 90 4533
9888 99 4237
9989 30 627
9987 39 1192
9889 47 4224
9990 40 2365
9988 76 2482
9890 88 1151
9991 68 4440
9989 36 3593
9891 70 595
9992 45 415
9990 21 4896
9892 81 4952
9993 96 2096
9991 39 2326
9893 66 2365
9994 95 1542
9992 62 4516
9894 55 1671
9995 85 2191
9993 44 2148
9895 99 333
9996 20 3722
9994 19 5041
9896 59 1976
9997 68 662
9995 19 925
9897 61 3700
9998 60 444
9996 45 3768
9898 19 727
9999 78 2795
9997 11 4820
9899 69 2287
10000 67 4536
9998 84 3835
9900 41 2201
9999 20 1573
