10000 191 1 10000
2
3
3
3
3
3
3
3
3
3
3
3
3
3
3
3
3
3
3
3
3
3
3
3
3
3
3
3
3
3
3
3
3
3
3
3
3
3
3
3
3
3
3
3
3
3
3
3
3
3
3
3
3
3
3
3
3
3
3
3
3
3
3
3
3
3
3
3
3
3
3
3
3
3
3
3
3
3
3
3
3
3
3
3
3
3
3
3
3
3
3
3
3
3
3
3
3
3
3
2
3
4
4
4
4
4
4
4
4
4
4
4
4
4
4
4
4
4
4
4
4
4
4
4
4
4
4
4
4
4
4
4
4
4
4
4
4
4
4
4
4
4
4
4
4
4
4
4
4
4
4
4
4
4
4
4
4
4
4
4
4
4
4
4
4
4
4
4
4
4
4
4
4
4
4
4
4
4
4
4
4
4
4
4
4
4
4
4
4
4
4
4
4
4
4
4
4
4
4
3
3
4
4
4
4
4
4
4
4
4
4
4
4
4
4
4
4
4
4
4
4
4
4
4
4
4
4
4
4
4
4
4
4
4
4
4
4
4
4
4
4
4
4
4
4
4
4
4
4
4
4
4
4
4
4
4
4
4
4
4
4
4
4
4
4
4
4
4
4
4
4
4
4
4
4
4
4
4
4
4
4
4
4
4
4
4
4
4
4
4
4
4
4
4
4
4
4
4
4
3
3
4
4
4
4
4
4
4
4
4
4
4
4
4
4
4
4
4
4
4
4
4
4
4
4
4
4
4
4
4
4
4
4
4
4
4
4
4
4
4
4
4
4
4
4
4
4
4
4
4
4
4
4
4
4
4
4
4
4
4
4
4
4
4
4
4
4
4
4
4
4
4
4
4
4
4
4
4
4
4
4
4
4
4
4
4
4
4
4
4
4
4
4
4
4
4
4
4
4
3
3
4
4
4
4
4
4
4
4
4
4
4
4
4
4
4
4
4
4
4
4
4
4
4
4
4
4
4
4
4
4
4
4
4
4
4
4
4
4
4
4
4
4
4
4
4
4
4
4
4
4
4
4
4
4
4
4
4
4
4
4
4
4
4
4
4
4
4
4
4
4
4
4
4
4
4
4
4
4
4
4
4
4
4
4
4
4
4
4
4
4
4
4
4
4
4
4
4
4
3
3
4
4
4
4
4
4
4
4
4
4
4
4
4
4
4
4
4
4
4
4
4
4
4
4
4
4
4
4
4
4
4
4
4
4
4
4
4
4
4
4
4
4
4
4
4
4
4
4
4
4
4
4
4
4
4
4
4
4
4
4
4
4
4
4
4
4
4
4
4
4
4
4
4
4
4
4
4
4
4
4
4
4
4
4
4
4
4
4
4
4
4
4
4
4
4
4
4
4
3
3
4
4
4
4
4
4
4
4
4
4
4
4
4
4
4
4
4
4
4
4
4
4
4
4
4
4
4
4
4
4
4
4
4
4
4
4
4
4
4
4
4
4
4
4
4
4
4
4
4
4
4
4
4
4
4
4
4
4
4
4
4
4
4
4
4
4
4
4
4
4
4
4
4
4
4
4
4
4
4
4
4
4
4
4
4
4
4
4
4
4
4
4
4
4
4
4
4
4
3
3
4
4
4
4
4
4
4
4
4
4
4
4
4
4
4
4
4
4
4
4
4
4
4
4
4
4
4
4
4
4
4
4
4
4
4
4
4
4
4
4
4
4
4
4
4
4
4
4
4
4
4
4
4
4
4
4
4
4
4
4
4
4
4
4
4
4
4
4
4
4
4
4
4
4
4
4
4
4
4
4
4
4
4
4
4
4
4
4
4
4
4
4
4
4
4
4
4
4
3
3
4
4
4
4
4
4
4
4
4
4
4
4
4
4
4
4
4
4
4
4
4
4
4
4
4
4
4
4
4
4
4
4
4
4
4
4
4
4
4
4
4
4
4
4
4
4
4
4
4
4
4
4
4
4
4
4
4
4
4
4
4
4
4
4
4
4
4
4
4
4
4
4
4
4
4
4
4
4
4
4
4
4
4
4
4
4
4
4
4
4
4
4
4
4
4
4
4
4
3
3
4
4
4
4
4
4
4
4
4
4
4
4
4
4
4
4
4
4
4
4
4
4
4
4
4
4
4
4
4
4
4
4
4
4
4
4
4
4
4
4
4
4
4
4
4
4
4
4
4
4
4
4
4
4
4
4
4
4
4
4
4
4
4
4
4
4
4
4
4
4
4
4
4
4
4
4
4
4
4
4
4
4
4
4
4
4
4
4
4
4
4
4
4
4
4
4
4
4
3
3
4
4
4
4
4
4
4
4
4
4
4
4
4
4
4
4
4
4
4
4
4
4
4
4
4
4
4
4
4
4
4
4
4
4
4
4
4
4
4
4
4
4
4
4
4
4
4
4
4
4
4
4
4
4
4
4
4
4
4
4
4
4
4
4
4
4
4
4
4
4
4
4
4
4
4
4
4
4
4
4
4
4
4
4
4
4
4
4
4
4
4
4
4
4
4
4
4
4
3
3
4
4
4
4
4
4
4
4
4
4
4
4
4
4
4
4
4
4
4
4
4
4
4
4
4
4
4
4
4
4
4
4
4
4
4
4
4
4
4
4
4
4
4
4
4
4
4
4
4
4
4
4
4
4
4
4
4
4
4
4
4
4
4
4
4
4
4
4
4
4
4
4
4
4
4
4
4
4
4
4
4
4
4
4
4
4
4
4
4
4
4
4
4
4
4
4
4
4
3
3
4
4
4
4
4
4
4
4
4
4
4
4
4
4
4
4
4
4
4
4
4
4
4
4
4
4
4
4
4
4
4
4
4
4
4
4
4
4
4
4
4
4
4
4
4
4
4
4
4
4
4
4
4
4
4
4
4
4
4
4
4
4
4
4
4
4
4
4
4
4
4
4
4
4
4
4
4
4
4
4
4
4
4
4
4
4
4
4
4
4
4
4
4
4
4
4
4
4
3
3
4
4
4
4
4
4
4
4
4
4
4
4
4
4
4
4
4
4
4
4
4
4
4
4
4
4
4
4
4
4
4
4
4
4
4
4
4
4
4
4
4
4
4
4
4
4
4
4
4
4
4
4
4
4
4
4
4
4
4
4
4
4
4
4
4
4
4
4
4
4
4
4
4
4
4
4
4
4
4
4
4
4
4
4
4
4
4
4
4
4
4
4
4
4
4
4
4
4
3
3
4
4
4
4
4
4
4
4
4
4
4
4
4
4
4
4
4
4
4
4
4
4
4
4
4
4
4
4
4
4
4
4
4
4
4
4
4
4
4
4
4
4
4
4
4
4
4
4
4
4
4
4
4
4
4
4
4
4
4
4
4
4
4
4
4
4
4
4
4
4
4
4
4
4
4
4
4
4
4
4
4
4
4
4
4
4
4
4
4
4
4
4
4
4
4
4
4
4
3
3
4
4
4
4
4
4
4
4
4
4
4
4
4
4
4
4
4
4
4
4
4
4
4
4
4
4
4
4
4
4
4
4
4
4
4
4
4
4
4
4
4
4
4
4
4
4
4
4
4
4
4
4
4
4
4
4
4
4
4
4
4
4
4
4
4
4
4
4
4
4
4
4
4
4
4
4
4
4
4
4
4
4
4
4
4
4
4
4
4
4
4
4
4
4
4
4
4
4
3
3
4
4
4
4
4
4
4
4
4
4
4
4
4
4
4
4
4
4
4
4
4
4
4
4
4
4
4
4
4
4
4
4
4
4
4
4
4
4
4
4
4
4
4
4
4
4
4
4
4
4
4
4
4
4
4
4
4
4
4
4
4
4
4
4
4
4
4
4
4
4
4
4
4
4
4
4
4
4
4
4
4
4
4
4
4
4
4
4
4
4
4
4
4
4
4
4
4
4
3
3
4
4
4
4
4
4
4
4
4
4
4
4
4
4
4
4
4
4
4
4
4
4
4
4
4
4
4
4
4
4
4
4
4
4
4
4
4
4
4
4
4
4
4
4
4
4
4
4
4
4
4
4
4
4
4
4
4
4
4
4
4
4
4
4
4
4
4
4
4
4
4
4
4
4
4
4
4
4
4
4
4
4
4
4
4
4
4
4
4
4
4
4
4
4
4
4
4
4
3
3
4
4
4
4
4
4
4
4
4
4
4
4
4
4
4
4
4
4
4
4
4
4
4
4
4
4
4
4
4
4
4
4
4
4
4
4
4
4
4
4
4
4
4
4
4
4
4
4
4
4
4
4
4
4
4
4
4
4
4
4
4
4
4
4
4
4
4
4
4
4
4
4
4
4
4
4
4
4
4
4
4
4
4
4
4
4
4
4
4
4
4
4
4
4
4
4
4
4
3
3
4
4
4
4
4
4
4
4
4
4
4
4
4
4
4
4
4
4
4
4
4
4
4
4
4
4
4
4
4
4
4
4
4
4
4
4
4
4
4
4
4
4
4
4
4
4
4
4
4
4
4
4
4
4
4
4
4
4
4
4
4
4
4
4
4
4
4
4
4
4
4
4
4
4
4
4
4
4
4
4
4
4
4
4
4
4
4
4
4
4
4
4
4
4
4
4
4
4
3
3
4
4
4
4
4
4
4
4
4
4
4
4
4
4
4
4
4
4
4
4
4
4
4
4
4
4
4
4
4
4
4
4
4
4
4
4
4
4
4
4
4
4
4
4
4
4
4
4
4
4
4
4
4
4
4
4
4
4
4
4
4
4
4
4
4
4
4
4
4
4
4
4
4
4
4
4
4
4
4
4
4
4
4
4
4
4
4
4
4
4
4
4
4
4
4
4
4
4
3
3
4
4
4
4
4
4
4
4
4
4
4
4
4
4
4
4
4
4
4
4
4
4
4
4
4
4
4
4
4
4
4
4
4
4
4
4
4
4
4
4
4
4
4
4
4
4
4
4
4
4
4
4
4
4
4
4
4
4
4
4
4
4
4
4
4
4
4
4
4
4
4
4
4
4
4
4
4
4
4
4
4
4
4
4
4
4
4
4
4
4
4
4
4
4
4
4
4
4
3
3
4
4
4
4
4
4
4
4
4
4
4
4
4
4
4
4
4
4
4
4
4
4
4
4
4
4
4
4
4
4
4
4
4
4
4
4
4
4
4
4
4
4
4
4
4
4
4
4
4
4
4
4
4
4
4
4
4
4
4
4
4
4
4
4
4
4
4
4
4
4
4
4
4
4
4
4
4
4
4
4
4
4
4
4
4
4
4
4
4
4
4
4
4
4
4
4
4
4
3
3
4
4
4
4
4
4
4
4
4
4
4
4
4
4
4
4
4
4
4
4
4
4
4
4
4
4
4
4
4
4
4
4
4
4
4
4
4
4
4
4
4
4
4
4
4
4
4
4
4
4
4
4
4
4
4
4
4
4
4
4
4
4
4
4
4
4
4
4
4
4
4
4
4
4
4
4
4
4
4
4
4
4
4
4
4
4
4
4
4
4
4
4
4
4
4
4
4
4
3
3
4
4
4
4
4
4
4
4
4
4
4
4
4
4
4
4
4
4
4
4
4
4
4
4
4
4
4
4
4
4
4
4
4
4
4
4
4
4
4
4
4
4
4
4
4
4
4
4
4
4
4
4
4
4
4
4
4
4
4
4
4
4
4
4
4
4
4
4
4
4
4
4
4
4
4
4
4
4
4
4
4
4
4
4
4
4
4
4
4
4
4
4
4
4
4
4
4
4
3
3
4
4
4
4
4
4
4
4
4
4
4
4
4
4
4
4
4
4
4
4
4
4
4
4
4
4
4
4
4
4
4
4
4
4
4
4
4
4
4
4
4
4
4
4
4
4
4
4
4
4
4
4
4
4
4
4
4
4
4
4
4
4
4
4
4
4
4
4
4
4
4
4
4
4
4
4
4
4
4
4
4
4
4
4
4
4
4
4
4
4
4
4
4
4
4
4
4
4
3
3
4
4
4
4
4
4
4
4
4
4
4
4
4
4
4
4
4
4
4
4
4
4
4
4
4
4
4
4
4
4
4
4
4
4
4
4
4
4
4
4
4
4
4
4
4
4
4
4
4
4
4
4
4
4
4
4
4
4
4
4
4
4
4
4
4
4
4
4
4
4
4
4
4
4
4
4
4
4
4
4
4
4
4
4
4
4
4
4
4
4
4
4
4
4
4
4
4
4
3
3
4
4
4
4
4
4
4
4
4
4
4
4
4
4
4
4
4
4
4
4
4
4
4
4
4
4
4
4
4
4
4
4
4
4
4
4
4
4
4
4
4
4
4
4
4
4
4
4
4
4
4
4
4
4
4
4
4
4
4
4
4
4
4
4
4
4
4
4
4
4
4
4
4
4
4
4
4
4
4
4
4
4
4
4
4
4
4
4
4
4
4
4
4
4
4
4
4
4
3
3
4
4
4
4
4
4
4
4
4
4
4
4
4
4
4
4
4
4
4
4
4
4
4
4
4
4
4
4
4
4
4
4
4
4
4
4
4
4
4
4
4
4
4
4
4
4
4
4
4
4
4
4
4
4
4
4
4
4
4
4
4
4
4
4
4
4
4
4
4
4
4
4
4
4
4
4
4
4
4
4
4
4
4
4
4
4
4
4
4
4
4
4
4
4
4
4
4
4
3
3
4
4
4
4
4
4
4
4
4
4
4
4
4
4
4
4
4
4
4
4
4
4
4
4
4
4
4
4
4
4
4
4
4
4
4
4
4
4
4
4
4
4
4
4
4
4
4
4
4
4
4
4
4
4
4
4
4
4
4
4
4
4
4
4
4
4
4
4
4
4
4
4
4
4
4
4
4
4
4
4
4
4
4
4
4
4
4
4
4
4
4
4
4
4
4
4
4
4
3
3
4
4
4
4
4
4
4
4
4
4
4
4
4
4
4
4
4
4
4
4
4
4
4
4
4
4
4
4
4
4
4
4
4
4
4
4
4
4
4
4
4
4
4
4
4
4
4
4
4
4
4
4
4
4
4
4
4
4
4
4
4
4
4
4
4
4
4
4
4
4
4
4
4
4
4
4
4
4
4
4
4
4
4
4
4
4
4
4
4
4
4
4
4
4
4
4
4
4
3
3
4
4
4
4
4
4
4
4
4
4
4
4
4
4
4
4
4
4
4
4
4
4
4
4
4
4
4
4
4
4
4
4
4
4
4
4
4
4
4
4
4
4
4
4
4
4
4
4
4
4
4
4
4
4
4
4
4
4
4
4
4
4
4
4
4
4
4
4
4
4
4
4
4
4
4
4
4
4
4
4
4
4
4
4
4
4
4
4
4
4
4
4
4
4
4
4
4
4
3
3
4
4
4
4
4
4
4
4
4
4
4
4
4
4
4
4
4
4
4
4
4
4
4
4
4
4
4
4
4
4
4
4
4
4
4
4
4
4
4
4
4
4
4
4
4
4
4
4
4
4
4
4
4
4
4
4
4
4
4
4
4
4
4
4
4
4
4
4
4
4
4
4
4
4
4
4
4
4
4
4
4
4
4
4
4
4
4
4
4
4
4
4
4
4
4
4
4
4
3
3
4
4
4
4
4
4
4
4
4
4
4
4
4
4
4
4
4
4
4
4
4
4
4
4
4
4
4
4
4
4
4
4
4
4
4
4
4
4
4
4
4
4
4
4
4
4
4
4
4
4
4
4
4
4
4
4
4
4
4
4
4
4
4
4
4
4
4
4
4
4
4
4
4
4
4
4
4
4
4
4
4
4
4
4
4
4
4
4
4
4
4
4
4
4
4
4
4
4
3
3
4
4
4
4
4
4
4
4
4
4
4
4
4
4
4
4
4
4
4
4
4
4
4
4
4
4
4
4
4
4
4
4
4
4
4
4
4
4
4
4
4
4
4
4
4
4
4
4
4
4
4
4
4
4
4
4
4
4
4
4
4
4
4
4
4
4
4
4
4
4
4
4
4
4
4
4
4
4
4
4
4
4
4
4
4
4
4
4
4
4
4
4
4
4
4
4
4
4
3
3
4
4
4
4
4
4
4
4
4
4
4
4
4
4
4
4
4
4
4
4
4
4
4
4
4
4
4
4
4
4
4
4
4
4
4
4
4
4
4
4
4
4
4
4
4
4
4
4
4
4
4
4
4
4
4
4
4
4
4
4
4
4
4
4
4
4
4
4
4
4
4
4
4
4
4
4
4
4
4
4
4
4
4
4
4
4
4
4
4
4
4
4
4
4
4
4
4
4
3
3
4
4
4
4
4
4
4
4
4
4
4
4
4
4
4
4
4
4
4
4
4
4
4
4
4
4
4
4
4
4
4
4
4
4
4
4
4
4
4
4
4
4
4
4
4
4
4
4
4
4
4
4
4
4
4
4
4
4
4
4
4
4
4
4
4
4
4
4
4
4
4
4
4
4
4
4
4
4
4
4
4
4
4
4
4
4
4
4
4
4
4
4
4
4
4
4
4
4
3
3
4
4
4
4
4
4
4
4
4
4
4
4
4
4
4
4
4
4
4
4
4
4
4
4
4
4
4
4
4
4
4
4
4
4
4
4
4
4
4
4
4
4
4
4
4
4
4
4
4
4
4
4
4
4
4
4
4
4
4
4
4
4
4
4
4
4
4
4
4
4
4
4
4
4
4
4
4
4
4
4
4
4
4
4
4
4
4
4
4
4
4
4
4
4
4
4
4
4
3
3
4
4
4
4
4
4
4
4
4
4
4
4
4
4
4
4
4
4
4
4
4
4
4
4
4
4
4
4
4
4
4
4
4
4
4
4
4
4
4
4
4
4
4
4
4
4
4
4
4
4
4
4
4
4
4
4
4
4
4
4
4
4
4
4
4
4
4
4
4
4
4
4
4
4
4
4
4
4
4
4
4
4
4
4
4
4
4
4
4
4
4
4
4
4
4
4
4
4
3
3
4
4
4
4
4
4
4
4
4
4
4
4
4
4
4
4
4
4
4
4
4
4
4
4
4
4
4
4
4
4
4
4
4
4
4
4
4
4
4
4
4
4
4
4
4
4
4
4
4
4
4
4
4
4
4
4
4
4
4
4
4
4
4
4
4
4
4
4
4
4
4
4
4
4
4
4
4
4
4
4
4
4
4
4
4
4
4
4
4
4
4
4
4
4
4
4
4
4
3
3
4
4
4
4
4
4
4
4
4
4
4
4
4
4
4
4
4
4
4
4
4
4
4
4
4
4
4
4
4
4
4
4
4
4
4
4
4
4
4
4
4
4
4
4
4
4
4
4
4
4
4
4
4
4
4
4
4
4
4
4
4
4
4
4
4
4
4
4
4
4
4
4
4
4
4
4
4
4
4
4
4
4
4
4
4
4
4
4
4
4
4
4
4
4
4
4
4
4
3
3
4
4
4
4
4
4
4
4
4
4
4
4
4
4
4
4
4
4
4
4
4
4
4
4
4
4
4
4
4
4
4
4
4
4
4
4
4
4
4
4
4
4
4
4
4
4
4
4
4
4
4
4
4
4
4
4
4
4
4
4
4
4
4
4
4
4
4
4
4
4
4
4
4
4
4
4
4
4
4
4
4
4
4
4
4
4
4
4
4
4
4
4
4
4
4
4
4
4
3
3
4
4
4
4
4
4
4
4
4
4
4
4
4
4
4
4
4
4
4
4
4
4
4
4
4
4
4
4
4
4
4
4
4
4
4
4
4
4
4
4
4
4
4
4
4
4
4
4
4
4
4
4
4
4
4
4
4
4
4
4
4
4
4
4
4
4
4
4
4
4
4
4
4
4
4
4
4
4
4
4
4
4
4
4
4
4
4
4
4
4
4
4
4
4
4
4
4
4
3
3
4
4
4
4
4
4
4
4
4
4
4
4
4
4
4
4
4
4
4
4
4
4
4
4
4
4
4
4
4
4
4
4
4
4
4
4
4
4
4
4
4
4
4
4
4
4
4
4
4
4
4
4
4
4
4
4
4
4
4
4
4
4
4
4
4
4
4
4
4
4
4
4
4
4
4
4
4
4
4
4
4
4
4
4
4
4
4
4
4
4
4
4
4
4
4
4
4
4
3
3
4
4
4
4
4
4
4
4
4
4
4
4
4
4
4
4
4
4
4
4
4
4
4
4
4
4
4
4
4
4
4
4
4
4
4
4
4
4
4
4
4
4
4
4
4
4
4
4
4
4
4
4
4
4
4
4
4
4
4
4
4
4
4
4
4
4
4
4
4
4
4
4
4
4
4
4
4
4
4
4
4
4
4
4
4
4
4
4
4
4
4
4
4
4
4
4
4
4
3
3
4
4
4
4
4
4
4
4
4
4
4
4
4
4
4
4
4
4
4
4
4
4
4
4
4
4
4
4
4
4
4
4
4
4
4
4
4
4
4
4
4
4
4
4
4
4
4
4
4
4
4
4
4
4
4
4
4
4
4
4
4
4
4
4
4
4
4
4
4
4
4
4
4
4
4
4
4
4
4
4
4
4
4
4
4
4
4
4
4
4
4
4
4
4
4
4
4
4
3
3
4
4
4
4
4
4
4
4
4
4
4
4
4
4
4
4
4
4
4
4
4
4
4
4
4
4
4
4
4
4
4
4
4
4
4
4
4
4
4
4
4
4
4
4
4
4
4
4
4
4
4
4
4
4
4
4
4
4
4
4
4
4
4
4
4
4
4
4
4
4
4
4
4
4
4
4
4
4
4
4
4
4
4
4
4
4
4
4
4
4
4
4
4
4
4
4
4
4
3
3
4
4
4
4
4
4
4
4
4
4
4
4
4
4
4
4
4
4
4
4
4
4
4
4
4
4
4
4
4
4
4
4
4
4
4
4
4
4
4
4
4
4
4
4
4
4
4
4
4
4
4
4
4
4
4
4
4
4
4
4
4
4
4
4
4
4
4
4
4
4
4
4
4
4
4
4
4
4
4
4
4
4
4
4
4
4
4
4
4
4
4
4
4
4
4
4
4
4
3
3
4
4
4
4
4
4
4
4
4
4
4
4
4
4
4
4
4
4
4
4
4
4
4
4
4
4
4
4
4
4
4
4
4
4
4
4
4
4
4
4
4
4
4
4
4
4
4
4
4
4
4
4
4
4
4
4
4
4
4
4
4
4
4
4
4
4
4
4
4
4
4
4
4
4
4
4
4
4
4
4
4
4
4
4
4
4
4
4
4
4
4
4
4
4
4
4
4
4
3
3
4
4
4
4
4
4
4
4
4
4
4
4
4
4
4
4
4
4
4
4
4
4
4
4
4
4
4
4
4
4
4
4
4
4
4
4
4
4
4
4
4
4
4
4
4
4
4
4
4
4
4
4
4
4
4
4
4
4
4
4
4
4
4
4
4
4
4
4
4
4
4
4
4
4
4
4
4
4
4
4
4
4
4
4
4
4
4
4
4
4
4
4
4
4
4
4
4
4
3
3
4
4
4
4
4
4
4
4
4
4
4
4
4
4
4
4
4
4
4
4
4
4
4
4
4
4
4
4
4
4
4
4
4
4
4
4
4
4
4
4
4
4
4
4
4
4
4
4
4
4
4
4
4
4
4
4
4
4
4
4
4
4
4
4
4
4
4
4
4
4
4
4
4
4
4
4
4
4
4
4
4
4
4
4
4
4
4
4
4
4
4
4
4
4
4
4
4
4
3
3
4
4
4
4
4
4
4
4
4
4
4
4
4
4
4
4
4
4
4
4
4
4
4
4
4
4
4
4
4
4
4
4
4
4
4
4
4
4
4
4
4
4
4
4
4
4
4
4
4
4
4
4
4
4
4
4
4
4
4
4
4
4
4
4
4
4
4
4
4
4
4
4
4
4
4
4
4
4
4
4
4
4
4
4
4
4
4
4
4
4
4
4
4
4
4
4
4
4
3
3
4
4
4
4
4
4
4
4
4
4
4
4
4
4
4
4
4
4
4
4
4
4
4
4
4
4
4
4
4
4
4
4
4
4
4
4
4
4
4
4
4
4
4
4
4
4
4
4
4
4
4
4
4
4
4
4
4
4
4
4
4
4
4
4
4
4
4
4
4
4
4
4
4
4
4
4
4
4
4
4
4
4
4
4
4
4
4
4
4
4
4
4
4
4
4
4
4
4
3
3
4
4
4
4
4
4
4
4
4
4
4
4
4
4
4
4
4
4
4
4
4
4
4
4
4
4
4
4
4
4
4
4
4
4
4
4
4
4
4
4
4
4
4
4
4
4
4
4
4
4
4
4
4
4
4
4
4
4
4
4
4
4
4
4
4
4
4
4
4
4
4
4
4
4
4
4
4
4
4
4
4
4
4
4
4
4
4
4
4
4
4
4
4
4
4
4
4
4
3
3
4
4
4
4
4
4
4
4
4
4
4
4
4
4
4
4
4
4
4
4
4
4
4
4
4
4
4
4
4
4
4
4
4
4
4
4
4
4
4
4
4
4
4
4
4
4
4
4
4
4
4
4
4
4
4
4
4
4
4
4
4
4
4
4
4
4
4
4
4
4
4
4
4
4
4
4
4
4
4
4
4
4
4
4
4
4
4
4
4
4
4
4
4
4
4
4
4
4
3
3
4
4
4
4
4
4
4
4
4
4
4
4
4
4
4
4
4
4
4
4
4
4
4
4
4
4
4
4
4
4
4
4
4
4
4
4
4
4
4
4
4
4
4
4
4
4
4
4
4
4
4
4
4
4
4
4
4
4
4
4
4
4
4
4
4
4
4
4
4
4
4
4
4
4
4
4
4
4
4
4
4
4
4
4
4
4
4
4
4
4
4
4
4
4
4
4
4
4
3
3
4
4
4
4
4
4
4
4
4
4
4
4
4
4
4
4
4
4
4
4
4
4
4
4
4
4
4
4
4
4
4
4
4
4
4
4
4
4
4
4
4
4
4
4
4
4
4
4
4
4
4
4
4
4
4
4
4
4
4
4
4
4
4
4
4
4
4
4
4
4
4
4
4
4
4
4
4
4
4
4
4
4
4
4
4
4
4
4
4
4
4
4
4
4
4
4
4
4
3
3
4
4
4
4
4
4
4
4
4
4
4
4
4
4
4
4
4
4
4
4
4
4
4
4
4
4
4
4
4
4
4
4
4
4
4
4
4
4
4
4
4
4
4
4
4
4
4
4
4
4
4
4
4
4
4
4
4
4
4
4
4
4
4
4
4
4
4
4
4
4
4
4
4
4
4
4
4
4
4
4
4
4
4
4
4
4
4
4
4
4
4
4
4
4
4
4
4
4
3
3
4
4
4
4
4
4
4
4
4
4
4
4
4
4
4
4
4
4
4
4
4
4
4
4
4
4
4
4
4
4
4
4
4
4
4
4
4
4
4
4
4
4
4
4
4
4
4
4
4
4
4
4
4
4
4
4
4
4
4
4
4
4
4
4
4
4
4
4
4
4
4
4
4
4
4
4
4
4
4
4
4
4
4
4
4
4
4
4
4
4
4
4
4
4
4
4
4
4
3
3
4
4
4
4
4
4
4
4
4
4
4
4
4
4
4
4
4
4
4
4
4
4
4
4
4
4
4
4
4
4
4
4
4
4
4
4
4
4
4
4
4
4
4
4
4
4
4
4
4
4
4
4
4
4
4
4
4
4
4
4
4
4
4
4
4
4
4
4
4
4
4
4
4
4
4
4
4
4
4
4
4
4
4
4
4
4
4
4
4
4
4
4
4
4
4
4
4
4
3
3
4
4
4
4
4
4
4
4
4
4
4
4
4
4
4
4
4
4
4
4
4
4
4
4
4
4
4
4
4
4
4
4
4
4
4
4
4
4
4
4
4
4
4
4
4
4
4
4
4
4
4
4
4
4
4
4
4
4
4
4
4
4
4
4
4
4
4
4
4
4
4
4
4
4
4
4
4
4
4
4
4
4
4
4
4
4
4
4
4
4
4
4
4
4
4
4
4
4
3
3
4
4
4
4
4
4
4
4
4
4
4
4
4
4
4
4
4
4
4
4
4
4
4
4
4
4
4
4
4
4
4
4
4
4
4
4
4
4
4
4
4
4
4
4
4
4
4
4
4
4
4
4
4
4
4
4
4
4
4
4
4
4
4
4
4
4
4
4
4
4
4
4
4
4
4
4
4
4
4
4
4
4
4
4
4
4
4
4
4
4
4
4
4
4
4
4
4
4
3
3
4
4
4
4
4
4
4
4
4
4
4
4
4
4
4
4
4
4
4
4
4
4
4
4
4
4
4
4
4
4
4
4
4
4
4
4
4
4
4
4
4
4
4
4
4
4
4
4
4
4
4
4
4
4
4
4
4
4
4
4
4
4
4
4
4
4
4
4
4
4
4
4
4
4
4
4
4
4
4
4
4
4
4
4
4
4
4
4
4
4
4
4
4
4
4
4
4
4
3
3
4
4
4
4
4
4
4
4
4
4
4
4
4
4
4
4
4
4
4
4
4
4
4
4
4
4
4
4
4
4
4
4
4
4
4
4
4
4
4
4
4
4
4
4
4
4
4
4
4
4
4
4
4
4
4
4
4
4
4
4
4
4
4
4
4
4
4
4
4
4
4
4
4
4
4
4
4
4
4
4
4
4
4
4
4
4
4
4
4
4
4
4
4
4
4
4
4
4
3
3
4
4
4
4
4
4
4
4
4
4
4
4
4
4
4
4
4
4
4
4
4
4
4
4
4
4
4
4
4
4
4
4
4
4
4
4
4
4
4
4
4
4
4
4
4
4
4
4
4
4
4
4
4
4
4
4
4
4
4
4
4
4
4
4
4
4
4
4
4
4
4
4
4
4
4
4
4
4
4
4
4
4
4
4
4
4
4
4
4
4
4
4
4
4
4
4
4
4
3
3
4
4
4
4
4
4
4
4
4
4
4
4
4
4
4
4
4
4
4
4
4
4
4
4
4
4
4
4
4
4
4
4
4
4
4
4
4
4
4
4
4
4
4
4
4
4
4
4
4
4
4
4
4
4
4
4
4
4
4
4
4
4
4
4
4
4
4
4
4
4
4
4
4
4
4
4
4
4
4
4
4
4
4
4
4
4
4
4
4
4
4
4
4
4
4
4
4
4
3
3
4
4
4
4
4
4
4
4
4
4
4
4
4
4
4
4
4
4
4
4
4
4
4
4
4
4
4
4
4
4
4
4
4
4
4
4
4
4
4
4
4
4
4
4
4
4
4
4
4
4
4
4
4
4
4
4
4
4
4
4
4
4
4
4
4
4
4
4
4
4
4
4
4
4
4
4
4
4
4
4
4
4
4
4
4
4
4
4
4
4
4
4
4
4
4
4
4
4
3
3
4
4
4
4
4
4
4
4
4
4
4
4
4
4
4
4
4
4
4
4
4
4
4
4
4
4
4
4
4
4
4
4
4
4
4
4
4
4
4
4
4
4
4
4
4
4
4
4
4
4
4
4
4
4
4
4
4
4
4
4
4
4
4
4
4
4
4
4
4
4
4
4
4
4
4
4
4
4
4
4
4
4
4
4
4
4
4
4
4
4
4
4
4
4
4
4
4
4
3
3
4
4
4
4
4
4
4
4
4
4
4
4
4
4
4
4
4
4
4
4
4
4
4
4
4
4
4
4
4
4
4
4
4
4
4
4
4
4
4
4
4
4
4
4
4
4
4
4
4
4
4
4
4
4
4
4
4
4
4
4
4
4
4
4
4
4
4
4
4
4
4
4
4
4
4
4
4
4
4
4
4
4
4
4
4
4
4
4
4
4
4
4
4
4
4
4
4
4
3
3
4
4
4
4
4
4
4
4
4
4
4
4
4
4
4
4
4
4
4
4
4
4
4
4
4
4
4
4
4
4
4
4
4
4
4
4
4
4
4
4
4
4
4
4
4
4
4
4
4
4
4
4
4
4
4
4
4
4
4
4
4
4
4
4
4
4
4
4
4
4
4
4
4
4
4
4
4
4
4
4
4
4
4
4
4
4
4
4
4
4
4
4
4
4
4
4
4
4
3
3
4
4
4
4
4
4
4
4
4
4
4
4
4
4
4
4
4
4
4
4
4
4
4
4
4
4
4
4
4
4
4
4
4
4
4
4
4
4
4
4
4
4
4
4
4
4
4
4
4
4
4
4
4
4
4
4
4
4
4
4
4
4
4
4
4
4
4
4
4
4
4
4
4
4
4
4
4
4
4
4
4
4
4
4
4
4
4
4
4
4
4
4
4
4
4
4
4
4
3
3
4
4
4
4
4
4
4
4
4
4
4
4
4
4
4
4
4
4
4
4
4
4
4
4
4
4
4
4
4
4
4
4
4
4
4
4
4
4
4
4
4
4
4
4
4
4
4
4
4
4
4
4
4
4
4
4
4
4
4
4
4
4
4
4
4
4
4
4
4
4
4
4
4
4
4
4
4
4
4
4
4
4
4
4
4
4
4
4
4
4
4
4
4
4
4
4
4
4
3
3
4
4
4
4
4
4
4
4
4
4
4
4
4
4
4
4
4
4
4
4
4
4
4
4
4
4
4
4
4
4
4
4
4
4
4
4
4
4
4
4
4
4
4
4
4
4
4
4
4
4
4
4
4
4
4
4
4
4
4
4
4
4
4
4
4
4
4
4
4
4
4
4
4
4
4
4
4
4
4
4
4
4
4
4
4
4
4
4
4
4
4
4
4
4
4
4
4
4
3
3
4
4
4
4
4
4
4
4
4
4
4
4
4
4
4
4
4
4
4
4
4
4
4
4
4
4
4
4
4
4
4
4
4
4
4
4
4
4
4
4
4
4
4
4
4
4
4
4
4
4
4
4
4
4
4
4
4
4
4
4
4
4
4
4
4
4
4
4
4
4
4
4
4
4
4
4
4
4
4
4
4
4
4
4
4
4
4
4
4
4
4
4
4
4
4
4
4
4
3
3
4
4
4
4
4
4
4
4
4
4
4
4
4
4
4
4
4
4
4
4
4
4
4
4
4
4
4
4
4
4
4
4
4
4
4
4
4
4
4
4
4
4
4
4
4
4
4
4
4
4
4
4
4
4
4
4
4
4
4
4
4
4
4
4
4
4
4
4
4
4
4
4
4
4
4
4
4
4
4
4
4
4
4
4
4
4
4
4
4
4
4
4
4
4
4
4
4
4
3
3
4
4
4
4
4
4
4
4
4
4
4
4
4
4
4
4
4
4
4
4
4
4
4
4
4
4
4
4
4
4
4
4
4
4
4
4
4
4
4
4
4
4
4
4
4
4
4
4
4
4
4
4
4
4
4
4
4
4
4
4
4
4
4
4
4
4
4
4
4
4
4
4
4
4
4
4
4
4
4
4
4
4
4
4
4
4
4
4
4
4
4
4
4
4
4
4
4
4
3
3
4
4
4
4
4
4
4
4
4
4
4
4
4
4
4
4
4
4
4
4
4
4
4
4
4
4
4
4
4
4
4
4
4
4
4
4
4
4
4
4
4
4
4
4
4
4
4
4
4
4
4
4
4
4
4
4
4
4
4
4
4
4
4
4
4
4
4
4
4
4
4
4
4
4
4
4
4
4
4
4
4
4
4
4
4
4
4
4
4
4
4
4
4
4
4
4
4
4
3
3
4
4
4
4
4
4
4
4
4
4
4
4
4
4
4
4
4
4
4
4
4
4
4
4
4
4
4
4
4
4
4
4
4
4
4
4
4
4
4
4
4
4
4
4
4
4
4
4
4
4
4
4
4
4
4
4
4
4
4
4
4
4
4
4
4
4
4
4
4
4
4
4
4
4
4
4
4
4
4
4
4
4
4
4
4
4
4
4
4
4
4
4
4
4
4
4
4
4
3
3
4
4
4
4
4
4
4
4
4
4
4
4
4
4
4
4
4
4
4
4
4
4
4
4
4
4
4
4
4
4
4
4
4
4
4
4
4
4
4
4
4
4
4
4
4
4
4
4
4
4
4
4
4
4
4
4
4
4
4
4
4
4
4
4
4
4
4
4
4
4
4
4
4
4
4
4
4
4
4
4
4
4
4
4
4
4
4
4
4
4
4
4
4
4
4
4
4
4
3
3
4
4
4
4
4
4
4
4
4
4
4
4
4
4
4
4
4
4
4
4
4
4
4
4
4
4
4
4
4
4
4
4
4
4
4
4
4
4
4
4
4
4
4
4
4
4
4
4
4
4
4
4
4
4
4
4
4
4
4
4
4
4
4
4
4
4
4
4
4
4
4
4
4
4
4
4
4
4
4
4
4
4
4
4
4
4
4
4
4
4
4
4
4
4
4
4
4
4
3
3
4
4
4
4
4
4
4
4
4
4
4
4
4
4
4
4
4
4
4
4
4
4
4
4
4
4
4
4
4
4
4
4
4
4
4
4
4
4
4
4
4
4
4
4
4
4
4
4
4
4
4
4
4
4
4
4
4
4
4
4
4
4
4
4
4
4
4
4
4
4
4
4
4
4
4
4
4
4
4
4
4
4
4
4
4
4
4
4
4
4
4
4
4
4
4
4
4
4
3
3
4
4
4
4
4
4
4
4
4
4
4
4
4
4
4
4
4
4
4
4
4
4
4
4
4
4
4
4
4
4
4
4
4
4
4
4
4
4
4
4
4
4
4
4
4
4
4
4
4
4
4
4
4
4
4
4
4
4
4
4
4
4
4
4
4
4
4
4
4
4
4
4
4
4
4
4
4
4
4
4
4
4
4
4
4
4
4
4
4
4
4
4
4
4
4
4
4
4
3
3
4
4
4
4
4
4
4
4
4
4
4
4
4
4
4
4
4
4
4
4
4
4
4
4
4
4
4
4
4
4
4
4
4
4
4
4
4
4
4
4
4
4
4
4
4
4
4
4
4
4
4
4
4
4
4
4
4
4
4
4
4
4
4
4
4
4
4
4
4
4
4
4
4
4
4
4
4
4
4
4
4
4
4
4
4
4
4
4
4
4
4
4
4
4
4
4
4
4
3
3
4
4
4
4
4
4
4
4
4
4
4
4
4
4
4
4
4
4
4
4
4
4
4
4
4
4
4
4
4
4
4
4
4
4
4
4
4
4
4
4
4
4
4
4
4
4
4
4
4
4
4
4
4
4
4
4
4
4
4
4
4
4
4
4
4
4
4
4
4
4
4
4
4
4
4
4
4
4
4
4
4
4
4
4
4
4
4
4
4
4
4
4
4
4
4
4
4
4
3
3
4
4
4
4
4
4
4
4
4
4
4
4
4
4
4
4
4
4
4
4
4
4
4
4
4
4
4
4
4
4
4
4
4
4
4
4
4
4
4
4
4
4
4
4
4
4
4
4
4
4
4
4
4
4
4
4
4
4
4
4
4
4
4
4
4
4
4
4
4
4
4
4
4
4
4
4
4
4
4
4
4
4
4
4
4
4
4
4
4
4
4
4
4
4
4
4
4
4
3
3
4
4
4
4
4
4
4
4
4
4
4
4
4
4
4
4
4
4
4
4
4
4
4
4
4
4
4
4
4
4
4
4
4
4
4
4
4
4
4
4
4
4
4
4
4
4
4
4
4
4
4
4
4
4
4
4
4
4
4
4
4
4
4
4
4
4
4
4
4
4
4
4
4
4
4
4
4
4
4
4
4
4
4
4
4
4
4
4
4
4
4
4
4
4
4
4
4
4
3
3
4
4
4
4
4
4
4
4
4
4
4
4
4
4
4
4
4
4
4
4
4
4
4
4
4
4
4
4
4
4
4
4
4
4
4
4
4
4
4
4
4
4
4
4
4
4
4
4
4
4
4
4
4
4
4
4
4
4
4
4
4
4
4
4
4
4
4
4
4
4
4
4
4
4
4
4
4
4
4
4
4
4
4
4
4
4
4
4
4
4
4
4
4
4
4
4
4
4
3
3
4
4
4
4
4
4
4
4
4
4
4
4
4
4
4
4
4
4
4
4
4
4
4
4
4
4
4
4
4
4
4
4
4
4
4
4
4
4
4
4
4
4
4
4
4
4
4
4
4
4
4
4
4
4
4
4
4
4
4
4
4
4
4
4
4
4
4
4
4
4
4
4
4
4
4
4
4
4
4
4
4
4
4
4
4
4
4
4
4
4
4
4
4
4
4
4
4
4
3
3
4
4
4
4
4
4
4
4
4
4
4
4
4
4
4
4
4
4
4
4
4
4
4
4
4
4
4
4
4
4
4
4
4
4
4
4
4
4
4
4
4
4
4
4
4
4
4
4
4
4
4
4
4
4
4
4
4
4
4
4
4
4
4
4
4
4
4
4
4
4
4
4
4
4
4
4
4
4
4
4
4
4
4
4
4
4
4
4
4
4
4
4
4
4
4
4
4
4
3
3
4
4
4
4
4
4
4
4
4
4
4
4
4
4
4
4
4
4
4
4
4
4
4
4
4
4
4
4
4
4
4
4
4
4
4
4
4
4
4
4
4
4
4
4
4
4
4
4
4
4
4
4
4
4
4
4
4
4
4
4
4
4
4
4
4
4
4
4
4
4
4
4
4
4
4
4
4
4
4
4
4
4
4
4
4
4
4
4
4
4
4
4
4
4
4
4
4
4
3
3
4
4
4
4
4
4
4
4
4
4
4
4
4
4
4
4
4
4
4
4
4
4
4
4
4
4
4
4
4
4
4
4
4
4
4
4
4
4
4
4
4
4
4
4
4
4
4
4
4
4
4
4
4
4
4
4
4
4
4
4
4
4
4
4
4
4
4
4
4
4
4
4
4
4
4
4
4
4
4
4
4
4
4
4
4
4
4
4
4
4
4
4
4
4
4
4
4
4
3
3
4
4
4
4
4
4
4
4
4
4
4
4
4
4
4
4
4
4
4
4
4
4
4
4
4
4
4
4
4
4
4
4
4
4
4
4
4
4
4
4
4
4
4
4
4
4
4
4
4
4
4
4
4
4
4
4
4
4
4
4
4
4
4
4
4
4
4
4
4
4
4
4
4
4
4
4
4
4
4
4
4
4
4
4
4
4
4
4
4
4
4
4
4
4
4
4
4
4
3
3
4
4
4
4
4
4
4
4
4
4
4
4
4
4
4
4
4
4
4
4
4
4
4
4
4
4
4
4
4
4
4
4
4
4
4
4
4
4
4
4
4
4
4
4
4
4
4
4
4
4
4
4
4
4
4
4
4
4
4
4
4
4
4
4
4
4
4
4
4
4
4
4
4
4
4
4
4
4
4
4
4
4
4
4
4
4
4
4
4
4
4
4
4
4
4
4
4
4
3
3
4
4
4
4
4
4
4
4
4
4
4
4
4
4
4
4
4
4
4
4
4
4
4
4
4
4
4
4
4
4
4
4
4
4
4
4
4
4
4
4
4
4
4
4
4
4
4
4
4
4
4
4
4
4
4
4
4
4
4
4
4
4
4
4
4
4
4
4
4
4
4
4
4
4
4
4
4
4
4
4
4
4
4
4
4
4
4
4
4
4
4
4
4
4
4
4
4
4
3
3
4
4
4
4
4
4
4
4
4
4
4
4
4
4
4
4
4
4
4
4
4
4
4
4
4
4
4
4
4
4
4
4
4
4
4
4
4
4
4
4
4
4
4
4
4
4
4
4
4
4
4
4
4
4
4
4
4
4
4
4
4
4
4
4
4
4
4
4
4
4
4
4
4
4
4
4
4
4
4
4
4
4
4
4
4
4
4
4
4
4
4
4
4
4
4
4
4
4
3
3
4
4
4
4
4
4
4
4
4
4
4
4
4
4
4
4
4
4
4
4
4
4
4
4
4
4
4
4
4
4
4
4
4
4
4
4
4
4
4
4
4
4
4
4
4
4
4
4
4
4
4
4
4
4
4
4
4
4
4
4
4
4
4
4
4
4
4
4
4
4
4
4
4
4
4
4
4
4
4
4
4
4
4
4
4
4
4
4
4
4
4
4
4
4
4
4
4
4
3
3
4
4
4
4
4
4
4
4
4
4
4
4
4
4
4
4
4
4
4
4
4
4
4
4
4
4
4
4
4
4
4
4
4
4
4
4
4
4
4
4
4
4
4
4
4
4
4
4
4
4
4
4
4
4
4
4
4
4
4
4
4
4
4
4
4
4
4
4
4
4
4
4
4
4
4
4
4
4
4
4
4
4
4
4
4
4
4
4
4
4
4
4
4
4
4
4
4
4
3
3
4
4
4
4
4
4
4
4
4
4
4
4
4
4
4
4
4
4
4
4
4
4
4
4
4
4
4
4
4
4
4
4
4
4
4
4
4
4
4
4
4
4
4
4
4
4
4
4
4
4
4
4
4
4
4
4
4
4
4
4
4
4
4
4
4
4
4
4
4
4
4
4
4
4
4
4
4
4
4
4
4
4
4
4
4
4
4
4
4
4
4
4
4
4
4
4
4
4
3
3
4
4
4
4
4
4
4
4
4
4
4
4
4
4
4
4
4
4
4
4
4
4
4
4
4
4
4
4
4
4
4
4
4
4
4
4
4
4
4
4
4
4
4
4
4
4
4
4
4
4
4
4
4
4
4
4
4
4
4
4
4
4
4
4
4
4
4
4
4
4
4
4
4
4
4
4
4
4
4
4
4
4
4
4
4
4
4
4
4
4
4
4
4
4
4
4
4
4
3
2
3
3
3
3
3
3
3
3
3
3
3
3
3
3
3
3
3
3
3
3
3
3
3
3
3
3
3
3
3
3
3
3
3
3
3
3
3
3
3
3
3
3
3
3
3
3
3
3
3
3
3
3
3
3
3
3
3
3
3
3
3
3
3
3
3
3
3
3
3
3
3
3
3
3
3
3
3
3
3
3
3
3
3
3
3
3
3
3
3
3
3
3
3
3
3
3
3
3
2
101 43 3029
2 29 3401
102 19 4340
3 98 3859
1 45 1323
103 34 2884
4 49 1103
2 62 4622
104 55 2857
5 74 4297
3 66 2360
105 64 3623
6 46 5420
4 91 848
106 27 948
7 51 2123
5 36 1634
107 97 1616
8 35 1737
6 17 1359
108 14 1855
9 38 4488
7 81 257
109 47 5754
10 40 5474
8 95 2641
110 74 3841
11 37 798
9 19 5642
111 61 5806
12 12 4265
10 95 396
112 94 2261
13 29 595
11 65 3768
113 43 973
14 41 3559
12 27 1010
114 33 3214
15 83 4062
13 54 3442
115 95 2416
16 88 5351
14 12 157
116 57 44
17 89 916
15 91 4284
117 17 96
18 30 1914
16 11 2623
118 15 4616
19 29 4841
17 12 3053
119 49 1521
20 48 2265
18 18 5412
120 21 3621
21 99 3969
19 48 4471
121 54 3697
22 72 5156
20 98 4065
122 83 3672
23 66 4209
21 60 4756
123 80 1955
24 42 3316
22 96 5507
124 65 3615
25 30 2947
23 21 831
125 24 4299
26 53 3084
24 82 1603
126 30 1334
27 56 3042
25 75 5807
127 61 1996
28 70 1503
26 12 1631
128 15 4056
29 48 5649
27 44 4251
129 44 1613
30 28 225
28 44 5274
130 82 3828
31 10 5897
29 94 4786
131 79 4194
32 52 455
30 90 3442
132 46 2347
33 89 4796
31 11 1380
133 54 4402
34 67 640
32 76 3035
134 81 1144
35 32 4743
33 86 4757
135 98 4050
36 10 3393
34 17 4074
136 52 1810
37 69 4048
35 77 1826
137 86 2406
38 19 5766
36 45 1647
138 75 2016
39 49 4757
37 34 4654
139 59 755
40 86 252
38 58 1529
140 13 3559
41 32 362
39 36 1790
141 31 646
42 74 2792
40 18 2349
142 98 2685
43 42 2363
41 64 2287
143 82 3012
44 75 4362
42 86 4181
144 74 4202
45 48 3911
43 22 3511
145 53 854
46 62 200
44 35 454
146 48 1586
47 96 4294
45 46 5578
147 90 3377
48 69 2544
46 98 3933
148 77 2480
49 45 608
47 49 963
149 10 2762
50 49 4161
48 87 5086
150 95 4446
51 58 40
49 84 1855
151 79 1625
52 100 1171
50 49 2536
152 78 242
53 18 5060
51 85 4975
153 75 1402
54 59 482
52 82 5057
154 82 5252
55 61 150
53 97 1704
155 47 1721
56 87 653
54 16 404
156 72 2383
57 94 5107
55 33 3846
157 90 2104
58 20 2238
56 48 4491
158 17 4773
59 62 2662
57 71 4648
159 26 3305
60 96 2248
58 79 3709
160 99 5719
61 17 1192
59 99 4172
161 61 4705
62 70 641
60 37 5480
162 36 2062
63 27 4181
61 18 5
163 97 1829
64 30 2320
62 22 3265
164 33 2926
65 72 5128
63 16 4395
165 33 2313
66 83 3671
64 41 5239
166 18 5331
67 58 4421
65 74 167
167 99 5289
68 32 2828
66 62 3382
168 18 1594
69 36 2007
67 75 2803
169 34 1489
70 25 5653
68 94 1764
170 26 398
71 63 3750
69 19 1296
171 100 5051
72 71 3734
70 82 2768
172 82 3105
73 47 964
71 80 1380
173 19 65
74 17 1098
72 44 384
174 54 1485
75 28 3629
73 28 21
175 16 842
76 86 2664
74 14 132
176 38 2512
77 21 2463
75 79 850
177 43 3083
78 41 3771
76 47 4009
178 90 5485
79 21 4376
77 12 3284
179 29 2799
80 13 2403
78 56 3192
180 35 3625
81 43 5118
79 67 2007
181 30 845
82 71 123
80 70 5794
182 54 2614
83 14 187
81 84 4313
183 84 1869
84 46 2002
82 49 5472
184 14 3679
85 66 5674
83 85 423
185 98 5933
86 23 4352
84 10 3240
186 94 3990
87 59 4792
85 100 5541
187 34 1481
88 55 5252
86 45 1512
188 40 5380
89 73 2412
87 56 5497
189 57 5537
90 73 695
88 15 5282
190 50 5016
91 11 4898
89 52 4978
191 95 3807
92 17 4662
90 56 5884
192 39 5534
93 15 1373
91 87 3408
193 91 1135
94 79 515
92 73 599
194 67 3364
95 34 2593
93 27 5578
195 37 1278
96 98 4343
94 56 1807
196 40 4292
97 39 5361
95 12 1105
197 96 4975
98 28 5286
96 14 1930
198 63 3124
99 54 2128
97 66 2347
199 21 1784
100 99 1641
98 14 1843
200 80 2616
99 94 387
201 26 1880
1 14 2621
102 53 5734
202 45 1564
2 46 5645
103 88 1615
101 88 152
203 39 1347
3 10 2867
104 24 256
102 74 1843
204 92 3202
4 91 3802
105 31 253
103 73 3188
205 12 306
5 62 4861
106 18 5796
104 51 2120
206 64 3331
6 63 634
107 74 4027
105 34 5759
207 20 5131
7 51 2519
108 71 3201
106 47 5780
208 97 382
8 20 1563
109 81 3646
107 12 5043
209 33 3932
9 12 2069
110 80 3410
108 76 517
210 42 3500
10 33 5011
111 36 4370
109 90 2216
211 32 1557
11 26 5451
112 14 4946
110 96 4535
212 82 1792
12 97 894
113 35 4736
111 90 3048
213 97 2166
13 42 4594
114 23 3957
112 46 2927
214 15 1379
14 29 1089
115 47 1794
113 45 5659
215 45 912
15 25 5551
116 73 2385
114 43 1149
216 95 2787
16 47 4843
117 65 2704
115 85 2667
217 67 4813
17 31 4254
118 82 5154
116 33 2752
218 32 5906
18 41 77
119 72 3552
117 81 4466
219 72 662
19 42 1757
120 41 5101
118 87 5448
220 33 6
20 99 182
121 27 4233
119 23 4136
221 82 2470
21 95 5236
122 40 4101
120 55 5814
222 90 355
22 47 1529
123 28 797
121 44 1584
223 26 2030
23 77 1158
124 60 5730
122 45 1045
224 95 1354
24 19 4053
125 68 1380
123 36 1149
225 97 862
25 26 2201
126 79 2550
124 82 4678
226 35 2734
26 86 1887
127 35 4697
125 87 1286
227 92 1364
27 54 4145
128 47 3248
126 78 76
228 46 5653
28 30 880
129 58 2203
127 49 3207
229 29 2170
29 36 5162
130 66 717
128 79 4371
230 65 2234
30 80 3163
131 77 1191
129 56 4967
231 90 4002
31 41 4758
132 53 1836
130 99 3834
232 36 354
32 54 4883
133 65 5195
131 72 1058
233 71 1194
33 99 4430
134 90 4057
132 70 843
234 62 5271
34 42 4776
135 71 2037
133 79 874
235 18 1057
35 57 1134
136 11 615
134 88 3642
236 15 4740
36 75 2583
137 65 5391
135 73 5295
237 64 1026
37 69 1026
138 31 4942
136 40 3124
238 15 868
38 84 2735
139 49 4525
137 36 750
239 28 3374
39 61 2886
140 87 4167
138 52 3340
240 29 1731
40 68 3879
141 77 30
139 85 5691
241 11 5757
41 89 1077
142 95 3535
140 20 918
242 61 3495
42 74 2121
143 99 5917
141 92 4849
243 66 4377
43 100 4615
144 10 933
142 13 75
244 79 2216
44 96 3783
145 55 1565
143 93 445
245 63 3961
45 24 1969
146 10 1444
144 28 5539
246 57 5378
46 18 21
147 34 5247
145 82 1620
247 53 4783
47 27 5695
148 41 5440
146 27 1205
248 79 4971
48 52 2616
149 59 767
147 61 4530
249 11 5043
49 40 2052
150 61 5245
148 52 4584
250 45 4464
50 27 5875
151 98 5045
149 28 326
251 85 634
51 94 5643
152 80 2145
150 27 4829
252 75 2846
52 76 2677
153 61 4058
151 73 3935
253 30 1459
53 50 1322
154 31 2027
152 76 5298
254 78 816
54 62 5100
155 86 3052
153 53 4060
255 54 5923
55 88 4104
156 100 678
154 33 630
256 45 601
56 47 743
157 10 1581
155 20 5430
257 50 5033
57 14 379
158 96 1500
156 17 1279
258 19 4485
58 72 4132
159 12 2972
157 62 4975
259 45 1487
59 73 108
160 68 1580
158 75 3647
260 20 2357
60 55 2046
161 22 5452
159 97 3299
261 90 2172
61 54 2949
162 21 4895
160 70 1757
262 25 3931
62 36 1389
163 22 1456
161 85 4325
263 72 955
63 62 2725
164 45 3005
162 79 908
264 61 1296
64 31 705
165 19 1897
163 79 2129
265 83 3138
65 29 4398
166 41 1841
164 62 2483
266 10 547
66 13 5250
167 12 684
165 46 1815
267 96 756
67 56 3956
168 69 3349
166 60 3030
268 92 1670
68 58 3673
169 80 577
167 66 98
269 90 4863
69 84 962
170 43 1834
168 21 1805
270 65 5074
70 30 4970
171 22 679
169 59 2956
271 82 4823
71 86 5220
172 95 2279
170 81 2270
272 97 480
72 65 2690
173 61 5858
171 53 2228
273 90 3145
73 71 5118
174 30 3335
172 35 2884
274 74 3669
74 53 1417
175 44 1448
173 76 174
275 29 653
75 76 1706
176 94 1915
174 99 3656
276 91 2492
76 35 3675
177 69 3963
175 97 4683
277 77 2393
77 14 1800
178 83 2438
176 51 1601
278 96 5171
78 90 336
179 72 5864
177 41 1800
279 70 3113
79 73 1067
180 71 5821
178 15 2589
280 47 3700
80 72 3023
181 92 5269
179 15 5286
281 49 3867
81 36 5401
182 29 4806
180 83 4344
282 12 1785
82 79 3333
183 34 5905
181 39 5192
283 18 4472
83 93 5825
184 69 2739
182 20 1690
284 91 5796
84 75 1484
185 98 4961
183 80 4940
285 12 2522
85 48 2972
186 44 246
184 67 4046
286 41 5722
86 83 365
187 43 4494
185 64 2746
287 10 5822
87 74 4552
188 39 1044
186 69 3789
288 26 381
88 28 4341
189 43 744
187 74 2122
289 80 4756
89 40 3622
190 47 621
188 66 1582
290 79 2593
90 18 5412
191 76 3267
189 15 4501
291 78 509
91 83 2588
192 27 3723
190 37 1513
292 42 2040
92 40 2483
193 78 4810
191 25 2061
293 25 1335
93 64 4237
194 72 1911
192 87 1011
294 34 2334
94 53 38
195 52 721
193 19 4940
295 69 2946
95 52 305
196 65 3760
194 83 3113
296 78 1396
96 88 5373
197 43 3770
195 76 1112
297 13 504
97 41 3942
198 82 5531
196 64 435
298 30 5850
98 22 2520
199 53 2785
197 99 5830
299 77 2195
99 36 723
200 100 977
198 18 5930
300 32 5749
100 41 870
199 38 1946
301 52 4953
101 80 5086
202 79 5450
302 38 155
102 13 3511
203 47 5137
201 68 560
303 39 2269
103 56 1506
204 69 5781
202 56 909
304 44 547
104 51 4920
205 36 5750
203 71 3373
305 77 201
105 62 4250
206 37 291
204 78 3982
306 52 344
106 97 1860
207 92 1286
205 45 5503
307 93 1407
107 67 4087
208 41 3424
206 100 1949
308 56 2485
108 57 3156
209 78 3856
207 46 280
309 40 2282
109 51 3941
210 16 4966
208 20 4469
310 77 1485
110 64 2354
211 11 4567
209 41 619
311 10 1904
111 72 2888
212 67 1897
210 28 5212
312 92 850
112 47 4096
213 83 608
211 26 3568
313 65 1322
113 67 4622
214 95 4764
212 81 617
314 71 3605
114 85 5690
215 59 2531
213 37 725
315 61 681
115 34 4687
216 76 4858
214 30 3498
316 44 3277
116 55 5327
217 67 5095
215 93 4176
317 21 5789
117 14 3973
218 11 2598
216 10 2280
318 89 463
118 31 4877
219 47 1403
217 50 4426
319 85 5843
119 20 2759
220 44 2005
218 72 2682
320 94 4205
120 46 5239
221 99 182
219 68 336
321 49 4964
121 67 5237
222 13 5175
220 52 4412
322 63 3029
122 16 2049
223 79 5342
221 94 5605
323 47 5251
123 48 5035
224 65 2272
222 23 2481
324 15 3165
124 41 2368
225 71 4631
223 28 2677
325 18 4284
125 99 4596
226 37 4693
224 44 1181
326 27 3138
126 22 5482
227 54 5112
225 70 4322
327 52 1708
127 61 5293
228 46 1966
226 71 3222
328 42 4572
128 93 1040
229 67 5683
227 87 5935
329 64 47
129 64 5566
230 57 2707
228 50 2319
330 35 89
130 47 1622
231 100 3276
229 73 2301
331 30 5477
131 37 271
232 86 2863
230 94 4538
332 39 2428
132 71 2967
233 39 1004
231 15 4255
333 55 989
133 39 491
234 30 5361
232 59 4760
334 68 3979
134 49 4942
235 23 3588
233 15 4843
335 57 5033
135 19 5814
236 26 5819
234 48 828
336 62 1277
136 28 893
237 14 5610
235 50 420
337 48 1939
137 49 5238
238 92 4089
236 93 174
338 54 1897
138 98 4927
239 78 2735
237 61 3264
339 62 3024
139 84 1289
240 58 3073
238 82 1766
340 69 5066
140 61 5739
241 50 205
239 76 318
341 21 3475
141 47 647
242 50 4521
240 14 1721
342 84 4955
142 40 5109
243 56 4761
241 53 2423
343 52 3608
143 42 2131
244 71 2847
242 45 3236
344 70 3242
144 98 585
245 41 1752
243 68 5159
345 89 3282
145 69 310
246 22 5267
244 76 5249
346 95 1804
146 88 1379
247 75 1287
245 34 837
347 81 519
147 88 5181
248 41 1446
246 19 5385
348 42 2905
148 14 5683
249 17 5560
247 96 5136
349 84 844
149 26 374
250 12 3193
248 36 993
350 93 1222
150 54 4487
251 96 2132
249 51 1411
351 59 1491
151 11 5148
252 24 4323
250 58 4922
352 29 4801
152 47 2512
253 50 2802
251 20 645
353 80 3109
153 15 4109
254 20 1775
252 47 685
354 39 268
154 64 4227
255 72 2223
253 93 1575
355 53 1993
155 84 4634
256 78 3187
254 25 3613
356 90 3415
156 12 4349
257 21 3764
255 12 5197
357 90 745
157 53 1643
258 17 1012
256 76 1799
358 86 1952
158 61 675
259 95 3155
257 43 2435
359 12 5562
159 64 3659
260 62 4614
258 47 397
360 77 5180
160 25 3915
261 64 3284
259 30 2343
361 74 5040
161 36 1917
262 42 4669
260 44 4471
362 42 4766
162 12 3423
263 42 4041
261 34 300
363 23 2756
163 74 928
264 75 306
262 66 4348
364 67 3032
164 45 3432
265 37 812
263 60 5343
365 90 4080
165 45 204
266 74 3037
264 84 353
366 73 3646
166 14 4986
267 15 4779
265 44 2775
367 64 206
167 14 5901
268 12 953
266 34 437
368 63 3103
168 80 3115
269 66 1138
267 30 2331
369 31 2781
169 53 190
270 29 3761
268 57 391
370 87 3302
170 84 5309
271 77 4586
269 53 4001
371 93 2704
171 15 1004
272 51 1549
270 13 1151
372 18 1482
172 59 3214
273 19 1289
271 99 5842
373 95 3579
173 18 5240
274 28 180
272 51 3348
374 56 2426
174 71 395
275 11 1599
273 94 50
375 52 4047
175 18 1555
276 52 2512
274 24 4865
376 100 1536
176 82 285
277 64 5117
275 81 1840
377 64 4247
177 18 178
278 47 3726
276 91 5176
378 80 4605
178 26 5567
279 38 5120
277 100 5065
379 31 921
179 69 4824
280 99 1812
278 66 1109
380 33 4100
180 97 5511
281 87 3656
279 67 3242
381 13 922
181 75 36
282 36 3871
280 95 3002
382 14 1182
182 73 5220
283 41 679
281 13 3182
383 97 3929
183 82 190
284 25 2428
282 11 5189
384 76 592
184 98 4557
285 82 5882
283 30 2597
385 46 1519
185 21 4250
286 85 807
284 100 4006
386 24 2066
186 31 5511
287 23 5330
285 67 5181
387 97 3872
187 65 3458
288 98 5515
286 82 726
388 19 5100
188 27 3018
289 26 1271
287 23 1241
389 16 1911
189 68 5802
290 14 3108
288 83 1246
390 73 1121
190 100 1988
291 98 1918
289 40 1514
391 58 1879
191 79 452
292 58 2897
290 45 3146
392 59 3042
192 11 5055
293 16 2671
291 29 2454
393 95 1233
193 83 522
294 85 1140
292 40 3796
394 13 511
194 44 3287
295 98 3656
293 94 540
395 78 5543
195 45 5409
296 96 3296
294 38 190
396 94 2758
196 45 5092
297 86 2902
295 21 3676
397 52 5744
197 30 1076
298 21 5462
296 83 2706
398 14 1962
198 84 5182
299 87 5866
297 88 5379
399 22 4331
199 90 203
300 72 1038
298 45 5018
400 50 4570
200 16 5451
299 30 2033
401 96 2927
201 59 4500
302 35 749
402 24 2103
202 66 151
303 52 1300
301 61 89
403 31 3322
203 65 4643
304 84 4481
302 47 4343
404 97 1550
204 26 4513
305 22 5771
303 47 3363
405 43 5784
205 86 2627
306 99 203
304 95 55
406 45 1823
206 95 4746
307 74 4389
305 84 317
407 17 3119
207 80 899
308 26 2406
306 97 5296
408 75 355
208 67 2268
309 67 4578
307 23 3071
409 27 67
209 29 4479
310 42 2406
308 17 4953
410 94 2053
210 69 3561
311 96 3629
309 55 3328
411 39 3023
211 47 228
312 60 3926
310 68 3439
412 67 2939
212 59 1816
313 42 772
311 91 3069
413 39 1185
213 63 2438
314 37 1283
312 83 4035
414 95 1753
214 21 2005
315 93 1479
313 11 5303
415 94 1394
215 10 505
316 53 2509
314 29 3654
416 39 448
216 38 348
317 19 1695
315 36 3263
417 99 501
217 23 2520
318 69 561
316 74 5418
418 60 1618
218 14 5528
319 69 4943
317 79 2158
419 14 1220
219 87 731
320 28 225
318 16 5554
420 95 1698
220 38 5533
321 12 2356
319 74 3301
421 56 3340
221 14 4348
322 14 2230
320 69 1132
422 41 441
222 91 1587
323 31 2445
321 12 1304
423 65 3667
223 98 2983
324 69 815
322 79 5550
424 41 393
224 63 5075
325 16 813
323 68 4678
425 68 4257
225 64 4693
326 66 3879
324 65 13
426 69 3252
226 87 4422
327 32 4081
325 36 1091
427 20 5467
227 93 4154
328 53 2593
326 29 2405
428 85 4648
228 11 3337
329 91 3191
327 53 2483
429 86 3967
229 26 1299
330 85 934
328 98 2252
430 32 5771
230 60 2392
331 60 520
329 13 4429
431 71 1615
231 79 5615
332 73 3280
330 45 2863
432 28 3759
232 96 4152
333 62 5519
331 100 2854
433 32 888
233 89 1605
334 67 3591
332 24 3590
434 54 11
234 71 2461
335 51 3584
333 75 1602
435 49 4736
235 28 2019
336 16 3247
334 92 2376
436 78 1277
236 67 2752
337 22 2210
335 49 1796
437 66 1611
237 33 2492
338 59 3470
336 17 2976
438 99 2610
238 23 2106
339 17 3675
337 51 332
439 65 3510
239 93 4475
340 42 2264
338 98 5743
440 85 2226
240 100 752
341 18 2693
339 48 3964
441 100 1005
241 23 2879
342 47 1341
340 83 5445
442 29 1025
242 34 1615
343 73 5915
341 32 5691
443 83 4543
243 46 441
344 42 5380
342 47 1274
444 22 483
244 37 2305
345 54 288
343 34 1836
445 21 3244
245 42 4120
346 70 4080
344 80 4865
446 86 5140
246 81 5640
347 54 2854
345 94 405
447 35 1926
247 55 3287
348 18 2678
346 39 5920
448 35 253
248 76 3919
349 65 2502
347 79 1789
449 82 651
249 27 1739
350 51 4294
348 43 5012
450 34 588
250 89 2943
351 78 3310
349 38 3977
451 84 5577
251 100 5036
352 54 3834
350 71 3297
452 45 2130
252 85 3565
353 37 3768
351 65 6
453 14 5869
253 97 313
354 82 3592
352 20 1485
454 95 484
254 10 286
355 31 1401
353 49 2530
455 11 5649
255 71 2238
356 50 4194
354 79 2975
456 80 3764
256 64 2548
357 78 2238
355 72 3657
457 54 259
257 24 889
358 62 1897
356 62 1962
458 31 712
258 83 2926
359 67 3745
357 23 2255
459 17 1177
259 15 1407
360 71 3118
358 98 760
460 23 3845
260 73 5405
361 64 946
359 10 4356
461 11 4770
261 30 98
362 84 773
360 57 5079
462 68 2233
262 27 2027
363 19 2769
361 80 4909
463 92 4344
263 80 5783
364 39 1720
362 13 3065
464 69 5290
264 69 4780
365 55 705
363 75 844
465 10 4235
265 10 5574
366 43 1852
364 17 489
466 66 4582
266 80 1201
367 75 3487
365 49 1939
467 31 5903
267 64 3446
368 95 1130
366 40 1262
468 53 43
268 86 2712
369 44 5150
367 84 5517
469 43 61
269 10 104
370 18 4537
368 19 721
470 61 1371
270 63 82
371 16 4500
369 21 3319
471 25 665
271 29 1680
372 93 2106
370 13 5521
472 95 1436
272 63 2639
373 52 4377
371 21 3658
473 38 1334
273 47 309
374 87 1857
372 40 3562
474 10 3470
274 51 4783
375 82 4612
373 40 813
475 13 1868
275 34 2949
376 65 5744
374 48 3883
476 60 5345
276 94 5152
377 17 3025
375 21 2970
477 14 4721
277 69 5746
378 22 5065
376 15 120
478 25 3133
278 72 285
379 38 255
377 26 4917
479 33 4133
279 36 966
380 20 329
378 26 3105
480 34 1722
280 71 2095
381 77 3768
379 71 3836
481 66 5896
281 62 1414
382 29 4380
380 79 1641
482 48 230
282 72 2554
383 21 1328
381 52 2410
483 44 3115
283 32 3977
384 25 5031
382 85 2497
484 51 1701
284 33 5696
385 62 1728
383 30 5647
485 92 461
285 79 3856
386 15 1759
384 75 3344
486 80 751
286 59 4554
387 30 2946
385 18 5152
487 50 1143
287 41 1371
388 33 1383
386 89 1805
488 37 4388
288 41 3246
389 35 3335
387 36 1400
489 19 127
289 58 5192
390 10 5592
388 29 2051
490 75 941
290 23 3949
391 18 5387
389 60 704
491 34 2871
291 62 4612
392 75 498
390 57 4860
492 88 5893
292 18 5100
393 52 3511
391 98 379
493 84 3585
293 65 2872
394 40 2728
392 90 526
494 91 5229
294 44 5824
395 72 4601
393 30 3836
495 74 5477
295 100 458
396 86 3547
394 24 4840
496 89 1329
296 96 5376
397 37 1831
395 71 4216
497 92 3451
297 85 3675
398 69 2415
396 77 4563
498 29 3449
298 82 5003
399 79 3120
397 96 4766
499 41 620
299 67 4145
400 81 1869
398 32 2125
500 42 844
300 80 525
399 59 4665
501 75 3209
301 19 4381
402 64 2518
502 99 1536
302 86 1553
403 79 4801
401 71 1870
503 59 2508
303 70 1739
404 16 4328
402 94 5186
504 94 150
304 52 4867
405 25 2992
403 13 3662
505 81 4346
305 24 5782
406 59 1857
404 53 3595
506 89 2640
306 50 5348
407 20 3251
405 61 3021
507 40 4043
307 56 4820
408 97 1348
406 47 1458
508 27 2768
308 32 4031
409 91 202
407 46 2373
509 53 3783
309 96 1296
410 41 906
408 74 2778
510 95 1084
310 22 2465
411 58 4949
409 87 515
511 54 661
311 15 1155
412 16 5590
410 69 3773
512 22 715
312 44 1346
413 14 1000
411 81 2964
513 21 3890
313 30 4425
414 63 4940
412 85 456
514 15 5018
314 46 59
415 40 3007
413 79 5419
515 15 575
315 59 4787
416 90 1646
414 22 2517
516 94 5886
316 83 1005
417 26 2350
415 76 859
517 88 1353
317 14 4055
418 10 5414
416 75 5872
518 13 3437
318 83 1608
419 47 2074
417 80 3690
519 69 5777
319 62 3079
420 48 2433
418 51 1870
520 93 1238
320 53 4792
421 90 5666
419 67 2317
521 85 2805
321 35 874
422 47 947
420 87 2611
522 36 2448
322 82 3130
423 41 262
421 80 5692
523 12 1221
323 13 5817
424 95 3862
422 16 4964
524 25 1184
324 78 5622
425 26 3928
423 50 2090
525 86 5401
325 21 5552
426 95 4898
424 36 4871
526 99 5275
326 62 3126
427 42 1397
425 15 2130
527 23 5491
327 39 2619
428 25 3417
426 74 967
528 91 712
328 81 2815
429 37 4956
427 46 2371
529 35 4184
329 82 2411
430 79 3256
428 36 4403
530 49 3314
330 78 3235
431 49 2460
429 24 4720
531 72 4059
331 10 902
432 95 4785
430 100 4625
532 51 4268
332 77 883
433 10 3265
431 49 2941
533 11 3803
333 15 5422
434 51 2188
432 11 841
534 95 5827
334 65 2508
435 99 1614
433 100 5727
535 82 1435
335 81 5120
436 14 5271
434 76 5814
536 58 1091
336 52 3511
437 82 1908
435 62 3640
537 28 3619
337 63 1396
438 41 2035
436 58 210
538 68 199
338 21 5027
439 53 4128
437 20 4247
539 63 5183
339 58 1866
440 81 548
438 56 1806
540 100 3477
340 57 5330
441 46 4590
439 91 669
541 72 3153
341 34 3939
442 69 1877
440 74 674
542 16 175
342 76 2311
443 45 4548
441 49 1004
543 26 5847
343 64 5049
444 56 788
442 52 3546
544 60 2766
344 47 2946
445 75 5079
443 84 1734
545 10 3634
345 93 2514
446 97 122
444 54 3985
546 68 452
346 53 1686
447 47 4414
445 60 4239
547 15 2417
347 70 5358
448 26 868
446 92 3426
548 89 2330
348 50 1229
449 41 5819
447 33 726
549 78 4912
349 76 2207
450 67 4422
448 81 5142
550 15 4741
350 21 3713
451 44 1856
449 63 1826
551 40 4245
351 45 4814
452 39 2604
450 29 4579
552 59 5780
352 85 1481
453 91 3558
451 50 5650
553 24 4482
353 11 2039
454 48 4537
452 15 52
554 63 3988
354 22 5709
455 18 4627
453 62 1014
555 42 808
355 13 4444
456 13 5608
454 59 5467
556 63 120
356 83 5152
457 27 3103
455 67 4734
557 66 5174
357 26 5449
458 33 1727
456 89 5263
558 42 5134
358 29 3743
459 61 240
457 56 5492
559 86 2661
359 15 4687
460 98 175
458 42 4041
560 17 5602
360 66 4417
461 100 3461
459 67 4087
561 70 1051
361 54 2439
462 76 3134
460 100 2789
562 14 1130
362 75 3921
463 22 2043
461 20 1123
563 42 3753
363 87 108
464 58 3284
462 40 5044
564 48 5377
364 59 5682
465 79 5898
463 57 4500
565 97 5592
365 95 1895
466 29 2754
464 93 4952
566 13 3997
366 63 2534
467 98 2989
465 89 2323
567 18 4305
367 68 34
468 74 2628
466 62 5084
568 26 1830
368 31 2162
469 53 5045
467 99 3362
569 62 2767
369 96 4422
470 66 302
468 41 3916
570 77 646
370 62 1765
471 65 1318
469 78 2878
571 56 3482
371 88 2418
472 46 4808
470 88 1900
572 75 1362
372 19 1909
473 97 1943
471 16 4143
573 68 3251
373 59 2756
474 50 3789
472 37 2633
574 97 4118
374 62 4828
475 80 1883
473 58 1382
575 63 570
375 80 3149
476 49 4807
474 37 5908
576 93 3868
376 92 4404
477 82 3210
475 84 190
577 55 2356
377 93 4998
478 58 2919
476 41 3055
578 83 5077
378 33 1137
479 78 5323
477 52 4980
579 65 2825
379 82 2094
480 11 3118
478 58 2283
580 46 2549
380 74 5261
481 61 5007
479 52 5810
581 55 5838
381 25 3759
482 52 3878
480 66 4853
582 14 1453
382 46 300
483 18 2757
481 72 145
583 39 5307
383 86 5637
484 78 4733
482 23 4752
584 33 5814
384 53 4144
485 47 3609
483 58 185
585 73 104
385 62 5041
486 45 3014
484 74 599
586 46 4201
386 37 2832
487 78 2604
485 73 5693
587 96 4408
387 89 10
488 19 5229
486 96 804
588 97 5247
388 12 2247
489 72 2035
487 12 4563
589 62 4135
389 46 1428
490 95 4754
488 85 5044
590 30 3688
390 89 1317
491 21 241
489 79 3826
591 40 4982
391 80 3941
492 56 4016
490 61 3164
592 72 3577
392 30 4761
493 45 2271
491 71 5468
593 75 2534
393 20 3479
494 60 3479
492 58 2617
594 38 4406
394 51 3124
495 38 5598
493 34 715
595 30 4559
395 77 4156
496 96 3975
494 47 2223
596 44 3496
396 33 3040
497 12 304
495 55 4226
597 11 5644
397 28 392
498 67 5543
496 58 4076
598 91 1453
398 95 744
499 62 775
497 84 734
599 83 3359
399 14 4552
500 75 2870
498 16 3928
600 65 1820
400 51 3014
499 78 1962
601 62 3762
401 13 3294
502 26 1330
602 40 7
402 38 285
503 76 140
501 34 2012
603 32 184
403 70 3543
504 54 5544
502 69 3414
604 38 2194
404 30 1380
505 63 4871
503 53 4858
605 33 4576
405 86 1128
506 89 2314
504 70 3788
606 11 3144
406 48 70
507 75 3915
505 63 2944
607 27 3143
407 23 2939
508 63 5598
506 64 1212
608 76 4936
408 96 2990
509 64 5111
507 59 3390
609 53 356
409 56 5865
510 44 5702
508 76 5126
610 21 1026
410 92 4834
511 52 2200
509 86 985
611 69 4860
411 31 1791
512 38 3329
510 49 4885
612 83 4569
412 11 1079
513 17 4293
511 78 4601
613 77 4734
413 95 5662
514 22 363
512 23 1286
614 33 739
414 87 2876
515 71 4310
513 64 2231
615 36 4610
415 18 4334
516 55 3524
514 100 3485
616 59 3891
416 29 1649
517 19 616
515 57 5099
617 20 5227
417 33 4969
518 26 766
516 98 2952
618 42 687
418 37 4756
519 31 2125
517 43 4117
619 13 5363
419 50 3804
520 64 2391
518 99 351
620 23 3477
420 54 3737
521 51 5352
519 59 289
621 93 4602
421 32 707
522 88 264
520 19 3628
622 47 1538
422 32 4007
523 26 5235
521 17 4215
623 51 2580
423 13 2619
524 35 2845
522 49 3435
624 76 4386
424 15 2653
525 16 3063
523 77 2801
625 22 4132
425 10 1961
526 70 1915
524 32 4944
626 78 4278
426 80 4218
527 91 4871
525 56 4825
627 21 3256
427 88 2889
528 61 2184
526 27 4608
628 76 2708
428 100 792
529 42 2668
527 35 4117
629 34 2093
429 69 1991
530 98 1321
528 55 682
630 97 3312
430 49 1251
531 64 5602
529 23 5622
631 71 4274
431 61 2688
532 93 1010
530 26 5076
632 38 3234
432 92 230
533 61 5473
531 99 4924
633 16 5471
433 100 4124
534 71 3981
532 15 5315
634 34 5078
434 70 556
535 19 64
533 30 4525
635 55 4294
435 25 5053
536 73 2970
534 20 4022
636 52 1042
436 43 2659
537 38 5736
535 30 5695
637 48 551
437 13 279
538 90 5808
536 57 3029
638 99 5156
438 11 4648
539 21 1708
537 93 4174
639 84 515
439 64 1815
540 73 970
538 56 1541
640 46 845
440 100 3775
541 11 1697
539 74 1728
641 25 2002
441 76 2008
542 82 2149
540 91 2296
642 63 204
442 89 4948
543 95 2789
541 28 1988
643 73 5526
443 51 2472
544 21 2073
542 39 5749
644 100 4870
444 97 528
545 97 5815
543 96 4258
645 94 5393
445 46 4909
546 60 4443
544 85 5387
646 95 4685
446 78 775
547 20 5178
545 72 1994
647 91 4213
447 20 4080
548 54 4976
546 50 1638
648 88 1395
448 71 872
549 32 2067
547 52 2063
649 13 1377
449 76 5136
550 63 1048
548 60 425
650 86 4713
450 98 2636
551 86 5679
549 65 439
651 50 4830
451 70 2031
552 50 5128
550 49 2750
652 25 1123
452 77 5665
553 94 572
551 84 3836
653 40 219
453 31 5569
554 70 4122
552 57 4719
654 74 2999
454 95 3152
555 65 4421
553 58 4040
655 68 5711
455 67 605
556 60 527
554 75 552
656 74 4882
456 71 2739
557 40 4531
555 94 2344
657 17 2436
457 36 2856
558 25 3222
556 63 1055
658 33 3087
458 37 5033
559 64 3480
557 16 1820
659 13 3488
459 73 2752
560 11 3639
558 17 527
660 61 2864
460 14 1432
561 21 3383
559 74 74
661 71 1734
461 45 5021
562 10 3449
560 14 387
662 35 2981
462 53 5800
563 17 3669
561 44 4162
663 74 4631
463 50 5506
564 44 5166
562 91 3426
664 14 4191
464 59 81
565 36 5095
563 12 2344
665 21 3411
465 74 125
566 93 2638
564 48 3910
666 95 3920
466 80 5068
567 41 4468
565 84 3020
667 95 5627
467 84 5239
568 48 450
566 82 3823
668 15 4135
468 93 3640
569 22 3978
567 63 2477
669 20 4079
469 42 4956
570 62 2512
568 32 4578
670 30 707
470 29 3734
571 99 3907
569 55 4367
671 58 3757
471 44 518
572 99 4757
570 81 784
672 71 3308
472 61 2243
573 73 4235
571 45 4526
673 91 849
473 95 912
574 11 1738
572 70 3627
674 79 5687
474 15 3522
575 45 3555
573 82 1097
675 88 4215
475 83 2467
576 81 762
574 32 3858
676 33 4333
476 11 3682
577 21 179
575 54 4846
677 57 1727
477 72 1935
578 87 4945
576 69 347
678 22 1688
478 44 579
579 77 2123
577 85 3901
679 89 5581
479 50 582
580 46 2214
578 72 3728
680 30 4736
480 94 2366
581 68 2939
579 65 3813
681 35 385
481 77 5124
582 42 4559
580 50 3124
682 78 4580
482 50 5313
583 61 3538
581 89 4802
683 16 72
483 54 5114
584 34 5058
582 45 3800
684 37 1833
484 15 1079
585 39 4499
583 66 4843
685 50 731
485 92 1922
586 62 908
584 30 4290
686 88 3729
486 82 3140
587 78 1503
585 49 352
687 44 3028
487 58 374
588 54 1072
586 55 1094
688 85 82
488 59 5820
589 30 3475
587 88 5805
689 61 1273
489 59 4222
590 43 2072
588 49 3044
690 93 2340
490 22 5319
591 91 807
589 31 3801
691 24 5527
491 88 4238
592 87 4969
590 32 1623
692 80 929
492 98 4507
593 84 1372
591 72 2849
693 37 5327
493 10 2492
594 17 2344
592 21 1214
694 81 3964
494 66 3215
595 10 5158
593 17 5761
695 97 4164
495 78 5159
596 22 3086
594 68 612
696 46 5921
496 23 2567
597 72 3996
595 19 1898
697 72 1511
497 36 5414
598 69 3703
596 83 3660
698 55 55
498 37 691
599 43 1950
597 51 2644
699 27 5731
499 44 2802
600 80 4472
598 52 1178
700 15 4748
500 30 3399
599 41 5758
701 18 2155
501 70 3816
602 59 2379
702 65 2511
502 35 1725
603 48 1608
601 87 1905
703 97 1518
503 66 775
604 76 1854
602 57 483
704 100 5412
504 48 613
605 83 3787
603 92 222
705 14 800
505 56 1299
606 52 4254
604 65 2348
706 15 3484
506 35 1633
607 79 2010
605 11 1660
707 10 4387
507 82 5857
608 95 4361
606 99 3952
708 93 3681
508 43 681
609 16 1085
607 14 1036
709 100 2347
509 36 4192
610 29 1568
608 93 4094
710 93 1664
510 14 4710
611 10 4576
609 17 5206
711 33 4631
511 36 3577
612 65 2958
610 41 4788
712 49 4004
512 10 2633
613 64 626
611 72 585
713 39 179
513 99 4732
614 46 2824
612 43 2399
714 68 2216
514 43 4874
615 76 3685
613 87 2143
715 44 3245
515 51 105
616 63 2076
614 70 465
716 46 203
516 14 1685
617 21 3826
615 34 598
717 71 5578
517 71 5927
618 31 5650
616 78 4878
718 18 4030
518 24 1191
619 92 5676
617 83 1315
719 37 5477
519 24 4630
620 36 364
618 84 5628
720 63 3849
520 35 1333
621 25 4884
619 79 1288
721 92 678
521 82 3608
622 36 3126
620 69 2697
722 11 3611
522 82 5939
623 57 2759
621 48 1189
723 78 5039
523 42 1061
624 47 3307
622 61 310
724 22 3388
524 59 1736
625 85 450
623 16 1174
725 85 4735
525 99 947
626 76 4419
624 88 1883
726 70 932
526 82 4135
627 64 940
625 50 4252
727 47 1722
527 12 2983
628 67 2324
626 36 1312
728 77 320
528 58 1557
629 38 1845
627 27 1292
729 84 2082
529 19 4707
630 38 1999
628 22 5714
730 93 4991
530 13 5708
631 49 496
629 96 3517
731 20 1807
531 39 2704
632 75 1998
630 99 5770
732 75 4100
532 88 4026
633 43 3139
631 36 1483
733 13 5161
533 71 405
634 65 1512
632 33 5805
734 46 4516
534 38 1712
635 53 412
633 26 1787
735 17 5758
535 49 2167
636 36 5438
634 39 337
736 14 4676
536 73 4679
637 12 3374
635 92 3036
737 71 5753
537 57 4796
638 35 5844
636 82 5901
738 92 1262
538 50 2319
639 10 1331
637 62 1239
739 97 1476
539 58 700
640 62 2912
638 11 1719
740 64 1510
540 57 4333
641 10 5732
639 33 3439
741 87 2551
541 45 5880
642 21 984
640 10 2375
742 78 5149
542 85 4119
643 39 3965
641 85 785
743 80 2424
543 21 3378
644 93 4787
642 14 257
744 31 94
544 27 5548
645 94 4828
643 28 2449
745 29 4695
545 80 3750
646 20 3586
644 49 1589
746 44 4681
546 12 4925
647 100 2404
645 67 4645
747 24 3356
547 74 1442
648 91 3516
646 33 179
748 85 739
548 95 1289
649 13 5680
647 27 1327
749 79 744
549 16 1265
650 52 867
648 87 559
750 44 617
550 10 4580
651 65 5868
649 57 544
751 43 5881
551 76 2200
652 99 3369
650 58 3204
752 37 1565
552 90 2871
653 50 2760
651 90 2785
753 87 4730
553 40 2865
654 31 741
652 58 428
754 54 941
554 67 437
655 16 1877
653 64 1367
755 30 4153
555 88 4326
656 21 3117
654 68 2453
756 30 259
556 84 5659
657 32 3321
655 77 257
757 57 458
557 65 5300
658 36 1590
656 72 4425
758 36 2976
558 36 2379
659 41 1406
657 12 4357
759 51 112
559 40 5138
660 72 3360
658 54 3308
760 62 3201
560 92 5379
661 78 2898
659 10 823
761 68 2759
561 68 5449
662 86 5672
660 55 4658
762 81 5232
562 94 2718
663 94 1005
661 16 3044
763 56 2698
563 60 1651
664 29 2962
662 33 3954
764 14 1572
564 31 3774
665 88 2636
663 90 2505
765 57 1153
565 39 3742
666 10 608
664 73 1371
766 11 1331
566 87 3607
667 63 4795
665 63 1416
767 51 1711
567 64 3260
668 85 2557
666 93 731
768 58 2716
568 37 522
669 30 2378
667 90 2269
769 43 281
569 79 5797
670 30 589
668 55 5176
770 98 2709
570 50 1280
671 81 1715
669 85 82
771 34 5547
571 44 607
672 45 5475
670 62 5132
772 59 4428
572 98 533
673 83 688
671 69 3254
773 67 5353
573 57 3381
674 53 2189
672 87 939
774 65 2846
574 87 4698
675 93 1484
673 19 5914
775 43 2228
575 82 980
676 43 5205
674 21 2523
776 13 4221
576 52 5825
677 38 976
675 100 806
777 34 3648
577 12 365
678 33 3556
676 17 4064
778 55 4128
578 57 3795
679 72 1054
677 44 4846
779 16 1850
579 68 1040
680 22 4272
678 14 5801
780 45 1347
580 44 3537
681 22 1283
679 19 5666
781 44 2600
581 89 1340
682 41 1299
680 39 602
782 59 3289
582 47 2680
683 20 1600
681 64 4344
783 71 1832
583 36 5447
684 47 1323
682 88 3990
784 53 3837
584 31 4892
685 86 773
683 100 1966
785 95 1628
585 67 3676
686 67 190
684 62 645
786 17 5635
586 88 4944
687 18 4690
685 90 1167
787 10 3866
587 55 5058
688 35 5782
686 62 2245
788 92 2052
588 49 2494
689 96 2325
687 70 2097
789 85 3493
589 17 1905
690 88 4641
688 97 782
790 44 821
590 47 3752
691 18 4721
689 22 2362
791 24 3316
591 14 3902
692 56 3456
690 93 5570
792 72 1147
592 68 1876
693 90 3565
691 83 3776
793 36 2228
593 21 4189
694 94 5449
692 20 48
794 56 2498
594 58 5662
695 46 1330
693 23 3462
795 74 5271
595 72 4991
696 29 770
694 56 3541
796 24 3464
596 12 1369
697 84 3196
695 49 1019
797 82 5117
597 96 1449
698 92 3087
696 20 778
798 29 909
598 45 1293
699 94 3374
697 40 2402
799 11 5053
599 26 4161
700 48 4117
698 33 5415
800 96 4805
600 50 1401
699 93 3320
801 96 3458
601 97 4422
702 45 4458
802 30 4450
602 62 1199
703 20 1947
701 25 460
803 56 3377
603 46 1096
704 89 2857
702 25 3019
804 64 5837
604 44 4035
705 57 534
703 61 992
805 82 867
605 81 3608
706 75 2971
704 49 3632
806 83 592
606 48 402
707 94 1715
705 19 5644
807 34 1690
607 21 2006
708 84 1509
706 23 4016
808 42 365
608 17 2717
709 93 5497
707 100 429
809 86 4469
609 43 4186
710 16 3636
708 68 1777
810 54 360
610 20 5648
711 10 3571
709 98 5936
811 24 822
611 39 630
712 60 312
710 42 3254
812 80 2419
612 78 1331
713 46 4007
711 16 2038
813 99 4367
613 71 4162
714 50 227
712 95 3667
814 38 5800
614 15 2041
715 15 5850
713 93 659
815 70 3426
615 30 5398
716 77 1722
714 30 4137
816 37 4967
616 64 3184
717 32 210
715 75 3656
817 56 2357
617 64 4084
718 67 2332
716 72 734
818 66 1207
618 88 481
719 51 4028
717 44 2110
819 94 4597
619 94 3292
720 98 2088
718 77 467
820 93 2630
620 45 187
721 88 5933
719 68 5109
821 99 5774
621 91 998
722 82 1541
720 95 3974
822 89 4649
622 33 4600
723 81 2228
721 32 3110
823 12 1216
623 14 468
724 34 5500
722 16 4325
824 13 3858
624 11 3315
725 48 5709
723 63 1198
825 64 1362
625 30 1147
726 75 5343
724 76 211
826 68 600
626 36 2192
727 21 5044
725 16 5463
827 90 3425
627 14 5838
728 76 4855
726 53 345
828 56 1170
628 76 1847
729 31 1869
727 69 3552
829 39 4463
629 49 5145
730 85 1875
728 90 1192
830 99 816
630 71 2390
731 15 4398
729 92 758
831 11 2609
631 13 463
732 54 4880
730 54 1532
832 14 5524
632 95 1074
733 83 854
731 90 4621
833 20 366
633 17 2686
734 31 3485
732 52 13
834 50 963
634 59 5795
735 53 3272
733 74 953
835 13 5308
635 87 21
736 60 5575
734 52 2306
836 95 1605
636 33 759
737 76 4754
735 81 1706
837 20 303
637 72 3548
738 56 630
736 100 2332
838 83 2923
638 87 4514
739 71 3498
737 57 2837
839 17 3794
639 49 4600
740 13 4150
738 68 5009
840 12 3427
640 73 1826
741 37 320
739 77 2511
841 12 4457
641 62 5673
742 40 116
740 94 3981
842 10 5096
642 86 5516
743 84 3615
741 38 5413
843 78 206
643 55 3061
744 52 2912
742 19 1728
844 14 1308
644 42 2214
745 56 3530
743 18 432
845 61 5357
645 83 3666
746 34 1794
744 25 2833
846 88 3737
646 64 3325
747 86 4969
745 86 5742
847 26 5879
647 89 3751
748 18 5887
746 28 3208
848 83 3930
648 47 4866
749 34 831
747 38 3647
849 28 5478
649 94 674
750 55 276
748 94 5377
850 27 3036
650 88 3866
751 53 1078
749 53 2418
851 23 1188
651 46 2847
752 41 4815
750 78 430
852 89 3388
652 27 5279
753 55 1966
751 10 5876
853 57 2195
653 60 3605
754 89 990
752 86 1085
854 99 705
654 96 2029
755 61 2452
753 14 2665
855 78 2877
655 86 4564
756 35 3946
754 26 5693
856 18 404
656 11 875
757 40 1101
755 88 2704
857 36 3691
657 93 5443
758 74 2035
756 45 3241
858 34 3610
658 83 5078
759 33 2350
757 19 3733
859 75 4552
659 43 683
760 29 5589
758 73 3736
860 68 1397
660 78 3591
761 47 622
759 100 2110
861 75 4276
661 19 4329
762 96 4846
760 84 983
862 28 3286
662 11 3545
763 60 5116
761 70 4873
863 97 5526
663 10 857
764 30 4490
762 59 4354
864 71 4375
664 48 4122
765 33 5700
763 61 3549
865 38 5837
665 77 1995
766 52 2193
764 22 4790
866 19 5488
666 84 4236
767 14 3475
765 51 2436
867 80 2945
667 60 768
768 76 3854
766 92 5709
868 18 4401
668 92 1145
769 32 3924
767 91 2257
869 47 2014
669 15 3563
770 44 3934
768 14 4920
870 61 444
670 88 5722
771 35 5498
769 74 3386
871 83 3301
671 46 2423
772 42 4246
770 93 490
872 97 224
672 52 5689
773 40 3448
771 85 2466
873 11 3275
673 91 5700
774 26 3330
772 45 987
874 24 1722
674 15 4467
775 64 2662
773 77 3654
875 81 3802
675 42 5504
776 83 4999
774 20 234
876 54 40
676 100 146
777 65 1029
775 25 1411
877 15 2853
677 90 2144
778 81 4490
776 29 240
878 47 5525
678 53 3665
779 14 1538
777 17 3213
879 18 985
679 99 2438
780 42 981
778 84 309
880 19 3091
680 15 5179
781 67 2499
779 62 5369
881 52 1595
681 25 28
782 77 3538
780 40 2691
882 20 748
682 55 1714
783 23 296
781 61 58
883 29 1136
683 27 4065
784 55 1976
782 69 2854
884 68 1135
684 44 351
785 46 4026
783 98 3018
885 96 1381
685 61 5483
786 66 5489
784 26 2787
886 76 2054
686 90 109
787 53 2415
785 30 5062
887 12 633
687 51 5343
788 46 1672
786 59 5612
888 64 3201
688 76 572
789 34 2761
787 28 2556
889 51 737
689 43 2919
790 38 271
788 78 4942
890 94 5519
690 47 4197
791 61 3280
789 17 5173
891 72 4925
691 90 3263
792 46 2932
790 26 5141
892 100 2657
692 12 5541
793 80 588
791 57 5199
893 82 114
693 98 2297
794 17 4414
792 14 4540
894 95 2339
694 56 1060
795 88 4649
793 53 2562
895 93 3750
695 39 2038
796 83 1606
794 20 5408
896 33 1533
696 79 170
797 29 2303
795 35 3879
897 96 1130
697 66 5139
798 66 5720
796 67 1428
898 44 269
698 57 2814
799 71 2732
797 74 4192
899 100 3233
699 80 1867
800 53 1547
798 39 5242
900 45 1731
700 74 153
799 57 2942
901 55 2157
701 25 5091
802 17 764
902 62 1173
702 74 3940
803 32 921
801 82 3354
903 87 4056
703 54 689
804 19 5710
802 90 4424
904 50 5741
704 100 5387
805 13 1624
803 16 3038
905 99 971
705 45 5580
806 10 3190
804 62 4695
906 86 3073
706 81 5896
807 30 1069
805 100 2197
907 85 5861
707 18 50
808 20 5379
806 65 1823
908 28 4648
708 31 2457
809 38 5079
807 35 5741
909 99 2352
709 63 1536
810 99 2300
808 39 842
910 66 3496
710 21 3015
811 14 4578
809 76 1039
911 41 4904
711 91 5356
812 19 449
810 47 4269
912 51 4588
712 15 5495
813 29 4468
811 58 892
913 96 5690
713 60 4209
814 33 1640
812 30 4681
914 95 575
714 72 4426
815 23 3205
813 24 668
915 92 4135
715 81 4846
816 60 1599
814 27 1740
916 58 982
716 20 4941
817 56 2238
815 44 5530
917 32 1767
717 19 3830
818 21 2950
816 37 2063
918 97 873
718 34 2743
819 23 3051
817 83 1673
919 72 2832
719 12 3025
820 90 2373
818 36 3798
920 22 3872
720 11 112
821 32 790
819 90 5271
921 56 3339
721 14 3339
822 23 4156
820 53 3438
922 95 5300
722 98 3967
823 35 4102
821 35 831
923 96 3905
723 85 1289
824 61 3453
822 29 2853
924 76 965
724 66 1543
825 68 517
823 29 4979
925 79 2512
725 40 1665
826 14 590
824 90 5703
926 65 1961
726 52 5464
827 71 3658
825 12 1640
927 46 762
727 17 4310
828 43 2528
826 63 2291
928 51 1988
728 21 3896
829 14 3577
827 51 2070
929 57 3223
729 70 1105
830 78 173
828 45 1430
930 87 1558
730 48 1538
831 87 5876
829 69 4519
931 45 1426
731 83 3725
832 95 324
830 36 664
932 23 2927
732 14 3770
833 12 2872
831 71 5014
933 67 457
733 97 1849
834 33 5526
832 73 3662
934 63 5207
734 66 2744
835 76 2128
833 38 4614
935 66 5804
735 64 1761
836 89 4945
834 21 1658
936 64 1191
736 64 659
837 83 4787
835 11 1323
937 13 2889
737 52 3509
838 59 863
836 55 5490
938 96 4859
738 63 1209
839 71 4315
837 39 1940
939 18 3877
739 10 4836
840 26 2648
838 81 3004
940 79 5921
740 93 765
841 67 608
839 89 3243
941 58 1898
741 48 2552
842 12 428
840 78 3093
942 60 3868
742 85 4509
843 99 2269
841 63 5013
943 97 1
743 42 5813
844 23 1056
842 23 5167
944 10 4183
744 81 2155
845 91 646
843 89 5208
945 93 990
745 96 326
846 84 472
844 49 3747
946 61 4086
746 19 676
847 25 176
845 94 2492
947 32 454
747 73 5690
848 98 3473
846 47 3543
948 18 2299
748 11 1584
849 13 5349
847 40 3050
949 20 3155
749 27 1630
850 54 1765
848 64 1132
950 97 474
750 77 1285
851 36 4828
849 22 2367
951 65 455
751 85 1211
852 53 5326
850 41 2384
952 41 5638
752 26 3489
853 85 416
851 22 3182
953 37 371
753 72 2268
854 78 1217
852 72 4536
954 50 1594
754 65 2138
855 48 4828
853 92 2698
955 47 3281
755 62 337
856 25 5490
854 36 1786
956 19 5480
756 57 639
857 64 1330
855 50 3769
957 20 1957
757 19 1013
858 88 5561
856 78 3050
958 38 4324
758 61 2187
859 40 270
857 10 2182
959 57 4931
759 54 4601
860 91 1204
858 63 1674
960 86 2956
760 56 3531
861 26 2342
859 71 1603
961 23 5779
761 52 3554
862 63 2241
860 28 3288
962 85 2646
762 22 5302
863 34 3660
861 87 5691
963 21 1103
763 37 5278
864 20 1858
862 86 314
964 67 3813
764 16 5071
865 32 1894
863 28 1213
965 31 3786
765 59 23
866 76 850
864 65 1584
966 37 3803
766 30 1656
867 99 3649
865 51 2805
967 94 4301
767 60 1615
868 99 5725
866 81 122
968 53 5178
768 35 1783
869 62 1734
867 85 2643
969 90 1269
769 81 5205
870 66 1722
868 53 4260
970 11 960
770 43 3630
871 13 2886
869 91 3843
971 16 1137
771 74 4068
872 86 2945
870 32 3381
972 91 1828
772 71 3947
873 11 4918
871 24 2140
973 71 5418
773 21 5551
874 57 5320
872 25 3944
974 55 4416
774 87 1509
875 55 4954
873 74 4139
975 74 146
775 38 4352
876 49 628
874 86 3463
976 78 3795
776 98 4932
877 30 1832
875 82 80
977 19 1671
777 73 2845
878 89 3644
876 14 227
978 97 5375
778 57 4132
879 83 3586
877 10 1958
979 70 3980
779 39 285
880 67 1666
878 73 1820
980 14 5692
780 42 2956
881 57 4754
879 72 4800
981 74 1030
781 32 1746
882 17 2247
880 47 2503
982 48 3059
782 50 5008
883 87 3304
881 36 4112
983 52 3318
783 25 2551
884 85 1327
882 17 1221
984 68 4316
784 54 1642
885 54 3782
883 85 1622
985 48 5331
785 30 3830
886 68 2521
884 19 5583
986 73 4583
786 73 2688
887 73 5427
885 28 3633
987 90 1712
787 33 5691
888 56 5702
886 30 4458
988 16 5174
788 12 2094
889 16 3348
887 44 4108
989 22 4291
789 94 2219
890 12 565
888 51 3098
990 80 5507
790 76 4372
891 93 442
889 73 1810
991 60 1165
791 53 5103
892 93 3736
890 59 1752
992 22 2141
792 47 3218
893 68 3663
891 49 1652
993 44 2095
793 59 5320
894 41 4208
892 74 5089
994 49 5624
794 11 5736
895 19 3040
893 18 4718
995 20 5718
795 72 2883
896 54 5933
894 29 1407
996 31 2500
796 91 3608
897 52 3519
895 68 105
997 40 1764
797 28 3490
898 77 5818
896 11 2076
998 26 39
798 17 4455
899 29 2576
897 39 3333
999 66 2991
799 89 3909
900 37 5451
898 66 3625
1000 46 830
800 27 370
899 63 2544
1001 48 967
801 26 3023
902 95 5438
1002 93 4186
802 29 2753
903 73 5434
901 74 5758
1003 70 3788
803 83 3212
904 18 2180
902 71 5916
1004 43 5446
804 18 4632
905 35 1502
903 64 2960
1005 34 2238
805 28 4776
906 14 4771
904 25 1454
1006 12 5884
806 72 720
907 61 4226
905 60 1772
1007 100 4690
807 66 1857
908 20 4173
906 69 1503
1008 55 2766
808 81 4772
909 54 2600
907 42 2594
1009 53 1248
809 93 4226
910 47 638
908 29 4385
1010 59 498
810 30 1346
911 57 1533
909 83 4095
1011 63 1323
811 21 4003
912 78 4526
910 27 998
1012 27 2174
812 94 3521
913 63 4946
911 58 5702
1013 75 172
813 51 5371
914 96 855
912 100 3301
1014 25 2048
814 71 2862
915 90 1689
913 29 5124
1015 88 2727
815 71 396
916 29 2915
914 81 2605
1016 45 1388
816 39 4947
917 22 4192
915 48 1434
1017 21 350
817 59 634
918 34 1977
916 28 4928
1018 37 2787
818 20 3799
919 67 12
917 20 4791
1019 14 4942
819 30 1083
920 14 115
918 67 1042
1020 86 462
820 99 52
921 21 4828
919 67 1573
1021 97 4284
821 39 2341
922 57 915
920 60 321
1022 61 4632
822 28 2181
923 31 4652
921 80 1525
1023 71 622
823 32 2069
924 97 5434
922 36 1519
1024 42 5588
824 87 2944
925 28 4837
923 41 1111
1025 53 3948
825 33 5575
926 28 3481
924 36 4570
1026 92 2854
826 54 5325
927 34 3545
925 54 2255
1027 16 79
827 34 1629
928 75 2268
926 13 4000
1028 34 4584
828 65 3478
929 96 3027
927 94 137
1029 93 889
829 53 2157
930 71 1091
928 56 4663
1030 97 4434
830 37 3678
931 92 2239
929 42 321
1031 42 5721
831 87 2397
932 69 1534
930 100 2425
1032 36 5341
832 12 5155
933 57 1212
931 60 3379
1033 44 499
833 67 5909
934 62 5824
932 81 2751
1034 97 510
834 18 1020
935 80 663
933 60 4142
1035 38 573
835 64 1502
936 13 1338
934 68 4908
1036 19 5346
836 72 847
937 93 4156
935 22 5129
1037 24 5426
837 22 1686
938 76 4118
936 61 5517
1038 54 224
838 10 2774
939 85 621
937 83 2543
1039 60 4453
839 22 766
940 83 2349
938 78 447
1040 82 4137
840 61 1904
941 43 5448
939 13 3067
1041 55 1658
841 62 1209
942 66 1956
940 39 5129
1042 75 3233
842 82 4034
943 30 4507
941 53 1662
1043 65 2877
843 94 4885
944 79 4085
942 60 2092
1044 11 3223
844 17 1462
945 85 309
943 22 56
1045 15 2683
845 31 786
946 12 4886
944 22 3560
1046 35 2033
846 77 636
947 50 2308
945 93 2543
1047 13 3047
847 61 4689
948 35 2841
946 39 2938
1048 84 2862
848 96 1121
949 68 4724
947 76 697
1049 77 1565
849 58 2310
950 23 1492
948 38 4557
1050 53 5934
850 10 435
951 90 5444
949 17 4592
1051 63 2060
851 33 3309
952 65 3690
950 85 2826
1052 85 3493
852 18 2763
953 95 3738
951 38 4245
1053 57 2824
853 55 1784
954 19 4368
952 80 5189
1054 82 3964
854 31 2081
955 47 2086
953 95 2667
1055 43 55
855 76 4305
956 28 675
954 15 2052
1056 76 1687
856 62 1847
957 72 715
955 30 3186
1057 39 2353
857 16 4587
958 68 4139
956 97 3853
1058 57 650
858 56 350
959 65 3042
957 44 3989
1059 74 4811
859 26 1780
960 97 215
958 78 764
1060 94 1295
860 43 2544
961 96 1802
959 45 349
1061 28 2600
861 17 2118
962 37 2014
960 37 4640
1062 83 3724
862 60 2856
963 98 1104
961 38 2347
1063 59 118
863 71 3880
964 72 765
962 13 4536
1064 71 3624
864 66 2189
965 52 2719
963 66 4788
1065 68 3625
865 39 3125
966 96 4742
964 18 5807
1066 41 3445
866 74 1568
967 81 2894
965 47 339
1067 24 4325
867 38 5476
968 19 3098
966 72 1229
1068 55 3669
868 43 2313
969 88 2471
967 77 3866
1069 26 1784
869 25 96
970 10 5262
968 81 3184
1070 49 2668
870 59 3525
971 20 4507
969 48 5243
1071 69 1434
871 12 1118
972 14 2315
970 86 4834
1072 24 3276
872 68 5078
973 80 373
971 65 1605
1073 37 5605
873 78 2701
974 61 3901
972 69 4717
1074 62 5067
874 83 3018
975 55 5407
973 98 1156
1075 51 5573
875 85 3626
976 74 128
974 24 5123
1076 61 5931
876 84 787
977 98 4629
975 98 4543
1077 52 1221
877 35 4887
978 14 4735
976 36 3714
1078 96 3404
878 59 2187
979 38 53
977 55 1998
1079 23 3905
879 11 3667
980 16 607
978 16 5923
1080 48 3342
880 93 4652
981 14 2913
979 16 3021
1081 66 250
881 13 1037
982 46 3587
980 44 4511
1082 65 3370
882 52 1911
983 28 1311
981 48 2687
1083 91 5052
883 56 3684
984 18 2827
982 64 4333
1084 94 3587
884 54 3708
985 56 1431
983 67 5318
1085 15 90
885 54 1193
986 39 5050
984 37 3225
1086 90 1213
886 57 4749
987 20 710
985 17 5403
1087 83 5614
887 69 4838
988 23 4229
986 98 4886
1088 52 5597
888 95 3765
989 95 2333
987 62 4255
1089 20 2862
889 62 3025
990 58 3974
988 92 1933
1090 85 3200
890 92 4588
991 44 30
989 45 4528
1091 37 5770
891 78 5596
992 46 3555
990 93 395
1092 36 3841
892 36 1178
993 30 1044
991 12 125
1093 52 2583
893 92 2628
994 43 1556
992 59 849
1094 10 2932
894 60 4908
995 22 1149
993 80 3508
1095 63 802
895 40 5141
996 56 1012
994 17 3945
1096 96 5490
896 83 1219
997 21 1276
995 29 5931
1097 56 3997
897 81 4093
998 41 3890
996 40 3749
1098 18 5318
898 100 4973
999 15 3815
997 75 807
1099 71 4441
899 21 5435
1000 61 1460
998 72 3795
1100 57 327
900 62 2550
999 93 3643
1101 51 2840
901 97 4676
1002 55 824
1102 46 4606
902 32 4221
1003 55 2485
1001 44 594
1103 53 1208
903 87 2825
1004 17 1555
1002 79 939
1104 61 1110
904 31 204
1005 60 4294
1003 49 3253
1105 78 5246
905 88 2579
1006 32 723
1004 68 511
1106 44 4473
906 90 3592
1007 10 1225
1005 54 3761
1107 87 2042
907 71 5172
1008 40 286
1006 74 750
1108 71 178
908 94 91
1009 93 4148
1007 31 520
1109 29 1916
909 84 1659
1010 60 256
1008 67 329
1110 78 49
910 69 1393
1011 46 137
1009 43 4171
1111 29 1219
911 65 5110
1012 60 3221
1010 74 4037
1112 15 3649
912 51 4917
1013 95 5720
1011 40 4545
1113 27 4328
913 27 375
1014 66 5715
1012 31 5542
1114 96 140
914 49 1129
1015 77 2706
1013 24 1200
1115 54 4306
915 30 173
1016 23 232
1014 16 1697
1116 92 4443
916 35 4767
1017 92 2475
1015 63 3808
1117 81 3472
917 80 1788
1018 36 3372
1016 46 1544
1118 97 3517
918 76 2662
1019 45 3607
1017 29 2909
1119 31 3030
919 81 3761
1020 16 1759
1018 24 3457
1120 64 890
920 42 4430
1021 63 2718
1019 12 4967
1121 54 120
921 26 3567
1022 43 2816
1020 76 779
1122 28 3734
922 48 4991
1023 83 4225
1021 88 3930
1123 14 262
923 58 1834
1024 55 2083
1022 29 2816
1124 41 1680
924 34 441
1025 43 1657
1023 33 1060
1125 16 2334
925 73 1496
1026 62 1332
1024 14 5205
1126 31 155
926 77 4200
1027 12 442
1025 45 1127
1127 37 3468
927 75 2763
1028 96 5662
1026 86 5368
1128 23 5890
928 67 5915
1029 63 2226
1027 18 1140
1129 51 4956
929 68 2444
1030 74 3325
1028 81 1054
1130 17 497
930 61 581
1031 19 5723
1029 18 1407
1131 13 3341
931 63 172
1032 64 801
1030 32 2985
1132 10 3283
932 27 2139
1033 94 1626
1031 23 1443
1133 14 1722
933 57 3628
1034 97 4765
1032 10 664
1134 49 2370
934 22 2629
1035 27 4609
1033 12 5866
1135 100 2859
935 83 1901
1036 61 688
1034 66 5537
1136 87 633
936 94 1628
1037 97 3960
1035 16 1889
1137 75 4264
937 31 4867
1038 54 2923
1036 79 2443
1138 97 4907
938 72 2859
1039 57 1559
1037 61 3320
1139 94 4974
939 72 234
1040 69 5464
1038 65 2053
1140 77 3455
940 100 2816
1041 99 1530
1039 36 2475
1141 74 5042
941 75 5088
1042 32 1957
1040 15 5869
1142 75 3045
942 22 5100
1043 92 1830
1041 50 3060
1143 18 1552
943 61 33
1044 77 252
1042 27 3610
1144 99 2484
944 84 2222
1045 61 733
1043 44 251
1145 98 5202
945 31 1684
1046 77 1815
1044 20 2305
1146 47 5491
946 65 2097
1047 42 4426
1045 28 4713
1147 30 1113
947 73 4740
1048 90 1800
1046 63 3555
1148 66 4700
948 40 3853
1049 50 2407
1047 69 2103
1149 31 31
949 55 5905
1050 39 4557
1048 81 2721
1150 27 4983
950 25 5341
1051 28 481
1049 89 3889
1151 32 5777
951 87 5884
1052 20 3530
1050 30 2451
1152 68 3835
952 33 1904
1053 91 4190
1051 44 4973
1153 44 3909
953 63 2832
1054 54 2880
1052 34 1488
1154 33 3440
954 26 546
1055 63 1442
1053 58 5062
1155 19 5085
955 100 1324
1056 56 3502
1054 63 5101
1156 22 314
956 93 2455
1057 69 1560
1055 88 930
1157 85 2098
957 56 5664
1058 53 2077
1056 38 5836
1158 14 3162
958 39 2055
1059 26 3721
1057 33 3265
1159 12 5609
959 96 4095
1060 55 1855
1058 66 3548
1160 21 1463
960 11 5066
1061 43 3320
1059 75 1144
1161 86 461
961 58 5656
1062 19 3294
1060 27 5139
1162 27 2315
962 85 3973
1063 73 2651
1061 17 5398
1163 39 609
963 62 2481
1064 39 1678
1062 77 4477
1164 68 2502
964 25 4025
1065 94 5597
1063 76 2061
1165 16 1285
965 74 5366
1066 18 4446
1064 44 2425
1166 92 335
966 86 3205
1067 20 1943
1065 97 159
1167 91 1478
967 24 287
1068 22 3468
1066 71 4209
1168 16 5898
968 40 3909
1069 72 1913
1067 51 1323
1169 97 4549
969 29 5914
1070 71 4007
1068 62 5229
1170 53 1700
970 35 430
1071 96 5609
1069 25 1916
1171 97 4358
971 30 3765
1072 77 3166
1070 97 2788
1172 50 2227
972 77 1902
1073 75 2744
1071 33 1131
1173 43 3136
973 45 2835
1074 45 2556
1072 35 4863
1174 11 309
974 14 4768
1075 20 1586
1073 32 3662
1175 25 2335
975 77 906
1076 15 913
1074 60 2733
1176 32 3624
976 96 5197
1077 96 5450
1075 69 2223
1177 11 1609
977 86 4831
1078 96 277
1076 88 3984
1178 73 1440
978 54 5045
1079 13 5257
1077 41 2901
1179 81 734
979 46 2939
1080 78 2336
1078 79 1778
1180 84 5450
980 92 906
1081 64 2472
1079 100 2355
1181 20 1297
981 64 5671
1082 94 4553
1080 80 5757
1182 30 601
982 42 4930
1083 96 1799
1081 63 1176
1183 82 5793
983 87 2174
1084 65 1428
1082 31 1646
1184 19 1273
984 92 3488
1085 70 1470
1083 83 713
1185 93 4975
985 73 4209
1086 19 28
1084 95 1893
1186 54 5580
986 84 3773
1087 95 4026
1085 84 682
1187 19 4006
987 68 4626
1088 55 1287
1086 27 3703
1188 74 1262
988 88 4756
1089 32 1394
1087 74 2433
1189 54 2228
989 50 1800
1090 18 3537
1088 17 1813
1190 84 53
990 78 5486
1091 87 1912
1089 13 1855
1191 17 2831
991 32 3610
1092 86 2426
1090 81 1333
1192 59 92
992 55 1720
1093 41 1498
1091 82 5360
1193 100 38
993 12 1621
1094 18 2135
1092 85 5487
1194 83 2447
994 34 2204
1095 38 4997
1093 96 4354
1195 53 5798
995 99 4247
1096 72 3660
1094 72 1339
1196 13 5698
996 67 1030
1097 25 108
1095 51 4815
1197 70 1021
997 47 1061
1098 22 1236
1096 47 2941
1198 38 4815
998 32 2561
1099 76 3852
1097 56 4543
1199 57 3403
999 70 2258
1100 43 1291
1098 93 5082
1200 66 4324
1000 91 2451
1099 92 2599
1201 12 5427
1001 72 2277
1102 24 2342
1202 43 2404
1002 78 4210
1103 66 2948
1101 89 1655
1203 78 250
1003 56 1177
1104 16 607
1102 48 28
1204 28 4325
1004 22 5526
1105 69 5193
1103 85 1395
1205 34 2600
1005 20 5522
1106 97 4863
1104 75 3201
1206 18 515
1006 47 4004
1107 10 98
1105 67 4989
1207 79 2324
1007 44 4740
1108 43 4444
1106 47 476
1208 67 278
1008 87 5268
1109 91 4475
1107 49 2700
1209 86 4897
1009 49 5668
1110 37 5630
1108 36 2703
1210 45 18
1010 56 5486
1111 97 4435
1109 31 3118
1211 83 4359
1011 64 208
1112 86 3016
1110 97 87
1212 85 5297
1012 22 5919
1113 27 622
1111 23 3660
1213 11 510
1013 94 1309
1114 91 4001
1112 50 4905
1214 89 511
1014 87 5416
1115 29 1271
1113 88 1887
1215 66 2897
1015 69 2573
1116 46 3764
1114 32 2831
1216 53 2636
1016 83 842
1117 43 3856
1115 14 47
1217 63 185
1017 99 2866
1118 82 3571
1116 61 4382
1218 28 1424
1018 12 5260
1119 86 1434
1117 21 5502
1219 84 1064
1019 35 567
1120 40 3684
1118 45 1945
1220 19 659
1020 80 3395
1121 17 1575
1119 17 1391
1221 79 288
1021 21 1720
1122 74 1517
1120 53 5403
1222 38 4456
1022 36 283
1123 95 892
1121 97 2461
1223 79 3056
1023 27 5136
1124 76 5177
1122 63 342
1224 15 3756
1024 70 1587
1125 56 474
1123 51 3431
1225 94 2817
1025 66 5121
1126 82 2717
1124 40 1481
1226 77 5621
1026 13 3891
1127 28 5309
1125 97 3362
1227 87 492
1027 58 4745
1128 67 1461
1126 44 1565
1228 27 1449
1028 10 5779
1129 12 1458
1127 32 730
1229 88 989
1029 61 4395
1130 36 1603
1128 20 572
1230 17 2612
1030 13 4087
1131 67 1593
1129 22 2282
1231 81 5075
1031 58 499
1132 80 2118
1130 66 679
1232 89 1475
1032 81 1211
1133 15 5494
1131 59 5560
1233 11 225
1033 11 2925
1134 10 1464
1132 54 4739
1234 98 4178
1034 87 4023
1135 53 1331
1133 64 4000
1235 59 3223
1035 10 4642
1136 34 5722
1134 69 3819
1236 30 2049
1036 11 2757
1137 73 3797
1135 37 5098
1237 14 53
1037 10 719
1138 20 563
1136 18 5567
1238 75 3351
1038 20 1956
1139 96 2186
1137 45 3998
1239 29 928
1039 45 4525
1140 83 4611
1138 90 1767
1240 45 5014
1040 72 430
1141 17 5460
1139 59 1674
1241 89 4065
1041 82 937
1142 64 4833
1140 73 3220
1242 78 2733
1042 59 2984
1143 29 4911
1141 66 1376
1243 31 2504
1043 41 1813
1144 76 3984
1142 62 3954
1244 84 5075
1044 56 2049
1145 98 5524
1143 63 3212
1245 53 2202
1045 28 5600
1146 46 4269
1144 96 3256
1246 95 1102
1046 47 292
1147 79 5084
1145 11 5429
1247 73 3394
1047 93 4163
1148 36 2161
1146 100 2906
1248 43 377
1048 82 2183
1149 44 3369
1147 73 197
1249 80 1285
1049 80 1918
1150 47 1744
1148 39 5471
1250 55 1268
1050 57 3457
1151 68 2032
1149 83 5782
1251 76 5546
1051 84 774
1152 61 5863
1150 15 2567
1252 23 1820
1052 87 42
1153 85 3573
1151 87 3168
1253 95 1176
1053 53 5882
1154 90 3268
1152 79 1623
1254 72 2694
1054 35 5488
1155 61 2884
1153 35 5776
1255 20 2347
1055 84 1438
1156 92 4899
1154 78 1209
1256 24 3626
1056 92 2664
1157 52 4152
1155 65 1813
1257 15 3253
1057 47 2007
1158 59 5078
1156 97 764
1258 61 4851
1058 97 3129
1159 66 3714
1157 32 5724
1259 22 3628
1059 32 262
1160 23 4985
1158 61 4534
1260 85 1672
1060 44 4032
1161 65 890
1159 16 4514
1261 15 525
1061 89 5699
1162 32 3856
1160 76 3640
1262 37 3668
1062 46 5925
1163 70 5833
1161 11 2526
1263 68 241
1063 65 1209
1164 91 1857
1162 16 5619
1264 76 4628
1064 20 1368
1165 17 1028
1163 53 3386
1265 61 1431
1065 52 4913
1166 50 4634
1164 89 4104
1266 19 1001
1066 44 5626
1167 49 3138
1165 66 3924
1267 34 4221
1067 59 2745
1168 56 3139
1166 23 723
1268 42 52
1068 15 980
1169 22 3542
1167 80 5521
1269 93 1733
1069 24 5166
1170 76 4845
1168 20 2600
1270 51 979
1070 94 1685
1171 34 451
1169 39 787
1271 97 4877
1071 53 2833
1172 19 1792
1170 70 3919
1272 37 1419
1072 93 3431
1173 66 1206
1171 62 1208
1273 70 1587
1073 66 5126
1174 71 1936
1172 18 2576
1274 28 707
1074 81 1625
1175 43 975
1173 17 4993
1275 20 4907
1075 89 4538
1176 43 277
1174 36 3079
1276 19 2762
1076 14 1819
1177 80 634
1175 83 831
1277 44 3839
1077 23 492
1178 60 1271
1176 39 1136
1278 76 4538
1078 92 1016
1179 25 1890
1177 82 2736
1279 19 3811
1079 40 5493
1180 58 3524
1178 49 190
1280 90 3292
1080 88 360
1181 58 2939
1179 90 5419
1281 77 2709
1081 73 5083
1182 74 1599
1180 79 1327
1282 89 5596
1082 31 4208
1183 98 3840
1181 49 3887
1283 92 2408
1083 47 1463
1184 88 1937
1182 86 4348
1284 98 2057
1084 56 1499
1185 29 1421
1183 47 4260
1285 80 1243
1085 28 3271
1186 74 4500
1184 37 2237
1286 60 787
1086 36 2165
1187 81 2317
1185 19 4502
1287 73 2269
1087 23 4770
1188 10 2198
1186 45 981
1288 33 3023
1088 13 1511
1189 46 4285
1187 48 5237
1289 22 3096
1089 63 1998
1190 74 2951
1188 44 5061
1290 38 2387
1090 51 1497
1191 53 5775
1189 37 1604
1291 50 5755
1091 93 2394
1192 32 4294
1190 72 2547
1292 57 4323
1092 97 978
1193 30 4871
1191 81 3316
1293 15 5866
1093 60 2161
1194 57 4016
1192 86 934
1294 75 3051
1094 69 2107
1195 75 1439
1193 87 2546
1295 99 858
1095 50 1681
1196 10 4782
1194 38 5675
1296 88 1918
1096 25 3004
1197 44 3549
1195 15 3616
1297 28 2162
1097 42 4772
1198 76 2491
1196 30 1090
1298 31 3371
1098 19 4788
1199 27 3635
1197 64 2716
1299 81 634
1099 59 57
1200 21 86
1198 44 1812
1300 36 3925
1100 93 5252
1199 82 2399
1301 26 5480
1101 63 2360
1202 42 315
1302 78 818
1102 58 1928
1203 67 212
1201 95 408
1303 23 107
1103 100 4903
1204 53 2726
1202 97 554
1304 90 4104
1104 71 2280
1205 96 1397
1203 27 3109
1305 42 5262
1105 48 1668
1206 19 2172
1204 99 3208
1306 12 1048
1106 36 4529
1207 32 3707
1205 24 5885
1307 33 3527
1107 48 3034
1208 75 2851
1206 43 1442
1308 85 1772
1108 33 2610
1209 29 4685
1207 48 5520
1309 88 1076
1109 91 5547
1210 85 1539
1208 59 1310
1310 32 476
1110 28 4259
1211 96 66
1209 78 5278
1311 27 846
1111 24 3296
1212 51 2469
1210 51 1579
1312 74 3402
1112 94 550
1213 23 3820
1211 33 5467
1313 90 508
1113 28 4961
1214 19 5755
1212 20 1742
1314 55 2351
1114 55 1293
1215 53 5106
1213 72 3786
1315 61 5065
1115 87 3838
1216 17 5938
1214 22 4874
1316 96 4511
1116 19 5691
1217 22 2161
1215 39 3852
1317 27 5734
1117 69 5733
1218 79 4820
1216 97 703
1318 51 5507
1118 65 4349
1219 10 5789
1217 13 1599
1319 31 3164
1119 40 314
1220 68 3454
1218 94 1206
1320 26 4222
1120 23 5680
1221 64 3957
1219 79 596
1321 17 2979
1121 19 3664
1222 97 3177
1220 55 2155
1322 25 405
1122 98 4689
1223 42 190
1221 68 2006
1323 38 5684
1123 72 3208
1224 12 2870
1222 80 999
1324 25 3618
1124 57 5508
1225 50 4503
1223 76 3196
1325 58 4345
1125 85 2993
1226 83 2991
1224 64 5604
1326 31 1605
1126 99 18
1227 67 4380
1225 88 1604
1327 62 4767
1127 69 4983
1228 20 5845
1226 56 5104
1328 81 5040
1128 78 2629
1229 34 3374
1227 96 424
1329 19 765
1129 96 5091
1230 43 1401
1228 50 343
1330 32 1887
1130 30 5047
1231 71 2677
1229 91 3926
1331 11 714
1131 34 2304
1232 58 4011
1230 28 3327
1332 67 79
1132 58 2826
1233 82 198
1231 37 1183
1333 35 5626
1133 76 4694
1234 89 2138
1232 60 2788
1334 18 4421
1134 95 4187
1235 47 477
1233 52 3783
1335 45 15
1135 76 2440
1236 69 4530
1234 27 903
1336 99 4873
1136 83 115
1237 84 222
1235 63 5228
1337 66 3237
1137 52 4150
1238 51 1075
1236 44 2496
1338 33 4478
1138 73 1704
1239 55 1101
1237 68 3104
1339 24 5824
1139 83 175
1240 30 4118
1238 40 1401
1340 58 3120
1140 30 4206
1241 57 4905
1239 43 4280
1341 68 3130
1141 18 2360
1242 14 301
1240 12 2783
1342 10 4513
1142 19 2071
1243 65 2299
1241 55 962
1343 76 1888
1143 32 2496
1244 47 5675
1242 67 5347
1344 90 1332
1144 44 4036
1245 36 1530
1243 58 2845
1345 23 3997
1145 66 996
1246 10 1613
1244 93 5414
1346 61 2952
1146 82 4814
1247 15 830
1245 20 4456
1347 53 293
1147 86 3835
1248 22 5795
1246 100 348
1348 98 4327
1148 99 2612
1249 45 4863
1247 77 827
1349 40 985
1149 35 3639
1250 77 1825
1248 48 1381
1350 59 2856
1150 46 2291
1251 77 2067
1249 68 3374
1351 86 3925
1151 63 5014
1252 74 154
1250 34 4935
1352 88 2068
1152 55 4247
1253 20 3388
1251 76 82
1353 90 5557
1153 21 1136
1254 23 5486
1252 29 4799
1354 33 2486
1154 100 2279
1255 89 1443
1253 39 2645
1355 50 783
1155 26 2161
1256 57 1124
1254 35 5390
1356 52 3144
1156 15 722
1257 11 4109
1255 77 1013
1357 66 4927
1157 88 4987
1258 78 3475
1256 96 4420
1358 45 430
1158 25 2484
1259 73 5196
1257 90 4067
1359 35 3043
1159 26 2238
1260 89 1992
1258 38 252
1360 73 1811
1160 38 4863
1261 72 3125
1259 94 290
1361 31 1006
1161 64 758
1262 33 479
1260 74 5893
1362 13 5397
1162 16 3195
1263 12 707
1261 67 665
1363 83 5044
1163 70 3195
1264 38 2838
1262 10 1474
1364 62 5637
1164 51 1514
1265 32 4961
1263 33 4936
1365 12 5126
1165 15 4950
1266 13 236
1264 18 3390
1366 65 2974
1166 85 3202
1267 88 4068
1265 23 5461
1367 12 5037
1167 12 1190
1268 85 5475
1266 85 5137
1368 28 1128
1168 83 5232
1269 62 411
1267 33 3024
1369 66 3596
1169 43 5865
1270 89 417
1268 39 4018
1370 87 4032
1170 28 2601
1271 19 862
1269 33 3774
1371 84 4570
1171 63 5045
1272 65 5443
1270 18 1281
1372 15 1885
1172 50 4134
1273 82 428
1271 85 2889
1373 63 146
1173 68 775
1274 99 629
1272 59 4313
1374 36 5234
1174 61 724
1275 28 3082
1273 21 5912
1375 53 210
1175 47 4233
1276 97 1992
1274 92 1356
1376 19 327
1176 19 1758
1277 62 479
1275 52 2289
1377 49 4525
1177 89 794
1278 93 4437
1276 40 5070
1378 19 3888
1178 54 4790
1279 55 752
1277 66 1796
1379 80 4342
1179 42 679
1280 76 4923
1278 43 5562
1380 80 2759
1180 13 4874
1281 87 5292
1279 100 3514
1381 86 856
1181 23 5530
1282 71 1133
1280 38 1457
1382 62 3379
1182 42 740
1283 93 2137
1281 83 427
1383 94 1266
1183 93 2202
1284 99 2994
1282 18 3650
1384 14 2935
1184 93 5661
1285 73 2796
1283 69 4050
1385 12 5588
1185 48 2546
1286 32 732
1284 92 1445
1386 37 4033
1186 24 5584
1287 83 1662
1285 94 4025
1387 13 2290
1187 31 2071
1288 12 4296
1286 79 570
1388 73 5403
1188 37 5494
1289 24 2394
1287 77 5202
1389 29 3693
1189 67 2041
1290 63 656
1288 17 4900
1390 33 4815
1190 30 2793
1291 82 1549
1289 15 836
1391 71 5205
1191 29 2298
1292 82 5378
1290 26 5135
1392 30 1602
1192 31 3452
1293 69 2847
1291 43 5109
1393 27 816
1193 97 3457
1294 49 4086
1292 24 5536
1394 75 434
1194 43 3122
1295 15 1481
1293 47 5366
1395 57 1960
1195 14 1797
1296 90 647
1294 55 5878
1396 41 4052
1196 85 2469
1297 44 4901
1295 63 4622
1397 23 1976
1197 21 3714
1298 52 4416
1296 44 3862
1398 90 5216
1198 23 2246
1299 54 4493
1297 100 2050
1399 100 2068
1199 23 4019
1300 77 3409
1298 54 2921
1400 11 3850
1200 84 383
1299 84 861
1401 57 4319
1201 32 4905
1302 30 3997
1402 14 5633
1202 14 3225
1303 98 4887
1301 65 642
1403 25 3734
1203 27 4694
1304 80 5115
1302 63 243
1404 24 807
1204 66 425
1305 74 192
1303 69 2289
1405 24 504
1205 59 313
1306 83 4674
1304 89 1104
1406 57 400
1206 35 2611
1307 46 205
1305 48 844
1407 77 178
1207 44 5217
1308 55 4000
1306 96 3553
1408 75 4303
1208 23 1502
1309 63 3138
1307 34 3466
1409 19 4189
1209 77 3315
1310 58 4921
1308 52 103
1410 25 797
1210 70 5300
1311 96 5657
1309 98 649
1411 39 5757
1211 13 1224
1312 22 4488
1310 39 2537
1412 94 4449
1212 61 926
1313 18 3784
1311 10 5564
1413 31 2140
1213 72 2584
1314 95 2375
1312 90 5334
1414 36 2689
1214 32 3409
1315 45 4937
1313 57 1233
1415 42 5112
1215 57 829
1316 80 3190
1314 43 1528
1416 72 3602
1216 51 2069
1317 13 5059
1315 21 1067
1417 19 1224
1217 93 4550
1318 44 4713
1316 11 1184
1418 55 1279
1218 46 4489
1319 22 267
1317 53 299
1419 38 825
1219 74 3145
1320 45 3475
1318 62 999
1420 99 213
1220 99 3760
1321 48 652
1319 90 4767
1421 59 1815
1221 70 874
1322 45 2012
1320 31 343
1422 76 2261
1222 23 802
1323 46 1473
1321 60 2908
1423 39 4566
1223 64 1657
1324 62 4941
1322 34 2793
1424 80 600
1224 26 3288
1325 64 2815
1323 59 5895
1425 95 4851
1225 14 2358
1326 64 2960
1324 46 980
1426 23 4973
1226 90 2846
1327 60 4026
1325 53 2947
1427 34 491
1227 87 4575
1328 31 1238
1326 96 1033
1428 64 407
1228 28 3006
1329 16 2090
1327 25 3161
1429 59 5151
1229 71 217
1330 12 2068
1328 80 1962
1430 14 5470
1230 60 2485
1331 53 5673
1329 30 1089
1431 46 5168
1231 85 4515
1332 53 266
1330 90 5713
1432 38 2799
1232 10 3814
1333 91 5774
1331 86 2966
1433 58 3300
1233 66 5762
1334 51 4176
1332 44 5123
1434 68 448
1234 86 4067
1335 67 3227
1333 68 5395
1435 20 3454
1235 99 2333
1336 22 1332
1334 52 2869
1436 57 2214
1236 29 3382
1337 88 532
1335 11 5437
1437 61 1694
1237 63 2080
1338 16 3057
1336 58 2979
1438 12 2023
1238 82 2138
1339 47 400
1337 41 638
1439 27 5370
1239 27 4757
1340 99 3101
1338 86 5788
1440 77 4554
1240 98 1088
1341 100 4980
1339 61 770
1441 53 5152
1241 70 4854
1342 38 1563
1340 59 521
1442 32 5939
1242 95 628
1343 17 1388
1341 23 3368
1443 91 2871
1243 66 5313
1344 36 3153
1342 30 3021
1444 31 3985
1244 92 2962
1345 44 1749
1343 79 2089
1445 27 1260
1245 17 1336
1346 23 1873
1344 61 5321
1446 37 441
1246 10 4279
1347 51 1870
1345 87 699
1447 85 5133
1247 58 858
1348 69 3791
1346 67 2452
1448 64 5544
1248 53 3760
1349 22 4251
1347 86 3797
1449 68 1354
1249 39 4579
1350 59 4480
1348 25 1649
1450 15 2506
1250 57 2625
1351 69 2571
1349 54 2734
1451 89 1744
1251 26 1125
1352 92 3908
1350 100 1427
1452 26 2013
1252 43 1232
1353 100 2460
1351 80 4989
1453 46 3400
1253 81 4822
1354 53 4539
1352 32 3556
1454 96 2000
1254 98 4631
1355 37 3093
1353 10 5331
1455 34 3736
1255 12 4003
1356 67 2519
1354 37 3193
1456 98 2538
1256 53 859
1357 98 1097
1355 40 5090
1457 28 5319
1257 34 5112
1358 42 2218
1356 98 803
1458 35 1834
1258 67 5794
1359 48 3795
1357 23 4124
1459 78 4093
1259 67 4639
1360 57 2890
1358 76 533
1460 89 1582
1260 29 2541
1361 15 4449
1359 47 4023
1461 42 3655
1261 21 4975
1362 30 2469
1360 56 3062
1462 75 4396
1262 68 4663
1363 40 5482
1361 73 2009
1463 23 4591
1263 88 1830
1364 30 1753
1362 84 4412
1464 67 3415
1264 28 1228
1365 94 2277
1363 11 2035
1465 76 5238
1265 95 64
1366 99 3279
1364 50 2691
1466 25 1234
1266 24 3360
1367 61 4373
1365 88 470
1467 88 4759
1267 48 3643
1368 70 2526
1366 19 2901
1468 56 4795
1268 99 2714
1369 92 534
1367 35 742
1469 57 3706
1269 67 4306
1370 59 2898
1368 24 2578
1470 57 1653
1270 45 350
1371 35 2204
1369 92 3179
1471 71 5497
1271 41 3776
1372 19 4760
1370 69 2048
1472 53 329
1272 64 3839
1373 80 4409
1371 43 2026
1473 46 4770
1273 19 5651
1374 33 1718
1372 30 37
1474 78 5635
1274 14 5531
1375 15 2255
1373 55 997
1475 33 181
1275 49 2700
1376 71 4757
1374 18 4365
1476 29 2263
1276 77 5370
1377 60 4977
1375 99 3728
1477 45 4447
1277 70 5523
1378 60 1179
1376 97 4696
1478 71 4574
1278 72 370
1379 86 1153
1377 62 5454
1479 26 2878
1279 18 2035
1380 100 5093
1378 93 2286
1480 18 4623
1280 84 3963
1381 100 1189
1379 87 285
1481 70 1341
1281 71 2784
1382 65 2569
1380 13 1034
1482 84 5181
1282 39 2712
1383 14 3530
1381 21 2002
1483 72 3325
1283 22 4430
1384 24 1651
1382 89 4121
1484 88 483
1284 14 2350
1385 77 1115
1383 94 948
1485 11 1938
1285 44 4019
1386 86 226
1384 22 4141
1486 32 1800
1286 88 3521
1387 64 887
1385 44 5808
1487 50 2160
1287 11 4332
1388 57 409
1386 86 4842
1488 48 1737
1288 16 1798
1389 49 5861
1387 12 2475
1489 100 4698
1289 58 4421
1390 39 54
1388 30 2542
1490 81 3760
1290 47 980
1391 79 2065
1389 74 2262
1491 19 2576
1291 58 5925
1392 24 1052
1390 68 3633
1492 21 295
1292 46 4878
1393 70 454
1391 67 1721
1493 91 5903
1293 27 4133
1394 29 3218
1392 62 3873
1494 51 4633
1294 45 1973
1395 29 3649
1393 61 3954
1495 20 2925
1295 45 3598
1396 72 2691
1394 78 1597
1496 83 2133
1296 69 1941
1397 25 2846
1395 66 1804
1497 24 414
1297 54 4092
1398 14 5757
1396 90 1156
1498 81 2976
1298 63 5006
1399 33 5277
1397 82 3095
1499 90 3658
1299 52 1488
1400 66 4202
1398 24 5477
1500 55 4896
1300 86 5166
1399 89 224
1501 78 2749
1301 66 2813
1402 77 4773
1502 97 1948
1302 90 3403
1403 51 3770
1401 62 2731
1503 45 3640
1303 36 2525
1404 25 2601
1402 59 607
1504 30 820
1304 54 276
1405 46 4365
1403 91 2710
1505 61 1225
1305 68 4591
1406 16 2383
1404 11 2435
1506 88 1027
1306 51 2477
1407 11 3372
1405 52 4598
1507 69 1299
1307 64 5322
1408 24 3402
1406 65 3077
1508 60 767
1308 37 5525
1409 61 1931
1407 63 1301
1509 69 945
1309 31 4811
1410 62 1718
1408 27 3956
1510 32 871
1310 74 5591
1411 39 2366
1409 40 929
1511 87 5135
1311 58 3984
1412 43 70
1410 34 3556
1512 22 3280
1312 89 3164
1413 74 1309
1411 10 2777
1513 85 2326
1313 81 5094
1414 17 2544
1412 61 538
1514 11 4789
1314 38 554
1415 87 520
1413 11 1404
1515 79 5746
1315 69 2414
1416 20 3580
1414 86 4255
1516 41 3328
1316 20 3072
1417 35 4278
1415 16 2218
1517 54 1104
1317 86 2242
1418 50 2346
1416 11 3793
1518 96 3886
1318 88 3120
1419 42 4788
1417 71 3571
1519 73 4657
1319 55 1744
1420 87 1451
1418 71 1405
1520 28 1979
1320 46 4813
1421 78 5594
1419 53 5018
1521 32 715
1321 40 4689
1422 92 3039
1420 62 3979
1522 28 3075
1322 96 1444
1423 69 4897
1421 79 4656
1523 78 2988
1323 15 1670
1424 65 1667
1422 98 3222
1524 74 1486
1324 89 2038
1425 77 2222
1423 39 2466
1525 14 1008
1325 35 2577
1426 36 2411
1424 85 2353
1526 97 4785
1326 98 184
1427 47 4870
1425 97 3075
1527 58 2948
1327 91 1931
1428 56 953
1426 86 2927
1528 59 1931
1328 20 4123
1429 89 1809
1427 96 1219
1529 10 2659
1329 56 203
1430 87 5801
1428 61 2459
1530 13 2817
1330 81 1087
1431 80 4474
1429 34 2739
1531 19 4803
1331 100 3460
1432 81 1877
1430 77 1843
1532 58 2901
1332 16 4151
1433 33 5669
1431 31 347
1533 28 5416
1333 24 3616
1434 47 4402
1432 71 5711
1534 94 4235
1334 82 4897
1435 21 4669
1433 50 574
1535 65 5857
1335 49 3612
1436 62 1600
1434 77 5636
1536 60 3242
1336 19 527
1437 11 5201
1435 53 4904
1537 42 5628
1337 36 3326
1438 17 1539
1436 60 5693
1538 68 5599
1338 87 3356
1439 28 2124
1437 73 5301
1539 89 5829
1339 95 3668
1440 65 5068
1438 33 2197
1540 59 2574
1340 45 4210
1441 14 382
1439 29 3121
1541 13 5308
1341 49 4613
1442 44 181
1440 18 889
1542 11 3122
1342 29 815
1443 17 4196
1441 36 5801
1543 47 5007
1343 77 3418
1444 87 3007
1442 56 2636
1544 56 192
1344 60 4800
1445 88 2474
1443 28 1462
1545 44 4936
1345 11 5774
1446 26 11
1444 22 3807
1546 27 4809
1346 34 670
1447 53 2390
1445 74 209
1547 28 4328
1347 93 4919
1448 72 1060
1446 15 4731
1548 21 415
1348 73 5230
1449 32 1491
1447 48 1151
1549 42 3932
1349 46 4660
1450 99 882
1448 60 364
1550 98 3425
1350 51 1733
1451 13 1748
1449 10 4095
1551 38 2726
1351 73 2833
1452 32 5363
1450 84 193
1552 68 460
1352 10 5108
1453 43 5408
1451 52 842
1553 99 1255
1353 98 1227
1454 61 4272
1452 93 2895
1554 29 1197
1354 10 3951
1455 91 1946
1453 38 885
1555 44 5679
1355 39 3443
1456 77 3664
1454 99 422
1556 72 1463
1356 21 5867
1457 94 2209
1455 16 1849
1557 71 4497
1357 23 4501
1458 37 4251
1456 41 1369
1558 98 1813
1358 25 609
1459 51 4535
1457 48 1412
1559 89 1071
1359 33 95
1460 56 5917
1458 77 1985
1560 27 4159
1360 41 4916
1461 72 4051
1459 84 4624
1561 63 2569
1361 88 3931
1462 90 5686
1460 47 3830
1562 46 3119
1362 49 3752
1463 67 1312
1461 76 3134
1563 15 2462
1363 41 4947
1464 74 5153
1462 46 2221
1564 98 4404
1364 23 1757
1465 47 188
1463 51 723
1565 97 2957
1365 96 4371
1466 100 4457
1464 89 2726
1566 60 3793
1366 81 4507
1467 32 131
1465 47 5389
1567 89 4604
1367 66 5234
1468 86 3723
1466 50 1077
1568 17 753
1368 64 4093
1469 10 2876
1467 35 2145
1569 65 3331
1369 72 1806
1470 37 2958
1468 93 3820
1570 67 791
1370 75 184
1471 95 2732
1469 54 5681
1571 18 4272
1371 62 3513
1472 43 3905
1470 37 84
1572 90 343
1372 98 2437
1473 65 3303
1471 19 4400
1573 100 1671
1373 66 5517
1474 18 5522
1472 20 4848
1574 51 1220
1374 37 2783
1475 27 2371
1473 81 1221
1575 75 4770
1375 72 4879
1476 20 538
1474 33 4731
1576 66 606
1376 43 3273
1477 67 4094
1475 46 5735
1577 92 319
1377 59 4287
1478 73 2931
1476 97 5377
1578 30 2269
1378 52 4700
1479 81 5443
1477 31 3313
1579 72 1210
1379 88 3892
1480 28 1468
1478 22 2434
1580 50 3352
1380 25 2677
1481 94 4484
1479 22 5789
1581 12 2670
1381 20 2539
1482 38 2532
1480 16 5130
1582 45 271
1382 83 2779
1483 54 2024
1481 88 3387
1583 24 2466
1383 93 4470
1484 29 1670
1482 21 2973
1584 26 5410
1384 98 2045
1485 26 5056
1483 36 4464
1585 52 3888
1385 81 4578
1486 70 2580
1484 26 1275
1586 32 2104
1386 90 2443
1487 39 1342
1485 44 1246
1587 23 3044
1387 89 4225
1488 93 58
1486 63 5089
1588 40 780
1388 32 1227
1489 84 4209
1487 16 2827
1589 76 83
1389 74 1071
1490 52 403
1488 28 5911
1590 42 5225
1390 34 4613
1491 68 5380
1489 50 2224
1591 34 649
1391 43 4106
1492 65 5934
1490 86 4910
1592 66 688
1392 35 1794
1493 71 5462
1491 92 1889
1593 13 1860
1393 13 2298
1494 16 1190
1492 70 3008
1594 50 766
1394 21 1479
1495 76 133
1493 33 5859
1595 61 2105
1395 44 3156
1496 94 1552
1494 89 4333
1596 98 966
1396 87 5603
1497 55 2388
1495 86 3705
1597 23 5701
1397 18 4650
1498 74 5733
1496 41 1593
1598 88 4950
1398 18 5026
1499 72 286
1497 88 4622
1599 78 4526
1399 71 3107
1500 84 824
1498 25 1008
1600 34 552
1400 99 2035
1499 30 2281
1601 100 183
1401 90 3719
1502 44 29
1602 26 5431
1402 32 3864
1503 25 5846
1501 67 3211
1603 24 1718
1403 44 4146
1504 100 3819
1502 51 1567
1604 15 3904
1404 52 3218
1505 50 3334
1503 46 3714
1605 11 2477
1405 44 3020
1506 27 5736
1504 72 4092
1606 43 5071
1406 24 888
1507 95 4983
1505 53 5612
1607 61 417
1407 75 2842
1508 63 2473
1506 87 2834
1608 74 2854
1408 97 5907
1509 65 596
1507 79 2205
1609 18 4019
1409 76 4299
1510 24 4637
1508 82 4981
1610 74 1036
1410 84 598
1511 17 998
1509 60 4445
1611 97 1297
1411 48 1944
1512 25 4609
1510 35 3831
1612 85 5491
1412 75 4434
1513 64 3435
1511 24 2400
1613 75 2873
1413 19 3430
1514 80 2116
1512 17 1990
1614 65 202
1414 74 2172
1515 10 1405
1513 17 192
1615 72 3505
1415 86 1495
1516 24 3234
1514 17 2847
1616 96 3404
1416 54 337
1517 32 397
1515 81 5118
1617 58 4565
1417 97 383
1518 20 364
1516 37 1724
1618 44 5350
1418 79 4280
1519 76 1667
1517 15 1000
1619 65 1796
1419 31 3067
1520 16 4940
1518 86 5551
1620 62 4890
1420 90 1516
1521 39 541
1519 75 4387
1621 49 5447
1421 81 4712
1522 43 1468
1520 23 4435
1622 47 5274
1422 85 4745
1523 29 3304
1521 70 281
1623 32 4592
1423 23 757
1524 21 2551
1522 32 2747
1624 58 5686
1424 39 2099
1525 88 1101
1523 31 1240
1625 80 4620
1425 82 2830
1526 61 2643
1524 78 5226
1626 24 1377
1426 54 885
1527 91 5448
1525 34 100
1627 65 3989
1427 89 787
1528 64 5718
1526 25 4800
1628 41 3737
1428 49 194
1529 71 2947
1527 43 2679
1629 98 4338
1429 91 1753
1530 40 3554
1528 73 84
1630 11 3885
1430 40 1853
1531 100 1712
1529 96 5280
1631 91 891
1431 32 5025
1532 37 950
1530 65 94
1632 87 5114
1432 52 4467
1533 86 3350
1531 22 788
1633 30 3106
1433 48 1708
1534 87 5918
1532 12 5070
1634 57 3315
1434 59 3469
1535 78 2168
1533 25 2880
1635 19 376
1435 76 1794
1536 73 3102
1534 35 2067
1636 45 649
1436 11 5870
1537 61 1470
1535 40 1692
1637 98 934
1437 71 1556
1538 64 4830
1536 16 5617
1638 72 5467
1438 84 726
1539 37 4282
1537 86 824
1639 52 5744
1439 67 1075
1540 55 1787
1538 26 1451
1640 60 182
1440 31 3554
1541 94 5216
1539 47 5857
1641 15 1500
1441 20 3299
1542 74 4091
1540 93 1416
1642 16 2508
1442 76 4236
1543 81 2489
1541 23 3957
1643 17 4305
1443 14 134
1544 44 5048
1542 30 1489
1644 92 4165
1444 87 3781
1545 65 5218
1543 98 2196
1645 11 5421
1445 12 5040
1546 34 3577
1544 15 327
1646 49 454
1446 15 7
1547 12 2545
1545 82 1101
1647 27 5418
1447 88 2272
1548 82 5297
1546 79 1797
1648 59 3340
1448 16 204
1549 88 5455
1547 33 5825
1649 83 2100
1449 49 1849
1550 94 1258
1548 79 1677
1650 17 490
1450 48 676
1551 58 1472
1549 49 2911
1651 100 4709
1451 40 23
1552 74 1440
1550 42 1331
1652 40 2418
1452 48 3215
1553 96 3003
1551 93 4465
1653 22 4256
1453 58 795
1554 35 1219
1552 84 4807
1654 68 3
1454 67 4497
1555 96 2416
1553 53 1729
1655 91 4966
1455 72 3492
1556 15 5866
1554 61 4645
1656 61 4747
1456 69 5473
1557 62 2030
1555 60 4995
1657 15 4309
1457 62 1329
1558 51 2722
1556 70 577
1658 22 750
1458 49 3273
1559 87 926
1557 39 592
1659 14 3827
1459 10 751
1560 18 1357
1558 74 3437
1660 50 5786
1460 82 5150
1561 67 2405
1559 36 3851
1661 20 4380
1461 39 4326
1562 73 1096
1560 39 28
1662 69 1694
1462 30 918
1563 70 2409
1561 11 97
1663 72 1550
1463 41 2162
1564 21 1408
1562 90 4081
1664 84 4412
1464 76 3903
1565 32 2595
1563 60 5092
1665 81 2046
1465 96 5366
1566 70 1245
1564 20 1785
1666 58 4190
1466 74 534
1567 57 2270
1565 41 3345
1667 33 599
1467 61 2213
1568 70 2117
1566 92 3579
1668 15 4675
1468 87 1922
1569 10 5496
1567 32 733
1669 88 1129
1469 92 4455
1570 55 4361
1568 43 5911
1670 87 2774
1470 59 3461
1571 61 3626
1569 68 1901
1671 21 3650
1471 33 1086
1572 27 1114
1570 47 2186
1672 99 5027
1472 26 1982
1573 19 2063
1571 67 216
1673 95 3388
1473 59 1295
1574 18 2697
1572 27 887
1674 40 621
1474 98 3212
1575 24 3221
1573 62 3881
1675 33 3927
1475 18 988
1576 19 4062
1574 48 2785
1676 55 3119
1476 100 643
1577 54 770
1575 34 4653
1677 78 5364
1477 93 1446
1578 80 125
1576 97 3811
1678 30 5231
1478 32 4982
1579 84 3817
1577 27 1813
1679 41 4113
1479 16 1016
1580 12 1774
1578 85 4469
1680 65 941
1480 14 24
1581 41 5125
1579 11 1965
1681 52 5611
1481 83 4897
1582 65 1545
1580 19 3029
1682 49 2441
1482 53 867
1583 99 2273
1581 65 4127
1683 72 327
1483 81 3372
1584 84 3910
1582 45 1306
1684 63 4082
1484 91 1339
1585 88 3742
1583 34 4635
1685 80 273
1485 65 1016
1586 83 5382
1584 40 3539
1686 63 603
1486 53 5800
1587 14 4553
1585 75 613
1687 61 816
1487 35 3232
1588 78 4543
1586 28 4057
1688 67 1466
1488 12 1809
1589 22 5812
1587 71 3794
1689 41 4278
1489 26 1166
1590 56 1185
1588 62 698
1690 64 3886
1490 63 5024
1591 17 5359
1589 16 3002
1691 55 1290
1491 63 2570
1592 97 1709
1590 40 4730
1692 92 3448
1492 47 5749
1593 67 2197
1591 93 1867
1693 90 3060
1493 40 3053
1594 26 805
1592 10 4322
1694 93 2677
1494 51 2980
1595 62 484
1593 29 3295
1695 66 2660
1495 79 4890
1596 20 4021
1594 65 2620
1696 97 1953
1496 85 2284
1597 44 1314
1595 82 471
1697 79 1680
1497 51 2455
1598 60 671
1596 41 332
1698 33 1303
1498 28 5637
1599 16 1440
1597 71 4354
1699 77 1630
1499 52 5892
1600 97 4266
1598 94 3907
1700 27 2029
1500 34 4304
1599 57 1705
1701 22 5804
1501 87 3246
1602 87 1353
1702 79 5345
1502 87 311
1603 24 5142
1601 36 2025
1703 91 4461
1503 39 5865
1604 74 5232
1602 98 4760
1704 65 3216
1504 69 2067
1605 68 2919
1603 61 61
1705 66 4277
1505 54 1423
1606 73 464
1604 79 5575
1706 14 1310
1506 50 1230
1607 82 984
1605 58 360
1707 28 2149
1507 76 856
1608 17 1498
1606 57 3858
1708 19 2077
1508 83 5075
1609 68 4823
1607 36 2882
1709 34 3553
1509 100 5806
1610 40 3387
1608 99 5340
1710 100 298
1510 58 1956
1611 37 5581
1609 93 3331
1711 34 3011
1511 99 5078
1612 87 590
1610 43 5474
1712 71 940
1512 49 4046
1613 67 885
1611 42 451
1713 88 5546
1513 33 5845
1614 88 1410
1612 59 1191
1714 30 2176
1514 95 1047
1615 33 5864
1613 69 682
1715 34 3031
1515 60 2788
1616 57 2205
1614 74 3345
1716 52 1385
1516 74 4656
1617 44 3561
1615 91 3585
1717 88 4435
1517 22 1662
1618 73 3288
1616 79 4166
1718 97 1125
1518 51 459
1619 58 5527
1617 44 950
1719 42 2872
1519 20 1042
1620 18 3910
1618 88 1309
1720 74 5694
1520 61 1731
1621 32 5163
1619 46 880
1721 15 4006
1521 54 4922
1622 26 3032
1620 37 3163
1722 57 3218
1522 11 2294
1623 78 5767
1621 69 545
1723 74 1818
1523 91 4524
1624 98 997
1622 75 2364
1724 87 3491
1524 79 5691
1625 45 5281
1623 30 4628
1725 47 4173
1525 51 3086
1626 27 2899
1624 90 5723
1726 22 4035
1526 21 1258
1627 17 2111
1625 27 203
1727 65 5476
1527 56 677
1628 42 4324
1626 28 3786
1728 82 5782
1528 57 5272
1629 35 2517
1627 75 4925
1729 68 4892
1529 29 2254
1630 79 3798
1628 62 3693
1730 99 3070
1530 11 1889
1631 33 2751
1629 96 3683
1731 15 236
1531 40 5356
1632 48 4636
1630 95 3312
1732 31 433
1532 73 923
1633 94 1637
1631 26 2107
1733 22 1304
1533 89 265
1634 61 4190
1632 51 5715
1734 26 3260
1534 10 1108
1635 19 1356
1633 32 822
1735 57 507
1535 20 1801
1636 32 676
1634 35 5807
1736 97 1686
1536 70 2603
1637 74 1326
1635 48 4824
1737 26 125
1537 32 1954
1638 100 2011
1636 56 3554
1738 47 896
1538 55 1327
1639 90 4338
1637 65 3559
1739 62 917
1539 17 2059
1640 73 4420
1638 37 3187
1740 19 903
1540 91 5504
1641 90 4477
1639 98 1731
1741 27 5199
1541 58 250
1642 57 2554
1640 38 4452
1742 53 322
1542 47 4294
1643 41 4343
1641 50 3088
1743 24 4016
1543 82 4829
1644 18 104
1642 40 3567
1744 68 4875
1544 62 3421
1645 65 1597
1643 84 2516
1745 17 71
1545 22 989
1646 63 1554
1644 92 4592
1746 10 1445
1546 38 264
1647 73 5494
1645 23 1532
1747 89 3288
1547 61 2247
1648 26 4205
1646 24 3262
1748 85 4670
1548 61 4730
1649 96 5680
1647 89 626
1749 60 1428
1549 93 4128
1650 81 2801
1648 23 2507
1750 86 5506
1550 39 487
1651 21 26
1649 53 1568
1751 84 5896
1551 66 1318
1652 34 3640
1650 92 1246
1752 34 1239
1552 80 710
1653 74 2592
1651 36 1624
1753 33 3151
1553 95 5148
1654 30 1268
1652 27 3504
1754 89 3697
1554 47 3221
1655 55 2371
1653 50 2650
1755 46 3398
1555 69 1879
1656 10 5840
1654 89 1585
1756 14 1506
1556 35 1574
1657 26 3904
1655 87 3265
1757 46 1854
1557 78 3133
1658 43 4238
1656 49 4019
1758 25 2116
1558 52 3060
1659 84 501
1657 83 851
1759 15 673
1559 83 3103
1660 25 228
1658 34 604
1760 40 462
1560 56 55
1661 65 2738
1659 71 1115
1761 59 1035
1561 52 2419
1662 28 2931
1660 75 154
1762 31 4130
1562 61 2084
1663 81 5797
1661 48 5275
1763 58 3799
1563 48 2271
1664 30 5005
1662 16 876
1764 78 4733
1564 95 2639
1665 50 5394
1663 96 3330
1765 92 4325
1565 44 1143
1666 97 2023
1664 66 421
1766 54 4646
1566 32 1225
1667 98 5278
1665 97 204
1767 20 3655
1567 17 4608
1668 65 4691
1666 84 356
1768 14 3080
1568 77 335
1669 36 5833
1667 83 1869
1769 44 2685
1569 27 5539
1670 25 2666
1668 57 5306
1770 10 4015
1570 75 2097
1671 49 3668
1669 96 1012
1771 93 196
1571 31 337
1672 77 1346
1670 97 4393
1772 25 4177
1572 23 4973
1673 52 4239
1671 85 1213
1773 45 3476
1573 91 1562
1674 90 3052
1672 29 4208
1774 43 3579
1574 49 2856
1675 47 5926
1673 99 1215
1775 78 2795
1575 31 2935
1676 86 4128
1674 27 3188
1776 76 780
1576 61 1453
1677 47 4086
1675 17 2364
1777 60 3400
1577 61 1453
1678 52 3496
1676 41 2854
1778 14 5561
1578 76 675
1679 97 5550
1677 20 5072
1779 94 3994
1579 11 2355
1680 98 4811
1678 86 3992
1780 72 3772
1580 94 431
1681 55 4228
1679 81 5004
1781 63 4469
1581 84 2304
1682 81 1019
1680 64 4183
1782 95 5092
1582 59 4265
1683 70 3893
1681 21 5594
1783 12 170
1583 85 1980
1684 96 4306
1682 60 147
1784 49 5256
1584 29 3976
1685 42 4345
1683 59 2171
1785 20 952
1585 24 3680
1686 63 2071
1684 90 3871
1786 25 5884
1586 87 528
1687 82 4618
1685 67 831
1787 14 2854
1587 45 599
1688 61 4718
1686 64 2630
1788 18 4533
1588 44 2939
1689 71 954
1687 38 1472
1789 65 5166
1589 85 2399
1690 90 1573
1688 51 4663
1790 23 2609
1590 94 2690
1691 59 79
1689 63 5516
1791 40 69
1591 33 3010
1692 19 851
1690 48 552
1792 37 32
1592 11 5275
1693 79 3012
1691 28 1298
1793 74 161
1593 77 5593
1694 94 3960
1692 78 4288
1794 91 5777
1594 44 894
1695 78 5547
1693 86 1503
1795 15 3076
1595 86 250
1696 56 4908
1694 32 2193
1796 42 716
1596 99 1653
1697 96 3268
1695 50 970
1797 65 3678
1597 92 5744
1698 64 457
1696 83 5119
1798 75 2974
1598 23 2934
1699 70 5172
1697 40 4420
1799 67 4541
1599 32 2947
1700 60 2559
1698 54 2215
1800 61 4543
1600 11 547
1699 68 4851
1801 85 4382
1601 67 2636
1702 46 1873
1802 96 2894
1602 98 1750
1703 96 3075
1701 92 2374
1803 51 3493
1603 33 4037
1704 13 5195
1702 100 3146
1804 82 3633
1604 21 3219
1705 91 495
1703 49 1113
1805 23 664
1605 22 1922
1706 49 669
1704 33 3294
1806 70 2707
1606 79 4066
1707 95 4101
1705 58 4416
1807 80 2788
1607 32 1904
1708 18 1377
1706 78 1043
1808 73 2267
1608 63 1265
1709 82 3183
1707 27 860
1809 82 3033
1609 67 2907
1710 97 1991
1708 36 2481
1810 84 4095
1610 11 5275
1711 53 3797
1709 54 443
1811 15 4930
1611 52 5281
1712 58 158
1710 42 5007
1812 61 4304
1612 18 3140
1713 79 5786
1711 47 4009
1813 23 2128
1613 55 3537
1714 84 1106
1712 82 4862
1814 86 2994
1614 31 3486
1715 14 163
1713 91 4084
1815 83 937
1615 45 492
1716 78 3555
1714 56 5640
1816 15 4367
1616 89 3421
1717 30 3177
1715 54 2790
1817 31 763
1617 70 3473
1718 62 3201
1716 20 5902
1818 60 1420
1618 87 2798
1719 71 5665
1717 61 4878
1819 72 184
1619 35 4046
1720 10 10
1718 50 4636
1820 31 332
1620 77 1856
1721 58 5106
1719 70 2636
1821 74 4347
1621 35 1783
1722 94 4809
1720 41 1259
1822 57 4553
1622 51 5359
1723 69 2951
1721 84 150
1823 88 391
1623 76 1756
1724 50 4075
1722 14 5727
1824 39 5241
1624 18 1753
1725 21 1223
1723 44 3738
1825 92 3725
1625 16 5307
1726 24 2949
1724 42 4982
1826 88 1923
1626 30 523
1727 76 901
1725 80 4324
1827 59 686
1627 93 1973
1728 49 3095
1726 83 2975
1828 44 2983
1628 19 5506
1729 48 994
1727 78 4475
1829 37 4666
1629 14 3049
1730 61 2872
1728 47 2023
1830 96 5862
1630 59 4474
1731 95 412
1729 59 3797
1831 91 835
1631 71 3268
1732 95 2973
1730 13 4842
1832 98 2353
1632 64 36
1733 80 5449
1731 66 2072
1833 15 3671
1633 41 905
1734 42 2822
1732 70 2313
1834 95 3596
1634 65 2104
1735 28 938
1733 21 874
1835 66 4022
1635 14 1060
1736 78 3741
1734 15 163
1836 10 4323
1636 18 1879
1737 51 4184
1735 49 5189
1837 58 2859
1637 13 4694
1738 23 4936
1736 28 3693
1838 98 3618
1638 83 1958
1739 60 5044
1737 92 1939
1839 74 2631
1639 27 4798
1740 34 1998
1738 62 1364
1840 94 936
1640 27 4243
1741 50 634
1739 76 4554
1841 60 4262
1641 57 5847
1742 81 1882
1740 87 4847
1842 52 2801
1642 25 883
1743 67 4772
1741 60 5249
1843 80 3106
1643 87 550
1744 48 144
1742 79 4447
1844 10 4983
1644 100 4564
1745 37 145
1743 54 5020
1845 49 917
1645 28 1241
1746 85 3374
1744 62 5563
1846 18 2882
1646 16 603
1747 16 1054
1745 91 858
1847 14 3744
1647 95 1934
1748 51 4756
1746 70 766
1848 41 5415
1648 10 2075
1749 25 842
1747 92 5356
1849 11 1394
1649 47 5615
1750 54 1677
1748 33 2397
1850 95 1612
1650 81 5902
1751 69 2741
1749 60 1298
1851 68 1059
1651 44 689
1752 77 5071
1750 10 663
1852 98 4684
1652 27 1966
1753 69 747
1751 36 1336
1853 37 4800
1653 70 625
1754 42 4788
1752 15 5802
1854 58 1207
1654 45 1817
1755 49 2760
1753 15 5274
1855 47 5921
1655 35 536
1756 64 1669
1754 86 2910
1856 34 96
1656 52 3077
1757 92 4014
1755 13 606
1857 15 3728
1657 12 1574
1758 90 5310
1756 95 2943
1858 98 3415
1658 79 4299
1759 45 2187
1757 84 2218
1859 27 5612
1659 47 3869
1760 71 5091
1758 27 707
1860 41 4800
1660 94 471
1761 74 3195
1759 97 5773
1861 30 5908
1661 44 5715
1762 65 5901
1760 55 4024
1862 35 2023
1662 43 1633
1763 40 4050
1761 10 2274
1863 64 3651
1663 51 2328
1764 35 4722
1762 29 3549
1864 72 237
1664 72 628
1765 11 618
1763 51 5361
1865 16 122
1665 14 2960
1766 84 1000
1764 81 5510
1866 68 5375
1666 50 4858
1767 77 5771
1765 93 5170
1867 23 1420
1667 42 2976
1768 48 809
1766 30 4869
1868 75 1035
1668 81 1879
1769 95 3158
1767 84 599
1869 40 5857
1669 91 1957
1770 55 2630
1768 52 777
1870 11 4536
1670 17 363
1771 12 2200
1769 18 3984
1871 28 1816
1671 32 1365
1772 57 3751
1770 14 5053
1872 31 4967
1672 32 1566
1773 50 3693
1771 66 4383
1873 64 3595
1673 30 3439
1774 13 977
1772 74 1196
1874 17 418
1674 92 5504
1775 35 2995
1773 56 2640
1875 53 4972
1675 93 1075
1776 71 1663
1774 50 4151
1876 90 945
1676 87 5426
1777 81 1667
1775 68 1338
1877 28 5164
1677 99 2200
1778 38 2267
1776 93 1366
1878 20 2512
1678 23 1282
1779 36 3005
1777 63 35
1879 79 5145
1679 70 2800
1780 88 5356
1778 56 922
1880 10 1105
1680 32 2302
1781 80 5210
1779 90 167
1881 53 4952
1681 12 624
1782 88 5338
1780 11 1891
1882 65 1883
1682 85 5361
1783 34 1340
1781 29 5569
1883 18 5224
1683 78 693
1784 44 349
1782 59 175
1884 48 2933
1684 48 1984
1785 61 3472
1783 50 4955
1885 25 5827
1685 18 619
1786 99 3650
1784 74 3731
1886 63 2776
1686 18 4036
1787 50 196
1785 77 5314
1887 16 5565
1687 21 2226
1788 88 2676
1786 89 4326
1888 79 2160
1688 99 1380
1789 99 1487
1787 32 4765
1889 84 4751
1689 31 4913
1790 49 575
1788 47 4476
1890 18 981
1690 76 3657
1791 50 1417
1789 31 1446
1891 93 2671
1691 44 4269
1792 90 4176
1790 72 4232
1892 98 3841
1692 71 2771
1793 96 2457
1791 27 5263
1893 32 2650
1693 67 4081
1794 44 5872
1792 82 3217
1894 94 3304
1694 98 1311
1795 42 2990
1793 66 79
1895 16 1321
1695 81 1167
1796 39 3489
1794 89 3795
1896 36 5143
1696 15 5146
1797 96 2981
1795 79 2716
1897 95 798
1697 74 2209
1798 48 4058
1796 79 5113
1898 59 2474
1698 45 2345
1799 35 2621
1797 97 4279
1899 61 3708
1699 45 5680
1800 84 2146
1798 18 4157
1900 35 2677
1700 45 1596
1799 45 1991
1901 43 5313
1701 32 2057
1802 30 4413
1902 25 2287
1702 68 5226
1803 67 3523
1801 14 5379
1903 85 3627
1703 74 1591
1804 76 4255
1802 41 1907
1904 24 1148
1704 15 459
1805 53 3468
1803 15 4529
1905 78 1015
1705 34 835
1806 23 639
1804 39 362
1906 72 4711
1706 27 4552
1807 73 3555
1805 22 5002
1907 42 1755
1707 99 5939
1808 54 159
1806 64 1371
1908 57 4682
1708 75 1358
1809 14 3056
1807 100 4059
1909 88 4408
1709 46 2643
1810 77 3087
1808 99 2964
1910 73 474
1710 75 5672
1811 73 5070
1809 36 856
1911 85 4227
1711 73 4001
1812 39 3038
1810 51 3323
1912 40 3038
1712 15 3580
1813 48 1444
1811 95 4182
1913 16 1101
1713 63 5388
1814 58 2054
1812 83 3584
1914 91 2736
1714 35 2492
1815 52 2452
1813 87 4438
1915 58 5848
1715 53 5128
1816 43 4445
1814 94 5157
1916 79 2146
1716 12 4190
1817 33 3374
1815 83 3230
1917 44 2186
1717 16 2216
1818 65 2618
1816 17 2698
1918 97 4198
1718 92 5662
1819 81 3255
1817 69 5141
1919 39 4625
1719 82 1650
1820 87 2234
1818 65 3771
1920 59 5392
1720 96 1326
1821 82 5465
1819 80 559
1921 70 3243
1721 20 1733
1822 21 5075
1820 60 938
1922 12 3708
1722 19 1350
1823 94 5906
1821 61 3472
1923 90 5747
1723 42 2218
1824 20 2210
1822 19 2051
1924 20 1757
1724 61 4091
1825 39 3269
1823 18 993
1925 69 3752
1725 26 3082
1826 77 4490
1824 32 5198
1926 38 3130
1726 86 3642
1827 45 4708
1825 62 3749
1927 64 5200
1727 38 2564
1828 71 5587
1826 43 5355
1928 29 2205
1728 32 1098
1829 41 1276
1827 67 1233
1929 48 4273
1729 43 2177
1830 12 451
1828 90 3637
1930 94 2166
1730 59 2305
1831 47 1049
1829 76 4258
1931 50 4130
1731 12 3478
1832 92 5558
1830 36 2919
1932 77 1071
1732 23 836
1833 48 1159
1831 49 5573
1933 65 4602
1733 10 271
1834 85 5644
1832 35 4290
1934 98 2786
1734 68 4479
1835 46 4842
1833 44 1208
1935 87 4149
1735 55 188
1836 90 1490
1834 51 3468
1936 33 4329
1736 67 3739
1837 98 1425
1835 17 5102
1937 55 4633
1737 13 3796
1838 71 5260
1836 45 4420
1938 79 152
1738 38 5203
1839 73 5187
1837 69 1966
1939 70 1409
1739 11 1420
1840 41 1383
1838 93 2211
1940 79 4329
1740 46 444
1841 49 1925
1839 75 1561
1941 91 4162
1741 10 5938
1842 54 5684
1840 26 5071
1942 14 803
1742 63 5537
1843 99 5430
1841 25 4053
1943 58 4970
1743 81 4995
1844 92 5269
1842 20 3303
1944 56 4342
1744 46 3420
1845 70 4667
1843 22 2072
1945 86 3686
1745 57 328
1846 60 5341
1844 32 2363
1946 56 3853
1746 47 1727
1847 85 2575
1845 44 714
1947 94 5012
1747 19 5533
1848 31 1672
1846 14 3143
1948 55 545
1748 44 5391
1849 89 3031
1847 40 962
1949 66 2532
1749 98 73
1850 49 3119
1848 51 4595
1950 100 1532
1750 40 640
1851 56 5277
1849 63 1118
1951 38 3795
1751 28 1863
1852 48 178
1850 39 31
1952 95 5286
1752 10 5172
1853 40 1120
1851 43 2416
1953 80 2932
1753 75 3060
1854 52 339
1852 55 2732
1954 18 2136
1754 74 3502
1855 25 2281
1853 40 5607
1955 18 5172
1755 66 1824
1856 55 1491
1854 79 2402
1956 10 97
1756 27 4605
1857 44 184
1855 94 662
1957 35 3518
1757 78 203
1858 64 2006
1856 13 2190
1958 20 3339
1758 83 2576
1859 38 234
1857 33 4886
1959 63 4334
1759 88 3056
1860 49 1759
1858 71 3511
1960 21 2532
1760 78 549
1861 63 4209
1859 42 4998
1961 40 5761
1761 67 2016
1862 61 5203
1860 89 1587
1962 33 5809
1762 31 1232
1863 50 4098
1861 24 4706
1963 68 3530
1763 96 580
1864 62 2488
1862 64 5348
1964 38 3108
1764 42 547
1865 48 4475
1863 99 816
1965 77 3584
1765 65 5884
1866 68 5938
1864 77 5525
1966 30 1364
1766 83 5722
1867 46 5339
1865 66 2553
1967 84 5387
1767 100 1291
1868 34 621
1866 95 1982
1968 49 5547
1768 64 2687
1869 70 614
1867 37 4687
1969 73 3116
1769 61 584
1870 42 3783
1868 92 3166
1970 11 118
1770 34 933
1871 17 4490
1869 69 1443
1971 93 72
1771 44 4150
1872 21 1220
1870 66 574
1972 69 3435
1772 24 296
1873 19 796
1871 40 455
1973 21 3153
1773 60 1054
1874 45 4129
1872 74 1942
1974 21 1468
1774 88 3139
1875 47 818
1873 92 3448
1975 26 2715
1775 66 1609
1876 18 3609
1874 19 4926
1976 79 5030
1776 11 1132
1877 21 16
1875 65 1509
1977 100 3948
1777 90 5807
1878 36 3883
1876 53 337
1978 48 2732
1778 81 2967
1879 59 3839
1877 91 4496
1979 12 4985
1779 58 2358
1880 52 4781
1878 30 2823
1980 80 1098
1780 29 2378
1881 48 155
1879 32 4041
1981 90 4255
1781 51 2541
1882 31 1929
1880 23 5112
1982 94 5041
1782 24 3489
1883 89 835
1881 99 4323
1983 11 5003
1783 83 5603
1884 41 3543
1882 82 457
1984 35 4470
1784 19 4115
1885 26 1001
1883 20 2094
1985 87 3427
1785 12 903
1886 84 5686
1884 30 3614
1986 41 5711
1786 17 4156
1887 49 1552
1885 36 993
1987 32 79
1787 40 1264
1888 41 1856
1886 50 744
1988 10 3003
1788 48 2248
1889 85 3757
1887 76 1664
1989 51 965
1789 57 5128
1890 92 4514
1888 49 2326
1990 92 4966
1790 16 2533
1891 54 2932
1889 89 3953
1991 74 2788
1791 80 2566
1892 11 4863
1890 81 2185
1992 85 1284
1792 80 2785
1893 63 2691
1891 50 2690
1993 13 3848
1793 27 171
1894 96 646
1892 18 2781
1994 24 5187
1794 60 447
1895 54 5815
1893 37 3488
1995 36 2136
1795 79 3310
1896 38 5662
1894 60 1857
1996 73 2472
1796 52 4729
1897 71 4216
1895 22 3486
1997 95 1782
1797 100 1586
1898 69 2403
1896 70 3598
1998 84 501
1798 45 3482
1899 69 804
1897 18 533
1999 75 1267
1799 81 1123
1900 69 212
1898 72 5902
2000 85 5376
1800 36 894
1899 59 1138
2001 85 2340
1801 73 3392
1902 84 4930
2002 87 1636
1802 34 77
1903 26 5417
1901 87 5365
2003 37 4032
1803 72 5031
1904 30 3061
1902 36 2428
2004 17 5057
1804 49 1606
1905 73 2225
1903 80 750
2005 31 5057
1805 78 4410
1906 38 4093
1904 70 1980
2006 85 3950
1806 73 3436
1907 18 4834
1905 29 3334
2007 70 3910
1807 24 2279
1908 70 4084
1906 65 2454
2008 65 3964
1808 58 2140
1909 96 5071
1907 21 4242
2009 47 2663
1809 41 693
1910 60 3079
1908 62 1471
2010 38 2751
1810 16 346
1911 51 2147
1909 63 849
2011 64 1103
1811 22 1178
1912 42 1289
1910 74 5053
2012 35 3588
1812 86 2307
1913 92 620
1911 66 4203
2013 70 1568
1813 24 180
1914 84 1244
1912 85 3758
2014 28 3354
1814 75 1745
1915 64 3797
1913 46 2699
2015 14 486
1815 89 4648
1916 67 1916
1914 54 2975
2016 42 3795
1816 71 18
1917 92 1969
1915 53 1564
2017 50 849
1817 29 2845
1918 91 1536
1916 90 4491
2018 18 4814
1818 90 914
1919 16 1132
1917 11 3343
2019 82 415
1819 83 2780
1920 35 840
1918 79 4483
2020 70 1020
1820 74 2096
1921 55 1655
1919 91 2305
2021 30 1206
1821 43 83
1922 86 2033
1920 41 3241
2022 75 1800
1822 82 3658
1923 40 362
1921 43 4955
2023 13 3237
1823 55 827
1924 65 4292
1922 65 2630
2024 87 284
1824 45 1973
1925 18 4675
1923 57 5630
2025 27 2511
1825 14 2863
1926 35 3757
1924 63 5018
2026 60 5144
1826 92 1245
1927 59 3796
1925 69 1041
2027 24 2716
1827 94 2636
1928 52 3341
1926 85 978
2028 42 3508
1828 95 5328
1929 39 5056
1927 81 4375
2029 68 748
1829 64 2895
1930 90 3911
1928 56 4657
2030 64 5162
1830 92 5471
1931 89 952
1929 98 1142
2031 89 3642
1831 50 5470
1932 72 4340
1930 73 1054
2032 26 5643
1832 67 3704
1933 62 4134
1931 72 5557
2033 52 938
1833 29 833
1934 61 3137
1932 51 3484
2034 46 5134
1834 98 964
1935 83 2976
1933 12 1145
2035 12 2272
1835 34 4723
1936 99 3201
1934 82 5825
2036 48 3650
1836 90 3939
1937 95 3074
1935 20 4785
2037 64 5543
1837 65 477
1938 81 5596
1936 97 4280
2038 25 2901
1838 82 911
1939 76 438
1937 69 1542
2039 26 2334
1839 84 2021
1940 82 3616
1938 75 5402
2040 68 4396
1840 98 5415
1941 86 5634
1939 74 371
2041 72 2865
1841 86 4218
1942 10 3126
1940 95 4838
2042 55 3537
1842 60 961
1943 52 213
1941 18 3677
2043 83 3229
1843 59 3197
1944 73 4084
1942 26 1908
2044 95 3115
1844 16 5500
1945 52 5258
1943 76 1375
2045 44 893
1845 57 2138
1946 53 3449
1944 71 1297
2046 11 2723
1846 12 2654
1947 94 2654
1945 70 2164
2047 93 2116
1847 67 2118
1948 50 3129
1946 99 142
2048 81 1764
1848 27 1413
1949 80 4132
1947 67 3704
2049 79 4837
1849 88 4949
1950 15 1294
1948 49 5494
2050 22 457
1850 27 5574
1951 68 1417
1949 48 5452
2051 54 2221
1851 68 3689
1952 25 309
1950 83 2741
2052 84 675
1852 87 1686
1953 81 4193
1951 30 4756
2053 54 5210
1853 75 1338
1954 44 4927
1952 40 1528
2054 28 2131
1854 48 1368
1955 58 1611
1953 85 1851
2055 14 109
1855 79 3147
1956 88 1414
1954 66 4261
2056 17 5149
1856 12 2361
1957 44 2639
1955 31 489
2057 50 3354
1857 97 2788
1958 79 4737
1956 12 5884
2058 14 1729
1858 20 2016
1959 59 2367
1957 15 2401
2059 45 2074
1859 46 1682
1960 85 4376
1958 84 491
2060 59 1236
1860 98 3872
1961 84 3441
1959 89 4320
2061 57 2720
1861 83 5103
1962 33 2997
1960 15 3901
2062 39 5517
1862 41 1659
1963 51 2877
1961 39 3715
2063 18 5331
1863 84 2489
1964 12 2996
1962 86 1706
2064 15 5712
1864 24 1647
1965 24 2648
1963 45 3726
2065 60 4536
1865 85 4550
1966 55 5789
1964 96 5219
2066 54 292
1866 16 1885
1967 82 3426
1965 62 2567
2067 17 1911
1867 80 1257
1968 17 1175
1966 81 721
2068 42 4333
1868 56 3806
1969 74 4855
1967 63 687
2069 51 3287
1869 20 3057
1970 34 5593
1968 54 3678
2070 73 3874
1870 22 5253
1971 71 42
1969 79 3979
2071 61 3436
1871 72 2768
1972 60 2956
1970 27 2324
2072 82 3945
1872 26 5770
1973 20 4490
1971 14 4539
2073 64 1931
1873 71 951
1974 25 124
1972 72 5111
2074 79 697
1874 86 1824
1975 96 1719
1973 40 5560
2075 81 223
1875 19 5832
1976 83 2802
1974 87 2245
2076 82 1538
1876 67 4427
1977 68 1756
1975 39 824
2077 19 5926
1877 45 2533
1978 73 5342
1976 16 2906
2078 52 1099
1878 53 4928
1979 89 1048
1977 35 2780
2079 87 2047
1879 33 5252
1980 15 191
1978 80 2607
2080 82 700
1880 22 2684
1981 37 2765
1979 12 5502
2081 51 174
1881 50 680
1982 53 492
1980 43 1160
2082 81 5597
1882 18 1332
1983 92 3030
1981 70 1964
2083 66 377
1883 37 3476
1984 44 2452
1982 35 2188
2084 63 1488
1884 32 471
1985 30 4452
1983 60 5934
2085 80 2348
1885 83 4467
1986 73 4768
1984 31 5288
2086 71 135
1886 30 4250
1987 96 2351
1985 12 5075
2087 87 5405
1887 46 869
1988 79 3591
1986 30 2167
2088 97 4128
1888 93 2078
1989 30 5912
1987 56 2438
2089 80 3853
1889 77 2467
1990 29 4686
1988 44 4188
2090 40 2783
1890 36 72
1991 58 367
1989 27 1669
2091 82 3225
1891 68 4161
1992 57 5307
1990 30 2401
2092 61 4625
1892 51 2027
1993 79 2275
1991 99 243
2093 57 3846
1893 71 465
1994 81 1843
1992 98 2038
2094 33 2556
1894 16 2112
1995 32 824
1993 90 3654
2095 65 78
1895 100 2641
1996 69 3269
1994 96 3741
2096 86 2110
1896 51 3627
1997 54 1984
1995 80 2546
2097 60 2824
1897 84 3867
1998 93 2430
1996 10 879
2098 62 5609
1898 13 2365
1999 44 416
1997 12 2142
2099 25 5756
1899 47 1532
2000 16 298
1998 55 3734
2100 47 4529
1900 89 377
1999 43 4599
2101 19 3295
1901 54 1046
2002 94 1901
2102 19 3779
1902 29 4422
2003 43 3226
2001 30 5233
2103 47 566
1903 70 2130
2004 73 2174
2002 28 5658
2104 78 3976
1904 65 1121
2005 28 3340
2003 38 1521
2105 63 4827
1905 65 1320
2006 44 3111
2004 84 79
2106 45 5566
1906 84 4866
2007 33 3316
2005 33 3182
2107 99 2988
1907 10 3070
2008 43 1413
2006 76 4235
2108 39 3950
1908 62 3316
2009 28 5900
2007 85 4547
2109 75 1867
1909 100 773
2010 74 1299
2008 32 2264
2110 59 788
1910 73 4709
2011 65 5708
2009 95 636
2111 70 2419
1911 39 1709
2012 12 5487
2010 13 3465
2112 41 1401
1912 41 3802
2013 47 633
2011 34 4947
2113 46 5352
1913 21 3942
2014 17 4889
2012 37 2932
2114 16 3980
1914 71 3790
2015 98 807
2013 77 3960
2115 33 5158
1915 37 3216
2016 92 64
2014 21 653
2116 52 4135
1916 64 1590
2017 22 4620
2015 64 888
2117 19 334
1917 22 4530
2018 58 5352
2016 45 329
2118 13 2904
1918 52 1897
2019 82 2899
2017 79 483
2119 69 2187
1919 29 4941
2020 88 1746
2018 68 5358
2120 42 1544
1920 98 5527
2021 42 3332
2019 32 3607
2121 87 1107
1921 80 806
2022 34 4482
2020 94 3738
2122 25 5821
1922 58 2110
2023 50 1734
2021 34 3518
2123 93 4611
1923 19 2177
2024 44 4390
2022 29 2394
2124 11 1080
1924 75 3597
2025 26 3501
2023 68 1702
2125 24 1079
1925 84 4604
2026 69 650
2024 33 3863
2126 92 2765
1926 72 5246
2027 70 4192
2025 67 4067
2127 37 3193
1927 49 1073
2028 23 4141
2026 24 2027
2128 35 1130
1928 38 2018
2029 26 5190
2027 14 3731
2129 48 385
1929 56 4756
2030 15 3644
2028 12 5578
2130 52 5235
1930 84 5431
2031 99 4924
2029 70 1450
2131 80 1867
1931 23 963
2032 11 4459
2030 77 2758
2132 13 2624
1932 22 2714
2033 47 2329
2031 33 4731
2133 11 5053
1933 51 4509
2034 94 2807
2032 66 5864
2134 21 1051
1934 63 2826
2035 59 4554
2033 60 4942
2135 58 542
1935 83 5255
2036 39 5164
2034 32 5335
2136 75 2474
1936 35 1431
2037 94 3538
2035 71 4803
2137 78 585
1937 29 3441
2038 93 5820
2036 78 2500
2138 12 3674
1938 98 4300
2039 19 999
2037 66 677
2139 75 5458
1939 87 1065
2040 85 1589
2038 27 493
2140 95 1173
1940 70 2905
2041 20 4900
2039 59 5498
2141 49 1249
1941 93 931
2042 86 1170
2040 40 2094
2142 57 4955
1942 92 4915
2043 92 4133
2041 29 3563
2143 73 3192
1943 44 3058
2044 100 564
2042 73 4265
2144 73 3232
1944 26 4138
2045 46 3261
2043 13 3569
2145 17 644
1945 25 4520
2046 83 833
2044 31 463
2146 34 3327
1946 41 816
2047 60 5089
2045 86 2563
2147 46 1734
1947 98 3105
2048 95 1903
2046 56 350
2148 56 2719
1948 77 4650
2049 53 3844
2047 76 4134
2149 18 4679
1949 24 2813
2050 42 5304
2048 75 2508
2150 16 1698
1950 41 2024
2051 82 488
2049 51 815
2151 43 5777
1951 74 1283
2052 36 5419
2050 57 2631
2152 68 5567
1952 79 3891
2053 16 2227
2051 45 5123
2153 32 1030
1953 41 21
2054 43 2884
2052 15 778
2154 49 1820
1954 81 3530
2055 46 3252
2053 24 5631
2155 64 2641
1955 52 2484
2056 20 920
2054 100 1521
2156 77 2155
1956 51 3926
2057 46 1770
2055 72 511
2157 88 4051
1957 51 4575
2058 46 4421
2056 60 5871
2158 57 2851
1958 67 2216
2059 59 589
2057 90 76
2159 72 249
1959 24 1221
2060 62 2758
2058 64 1735
2160 13 5282
1960 35 4750
2061 92 4927
2059 53 4268
2161 36 4621
1961 38 3976
2062 96 4084
2060 85 5723
2162 79 1633
1962 92 5865
2063 94 1089
2061 49 1528
2163 51 1331
1963 36 3409
2064 62 4422
2062 57 3685
2164 62 5168
1964 37 3141
2065 90 1195
2063 85 1386
2165 24 4296
1965 39 3335
2066 71 417
2064 94 2794
2166 41 782
1966 78 4195
2067 95 5469
2065 82 1542
2167 65 5429
1967 37 4115
2068 36 5152
2066 69 5626
2168 74 154
1968 22 1047
2069 64 693
2067 88 1158
2169 79 4869
1969 83 5685
2070 54 789
2068 22 163
2170 36 2437
1970 78 2836
2071 97 2324
2069 42 2012
2171 41 2945
1971 32 3557
2072 65 536
2070 15 5209
2172 71 5823
1972 88 76
2073 30 735
2071 41 921
2173 17 4924
1973 78 5515
2074 82 175
2072 53 1927
2174 74 300
1974 29 3813
2075 27 2409
2073 23 4442
2175 88 5518
1975 30 5302
2076 25 3220
2074 97 2785
2176 32 3896
1976 51 1458
2077 19 2017
2075 42 1088
2177 80 4846
1977 40 1889
2078 46 2998
2076 31 5485
2178 56 4244
1978 76 3827
2079 19 1197
2077 13 3003
2179 37 1762
1979 59 910
2080 60 4391
2078 45 5063
2180 56 5407
1980 64 3074
2081 32 5595
2079 25 1940
2181 32 740
1981 81 535
2082 51 4705
2080 69 4300
2182 47 1070
1982 56 3450
2083 96 572
2081 13 2722
2183 42 2480
1983 57 2421
2084 45 4022
2082 91 1982
2184 19 887
1984 91 2559
2085 54 3165
2083 71 5636
2185 27 4185
1985 32 4767
2086 18 3014
2084 10 3436
2186 36 3117
1986 14 291
2087 45 3293
2085 25 937
2187 45 2512
1987 49 5716
2088 64 3041
2086 24 2318
2188 33 4675
1988 82 1830
2089 37 4381
2087 56 5926
2189 66 5549
1989 45 3696
2090 35 222
2088 71 1377
2190 54 969
1990 18 2353
2091 62 1126
2089 26 98
2191 73 1125
1991 58 4523
2092 63 1263
2090 33 2225
2192 43 3370
1992 76 2393
2093 79 5063
2091 47 1354
2193 64 4999
1993 26 2493
2094 91 1295
2092 62 448
2194 12 4571
1994 20 5650
2095 81 785
2093 72 1578
2195 34 4254
1995 89 5276
2096 94 1835
2094 37 3958
2196 80 320
1996 36 4571
2097 51 3162
2095 44 3369
2197 65 3505
1997 80 2222
2098 35 1199
2096 13 2311
2198 47 3249
1998 92 3688
2099 26 1404
2097 91 2101
2199 58 3827
1999 40 1314
2100 39 1468
2098 36 2670
2200 100 735
2000 47 97
2099 85 3154
2201 81 2235
2001 86 5881
2102 67 782
2202 84 1035
2002 55 724
2103 12 1782
2101 27 258
2203 90 478
2003 10 383
2104 77 2750
2102 38 882
2204 58 1458
2004 12 2916
2105 88 1336
2103 45 4486
2205 23 4852
2005 11 2106
2106 93 1760
2104 68 5705
2206 95 2595
2006 97 2428
2107 55 5062
2105 50 4911
2207 56 928
2007 38 1943
2108 57 1245
2106 94 245
2208 47 1262
2008 13 1993
2109 50 3270
2107 88 2317
2209 35 968
2009 83 4174
2110 75 1404
2108 39 1417
2210 29 5787
2010 36 2399
2111 37 3653
2109 38 1134
2211 97 3957
2011 52 881
2112 46 2518
2110 99 5074
2212 74 4298
2012 31 1405
2113 32 3580
2111 77 2092
2213 27 4198
2013 92 892
2114 78 5540
2112 15 3070
2214 80 2549
2014 26 4580
2115 85 5772
2113 31 5747
2215 37 2763
2015 57 3849
2116 26 5461
2114 62 4792
2216 82 538
2016 13 2917
2117 26 1565
2115 29 779
2217 28 5341
2017 14 2646
2118 74 1982
2116 21 4735
2218 86 314
2018 62 681
2119 24 2248
2117 29 5171
2219 86 962
2019 67 1765
2120 76 2621
2118 56 833
2220 99 18
2020 90 5521
2121 97 2618
2119 94 1064
2221 31 4976
2021 37 3495
2122 79 4084
2120 63 791
2222 52 1379
2022 45 4902
2123 39 3866
2121 78 3646
2223 27 839
2023 28 2835
2124 50 4859
2122 41 4909
2224 59 1523
2024 54 2600
2125 10 3527
2123 29 4392
2225 46 608
2025 88 418
2126 38 3886
2124 24 1315
2226 71 830
2026 27 530
2127 64 2333
2125 50 1098
2227 62 66
2027 16 5691
2128 88 5762
2126 89 3737
2228 74 3937
2028 85 1491
2129 81 175
2127 97 4348
2229 31 3781
2029 84 622
2130 77 5687
2128 22 5850
2230 39 3542
2030 94 2761
2131 83 3318
2129 48 3233
2231 24 4922
2031 93 2704
2132 16 5514
2130 84 5775
2232 62 5043
2032 12 3684
2133 83 5342
2131 19 3371
2233 25 676
2033 72 4665
2134 26 2631
2132 96 3735
2234 100 3990
2034 18 4359
2135 91 5876
2133 78 4294
2235 75 803
2035 10 3748
2136 33 5726
2134 59 1645
2236 60 2734
2036 52 253
2137 56 5298
2135 94 573
2237 92 1692
2037 44 5475
2138 61 5772
2136 37 3334
2238 76 288
2038 30 5668
2139 91 5629
2137 29 5103
2239 49 3849
2039 88 2495
2140 39 5805
2138 75 2001
2240 69 5432
2040 16 1342
2141 74 2543
2139 19 1915
2241 54 5815
2041 79 353
2142 98 3710
2140 35 1437
2242 61 5173
2042 38 5260
2143 69 5246
2141 19 4068
2243 82 4336
2043 86 4975
2144 81 199
2142 38 1810
2244 17 912
2044 25 5888
2145 90 4265
2143 10 5517
2245 36 767
2045 75 3586
2146 19 4629
2144 38 1452
2246 100 4850
2046 48 41
2147 26 2128
2145 35 4481
2247 70 3525
2047 79 4378
2148 18 5752
2146 93 4753
2248 72 1777
2048 19 2176
2149 89 271
2147 37 4857
2249 69 4188
2049 23 2435
2150 48 5013
2148 64 2506
2250 63 412
2050 67 4903
2151 42 3595
2149 41 5715
2251 78 834
2051 72 117
2152 34 3097
2150 16 3142
2252 72 3054
2052 18 1213
2153 90 4797
2151 72 5102
2253 75 3519
2053 83 4073
2154 68 1693
2152 27 4132
2254 88 1640
2054 89 3226
2155 85 2689
2153 94 662
2255 50 797
2055 92 4528
2156 23 4299
2154 64 581
2256 94 4336
2056 60 4271
2157 37 1429
2155 54 2931
2257 58 3758
2057 52 69
2158 15 749
2156 81 1974
2258 72 1648
2058 99 2832
2159 91 5268
2157 47 4723
2259 40 5458
2059 17 2416
2160 16 4503
2158 92 3943
2260 16 4923
2060 70 5021
2161 26 277
2159 97 762
2261 21 3487
2061 73 3123
2162 56 3672
2160 86 3789
2262 63 2425
2062 57 2675
2163 50 588
2161 99 1324
2263 97 1587
2063 39 4229
2164 42 2155
2162 24 5665
2264 50 5685
2064 98 1417
2165 79 3187
2163 28 2385
2265 56 777
2065 88 5805
2166 50 3914
2164 46 2415
2266 11 2354
2066 44 1937
2167 91 3075
2165 33 3493
2267 53 4464
2067 33 5478
2168 24 3447
2166 42 1356
2268 51 5096
2068 38 2131
2169 34 3736
2167 70 2429
2269 74 5501
2069 12 4483
2170 72 887
2168 64 3236
2270 37 5844
2070 89 4361
2171 99 300
2169 83 1687
2271 94 5013
2071 50 4839
2172 46 278
2170 55 2171
2272 28 4635
2072 28 620
2173 99 3852
2171 96 4572
2273 10 1262
2073 62 93
2174 95 1675
2172 86 4722
2274 78 2915
2074 33 4415
2175 17 609
2173 54 5216
2275 20 1695
2075 95 1049
2176 87 3212
2174 57 5758
2276 41 4599
2076 74 5224
2177 72 3027
2175 86 776
2277 58 2043
2077 61 5059
2178 73 4501
2176 13 5317
2278 15 4816
2078 53 2107
2179 41 3011
2177 65 5558
2279 89 900
2079 65 5142
2180 83 831
2178 28 1724
2280 78 4658
2080 100 4762
2181 17 2217
2179 34 5893
2281 75 4360
2081 31 3391
2182 94 1998
2180 25 2557
2282 35 4106
2082 63 1542
2183 57 5110
2181 45 2766
2283 100 389
2083 43 3132
2184 21 2743
2182 84 2969
2284 18 2425
2084 16 3422
2185 43 5435
2183 68 5853
2285 36 5734
2085 12 4741
2186 50 5104
2184 54 3910
2286 81 1320
2086 72 1213
2187 90 32
2185 17 3125
2287 42 350
2087 37 5067
2188 45 540
2186 15 247
2288 59 2364
2088 34 4877
2189 83 4046
2187 30 2821
2289 54 2894
2089 66 285
2190 47 191
2188 62 648
2290 60 3735
2090 95 268
2191 68 4856
2189 48 4263
2291 14 407
2091 69 5288
2192 82 5014
2190 45 4655
2292 37 1992
2092 38 1146
2193 45 48
2191 10 4088
2293 10 1039
2093 17 3923
2194 98 5053
2192 17 1044
2294 42 1754
2094 32 4212
2195 46 3319
2193 60 535
2295 81 3877
2095 80 4157
2196 64 3825
2194 15 2978
2296 71 5273
2096 57 3465
2197 13 1086
2195 18 4898
2297 23 5326
2097 63 328
2198 76 3662
2196 21 5359
2298 71 2268
2098 79 41
2199 88 4229
2197 35 1365
2299 63 2237
2099 95 1312
2200 100 1709
2198 51 4311
2300 92 4778
2100 28 1580
2199 24 272
2301 47 1680
2101 46 5157
2202 20 3207
2302 40 1300
2102 72 409
2203 38 3559
2201 84 5125
2303 99 3384
2103 62 3455
2204 25 3830
2202 80 5170
2304 79 1970
2104 89 4937
2205 50 917
2203 18 472
2305 90 1743
2105 64 824
2206 42 5433
2204 15 5581
2306 67 5038
2106 13 2630
2207 11 3145
2205 70 101
2307 68 4617
2107 96 3226
2208 56 4701
2206 82 1113
2308 59 3269
2108 60 1348
2209 72 2077
2207 58 1816
2309 91 5532
2109 43 4785
2210 24 4652
2208 47 3957
2310 60 3302
2110 87 4095
2211 11 1701
2209 26 4025
2311 35 2029
2111 62 492
2212 66 4061
2210 88 2174
2312 73 3594
2112 66 1999
2213 97 747
2211 17 3294
2313 15 2366
2113 42 1923
2214 38 1778
2212 25 2768
2314 51 2347
2114 85 2831
2215 72 5796
2213 61 1498
2315 50 4697
2115 38 724
2216 82 1438
2214 15 3066
2316 41 4700
2116 18 3343
2217 49 2310
2215 18 3089
2317 23 3313
2117 86 3796
2218 96 3444
2216 48 2886
2318 11 4758
2118 57 1093
2219 71 2420
2217 64 5453
2319 59 2578
2119 90 4164
2220 78 4599
2218 52 1684
2320 92 3842
2120 64 3210
2221 67 4259
2219 54 1336
2321 86 3733
2121 68 4810
2222 86 5325
2220 61 5877
2322 72 5642
2122 34 4254
2223 75 5055
2221 82 2423
2323 35 678
2123 41 4768
2224 12 3637
2222 39 449
2324 75 4036
2124 67 3301
2225 50 4189
2223 51 2005
2325 26 3472
2125 12 103
2226 44 5017
2224 71 4323
2326 28 5777
2126 100 5246
2227 48 3050
2225 90 5391
2327 32 3417
2127 15 854
2228 47 3915
2226 75 4956
2328 10 1537
2128 57 4521
2229 70 441
2227 92 3912
2329 37 17
2129 78 3049
2230 15 1175
2228 75 5328
2330 13 4810
2130 53 3752
2231 36 2871
2229 62 4195
2331 32 2004
2131 78 314
2232 87 2075
2230 77 3088
2332 31 3232
2132 67 2950
2233 74 3480
2231 80 5633
2333 31 730
2133 88 993
2234 28 3471
2232 29 2858
2334 87 2727
2134 90 5821
2235 29 360
2233 62 3913
2335 68 56
2135 53 3049
2236 59 1354
2234 41 5757
2336 61 776
2136 27 3117
2237 16 4289
2235 39 3450
2337 99 1106
2137 51 2735
2238 63 5719
2236 90 1064
2338 34 2501
2138 30 882
2239 31 1992
2237 16 1954
2339 51 1986
2139 100 2300
2240 98 4109
2238 23 1914
2340 93 3475
2140 94 570
2241 88 4924
2239 33 3410
2341 44 1871
2141 53 405
2242 16 2658
2240 48 2078
2342 55 1050
2142 92 3318
2243 85 3083
2241 39 704
2343 56 3301
2143 30 4659
2244 89 2357
2242 92 2711
2344 90 1307
2144 67 1750
2245 73 3619
2243 65 4715
2345 47 5220
2145 48 4868
2246 86 5616
2244 36 4120
2346 98 5391
2146 22 2417
2247 62 18
2245 90 348
2347 90 3540
2147 74 4383
2248 59 1422
2246 50 4870
2348 16 3255
2148 16 4292
2249 100 4231
2247 35 2381
2349 50 3106
2149 43 5408
2250 90 4192
2248 73 816
2350 86 356
2150 59 553
2251 62 3273
2249 49 4147
2351 80 2430
2151 87 2096
2252 71 1388
2250 99 3780
2352 49 618
2152 52 4462
2253 36 1941
2251 72 765
2353 96 3954
2153 17 1366
2254 94 311
2252 31 3877
2354 58 785
2154 71 4152
2255 26 5784
2253 67 1940
2355 96 1849
2155 55 3436
2256 72 4240
2254 14 2704
2356 54 1583
2156 95 3594
2257 67 3743
2255 10 5808
2357 44 2561
2157 51 4690
2258 88 5205
2256 69 3164
2358 26 3457
2158 22 388
2259 78 781
2257 91 1651
2359 89 4502
2159 24 4512
2260 32 147
2258 59 4623
2360 81 3146
2160 69 4352
2261 65 4023
2259 14 5439
2361 71 3615
2161 76 3766
2262 45 3638
2260 73 2763
2362 77 1672
2162 24 1894
2263 31 2791
2261 46 4071
2363 66 4856
2163 78 3804
2264 33 3996
2262 52 5931
2364 73 1355
2164 16 1382
2265 75 5344
2263 95 4631
2365 77 4079
2165 72 5001
2266 90 4862
2264 68 2458
2366 40 312
2166 28 1517
2267 53 727
2265 30 4287
2367 47 5887
2167 56 3332
2268 97 2776
2266 59 3782
2368 22 5853
2168 31 2609
2269 74 2509
2267 46 2003
2369 13 3396
2169 66 5373
2270 49 4496
2268 89 3911
2370 94 713
2170 30 4636
2271 44 3674
2269 54 3770
2371 95 3789
2171 61 760
2272 97 5200
2270 77 5122
2372 24 2867
2172 62 2968
2273 96 2793
2271 56 5134
2373 60 3849
2173 31 763
2274 84 5338
2272 27 734
2374 83 2270
2174 25 4962
2275 31 3412
2273 75 4678
2375 71 5071
2175 67 4849
2276 38 1190
2274 22 1150
2376 58 4159
2176 45 3131
2277 68 451
2275 70 2588
2377 57 836
2177 40 2654
2278 25 4636
2276 76 3421
2378 16 2098
2178 22 5666
2279 91 1479
2277 30 2650
2379 66 926
2179 97 3393
2280 37 1736
2278 69 377
2380 83 2352
2180 15 304
2281 75 2192
2279 74 4545
2381 32 4772
2181 89 5423
2282 38 4382
2280 57 3376
2382 43 2386
2182 35 5894
2283 97 4065
2281 51 2857
2383 88 4116
2183 58 4504
2284 20 4479
2282 19 208
2384 49 5669
2184 90 5723
2285 80 694
2283 23 1608
2385 55 4316
2185 60 4832
2286 58 2468
2284 86 4295
2386 30 510
2186 65 2522
2287 44 3434
2285 80 2113
2387 54 683
2187 22 3029
2288 50 1298
2286 50 3751
2388 88 2234
2188 44 1994
2289 53 3062
2287 18 5134
2389 88 791
2189 39 4778
2290 79 5008
2288 20 5634
2390 33 1772
2190 63 3279
2291 58 449
2289 46 430
2391 90 4899
2191 44 1612
2292 82 309
2290 66 72
2392 50 186
2192 85 4946
2293 52 5580
2291 82 3403
2393 47 5664
2193 21 5770
2294 83 4949
2292 51 2770
2394 36 4076
2194 26 1945
2295 53 2714
2293 71 4921
2395 71 1696
2195 49 219
2296 34 1918
2294 30 5552
2396 43 2297
2196 70 303
2297 95 4548
2295 16 4772
2397 83 4853
2197 37 3101
2298 17 68
2296 87 5493
2398 41 5192
2198 46 4632
2299 13 4843
2297 93 5557
2399 91 457
2199 94 4501
2300 25 4386
2298 61 3602
2400 96 359
2200 38 3599
2299 24 3791
2401 36 3452
2201 48 5045
2302 80 4401
2402 45 3297
2202 43 4389
2303 24 2010
2301 36 1891
2403 67 2672
2203 19 622
2304 34 3630
2302 64 546
2404 96 2816
2204 58 1248
2305 37 5254
2303 41 1385
2405 33 4194
2205 57 4261
2306 62 3103
2304 26 5191
2406 58 5851
2206 79 4415
2307 49 5305
2305 46 3782
2407 10 2533
2207 49 3879
2308 35 5395
2306 23 5488
2408 38 5068
2208 61 4786
2309 74 1455
2307 91 221
2409 63 5887
2209 75 2010
2310 70 2739
2308 32 2050
2410 72 607
2210 98 120
2311 57 3914
2309 73 2721
2411 66 2244
2211 19 5552
2312 33 1296
2310 17 2749
2412 93 652
2212 82 4441
2313 100 1475
2311 59 1705
2413 22 5322
2213 78 1699
2314 44 1149
2312 40 4576
2414 42 4603
2214 100 2080
2315 84 2416
2313 68 2407
2415 49 2637
2215 12 2024
2316 18 685
2314 34 5310
2416 43 3946
2216 47 1430
2317 13 249
2315 19 4641
2417 77 5912
2217 83 3701
2318 90 2283
2316 76 1480
2418 67 5258
2218 62 2715
2319 17 5149
2317 90 626
2419 11 1651
2219 77 4014
2320 88 5529
2318 70 5838
2420 71 3729
2220 46 5239
2321 59 3253
2319 45 3975
2421 89 2218
2221 93 778
2322 53 5909
2320 29 2927
2422 17 5923
2222 77 5441
2323 85 2610
2321 46 3238
2423 53 314
2223 47 1045
2324 42 171
2322 18 5787
2424 80 4731
2224 23 5549
2325 60 3971
2323 33 5191
2425 85 3752
2225 53 2593
2326 10 5441
2324 28 3582
2426 51 5760
2226 82 5795
2327 91 2292
2325 68 722
2427 63 5505
2227 16 710
2328 23 1823
2326 94 3231
2428 59 3878
2228 66 1469
2329 31 4371
2327 35 3045
2429 67 702
2229 61 3751
2330 58 1852
2328 85 557
2430 27 2634
2230 68 3947
2331 89 5401
2329 25 368
2431 94 1591
2231 45 4223
2332 26 2558
2330 16 2580
2432 41 868
2232 19 251
2333 88 705
2331 25 3754
2433 76 2923
2233 29 2027
2334 99 1695
2332 81 3510
2434 37 3486
2234 97 1259
2335 58 603
2333 55 104
2435 67 5064
2235 14 3541
2336 78 5215
2334 35 2326
2436 87 4144
2236 31 458
2337 30 2710
2335 50 4363
2437 57 5028
2237 90 671
2338 31 318
2336 87 4344
2438 65 1262
2238 13 203
2339 45 3950
2337 35 5322
2439 77 2123
2239 66 689
2340 80 5791
2338 26 181
2440 68 2198
2240 77 45
2341 67 1503
2339 79 2438
2441 53 4877
2241 10 809
2342 57 4544
2340 62 4713
2442 34 650
2242 98 3207
2343 86 971
2341 39 1501
2443 33 1046
2243 26 395
2344 67 3303
2342 44 5264
2444 31 4179
2244 95 5699
2345 56 3139
2343 77 5286
2445 53 1922
2245 58 859
2346 31 90
2344 69 1566
2446 34 425
2246 96 394
2347 77 2870
2345 31 1034
2447 36 5428
2247 54 5046
2348 80 1471
2346 68 3087
2448 85 2481
2248 14 5648
2349 52 4138
2347 61 4347
2449 43 2766
2249 32 5874
2350 45 5112
2348 60 5738
2450 38 866
2250 81 5525
2351 90 5458
2349 42 3054
2451 95 5523
2251 52 4790
2352 94 5176
2350 60 4949
2452 92 581
2252 78 373
2353 52 1760
2351 100 4905
2453 93 2612
2253 17 5938
2354 21 3881
2352 36 2864
2454 100 1289
2254 59 2681
2355 33 1693
2353 32 300
2455 68 5904
2255 12 5763
2356 65 5037
2354 79 2831
2456 93 2741
2256 63 5184
2357 36 2583
2355 60 2393
2457 52 953
2257 20 831
2358 21 5064
2356 62 3061
2458 78 4281
2258 94 1314
2359 21 2734
2357 47 3250
2459 58 145
2259 26 3180
2360 68 3796
2358 22 974
2460 77 5490
2260 100 1175
2361 86 4018
2359 14 393
2461 37 2347
2261 95 1839
2362 84 5484
2360 70 1492
2462 51 2338
2262 82 4516
2363 92 2453
2361 21 3526
2463 47 5704
2263 43 1840
2364 55 694
2362 64 9
2464 71 1267
2264 13 5498
2365 26 815
2363 53 4645
2465 61 2875
2265 81 3208
2366 14 2781
2364 53 2630
2466 31 5822
2266 10 2670
2367 23 674
2365 82 5196
2467 47 1532
2267 27 4257
2368 91 2899
2366 27 4727
2468 18 1097
2268 34 4199
2369 41 1796
2367 26 1071
2469 64 4180
2269 83 2373
2370 53 2063
2368 79 962
2470 29 2417
2270 10 2497
2371 97 1840
2369 42 1228
2471 70 3738
2271 34 748
2372 36 954
2370 67 439
2472 89 1958
2272 27 1759
2373 22 3550
2371 19 771
2473 46 1926
2273 75 5051
2374 34 4923
2372 47 1247
2474 11 2762
2274 14 318
2375 99 3396
2373 73 1025
2475 22 5218
2275 42 5714
2376 38 5890
2374 37 5091
2476 90 2881
2276 26 218
2377 76 2852
2375 96 1776
2477 66 3877
2277 15 3567
2378 65 382
2376 94 2454
2478 85 327
2278 51 5744
2379 84 3557
2377 23 2720
2479 26 5617
2279 94 3489
2380 93 1687
2378 34 2708
2480 34 4077
2280 10 2161
2381 46 1923
2379 10 430
2481 90 5279
2281 62 4999
2382 51 2612
2380 17 5632
2482 50 4838
2282 14 1939
2383 24 901
2381 65 4849
2483 48 2351
2283 53 1230
2384 55 3488
2382 95 2813
2484 93 4550
2284 39 4775
2385 70 3481
2383 82 1217
2485 90 2206
2285 69 3609
2386 54 1465
2384 11 253
2486 38 2121
2286 75 2115
2387 12 284
2385 36 1368
2487 22 5144
2287 23 1423
2388 48 2120
2386 10 5834
2488 87 1861
2288 30 2119
2389 69 4482
2387 41 2541
2489 77 4890
2289 41 1181
2390 54 3397
2388 55 1346
2490 19 3186
2290 50 5524
2391 22 5899
2389 19 1599
2491 10 5531
2291 47 2552
2392 80 2384
2390 68 1569
2492 15 5780
2292 69 2662
2393 31 1354
2391 31 2090
2493 18 1345
2293 88 105
2394 75 2687
2392 23 603
2494 75 481
2294 16 3343
2395 68 2009
2393 13 2813
2495 99 2571
2295 66 3179
2396 68 550
2394 94 256
2496 99 3710
2296 59 717
2397 86 1693
2395 49 4102
2497 92 1021
2297 99 626
2398 27 3875
2396 90 5319
2498 46 653
2298 64 656
2399 43 2274
2397 20 4071
2499 53 5626
2299 57 4342
2400 52 3779
2398 43 5741
2500 35 5579
2300 55 4092
2399 84 4119
2501 86 3868
2301 36 2292
2402 62 3605
2502 21 2737
2302 58 5397
2403 64 751
2401 74 494
2503 30 3345
2303 50 1083
2404 57 1859
2402 34 5897
2504 92 1514
2304 56 3753
2405 67 5305
2403 100 2002
2505 42 2859
2305 19 1589
2406 62 3125
2404 42 1010
2506 20 220
2306 33 145
2407 96 1393
2405 31 1440
2507 62 5004
2307 30 756
2408 19 1239
2406 65 4231
2508 45 2959
2308 97 5039
2409 65 4507
2407 76 2509
2509 58 1118
2309 59 2285
2410 51 616
2408 88 3453
2510 18 1558
2310 66 4622
2411 65 701
2409 41 2719
2511 60 67
2311 74 4838
2412 31 4686
2410 20 495
2512 70 677
2312 12 3993
2413 75 2367
2411 19 2246
2513 33 814
2313 91 5457
2414 19 946
2412 10 1199
2514 21 3928
2314 38 4217
2415 84 2747
2413 86 674
2515 95 4924
2315 42 4499
2416 49 3820
2414 35 949
2516 73 2033
2316 32 707
2417 26 5834
2415 94 4959
2517 66 4500
2317 83 744
2418 22 4616
2416 91 4187
2518 15 2613
2318 13 83
2419 71 5836
2417 72 5669
2519 11 5718
2319 69 2616
2420 65 1528
2418 75 5847
2520 27 2486
2320 32 3628
2421 50 4711
2419 33 915
2521 43 4846
2321 37 541
2422 70 2239
2420 19 1076
2522 76 4388
2322 70 493
2423 10 5171
2421 17 4071
2523 92 213
2323 97 109
2424 39 1983
2422 59 3527
2524 77 2237
2324 76 4888
2425 20 304
2423 59 5541
2525 59 2591
2325 64 4117
2426 73 236
2424 31 374
2526 59 2378
2326 97 3230
2427 70 3579
2425 25 2569
2527 32 3913
2327 40 1839
2428 24 5345
2426 73 680
2528 68 1190
2328 19 5165
2429 31 252
2427 28 1702
2529 40 650
2329 22 4710
2430 61 409
2428 87 496
2530 80 1638
2330 87 185
2431 62 4781
2429 97 5177
2531 70 734
2331 57 2643
2432 39 972
2430 87 5345
2532 56 850
2332 13 3216
2433 74 1168
2431 46 1663
2533 31 333
2333 87 3890
2434 27 3964
2432 97 4110
2534 39 2418
2334 63 5477
2435 36 2586
2433 79 1594
2535 88 4346
2335 14 4758
2436 91 1952
2434 44 4938
2536 41 4447
2336 16 3823
2437 66 5015
2435 63 1874
2537 17 4361
2337 54 4661
2438 23 3601
2436 18 3547
2538 98 3448
2338 23 2986
2439 72 4562
2437 29 2539
2539 75 2066
2339 80 5582
2440 21 3792
2438 78 2690
2540 14 2028
2340 61 5605
2441 61 2937
2439 38 2638
2541 11 285
2341 62 1038
2442 69 3003
2440 86 5180
2542 29 810
2342 59 5356
2443 84 3034
2441 91 509
2543 12 3719
2343 85 3121
2444 16 3554
2442 22 4388
2544 54 3488
2344 11 3750
2445 82 2168
2443 13 4272
2545 71 5053
2345 39 3277
2446 34 3631
2444 79 2265
2546 87 3360
2346 73 2505
2447 40 4343
2445 47 2202
2547 28 1629
2347 56 1190
2448 49 5469
2446 80 3823
2548 68 4001
2348 26 3514
2449 36 1530
2447 58 2310
2549 83 237
2349 77 2942
2450 18 1563
2448 10 266
2550 16 4989
2350 33 96
2451 83 1956
2449 74 1682
2551 65 3714
2351 66 598
2452 88 1076
2450 28 3157
2552 33 3777
2352 30 2447
2453 32 2891
2451 59 4723
2553 20 4818
2353 86 1912
2454 54 684
2452 82 172
2554 81 865
2354 68 391
2455 18 3421
2453 21 1572
2555 74 3524
2355 86 2792
2456 20 805
2454 29 2020
2556 19 2722
2356 88 428
2457 18 2541
2455 38 3451
2557 23 2813
2357 86 3441
2458 48 5368
2456 60 5561
2558 85 3
2358 16 5226
2459 51 4252
2457 11 1878
2559 88 5579
2359 26 1270
2460 62 4104
2458 17 154
2560 56 3657
2360 14 1062
2461 94 5446
2459 77 2799
2561 81 1624
2361 90 4146
2462 26 3172
2460 88 1595
2562 15 2971
2362 89 3970
2463 38 3975
2461 29 1601
2563 38 2427
2363 82 3245
2464 71 5490
2462 24 1007
2564 65 1389
2364 14 4962
2465 64 4280
2463 14 2627
2565 95 3422
2365 16 3236
2466 31 683
2464 21 1777
2566 42 1591
2366 36 2323
2467 25 4460
2465 88 1954
2567 85 4329
2367 33 4652
2468 57 3050
2466 82 2557
2568 92 565
2368 81 4717
2469 33 4723
2467 91 4207
2569 50 1379
2369 18 5138
2470 15 5622
2468 41 1615
2570 98 4081
2370 34 4889
2471 66 1120
2469 93 5565
2571 37 2062
2371 85 5176
2472 39 3897
2470 63 3782
2572 26 4362
2372 11 1138
2473 59 2827
2471 94 4985
2573 11 3262
2373 97 4831
2474 59 3958
2472 60 3996
2574 35 2734
2374 27 5712
2475 19 2991
2473 69 4618
2575 23 617
2375 54 2046
2476 73 2074
2474 31 5236
2576 37 1204
2376 55 1803
2477 64 4327
2475 68 2614
2577 28 4561
2377 50 1504
2478 49 5133
2476 53 4926
2578 95 4252
2378 31 4559
2479 70 1281
2477 24 1057
2579 73 3220
2379 74 3757
2480 73 2571
2478 22 4203
2580 41 2221
2380 37 2770
2481 17 514
2479 14 5885
2581 34 5151
2381 51 3811
2482 80 1289
2480 44 5562
2582 97 346
2382 99 1505
2483 56 5582
2481 67 1271
2583 48 3476
2383 61 1311
2484 38 1341
2482 41 1994
2584 38 2790
2384 63 3935
2485 94 4045
2483 37 4886
2585 65 3655
2385 69 2938
2486 53 2
2484 14 847
2586 84 3198
2386 72 5242
2487 13 1767
2485 68 4274
2587 46 2218
2387 83 2605
2488 18 1618
2486 79 731
2588 88 4617
2388 95 3784
2489 43 1878
2487 49 2012
2589 91 4954
2389 10 4822
2490 21 1417
2488 79 4077
2590 66 3384
2390 78 2617
2491 15 4686
2489 99 4396
2591 100 2849
2391 47 4002
2492 63 5837
2490 20 5800
2592 98 568
2392 39 4966
2493 35 4956
2491 99 2814
2593 84 3820
2393 66 1081
2494 56 575
2492 22 2872
2594 12 3159
2394 25 3690
2495 92 1062
2493 42 1514
2595 83 890
2395 11 929
2496 78 4969
2494 48 5878
2596 53 3543
2396 43 2796
2497 60 5819
2495 85 4981
2597 61 1353
2397 50 1015
2498 95 3036
2496 81 2817
2598 89 1852
2398 84 2788
2499 70 4052
2497 55 57
2599 18 4816
2399 54 293
2500 12 2402
2498 60 5525
2600 53 4176
2400 90 4880
2499 82 1307
2601 40 5687
2401 25 2240
2502 71 4471
2602 16 3481
2402 80 2613
2503 22 2870
2501 13 2380
2603 91 3029
2403 55 2299
2504 61 1631
2502 64 5439
2604 26 1037
2404 98 2504
2505 80 1689
2503 73 1740
2605 18 3938
2405 28 4081
2506 35 1833
2504 80 2393
2606 95 2429
2406 85 1302
2507 19 2139
2505 22 810
2607 47 4832
2407 62 60
2508 34 1061
2506 58 998
2608 12 2215
2408 10 2280
2509 90 3056
2507 86 349
2609 86 1302
2409 79 1698
2510 18 4104
2508 24 5618
2610 83 1611
2410 89 404
2511 26 4674
2509 51 5899
2611 46 1856
2411 85 3131
2512 78 1128
2510 39 2801
2612 68 5718
2412 25 3145
2513 74 4564
2511 92 5550
2613 11 1025
2413 47 4901
2514 99 4689
2512 14 5348
2614 29 4776
2414 38 3051
2515 27 1756
2513 98 4809
2615 23 5025
2415 14 4785
2516 47 926
2514 10 3355
2616 84 5027
2416 77 3849
2517 88 4462
2515 72 3946
2617 52 5609
2417 48 4364
2518 38 19
2516 68 3620
2618 13 2489
2418 79 931
2519 43 3938
2517 96 4487
2619 14 3640
2419 75 2976
2520 50 5432
2518 25 4458
2620 18 2840
2420 65 1816
2521 98 3623
2519 92 729
2621 73 5626
2421 45 1512
2522 33 2938
2520 40 885
2622 77 2099
2422 77 5235
2523 25 4881
2521 77 5725
2623 34 4478
2423 83 1716
2524 17 1361
2522 17 1587
2624 11 1325
2424 39 633
2525 14 1176
2523 24 4953
2625 99 2195
2425 63 945
2526 39 2526
2524 64 3873
2626 74 5532
2426 27 4034
2527 25 5764
2525 58 868
2627 38 4592
2427 42 117
2528 36 3518
2526 86 184
2628 71 4765
2428 22 837
2529 81 4727
2527 40 4110
2629 26 2158
2429 35 3692
2530 53 5286
2528 41 5360
2630 65 4404
2430 100 1204
2531 45 833
2529 40 4344
2631 91 2523
2431 56 2779
2532 65 4953
2530 83 1177
2632 56 854
2432 62 2102
2533 42 5919
2531 71 861
2633 96 1043
2433 91 2515
2534 53 5367
2532 93 3290
2634 65 5054
2434 67 3776
2535 27 5230
2533 12 4801
2635 84 4863
2435 100 3009
2536 18 3040
2534 80 2173
2636 23 1221
2436 70 2588
2537 90 998
2535 100 2106
2637 97 793
2437 59 2551
2538 62 5345
2536 11 1895
2638 56 873
2438 12 1138
2539 27 4417
2537 33 1254
2639 44 5436
2439 44 126
2540 49 4876
2538 57 2446
2640 83 607
2440 96 1345
2541 23 4216
2539 74 700
2641 82 608
2441 50 3135
2542 80 3092
2540 45 635
2642 24 1425
2442 74 2439
2543 72 3662
2541 59 4556
2643 33 4313
2443 88 1905
2544 46 2020
2542 69 2309
2644 28 15
2444 74 5546
2545 34 5134
2543 94 2195
2645 35 3847
2445 88 3401
2546 82 479
2544 77 4179
2646 16 4137
2446 68 5323
2547 93 2469
2545 19 587
2647 68 2077
2447 71 3247
2548 89 5817
2546 70 815
2648 97 1059
2448 38 4715
2549 76 501
2547 68 1110
2649 18 4422
2449 15 1382
2550 76 3466
2548 55 2818
2650 83 1986
2450 93 1938
2551 25 4602
2549 19 3745
2651 77 3457
2451 89 3426
2552 84 2362
2550 91 5493
2652 26 1805
2452 57 2321
2553 100 1851
2551 30 9
2653 26 1323
2453 99 2665
2554 34 1421
2552 70 973
2654 25 680
2454 58 4278
2555 98 4616
2553 30 5163
2655 33 2044
2455 37 4265
2556 27 3747
2554 85 4692
2656 98 4287
2456 73 382
2557 11 4163
2555 62 3411
2657 69 3073
2457 51 4880
2558 49 1793
2556 73 3725
2658 14 3481
2458 76 621
2559 58 3831
2557 28 2540
2659 87 5909
2459 87 4490
2560 44 2529
2558 63 668
2660 88 4448
2460 44 5802
2561 13 3881
2559 96 492
2661 76 5811
2461 63 13
2562 94 362
2560 15 4497
2662 76 301
2462 38 4733
2563 51 3852
2561 72 3630
2663 92 3924
2463 51 133
2564 13 808
2562 99 706
2664 86 3188
2464 20 2371
2565 29 1387
2563 25 726
2665 46 4806
2465 62 1698
2566 97 1621
2564 62 4633
2666 23 5510
2466 79 682
2567 60 5459
2565 61 2525
2667 28 74
2467 16 3544
2568 30 667
2566 66 794
2668 22 2310
2468 87 3879
2569 37 1339
2567 30 919
2669 50 399
2469 17 5769
2570 17 3511
2568 84 5064
2670 54 2820
2470 26 4380
2571 77 2498
2569 65 4372
2671 57 4282
2471 100 4129
2572 85 2671
2570 45 1556
2672 52 812
2472 83 3564
2573 17 4330
2571 47 1953
2673 15 2415
2473 94 335
2574 80 1671
2572 31 2079
2674 74 2115
2474 82 851
2575 98 3781
2573 15 3286
2675 87 4659
2475 46 2448
2576 39 4776
2574 92 2960
2676 48 5094
2476 25 3389
2577 38 5423
2575 57 1437
2677 40 4659
2477 44 5501
2578 67 1572
2576 27 2028
2678 13 1962
2478 28 5124
2579 29 5812
2577 91 5681
2679 58 1723
2479 15 1128
2580 43 4209
2578 55 590
2680 93 5045
2480 87 45
2581 20 4000
2579 15 4704
2681 79 610
2481 38 4772
2582 16 188
2580 10 3518
2682 70 1864
2482 93 1477
2583 91 5649
2581 25 3440
2683 90 3385
2483 90 3655
2584 18 5584
2582 14 1511
2684 16 266
2484 83 3333
2585 93 4115
2583 36 1920
2685 99 2430
2485 45 3105
2586 12 4340
2584 20 806
2686 54 4778
2486 47 1136
2587 28 2415
2585 25 5092
2687 16 3771
2487 89 1072
2588 91 5118
2586 62 581
2688 60 775
2488 10 4908
2589 41 2913
2587 28 652
2689 45 2479
2489 50 326
2590 76 4306
2588 78 5206
2690 41 2206
2490 10 1647
2591 20 2763
2589 74 3924
2691 23 3192
2491 74 1730
2592 48 2970
2590 79 1326
2692 58 4694
2492 10 3572
2593 96 3527
2591 12 1321
2693 40 3326
2493 39 4192
2594 53 1145
2592 55 5632
2694 92 5220
2494 42 5487
2595 97 3316
2593 24 5938
2695 11 3431
2495 93 3329
2596 67 5050
2594 60 5435
2696 73 4989
2496 14 2168
2597 14 2306
2595 100 5027
2697 70 166
2497 14 290
2598 82 750
2596 35 557
2698 15 3872
2498 50 2011
2599 80 5464
2597 21 3278
2699 100 3004
2499 23 2727
2600 99 2866
2598 90 1901
2700 100 5621
2500 13 4004
2599 66 846
2701 85 5519
2501 17 2199
2602 27 5324
2702 70 954
2502 17 497
2603 31 1942
2601 43 2970
2703 97 382
2503 36 1834
2604 49 1661
2602 97 110
2704 79 2070
2504 86 5518
2605 49 57
2603 75 2058
2705 70 230
2505 25 2594
2606 78 5357
2604 69 3088
2706 12 823
2506 41 2148
2607 42 2255
2605 67 3168
2707 92 3005
2507 75 1982
2608 78 2703
2606 58 2035
2708 16 1210
2508 15 649
2609 27 5525
2607 50 4571
2709 83 5925
2509 17 1664
2610 51 1215
2608 27 3770
2710 46 1311
2510 90 5162
2611 20 4198
2609 32 2299
2711 64 2481
2511 13 4729
2612 17 3973
2610 66 1098
2712 35 2580
2512 31 788
2613 26 3919
2611 30 1238
2713 73 281
2513 67 802
2614 48 1991
2612 15 5539
2714 13 5872
2514 76 629
2615 64 2111
2613 27 4295
2715 69 3392
2515 86 2436
2616 57 1054
2614 93 4824
2716 43 3182
2516 13 4346
2617 50 5136
2615 63 524
2717 60 1320
2517 72 295
2618 82 3261
2616 20 3059
2718 44 5621
2518 96 4971
2619 94 2154
2617 75 2762
2719 39 3651
2519 56 3392
2620 68 1840
2618 76 4995
2720 42 2051
2520 47 5600
2621 27 229
2619 77 2058
2721 43 4946
2521 38 2623
2622 27 3101
2620 98 12
2722 45 1252
2522 11 1522
2623 30 2492
2621 63 4508
2723 88 2922
2523 75 712
2624 96 246
2622 62 3998
2724 22 3554
2524 17 869
2625 12 3960
2623 58 1804
2725 29 3038
2525 49 687
2626 41 2431
2624 91 4203
2726 63 1313
2526 58 5202
2627 99 5044
2625 90 4520
2727 16 5137
2527 18 5711
2628 58 5583
2626 62 3529
2728 98 2447
2528 75 2760
2629 25 778
2627 82 3562
2729 62 1590
2529 52 3829
2630 69 1970
2628 75 3725
2730 64 2998
2530 34 2609
2631 46 4586
2629 51 1952
2731 83 1885
2531 87 5394
2632 40 337
2630 68 533
2732 100 235
2532 66 4880
2633 14 4217
2631 97 2384
2733 17 2844
2533 81 4544
2634 77 658
2632 15 185
2734 77 3468
2534 79 5563
2635 18 216
2633 39 2451
2735 58 1392
2535 32 2553
2636 44 4085
2634 96 1237
2736 11 5641
2536 58 3624
2637 46 5328
2635 66 1679
2737 12 4568
2537 76 585
2638 45 5824
2636 21 553
2738 23 826
2538 69 2376
2639 67 2103
2637 83 3336
2739 24 1844
2539 61 2509
2640 62 1451
2638 70 1991
2740 33 614
2540 34 279
2641 54 1002
2639 96 1062
2741 14 509
2541 84 5844
2642 61 103
2640 86 1496
2742 19 3531
2542 44 2721
2643 71 436
2641 37 5711
2743 55 5797
2543 52 2325
2644 27 3642
2642 72 814
2744 94 148
2544 15 1698
2645 60 4517
2643 66 3520
2745 58 5584
2545 75 3155
2646 84 5555
2644 99 4338
2746 38 5716
2546 98 3541
2647 66 1019
2645 35 4408
2747 77 3399
2547 65 3627
2648 21 2469
2646 41 1082
2748 26 46
2548 72 2844
2649 47 5011
2647 17 1027
2749 71 2213
2549 81 2012
2650 49 4766
2648 80 4141
2750 39 1077
2550 77 5578
2651 12 5049
2649 98 1757
2751 87 1862
2551 62 4095
2652 51 2980
2650 42 303
2752 63 3839
2552 66 5778
2653 64 4435
2651 85 2120
2753 74 4487
2553 41 669
2654 11 3717
2652 79 114
2754 56 1144
2554 84 2057
2655 69 3762
2653 99 461
2755 53 177
2555 20 4248
2656 49 5932
2654 65 985
2756 33 1508
2556 37 1724
2657 76 4734
2655 13 818
2757 35 5833
2557 76 230
2658 30 5216
2656 91 4790
2758 59 4745
2558 92 3542
2659 44 282
2657 91 2036
2759 93 4006
2559 56 3210
2660 67 5208
2658 58 1686
2760 14 1061
2560 18 3228
2661 84 5071
2659 20 4048
2761 92 4761
2561 46 1002
2662 56 1175
2660 82 4331
2762 93 1412
2562 47 315
2663 13 5904
2661 65 1279
2763 19 349
2563 86 4770
2664 30 3898
2662 72 1831
2764 14 387
2564 15 2702
2665 90 2766
2663 49 4830
2765 83 4420
2565 89 3443
2666 30 3727
2664 96 3888
2766 42 803
2566 11 5887
2667 22 2641
2665 61 625
2767 58 4873
2567 59 5711
2668 17 5824
2666 81 3874
2768 16 4659
2568 20 2654
2669 81 4239
2667 24 5891
2769 78 3702
2569 27 2432
2670 87 3095
2668 14 2016
2770 36 165
2570 42 526
2671 92 5555
2669 51 3154
2771 62 5436
2571 34 3125
2672 67 4779
2670 44 146
2772 44 5904
2572 72 4745
2673 32 552
2671 96 4890
2773 52 1565
2573 30 1206
2674 12 2339
2672 71 3683
2774 72 1865
2574 37 5319
2675 53 19
2673 28 5622
2775 100 1069
2575 51 2150
2676 72 4227
2674 79 2121
2776 59 863
2576 73 1953
2677 31 401
2675 47 4257
2777 97 1511
2577 35 4630
2678 96 5164
2676 83 1142
2778 17 681
2578 18 3259
2679 33 4786
2677 73 5926
2779 22 1058
2579 50 417
2680 26 5278
2678 19 5827
2780 69 1667
2580 74 5079
2681 25 400
2679 94 1110
2781 99 361
2581 12 2128
2682 46 2373
2680 42 5060
2782 85 5761
2582 67 625
2683 92 954
2681 40 1025
2783 72 1129
2583 50 1121
2684 67 4247
2682 28 2732
2784 51 4452
2584 77 723
2685 27 4128
2683 14 4819
2785 45 1575
2585 79 1765
2686 94 5475
2684 21 4765
2786 45 5088
2586 39 1759
2687 66 1693
2685 74 4390
2787 24 2185
2587 90 1118
2688 59 1474
2686 34 2654
2788 80 2752
2588 13 1251
2689 19 2790
2687 30 5143
2789 25 400
2589 17 1561
2690 64 1641
2688 57 5278
2790 40 1558
2590 82 4919
2691 87 4843
2689 98 5409
2791 64 821
2591 15 3672
2692 58 3116
2690 38 5425
2792 33 5017
2592 67 5229
2693 90 4985
2691 88 2472
2793 86 1248
2593 40 351
2694 18 92
2692 21 2447
2794 36 4168
2594 87 4576
2695 49 3646
2693 84 1040
2795 17 5483
2595 87 2546
2696 17 508
2694 35 5714
2796 61 1758
2596 99 901
2697 71 1217
2695 66 4581
2797 43 200
2597 68 3065
2698 85 5642
2696 56 1065
2798 81 1008
2598 30 4511
2699 44 3011
2697 72 3556
2799 100 3987
2599 44 3541
2700 93 3971
2698 16 1689
2800 78 2237
2600 68 1806
2699 27 634
2801 45 558
2601 42 5000
2702 73 1930
2802 14 1166
2602 81 508
2703 14 1875
2701 10 4884
2803 18 1609
2603 46 506
2704 43 2030
2702 48 3850
2804 76 2873
2604 77 0
2705 70 4562
2703 94 3673
2805 35 1923
2605 40 1629
2706 87 2736
2704 68 3549
2806 64 5210
2606 83 3880
2707 71 5744
2705 98 4859
2807 37 3077
2607 86 4712
2708 98 2716
2706 62 2987
2808 44 3099
2608 80 4753
2709 36 798
2707 38 4345
2809 91 2845
2609 43 933
2710 58 1005
2708 16 1884
2810 56 777
2610 21 3365
2711 57 1314
2709 89 4249
2811 17 712
2611 98 1084
2712 13 443
2710 18 4211
2812 22 2197
2612 76 1384
2713 49 5162
2711 63 5054
2813 92 3197
2613 56 5530
2714 99 3781
2712 10 4002
2814 61 4228
2614 72 5714
2715 46 3738
2713 37 29
2815 59 5121
2615 27 5875
2716 90 1532
2714 15 3230
2816 68 2547
2616 64 2441
2717 10 1095
2715 30 4619
2817 55 5246
2617 94 2268
2718 44 4467
2716 14 1736
2818 81 1463
2618 20 4572
2719 49 3685
2717 34 2157
2819 99 3933
2619 24 3818
2720 63 1192
2718 14 4429
2820 21 3603
2620 100 1175
2721 52 995
2719 43 2694
2821 76 235
2621 96 4243
2722 69 1778
2720 74 5413
2822 64 4064
2622 74 1101
2723 82 4769
2721 78 2468
2823 81 968
2623 92 1754
2724 49 1050
2722 41 553
2824 59 849
2624 99 2404
2725 60 3684
2723 26 1788
2825 15 5247
2625 80 1092
2726 57 4262
2724 30 4310
2826 31 4213
2626 25 4844
2727 79 4380
2725 14 15
2827 20 2482
2627 28 1168
2728 32 2566
2726 100 1414
2828 13 886
2628 16 2279
2729 93 5065
2727 89 1013
2829 51 5545
2629 31 5915
2730 38 481
2728 20 569
2830 58 142
2630 64 5750
2731 62 5374
2729 53 5439
2831 70 209
2631 86 1566
2732 28 2814
2730 90 709
2832 49 3353
2632 74 4994
2733 62 5313
2731 60 5156
2833 24 2772
2633 97 4220
2734 38 4813
2732 41 3075
2834 73 775
2634 23 1289
2735 72 1175
2733 86 3642
2835 34 2438
2635 30 1803
2736 46 2423
2734 90 2780
2836 27 4366
2636 63 794
2737 97 4330
2735 33 1351
2837 23 5154
2637 43 3604
2738 82 4810
2736 89 4687
2838 61 1127
2638 76 2846
2739 83 4712
2737 43 3088
2839 71 1008
2639 56 5484
2740 99 3119
2738 100 1897
2840 79 3248
2640 11 1857
2741 96 4425
2739 61 4015
2841 18 3189
2641 48 3997
2742 37 629
2740 90 3604
2842 35 223
2642 67 4831
2743 53 3532
2741 39 3733
2843 86 4039
2643 21 3952
2744 78 561
2742 20 4271
2844 36 4985
2644 26 2716
2745 56 1963
2743 61 2762
2845 20 2896
2645 51 3272
2746 41 5863
2744 84 5443
2846 98 2536
2646 43 430
2747 44 3938
2745 51 1092
2847 39 5656
2647 91 2891
2748 15 2937
2746 23 847
2848 49 4088
2648 22 499
2749 87 2094
2747 29 3625
2849 42 5271
2649 48 5734
2750 11 3181
2748 35 580
2850 37 5877
2650 43 4988
2751 24 4852
2749 82 5562
2851 85 1770
2651 89 3115
2752 100 2597
2750 20 61
2852 37 3305
2652 58 963
2753 33 176
2751 98 5529
2853 45 623
2653 63 3237
2754 10 2182
2752 55 4633
2854 59 1752
2654 93 5630
2755 33 2255
2753 19 3214
2855 62 1774
2655 17 339
2756 15 4173
2754 80 753
2856 77 1150
2656 21 2606
2757 44 1120
2755 73 4869
2857 37 524
2657 10 1315
2758 19 4009
2756 85 1302
2858 10 3722
2658 44 1173
2759 65 3936
2757 75 695
2859 70 5198
2659 45 4643
2760 16 443
2758 78 5727
2860 46 3326
2660 27 5160
2761 10 3713
2759 38 103
2861 54 3522
2661 11 5427
2762 66 4386
2760 90 561
2862 79 3651
2662 12 1674
2763 11 187
2761 65 2565
2863 20 1049
2663 16 2058
2764 27 2818
2762 56 3095
2864 22 3477
2664 39 709
2765 62 4376
2763 77 4581
2865 85 3255
2665 98 3641
2766 54 4432
2764 87 5519
2866 70 4401
2666 71 2414
2767 88 1929
2765 61 2706
2867 68 4917
2667 99 5010
2768 14 4762
2766 46 1397
2868 44 305
2668 59 2947
2769 70 1466
2767 75 1208
2869 48 4659
2669 76 4235
2770 91 1262
2768 46 2798
2870 26 1200
2670 45 1494
2771 95 5100
2769 52 1093
2871 42 1823
2671 13 5172
2772 66 174
2770 53 5411
2872 89 117
2672 78 3706
2773 41 3572
2771 86 4672
2873 38 705
2673 100 4441
2774 77 5139
2772 15 5933
2874 43 5845
2674 16 4357
2775 63 3432
2773 37 5427
2875 25 4001
2675 78 2448
2776 69 3101
2774 61 2919
2876 87 1236
2676 43 2243
2777 17 3167
2775 78 1016
2877 43 3525
2677 58 607
2778 25 1855
2776 99 5566
2878 61 1216
2678 21 2617
2779 27 2732
2777 39 265
2879 52 1111
2679 38 497
2780 20 4662
2778 89 4998
2880 30 4172
2680 29 5799
2781 52 1451
2779 83 881
2881 91 1917
2681 68 1139
2782 82 1384
2780 23 5540
2882 18 3862
2682 42 3837
2783 99 2379
2781 41 2685
2883 26 2756
2683 52 268
2784 58 2605
2782 78 4479
2884 86 2982
2684 68 1954
2785 67 4470
2783 67 5022
2885 15 1198
2685 81 636
2786 26 5319
2784 36 4020
2886 94 2925
2686 94 3604
2787 34 2102
2785 58 1815
2887 14 88
2687 26 1288
2788 43 36
2786 63 4519
2888 62 4180
2688 32 3549
2789 25 3744
2787 46 1090
2889 35 2019
2689 12 4245
2790 97 4991
2788 38 5093
2890 98 3364
2690 51 929
2791 87 241
2789 99 1303
2891 64 2297
2691 65 2990
2792 67 5387
2790 39 5324
2892 88 5863
2692 18 5498
2793 14 4588
2791 87 2746
2893 24 2222
2693 83 1266
2794 42 5640
2792 76 832
2894 93 2948
2694 67 3827
2795 80 5279
2793 40 669
2895 50 4484
2695 23 1868
2796 46 205
2794 72 58
2896 96 3490
2696 89 5917
2797 70 5262
2795 36 1916
2897 14 5690
2697 69 3143
2798 91 88
2796 85 2173
2898 36 2656
2698 56 358
2799 49 4084
2797 14 5479
2899 76 1324
2699 92 3535
2800 77 297
2798 85 2858
2900 83 4171
2700 79 5382
2799 51 4967
2901 36 4293
2701 68 996
2802 28 2134
2902 65 5716
2702 51 2637
2803 20 5478
2801 37 5027
2903 94 4891
2703 12 4995
2804 91 5331
2802 21 1643
2904 53 5009
2704 81 1856
2805 81 3855
2803 68 5795
2905 93 2014
2705 65 2831
2806 73 3554
2804 96 3778
2906 96 4569
2706 97 2734
2807 63 5734
2805 83 3281
2907 19 124
2707 66 1341
2808 53 4926
2806 76 5471
2908 65 1102
2708 91 3836
2809 55 4710
2807 96 4322
2909 46 494
2709 60 5257
2810 78 1176
2808 81 349
2910 31 158
2710 65 5657
2811 98 2398
2809 41 662
2911 19 936
2711 44 4847
2812 80 1940
2810 93 3295
2912 55 4300
2712 22 413
2813 96 5289
2811 16 5070
2913 66 2145
2713 65 2234
2814 83 1869
2812 43 3303
2914 58 878
2714 66 2965
2815 98 1437
2813 26 1002
2915 71 2147
2715 20 4656
2816 82 3285
2814 14 4494
2916 84 5450
2716 19 2682
2817 10 4922
2815 61 3042
2917 33 5124
2717 84 455
2818 96 5570
2816 50 2325
2918 92 1705
2718 91 2335
2819 53 4587
2817 58 5458
2919 42 1292
2719 86 173
2820 46 612
2818 75 3136
2920 91 3742
2720 10 63
2821 38 2268
2819 73 3807
2921 45 2215
2721 89 5186
2822 39 2147
2820 43 5619
2922 38 1450
2722 94 3025
2823 53 1658
2821 23 2682
2923 65 1170
2723 87 721
2824 10 2649
2822 75 3291
2924 83 4344
2724 45 5614
2825 29 2812
2823 12 105
2925 60 3860
2725 24 5719
2826 79 47
2824 91 2098
2926 84 362
2726 59 4254
2827 33 1128
2825 49 822
2927 96 1743
2727 33 5713
2828 96 4644
2826 29 631
2928 49 3557
2728 72 4073
2829 42 1407
2827 74 358
2929 94 5591
2729 32 4376
2830 73 4156
2828 99 1610
2930 10 2287
2730 97 3624
2831 88 3967
2829 89 3385
2931 86 2167
2731 18 2294
2832 16 96
2830 18 2511
2932 76 4226
2732 17 3190
2833 71 4429
2831 52 2393
2933 17 4153
2733 36 1287
2834 95 3084
2832 56 767
2934 61 1318
2734 60 1051
2835 23 1173
2833 79 5056
2935 66 871
2735 84 1572
2836 100 3710
2834 10 3674
2936 75 660
2736 52 1716
2837 26 2380
2835 32 742
2937 61 3099
2737 84 4443
2838 29 5730
2836 25 5255
2938 58 3057
2738 18 4989
2839 34 5405
2837 54 4150
2939 77 5683
2739 86 2424
2840 38 406
2838 25 1965
2940 39 3883
2740 62 3259
2841 87 3610
2839 34 987
2941 98 4082
2741 35 1215
2842 74 380
2840 82 199
2942 75 589
2742 47 244
2843 96 1119
2841 37 407
2943 87 3222
2743 58 3590
2844 89 140
2842 64 2461
2944 85 520
2744 85 4840
2845 48 5100
2843 61 1247
2945 51 40
2745 80 5028
2846 72 4153
2844 17 3571
2946 45 4621
2746 82 2944
2847 91 835
2845 52 4278
2947 92 3923
2747 88 906
2848 88 3566
2846 94 1846
2948 57 3963
2748 57 4848
2849 67 2246
2847 36 2371
2949 21 1123
2749 52 2366
2850 18 4428
2848 43 5387
2950 10 2563
2750 79 2791
2851 93 1111
2849 94 1937
2951 58 5471
2751 54 4627
2852 31 3950
2850 79 4411
2952 21 280
2752 67 61
2853 65 3455
2851 75 2830
2953 21 1031
2753 57 4158
2854 71 2320
2852 26 4835
2954 96 1073
2754 29 2709
2855 48 5167
2853 100 2281
2955 38 3595
2755 73 2680
2856 11 3587
2854 33 3285
2956 94 173
2756 68 226
2857 70 365
2855 42 5301
2957 86 5337
2757 91 2158
2858 49 2951
2856 14 1549
2958 99 2786
2758 53 5335
2859 35 3600
2857 45 4616
2959 75 4181
2759 74 5089
2860 72 2198
2858 76 1230
2960 38 4140
2760 96 5772
2861 78 2865
2859 39 243
2961 67 4547
2761 90 5794
2862 75 5622
2860 24 1012
2962 37 2668
2762 32 5860
2863 34 988
2861 11 4267
2963 11 1366
2763 30 1507
2864 47 146
2862 26 1611
2964 23 5302
2764 50 4679
2865 25 2285
2863 77 2698
2965 55 958
2765 26 4864
2866 88 5839
2864 31 5843
2966 94 2586
2766 78 1116
2867 66 2732
2865 60 3905
2967 85 1688
2767 58 3725
2868 55 3503
2866 88 1446
2968 21 3704
2768 75 234
2869 65 2108
2867 98 3217
2969 19 5586
2769 79 4302
2870 77 4335
2868 55 1508
2970 25 5924
2770 43 534
2871 79 2729
2869 29 3339
2971 79 1293
2771 81 2501
2872 69 1547
2870 39 4110
2972 73 161
2772 71 1365
2873 65 622
2871 64 385
2973 88 5290
2773 62 5748
2874 54 823
2872 12 4608
2974 28 4699
2774 13 4716
2875 58 1784
2873 92 2639
2975 48 2108
2775 62 1841
2876 76 3425
2874 21 1011
2976 37 1457
2776 92 181
2877 67 3625
2875 44 5919
2977 67 1859
2777 10 1363
2878 79 2141
2876 57 4697
2978 29 4481
2778 23 5629
2879 44 4813
2877 16 4656
2979 53 4783
2779 18 2213
2880 28 534
2878 38 1860
2980 76 1556
2780 70 4084
2881 37 2091
2879 97 4833
2981 23 5382
2781 96 2691
2882 20 2641
2880 87 3848
2982 74 3239
2782 50 4554
2883 89 946
2881 75 4216
2983 16 275
2783 74 1848
2884 86 2504
2882 84 2160
2984 35 1262
2784 57 2521
2885 32 3612
2883 100 667
2985 98 2395
2785 73 1116
2886 86 5138
2884 25 3179
2986 10 1825
2786 88 3679
2887 83 2784
2885 42 1635
2987 64 2284
2787 38 3183
2888 73 3451
2886 43 2909
2988 22 3735
2788 72 431
2889 98 1225
2887 31 5451
2989 56 4942
2789 77 2935
2890 25 2261
2888 45 5833
2990 20 1868
2790 61 1129
2891 65 1049
2889 96 4449
2991 42 5087
2791 45 4419
2892 28 1043
2890 44 1918
2992 75 3515
2792 73 3160
2893 93 2887
2891 25 4871
2993 22 1147
2793 85 1722
2894 80 3730
2892 19 3866
2994 45 3102
2794 71 1988
2895 29 2198
2893 29 5137
2995 59 860
2795 81 333
2896 93 2529
2894 83 2007
2996 90 4632
2796 31 5737
2897 40 3082
2895 56 622
2997 27 4838
2797 39 3465
2898 45 2943
2896 72 1349
2998 93 4887
2798 51 3387
2899 98 1965
2897 53 4873
2999 42 3562
2799 42 5362
2900 87 2434
2898 14 1633
3000 21 5375
2800 45 2879
2899 19 52
3001 86 1676
2801 50 34
2902 48 4317
3002 72 2385
2802 43 4381
2903 28 3918
2901 66 4789
3003 10 1750
2803 25 3356
2904 85 2922
2902 65 934
3004 56 270
2804 84 2523
2905 49 1742
2903 86 3039
3005 10 5674
2805 60 3323
2906 42 2650
2904 45 722
3006 71 2919
2806 94 5586
2907 23 1301
2905 83 4825
3007 41 4390
2807 97 702
2908 76 529
2906 27 3359
3008 52 1269
2808 20 3712
2909 18 413
2907 93 2047
3009 17 2508
2809 83 102
2910 36 958
2908 44 4691
3010 62 357
2810 23 3559
2911 53 3337
2909 13 4268
3011 90 5246
2811 65 3254
2912 82 1985
2910 52 3381
3012 81 2260
2812 92 2067
2913 89 5501
2911 21 523
3013 58 5933
2813 41 2370
2914 39 4517
2912 35 1884
3014 71 1166
2814 84 5257
2915 71 2216
2913 84 3459
3015 41 2347
2815 14 2050
2916 96 4340
2914 54 1099
3016 87 2387
2816 22 2886
2917 67 4398
2915 55 5055
3017 63 70
2817 66 3412
2918 31 4091
2916 32 3354
3018 93 3597
2818 85 5842
2919 86 426
2917 60 164
3019 69 2279
2819 28 3617
2920 14 3738
2918 68 5221
3020 38 120
2820 30 644
2921 19 1732
2919 33 2538
3021 12 515
2821 21 497
2922 91 5290
2920 38 3592
3022 15 4761
2822 85 4928
2923 12 4824
2921 42 4139
3023 99 1003
2823 99 665
2924 100 2104
2922 17 4751
3024 60 4631
2824 70 5509
2925 19 3056
2923 27 5287
3025 77 4143
2825 39 1286
2926 66 5893
2924 10 2727
3026 43 5502
2826 76 1351
2927 31 524
2925 12 3275
3027 39 4975
2827 76 3444
2928 44 51
2926 88 3970
3028 29 5505
2828 82 4737
2929 97 5297
2927 84 1760
3029 29 1740
2829 14 3788
2930 41 5889
2928 20 1822
3030 43 562
2830 35 1633
2931 36 3982
2929 97 5857
3031 58 3757
2831 26 4565
2932 12 5890
2930 88 5314
3032 61 2392
2832 31 2669
2933 12 1790
2931 53 5146
3033 55 2966
2833 39 5586
2934 15 5552
2932 100 3752
3034 93 4497
2834 13 4419
2935 60 870
2933 87 3033
3035 37 5703
2835 36 1237
2936 89 3232
2934 83 257
3036 42 3443
2836 38 5521
2937 43 4639
2935 71 752
3037 35 5043
2837 54 3656
2938 96 1586
2936 21 5244
3038 44 4048
2838 25 5387
2939 29 1451
2937 32 73
3039 59 1769
2839 68 4453
2940 17 733
2938 75 1049
3040 65 952
2840 65 4037
2941 34 4483
2939 42 4130
3041 55 588
2841 39 4767
2942 10 604
2940 18 649
3042 39 5332
2842 74 748
2943 45 814
2941 60 49
3043 78 3461
2843 48 1455
2944 52 3327
2942 83 3889
3044 88 30
2844 21 1963
2945 19 4579
2943 84 1401
3045 29 5182
2845 31 82
2946 79 1524
2944 21 2410
3046 29 1097
2846 93 3637
2947 47 1405
2945 81 983
3047 72 3699
2847 78 5664
2948 72 862
2946 78 1693
3048 95 1139
2848 67 3114
2949 37 45
2947 32 825
3049 45 80
2849 79 3685
2950 95 5514
2948 15 4572
3050 59 2362
2850 33 4372
2951 14 1025
2949 51 3250
3051 94 2744
2851 18 3343
2952 57 1612
2950 82 2680
3052 62 5358
2852 12 3351
2953 48 3423
2951 79 528
3053 69 1013
2853 62 5279
2954 38 4538
2952 96 1703
3054 41 1596
2854 47 5127
2955 27 1957
2953 93 5842
3055 70 2177
2855 51 2473
2956 70 5351
2954 79 1967
3056 28 2361
2856 18 2835
2957 56 5927
2955 93 2423
3057 94 1921
2857 29 5747
2958 54 815
2956 75 4356
3058 50 4476
2858 13 3599
2959 97 3032
2957 16 4837
3059 26 3884
2859 69 4023
2960 83 5245
2958 48 5022
3060 45 5815
2860 72 5181
2961 56 3346
2959 32 334
3061 50 71
2861 32 2549
2962 48 3833
2960 89 5569
3062 33 3926
2862 42 1374
2963 47 329
2961 62 3626
3063 83 2245
2863 22 5812
2964 68 253
2962 48 1993
3064 85 4105
2864 29 3907
2965 22 5789
2963 43 3572
3065 80 2073
2865 62 948
2966 80 5139
2964 21 193
3066 88 4714
2866 64 2589
2967 29 5638
2965 85 4438
3067 98 2433
2867 100 793
2968 94 2182
2966 28 4502
3068 100 1781
2868 59 5636
2969 34 4952
2967 27 40
3069 14 2617
2869 89 4166
2970 93 3276
2968 85 957
3070 12 5530
2870 87 5034
2971 69 4279
2969 20 871
3071 80 5802
2871 63 3333
2972 47 5848
2970 33 5671
3072 18 2590
2872 85 1461
2973 98 127
2971 80 5435
3073 94 3624
2873 43 1160
2974 52 3439
2972 52 617
3074 43 5698
2874 85 625
2975 88 1858
2973 18 283
3075 65 3105
2875 25 5049
2976 80 3992
2974 32 740
3076 18 3899
2876 50 3977
2977 55 5798
2975 34 1452
3077 80 3625
2877 73 2793
2978 17 2140
2976 92 2859
3078 96 1448
2878 15 3102
2979 81 2980
2977 88 119
3079 67 1277
2879 11 1120
2980 22 4518
2978 94 4213
3080 11 159
2880 23 2759
2981 92 5408
2979 21 3258
3081 43 3432
2881 93 2117
2982 44 3535
2980 72 1140
3082 69 1929
2882 85 258
2983 81 5402
2981 17 3954
3083 59 320
2883 12 1132
2984 44 5534
2982 63 3952
3084 59 4459
2884 38 2868
2985 46 3691
2983 78 1482
3085 16 3553
2885 54 4371
2986 58 3192
2984 99 2986
3086 39 1593
2886 84 2497
2987 23 463
2985 78 3045
3087 79 1811
2887 37 2047
2988 60 3461
2986 10 4983
3088 34 1298
2888 97 307
2989 21 1066
2987 50 2140
3089 11 1511
2889 48 837
2990 53 1917
2988 30 2456
3090 47 2962
2890 86 1991
2991 36 5934
2989 16 4256
3091 25 1260
2891 86 2069
2992 97 4421
2990 96 5796
3092 48 1870
2892 29 5039
2993 14 2739
2991 47 4225
3093 71 275
2893 78 4798
2994 73 5113
2992 10 4855
3094 38 4909
2894 11 5788
2995 88 1987
2993 31 5137
3095 86 1696
2895 52 1632
2996 98 2455
2994 70 5734
3096 10 2355
2896 24 496
2997 29 1660
2995 16 469
3097 72 3761
2897 55 2465
2998 47 3691
2996 81 5274
3098 79 2279
2898 76 3133
2999 33 2372
2997 39 164
3099 85 1499
2899 97 2611
3000 29 3766
2998 96 4631
3100 72 3259
2900 40 3353
2999 66 2762
3101 48 916
2901 49 1166
3002 60 1989
3102 61 4848
2902 20 5903
3003 56 5777
3001 46 4476
3103 21 2079
2903 11 3219
3004 69 2818
3002 23 1758
3104 23 5030
2904 87 3806
3005 28 4162
3003 55 2486
3105 54 1186
2905 61 3858
3006 38 5467
3004 15 2425
3106 73 4258
2906 41 1384
3007 66 1585
3005 27 5805
3107 39 2204
2907 87 4065
3008 51 4337
3006 61 2514
3108 49 2509
2908 83 5895
3009 24 2389
3007 88 857
3109 96 5628
2909 49 3605
3010 23 4911
3008 71 3226
3110 54 5925
2910 82 5115
3011 57 5844
3009 34 1387
3111 96 3722
2911 19 1432
3012 93 5682
3010 28 5274
3112 14 5504
2912 89 1058
3013 25 5101
3011 37 2611
3113 30 151
2913 57 3558
3014 69 3621
3012 26 1202
3114 67 5828
2914 67 1367
3015 42 5692
3013 97 3893
3115 38 4850
2915 25 5353
3016 15 5469
3014 67 1890
3116 31 4187
2916 60 1657
3017 44 4362
3015 90 2325
3117 27 1350
2917 56 2178
3018 17 2663
3016 95 2212
3118 61 2861
2918 94 2355
3019 94 1315
3017 34 3957
3119 97 3707
2919 35 2388
3020 27 1525
3018 24 5845
3120 11 813
2920 89 2216
3021 55 2348
3019 59 2344
3121 66 3905
2921 22 5667
3022 95 4855
3020 94 2946
3122 63 4717
2922 67 3939
3023 47 4507
3021 42 536
3123 94 3676
2923 34 1561
3024 23 425
3022 14 4572
3124 69 848
2924 46 3535
3025 67 1800
3023 74 5391
3125 16 3396
2925 22 2683
3026 26 1278
3024 27 3392
3126 38 546
2926 92 1500
3027 82 2842
3025 71 3553
3127 22 3342
2927 86 2216
3028 17 5044
3026 46 3599
3128 37 701
2928 75 1894
3029 29 2463
3027 58 3031
3129 17 1616
2929 41 1279
3030 84 1165
3028 28 4353
3130 29 4206
2930 16 2188
3031 26 4456
3029 60 3667
3131 61 566
2931 20 2569
3032 50 1570
3030 10 2104
3132 90 2680
2932 99 1853
3033 37 4266
3031 64 598
3133 49 5348
2933 25 4977
3034 44 2413
3032 66 738
3134 32 737
2934 29 2157
3035 41 5090
3033 83 4462
3135 91 2365
2935 97 733
3036 91 3566
3034 33 3258
3136 52 5681
2936 25 2479
3037 60 2276
3035 71 1043
3137 48 198
2937 79 4858
3038 85 983
3036 18 2303
3138 83 2217
2938 34 5888
3039 96 4104
3037 70 446
3139 17 4925
2939 85 5852
3040 46 1093
3038 22 3200
3140 17 3567
2940 97 2860
3041 43 1305
3039 27 2332
3141 61 2364
2941 10 5143
3042 39 4015
3040 11 1432
3142 47 2887
2942 46 4255
3043 41 1661
3041 78 5708
3143 100 231
2943 34 4126
3044 26 131
3042 36 4936
3144 32 131
2944 39 393
3045 24 3688
3043 86 5103
3145 60 1938
2945 73 1562
3046 99 3138
3044 48 3161
3146 48 3482
2946 75 3038
3047 17 5132
3045 92 5624
3147 26 1516
2947 49 2662
3048 64 2584
3046 82 5394
3148 66 1019
2948 14 55
3049 79 4839
3047 17 3534
3149 46 2775
2949 22 2321
3050 11 4487
3048 89 1790
3150 67 261
2950 55 2795
3051 74 5764
3049 55 5865
3151 18 3639
2951 77 3915
3052 61 5607
3050 44 5029
3152 48 2496
2952 14 4045
3053 34 3022
3051 36 3733
3153 57 1800
2953 70 1026
3054 88 1001
3052 82 3803
3154 75 1567
2954 46 3694
3055 54 301
3053 26 5703
3155 56 3179
2955 26 2579
3056 13 2556
3054 15 1725
3156 71 2474
2956 53 4022
3057 79 1407
3055 85 797
3157 73 1353
2957 53 5930
3058 51 5729
3056 74 2717
3158 29 4503
2958 74 3777
3059 90 1533
3057 44 5420
3159 92 3254
2959 48 3196
3060 16 1571
3058 28 1605
3160 56 1612
2960 52 4890
3061 64 1345
3059 90 4049
3161 88 2622
2961 62 2655
3062 13 3703
3060 79 475
3162 88 3219
2962 83 1263
3063 12 4011
3061 22 5158
3163 44 1315
2963 80 2616
3064 30 4423
3062 37 2848
3164 76 109
2964 53 2040
3065 100 4403
3063 94 780
3165 40 3873
2965 64 941
3066 14 4832
3064 88 5076
3166 99 898
2966 46 1744
3067 70 1369
3065 74 3416
3167 37 4862
2967 90 5715
3068 49 2860
3066 65 357
3168 61 5404
2968 75 214
3069 15 5315
3067 52 4295
3169 75 495
2969 94 3031
3070 98 478
3068 72 4496
3170 67 4118
2970 69 4198
3071 16 2415
3069 95 1094
3171 21 4359
2971 84 4217
3072 62 1469
3070 62 2124
3172 68 1406
2972 96 1193
3073 74 3899
3071 65 3110
3173 48 535
2973 18 3767
3074 11 644
3072 17 542
3174 52 1438
2974 64 4865
3075 13 1112
3073 63 903
3175 58 4531
2975 59 3141
3076 68 222
3074 14 4343
3176 23 2843
2976 31 4295
3077 54 3643
3075 73 2599
3177 14 2564
2977 10 596
3078 18 2535
3076 71 2553
3178 29 2933
2978 63 1910
3079 68 3791
3077 51 3140
3179 49 3559
2979 23 1583
3080 19 1607
3078 28 2564
3180 50 853
2980 27 2662
3081 89 3142
3079 70 5908
3181 84 5303
2981 79 2709
3082 30 4485
3080 44 498
3182 80 1547
2982 13 1832
3083 34 1287
3081 83 1990
3183 42 716
2983 43 425
3084 60 1956
3082 11 3464
3184 58 5552
2984 18 4399
3085 44 209
3083 56 5309
3185 79 4057
2985 37 2952
3086 97 4742
3084 30 1814
3186 37 1427
2986 17 3580
3087 55 3652
3085 35 4280
3187 53 1633
2987 39 2096
3088 21 1353
3086 92 4459
3188 13 1586
2988 30 3579
3089 73 3094
3087 61 3684
3189 29 2725
2989 11 4582
3090 21 4598
3088 47 3090
3190 72 1794
2990 36 639
3091 40 4297
3089 23 1928
3191 55 3227
2991 83 4228
3092 53 3130
3090 98 5258
3192 18 4725
2992 22 4703
3093 39 4858
3091 13 2668
3193 49 5030
2993 90 749
3094 41 1670
3092 91 112
3194 14 1022
2994 87 4396
3095 96 3262
3093 60 84
3195 98 3953
2995 23 1775
3096 58 3725
3094 57 891
3196 13 4573
2996 49 5924
3097 49 5704
3095 28 1388
3197 11 1570
2997 36 2220
3098 39 2234
3096 23 5262
3198 60 5292
2998 83 4123
3099 100 4320
3097 74 2686
3199 45 1942
2999 100 782
3100 42 4725
3098 45 1644
3200 73 2702
3000 66 151
3099 41 4674
3201 29 226
3001 33 4165
3102 41 2450
3202 86 5233
3002 93 694
3103 45 1632
3101 68 5281
3203 88 2385
3003 27 1713
3104 63 2305
3102 39 2451
3204 86 2996
3004 27 4964
3105 30 3247
3103 78 3435
3205 24 1625
3005 22 3106
3106 68 3199
3104 21 2516
3206 31 497
3006 89 4547
3107 98 4263
3105 10 5070
3207 37 2394
3007 35 2345
3108 49 5861
3106 99 2417
3208 57 2118
3008 77 252
3109 23 4311
3107 22 5257
3209 60 1726
3009 78 2183
3110 78 1422
3108 36 1330
3210 61 5100
3010 15 3642
3111 67 4006
3109 84 3
3211 24 5673
3011 79 545
3112 95 5588
3110 44 4085
3212 79 1137
3012 85 848
3113 68 4675
3111 81 4205
3213 63 4781
3013 61 4468
3114 96 4876
3112 83 3498
3214 88 2257
3014 65 25
3115 58 1578
3113 60 3103
3215 35 1616
3015 85 2683
3116 21 1716
3114 57 4161
3216 42 2294
3016 72 4866
3117 72 185
3115 94 572
3217 60 2823
3017 18 4684
3118 21 194
3116 53 5724
3218 37 795
3018 88 3731
3119 96 4284
3117 58 5127
3219 22 1890
3019 65 1549
3120 36 437
3118 78 5291
3220 54 1819
3020 66 4132
3121 88 3894
3119 73 3654
3221 64 1551
3021 35 3746
3122 58 1968
3120 58 1869
3222 48 320
3022 32 5286
3123 35 2658
3121 59 2249
3223 47 1957
3023 56 4476
3124 81 2027
3122 12 1344
3224 86 4423
3024 49 4720
3125 45 5056
3123 42 3097
3225 89 498
3025 65 2686
3126 86 2972
3124 78 1735
3226 21 676
3026 10 54
3127 92 1681
3125 93 2706
3227 22 3418
3027 96 1425
3128 99 2987
3126 87 1176
3228 58 306
3028 90 2044
3129 31 3311
3127 62 2889
3229 23 88
3029 58 3531
3130 35 4111
3128 61 2678
3230 43 3625
3030 55 3136
3131 30 3429
3129 100 316
3231 52 4308
3031 49 5042
3132 28 5211
3130 25 2058
3232 25 1759
3032 78 860
3133 38 3817
3131 100 1063
3233 69 1072
3033 73 2143
3134 11 1682
3132 84 2562
3234 80 4343
3034 64 4774
3135 89 968
3133 92 2150
3235 62 5051
3035 82 1047
3136 74 4957
3134 85 2343
3236 52 4132
3036 17 35
3137 62 3399
3135 29 3862
3237 42 4282
3037 39 1527
3138 11 1949
3136 93 4932
3238 91 5509
3038 56 5770
3139 82 5076
3137 23 856
3239 74 307
3039 40 2617
3140 11 5765
3138 63 2119
3240 11 733
3040 94 4656
3141 12 5833
3139 25 1883
3241 20 4099
3041 43 5115
3142 24 3093
3140 16 899
3242 86 3052
3042 17 5082
3143 19 5786
3141 69 844
3243 15 4545
3043 15 3614
3144 74 3346
3142 99 32
3244 60 4247
3044 66 1009
3145 54 2561
3143 53 5700
3245 93 1613
3045 18 2277
3146 93 843
3144 48 5082
3246 72 4023
3046 46 64
3147 86 577
3145 30 2337
3247 79 3595
3047 64 3431
3148 88 1589
3146 62 5496
3248 93 1839
3048 79 3871
3149 29 4228
3147 63 1870
3249 77 4519
3049 75 3422
3150 47 3282
3148 46 2990
3250 72 5095
3050 93 3055
3151 13 93
3149 78 3469
3251 22 2418
3051 92 2323
3152 73 4965
3150 69 5348
3252 24 2641
3052 42 2022
3153 16 5597
3151 32 2803
3253 65 4777
3053 37 10
3154 65 1354
3152 66 596
3254 94 3535
3054 93 1435
3155 32 2071
3153 75 59
3255 96 4500
3055 48 1651
3156 16 4996
3154 95 1136
3256 58 1671
3056 50 4227
3157 17 4597
3155 12 5284
3257 82 1832
3057 58 1272
3158 98 4103
3156 95 1166
3258 39 5863
3058 29 341
3159 37 1010
3157 70 2163
3259 70 2126
3059 26 4949
3160 57 4052
3158 10 84
3260 52 795
3060 73 5756
3161 85 1393
3159 60 3079
3261 90 565
3061 88 3881
3162 56 4113
3160 90 2013
3262 33 525
3062 52 2500
3163 20 1370
3161 96 1474
3263 99 4139
3063 37 1094
3164 55 1645
3162 32 2722
3264 19 1272
3064 53 3366
3165 79 4594
3163 10 625
3265 53 3320
3065 29 4932
3166 17 3946
3164 33 2455
3266 35 4499
3066 61 3483
3167 58 4817
3165 31 2229
3267 100 3519
3067 68 5467
3168 56 4176
3166 55 3080
3268 24 2351
3068 41 5662
3169 18 4542
3167 44 2223
3269 35 2252
3069 33 5504
3170 50 4276
3168 96 799
3270 55 1294
3070 31 346
3171 14 1855
3169 66 483
3271 15 1896
3071 90 4478
3172 54 436
3170 75 873
3272 85 3484
3072 53 3687
3173 62 3034
3171 19 1460
3273 29 3273
3073 82 3481
3174 23 1670
3172 13 589
3274 78 3214
3074 55 4701
3175 33 5632
3173 94 1379
3275 44 2467
3075 36 3796
3176 45 1036
3174 67 3506
3276 64 2139
3076 39 1169
3177 89 1239
3175 32 5215
3277 14 3501
3077 80 454
3178 72 2360
3176 51 4595
3278 96 487
3078 54 1309
3179 42 4701
3177 95 1934
3279 23 1525
3079 67 5797
3180 21 5664
3178 72 1165
3280 57 4222
3080 82 3597
3181 57 966
3179 82 2542
3281 87 5759
3081 82 1907
3182 36 3906
3180 24 2575
3282 13 3310
3082 17 4390
3183 86 5703
3181 86 1278
3283 81 3219
3083 68 2339
3184 57 5687
3182 76 5589
3284 65 4644
3084 62 2131
3185 71 1464
3183 62 2449
3285 79 1157
3085 87 3946
3186 18 1848
3184 50 1830
3286 62 4092
3086 83 1742
3187 95 226
3185 87 4389
3287 40 1508
3087 66 5623
3188 89 2708
3186 52 1488
3288 22 2999
3088 34 5325
3189 43 5660
3187 77 5730
3289 27 3825
3089 86 836
3190 72 133
3188 87 1381
3290 90 1155
3090 60 10
3191 16 3349
3189 98 3266
3291 39 4678
3091 61 3095
3192 13 3103
3190 31 4290
3292 51 678
3092 65 1622
3193 27 3282
3191 30 3019
3293 35 2596
3093 11 5104
3194 73 3536
3192 69 1244
3294 55 5113
3094 27 3106
3195 23 2041
3193 58 4124
3295 12 1429
3095 32 3029
3196 43 3315
3194 37 4889
3296 69 737
3096 47 1505
3197 97 5209
3195 89 1058
3297 92 942
3097 98 3502
3198 68 3543
3196 77 4278
3298 38 5778
3098 61 2377
3199 62 5849
3197 77 4501
3299 76 1386
3099 22 3999
3200 85 3244
3198 25 3348
3300 87 1184
3100 41 5564
3199 59 3264
3301 71 4668
3101 76 3574
3202 40 190
3302 30 3075
3102 91 1151
3203 73 5618
3201 80 3016
3303 84 4300
3103 13 3882
3204 81 3160
3202 75 2960
3304 58 1496
3104 51 1540
3205 87 1922
3203 53 284
3305 72 3375
3105 43 1615
3206 93 4537
3204 100 4365
3306 54 3349
3106 16 2368
3207 23 3900
3205 50 5232
3307 62 3057
3107 79 1368
3208 20 5696
3206 33 1102
3308 65 1579
3108 32 3686
3209 27 2147
3207 46 3119
3309 90 1830
3109 49 865
3210 26 4313
3208 33 1503
3310 77 4800
3110 14 1278
3211 10 764
3209 15 2957
3311 66 1285
3111 92 5514
3212 62 5433
3210 70 2837
3312 41 3212
3112 78 1722
3213 23 584
3211 65 3263
3313 29 5032
3113 27 3501
3214 48 5196
3212 86 1028
3314 42 1678
3114 23 2677
3215 57 3648
3213 70 4239
3315 44 3063
3115 84 647
3216 17 1881
3214 84 5805
3316 14 3787
3116 61 699
3217 52 1280
3215 97 2793
3317 53 2019
3117 71 318
3218 69 4551
3216 92 2056
3318 57 5193
3118 95 77
3219 66 1135
3217 14 1311
3319 68 3717
3119 72 729
3220 64 2785
3218 26 300
3320 40 3863
3120 35 3874
3221 16 2823
3219 58 1809
3321 63 3252
3121 42 4735
3222 86 2821
3220 16 5832
3322 47 4004
3122 24 2599
3223 56 563
3221 19 1101
3323 28 642
3123 54 4016
3224 66 3646
3222 59 2629
3324 59 4787
3124 97 4069
3225 66 1927
3223 88 1087
3325 57 2663
3125 38 2941
3226 23 3949
3224 55 4357
3326 61 4384
3126 87 3618
3227 15 1440
3225 71 894
3327 49 1476
3127 35 4090
3228 63 5254
3226 82 520
3328 11 904
3128 80 2724
3229 83 5116
3227 87 5288
3329 34 454
3129 39 2504
3230 57 5772
3228 69 5056
3330 48 5916
3130 49 4754
3231 66 5040
3229 86 4427
3331 84 3002
3131 50 3807
3232 51 805
3230 18 2398
3332 75 1691
3132 76 5275
3233 72 1481
3231 98 2573
3333 26 3195
3133 18 37
3234 53 4668
3232 52 4085
3334 99 4352
3134 92 1702
3235 93 5263
3233 78 2403
3335 32 2755
3135 35 2208
3236 97 3924
3234 67 2213
3336 29 1823
3136 56 1625
3237 30 4326
3235 90 5774
3337 10 5111
3137 100 3191
3238 63 2617
3236 79 2044
3338 12 1222
3138 55 2357
3239 69 1011
3237 46 1081
3339 58 3702
3139 50 3143
3240 94 339
3238 11 3882
3340 88 303
3140 67 1868
3241 35 5477
3239 44 5162
3341 21 2851
3141 74 4341
3242 85 1937
3240 69 1031
3342 30 2028
3142 39 2287
3243 31 788
3241 98 2469
3343 23 4749
3143 97 5301
3244 61 122
3242 81 71
3344 44 637
3144 68 3762
3245 81 810
3243 28 368
3345 66 3604
3145 41 4338
3246 74 3092
3244 49 769
3346 77 4366
3146 91 2093
3247 31 2937
3245 57 38
3347 54 3890
3147 42 1177
3248 18 212
3246 34 2950
3348 68 135
3148 48 5635
3249 19 2816
3247 54 3204
3349 95 3208
3149 36 1300
3250 71 4375
3248 81 535
3350 11 1359
3150 79 4088
3251 99 1320
3249 12 5476
3351 46 1277
3151 100 1424
3252 24 1814
3250 49 629
3352 61 1850
3152 47 1273
3253 72 967
3251 86 633
3353 16 3679
3153 90 1200
3254 80 5123
3252 25 3884
3354 59 532
3154 65 917
3255 92 2809
3253 29 1342
3355 86 5930
3155 76 4414
3256 38 5019
3254 77 2215
3356 54 3741
3156 53 2539
3257 92 4550
3255 76 4379
3357 11 4066
3157 11 5714
3258 78 2505
3256 13 3885
3358 11 358
3158 19 1994
3259 99 3815
3257 51 207
3359 66 578
3159 86 1712
3260 60 1280
3258 66 1539
3360 34 816
3160 89 1360
3261 99 5712
3259 47 4854
3361 16 4009
3161 92 5509
3262 30 692
3260 65 1620
3362 25 3109
3162 72 2610
3263 98 4954
3261 29 4245
3363 66 1817
3163 86 5508
3264 12 3499
3262 55 4847
3364 77 997
3164 25 2053
3265 62 2025
3263 75 5746
3365 55 3288
3165 63 4326
3266 100 2108
3264 78 2893
3366 95 4609
3166 81 2845
3267 89 1230
3265 98 169
3367 50 4310
3167 12 8
3268 45 4937
3266 38 508
3368 45 3483
3168 23 600
3269 10 2162
3267 63 1036
3369 56 1845
3169 92 880
3270 69 5674
3268 61 2908
3370 88 5530
3170 45 3987
3271 70 1008
3269 55 4905
3371 46 5810
3171 62 211
3272 50 4249
3270 41 4290
3372 46 1872
3172 69 1027
3273 27 3513
3271 39 5033
3373 82 2814
3173 44 4266
3274 17 1878
3272 12 1996
3374 61 376
3174 98 4651
3275 11 2583
3273 13 671
3375 79 1022
3175 43 4161
3276 61 3563
3274 68 3803
3376 77 2103
3176 25 1809
3277 30 5146
3275 94 3762
3377 49 3231
3177 12 4077
3278 59 2822
3276 82 5422
3378 88 3690
3178 65 87
3279 24 3509
3277 94 1676
3379 47 2283
3179 74 3454
3280 19 3421
3278 89 4097
3380 42 4618
3180 60 4720
3281 37 3915
3279 74 3314
3381 28 2299
3181 92 1860
3282 98 5699
3280 57 1277
3382 84 2013
3182 88 711
3283 56 2252
3281 69 3439
3383 53 4882
3183 72 691
3284 22 4028
3282 71 4174
3384 89 2707
3184 66 3284
3285 43 2132
3283 76 1356
3385 53 2571
3185 79 1957
3286 80 1053
3284 91 3898
3386 63 5414
3186 73 1758
3287 55 1377
3285 62 5057
3387 22 3196
3187 49 3532
3288 32 4175
3286 71 5751
3388 48 3649
3188 84 1519
3289 16 2426
3287 94 5303
3389 65 3445
3189 28 2731
3290 80 1052
3288 57 79
3390 39 5253
3190 23 3051
3291 60 274
3289 92 4369
3391 22 2192
3191 54 2181
3292 69 5601
3290 53 3677
3392 85 3664
3192 72 5789
3293 22 1225
3291 31 5606
3393 56 2541
3193 53 3868
3294 60 3651
3292 26 3343
3394 94 673
3194 49 3396
3295 14 5471
3293 16 4942
3395 53 61
3195 55 1668
3296 95 5751
3294 31 4842
3396 28 555
3196 95 1910
3297 68 430
3295 29 4388
3397 91 4074
3197 67 2368
3298 90 5106
3296 38 3863
3398 10 359
3198 72 730
3299 45 472
3297 15 4936
3399 71 1543
3199 92 1635
3300 36 900
3298 29 1463
3400 47 1080
3200 51 1836
3299 37 100
3401 30 1071
3201 41 4899
3302 11 2061
3402 75 5630
3202 82 1933
3303 49 1503
3301 100 605
3403 42 1205
3203 46 4785
3304 81 1598
3302 32 190
3404 86 3654
3204 39 4607
3305 55 4416
3303 87 4886
3405 28 606
3205 51 1617
3306 85 4616
3304 94 1855
3406 74 4835
3206 48 693
3307 73 2403
3305 51 2807
3407 15 4334
3207 19 5087
3308 13 298
3306 58 2957
3408 90 1520
3208 19 3528
3309 78 2449
3307 68 5674
3409 98 5225
3209 69 5007
3310 27 3552
3308 23 390
3410 39 251
3210 97 4015
3311 81 3123
3309 71 1119
3411 77 3571
3211 91 4431
3312 79 1179
3310 75 3503
3412 93 3485
3212 99 4543
3313 44 4134
3311 43 4313
3413 65 2028
3213 67 3713
3314 96 2960
3312 76 3130
3414 89 4685
3214 31 5684
3315 55 1136
3313 81 1671
3415 67 3377
3215 12 3959
3316 92 1266
3314 84 3403
3416 68 4524
3216 100 551
3317 93 767
3315 15 4145
3417 54 1394
3217 69 2710
3318 69 1629
3316 71 1619
3418 22 1274
3218 20 4445
3319 96 4876
3317 57 1312
3419 44 5032
3219 63 163
3320 47 4538
3318 71 1239
3420 53 1697
3220 63 3070
3321 26 2810
3319 28 292
3421 66 5097
3221 35 2760
3322 60 2717
3320 13 5469
3422 22 2671
3222 97 3348
3323 20 848
3321 89 48
3423 89 1344
3223 21 4373
3324 69 4710
3322 83 5435
3424 10 4521
3224 38 3878
3325 55 412
3323 53 3233
3425 58 279
3225 87 1319
3326 22 5862
3324 25 5245
3426 54 1630
3226 82 684
3327 27 4562
3325 70 5794
3427 75 3315
3227 10 1041
3328 13 4670
3326 10 1226
3428 40 3927
3228 55 4785
3329 62 1226
3327 85 5813
3429 18 5527
3229 29 4412
3330 93 275
3328 10 2705
3430 39 123
3230 74 5472
3331 70 2040
3329 81 3120
3431 45 3080
3231 20 4027
3332 50 2433
3330 59 2769
3432 80 2975
3232 70 4666
3333 23 2663
3331 14 1086
3433 84 1954
3233 69 5397
3334 25 975
3332 63 2554
3434 85 1754
3234 98 2200
3335 98 2135
3333 69 3152
3435 96 5895
3235 65 1178
3336 75 5194
3334 49 4206
3436 99 2017
3236 88 5302
3337 30 2560
3335 67 1518
3437 17 1507
3237 63 3374
3338 13 5127
3336 66 5024
3438 35 5144
3238 19 2852
3339 37 2609
3337 92 4359
3439 38 206
3239 11 1570
3340 41 967
3338 33 884
3440 55 4345
3240 40 2748
3341 16 5828
3339 100 2384
3441 13 1346
3241 55 2539
3342 88 4445
3340 93 3943
3442 25 4957
3242 36 660
3343 13 2850
3341 10 1109
3443 34 4004
3243 51 3500
3344 43 4646
3342 10 1102
3444 29 5620
3244 67 2392
3345 34 729
3343 56 3720
3445 66 1803
3245 50 595
3346 85 507
3344 98 3744
3446 21 2999
3246 10 209
3347 27 2339
3345 18 463
3447 64 2614
3247 42 731
3348 83 2886
3346 63 792
3448 20 5334
3248 74 2929
3349 100 5852
3347 81 5675
3449 77 319
3249 39 98
3350 38 5242
3348 74 4619
3450 89 4540
3250 16 5286
3351 28 1698
3349 87 949
3451 29 1952
3251 56 735
3352 23 5469
3350 29 619
3452 49 307
3252 97 3589
3353 26 5665
3351 51 5036
3453 71 1992
3253 64 2142
3354 99 4286
3352 57 4340
3454 40 4914
3254 73 2168
3355 72 4993
3353 74 5612
3455 76 1161
3255 75 913
3356 87 936
3354 74 2558
3456 36 4350
3256 11 4460
3357 13 2195
3355 78 2472
3457 49 4646
3257 11 2955
3358 54 419
3356 65 1238
3458 86 1720
3258 33 3501
3359 54 965
3357 74 5863
3459 94 1944
3259 84 4841
3360 90 5517
3358 82 3225
3460 69 455
3260 82 2783
3361 31 787
3359 100 3737
3461 60 228
3261 82 547
3362 98 4121
3360 45 5525
3462 64 3745
3262 89 2009
3363 39 2790
3361 91 5403
3463 82 2681
3263 70 5600
3364 72 3517
3362 38 5831
3464 14 4950
3264 63 2765
3365 89 1382
3363 62 2487
3465 22 2438
3265 20 5914
3366 63 987
3364 88 2974
3466 73 2185
3266 10 1907
3367 41 1761
3365 42 2982
3467 83 2344
3267 74 610
3368 60 302
3366 67 997
3468 39 3858
3268 23 3009
3369 82 4804
3367 11 700
3469 85 997
3269 61 157
3370 86 4983
3368 36 4791
3470 65 2542
3270 91 2933
3371 68 743
3369 56 2728
3471 53 2771
3271 48 2697
3372 55 2723
3370 51 3934
3472 49 1753
3272 38 341
3373 63 1237
3371 12 2257
3473 23 3700
3273 53 3157
3374 60 4729
3372 56 2633
3474 99 4006
3274 69 5469
3375 48 1154
3373 63 2649
3475 45 23
3275 10 4693
3376 98 4586
3374 41 1568
3476 17 548
3276 93 1304
3377 74 2138
3375 34 4738
3477 82 4510
3277 69 2108
3378 79 564
3376 24 5125
3478 90 758
3278 46 1411
3379 58 3250
3377 68 4498
3479 93 2981
3279 59 3627
3380 54 3126
3378 99 1402
3480 32 4015
3280 100 3205
3381 42 4895
3379 13 4136
3481 87 3565
3281 96 215
3382 48 1730
3380 51 3473
3482 46 5607
3282 86 4505
3383 54 4778
3381 81 1830
3483 91 4965
3283 66 2046
3384 98 944
3382 17 1886
3484 72 1740
3284 50 4610
3385 50 5435
3383 75 4899
3485 61 4088
3285 27 5510
3386 20 2247
3384 67 3466
3486 15 5207
3286 30 1024
3387 16 5739
3385 37 2542
3487 50 4538
3287 63 3438
3388 57 1408
3386 49 2984
3488 55 3027
3288 55 908
3389 19 1646
3387 94 3939
3489 81 3649
3289 22 1146
3390 15 5413
3388 23 1156
3490 20 349
3290 39 4836
3391 38 1466
3389 69 2161
3491 38 1840
3291 91 878
3392 76 4666
3390 93 4916
3492 89 5495
3292 23 5307
3393 71 4764
3391 75 4256
3493 41 3782
3293 66 3726
3394 70 4119
3392 33 3397
3494 50 5207
3294 94 4994
3395 66 236
3393 43 3453
3495 13 5106
3295 44 1709
3396 10 4297
3394 78 589
3496 51 2273
3296 83 159
3397 66 5867
3395 87 5756
3497 38 2079
3297 82 1706
3398 32 3197
3396 36 5043
3498 61 570
3298 10 1514
3399 22 3817
3397 11 483
3499 88 4292
3299 68 1202
3400 27 2676
3398 21 4231
3500 57 3366
3300 73 4434
3399 27 3859
3501 58 5821
3301 49 4186
3402 68 3012
3502 93 2484
3302 99 5186
3403 84 2342
3401 66 3057
3503 56 5552
3303 68 4678
3404 37 4489
3402 56 1526
3504 53 2195
3304 20 4845
3405 87 688
3403 34 2133
3505 93 5851
3305 41 2267
3406 48 501
3404 46 1667
3506 74 876
3306 73 926
3407 34 270
3405 41 215
3507 53 4416
3307 17 3264
3408 68 2438
3406 26 5306
3508 40 3688
3308 10 5518
3409 86 1304
3407 30 2541
3509 49 4274
3309 18 3199
3410 54 800
3408 21 2473
3510 81 46
3310 29 1061
3411 97 3725
3409 70 1884
3511 11 1730
3311 72 2053
3412 65 2557
3410 93 5299
3512 61 3772
3312 17 4853
3413 68 1557
3411 65 47
3513 78 3449
3313 40 64
3414 46 2998
3412 33 2304
3514 20 5168
3314 17 1915
3415 87 4107
3413 20 3123
3515 19 2541
3315 14 1242
3416 82 671
3414 41 5386
3516 11 5350
3316 18 5633
3417 92 4947
3415 37 5367
3517 80 5688
3317 56 578
3418 45 5758
3416 61 3388
3518 97 5686
3318 56 5142
3419 70 2556
3417 47 1553
3519 98 4472
3319 47 3201
3420 61 2172
3418 93 4882
3520 74 5110
3320 23 705
3421 62 619
3419 14 3542
3521 78 3850
3321 43 3239
3422 27 5233
3420 69 5310
3522 12 3972
3322 23 5441
3423 16 2273
3421 41 160
3523 82 3740
3323 38 4693
3424 88 491
3422 38 49
3524 73 5627
3324 37 5136
3425 21 4190
3423 91 4583
3525 40 5191
3325 67 26
3426 43 5768
3424 83 5580
3526 68 4886
3326 53 896
3427 35 5243
3425 41 3116
3527 16 2846
3327 76 3217
3428 32 2708
3426 63 4445
3528 30 1417
3328 14 4355
3429 64 172
3427 90 4809
3529 62 937
3329 69 4291
3430 43 4068
3428 31 5344
3530 83 3527
3330 50 4016
3431 67 3836
3429 59 5422
3531 48 5361
3331 59 2429
3432 75 111
3430 89 512
3532 53 73
3332 15 5182
3433 23 5153
3431 74 1070
3533 32 1431
3333 41 4108
3434 21 4605
3432 89 679
3534 35 4902
3334 28 5385
3435 99 1544
3433 21 2249
3535 32 1508
3335 28 2905
3436 62 2291
3434 92 2969
3536 66 5170
3336 15 5641
3437 56 3404
3435 87 252
3537 36 3490
3337 41 1050
3438 76 3759
3436 98 1583
3538 46 3079
3338 89 2092
3439 58 2673
3437 82 1365
3539 28 627
3339 41 4198
3440 82 4057
3438 40 1978
3540 82 2740
3340 49 4671
3441 30 2474
3439 12 1840
3541 67 5322
3341 77 2694
3442 78 261
3440 95 497
3542 93 2850
3342 56 5782
3443 88 700
3441 30 2407
3543 49 2588
3343 64 1277
3444 72 2003
3442 88 361
3544 27 4607
3344 98 1898
3445 79 540
3443 71 604
3545 88 5456
3345 57 1767
3446 26 2806
3444 44 3348
3546 51 1507
3346 21 1960
3447 54 2984
3445 77 5166
3547 18 2538
3347 77 3916
3448 45 4663
3446 85 369
3548 51 359
3348 36 3737
3449 28 4717
3447 28 4398
3549 74 5636
3349 86 4775
3450 40 55
3448 89 4462
3550 77 2600
3350 78 5464
3451 52 5009
3449 70 4637
3551 80 4425
3351 62 4601
3452 95 4084
3450 68 3608
3552 66 2901
3352 83 1657
3453 61 2154
3451 54 1915
3553 34 588
3353 59 4581
3454 17 181
3452 16 485
3554 82 5419
3354 95 3019
3455 47 2655
3453 77 3048
3555 31 3755
3355 25 1966
3456 33 5610
3454 56 86
3556 11 428
3356 17 1746
3457 95 5880
3455 19 841
3557 34 874
3357 13 1209
3458 24 1340
3456 22 2334
3558 27 106
3358 78 4981
3459 70 2870
3457 12 1136
3559 89 5100
3359 58 5120
3460 40 5458
3458 61 1652
3560 67 3262
3360 28 2721
3461 74 2006
3459 73 2361
3561 15 5807
3361 23 2936
3462 12 16
3460 85 2476
3562 25 2785
3362 80 2863
3463 31 361
3461 83 5265
3563 41 698
3363 59 860
3464 50 5321
3462 30 5830
3564 36 1316
3364 37 183
3465 22 4704
3463 96 2930
3565 44 2191
3365 25 5041
3466 18 3391
3464 10 3870
3566 47 1849
3366 37 2092
3467 26 1047
3465 32 5406
3567 100 2978
3367 91 2143
3468 66 2467
3466 62 2779
3568 71 1865
3368 15 5256
3469 94 4544
3467 72 4892
3569 94 2212
3369 19 5330
3470 88 980
3468 34 5846
3570 44 3253
3370 78 371
3471 47 2477
3469 64 2820
3571 31 273
3371 47 4416
3472 17 2006
3470 29 4369
3572 14 330
3372 36 1414
3473 63 4687
3471 50 5544
3573 54 2979
3373 57 1636
3474 10 2591
3472 57 1503
3574 48 696
3374 78 4521
3475 69 195
3473 44 2100
3575 81 295
3375 99 5438
3476 99 3178
3474 72 2467
3576 17 227
3376 45 5422
3477 58 1827
3475 77 5688
3577 77 4262
3377 25 359
3478 75 3134
3476 41 42
3578 53 3088
3378 40 3409
3479 96 207
3477 70 2230
3579 79 1261
3379 66 2381
3480 49 829
3478 53 5795
3580 46 4111
3380 55 4258
3481 92 1252
3479 64 3610
3581 74 1814
3381 81 3620
3482 25 3057
3480 32 185
3582 96 4295
3382 98 3310
3483 12 5336
3481 59 2791
3583 19 1054
3383 77 1792
3484 72 1632
3482 33 5208
3584 41 1406
3384 49 4205
3485 60 1007
3483 41 484
3585 30 4989
3385 24 3662
3486 59 3304
3484 86 385
3586 54 3165
3386 39 4984
3487 48 523
3485 83 256
3587 52 1054
3387 41 824
3488 29 2643
3486 82 4923
3588 51 2022
3388 63 1695
3489 88 2788
3487 30 4413
3589 96 176
3389 27 1199
3490 34 1880
3488 77 2989
3590 77 1418
3390 24 731
3491 88 2262
3489 42 311
3591 23 4431
3391 67 1289
3492 80 86
3490 88 1061
3592 23 3091
3392 33 4057
3493 70 1529
3491 70 3672
3593 23 3711
3393 72 289
3494 31 790
3492 27 5624
3594 22 1325
3394 97 4966
3495 88 5316
3493 86 4555
3595 34 5065
3395 30 889
3496 35 4555
3494 80 3659
3596 16 286
3396 48 66
3497 94 183
3495 14 5092
3597 11 1930
3397 56 1927
3498 93 2659
3496 52 5334
3598 75 4721
3398 31 5353
3499 49 3390
3497 87 602
3599 97 3626
3399 59 2351
3500 36 5265
3498 62 4915
3600 97 4763
3400 100 2923
3499 45 4774
3601 16 3904
3401 11 5231
3502 53 2945
3602 31 555
3402 27 4721
3503 80 59
3501 61 4341
3603 84 4360
3403 88 4612
3504 52 1898
3502 96 5675
3604 30 5671
3404 25 2373
3505 77 5220
3503 52 5365
3605 66 5078
3405 21 5353
3506 44 1216
3504 54 1427
3606 52 4059
3406 48 5275
3507 10 3120
3505 14 1750
3607 29 5662
3407 81 4100
3508 79 3602
3506 57 3553
3608 59 3358
3408 78 3052
3509 82 2430
3507 22 260
3609 57 4788
3409 77 3793
3510 91 715
3508 33 4777
3610 41 2528
3410 34 5131
3511 26 3888
3509 29 2849
3611 21 1636
3411 39 3161
3512 45 5376
3510 30 4934
3612 37 220
3412 44 182
3513 21 5506
3511 41 5325
3613 46 3841
3413 94 2981
3514 75 1877
3512 74 4485
3614 16 5227
3414 98 5184
3515 66 267
3513 12 5286
3615 58 4128
3415 26 2261
3516 95 44
3514 86 4723
3616 48 3406
3416 100 4007
3517 45 1962
3515 24 3890
3617 35 5359
3417 69 1136
3518 92 4557
3516 33 1494
3618 50 2520
3418 82 121
3519 63 4820
3517 36 3346
3619 67 543
3419 59 3852
3520 19 2717
3518 94 460
3620 78 248
3420 38 5019
3521 51 642
3519 17 2838
3621 36 43
3421 38 4229
3522 44 4168
3520 12 2911
3622 23 1177
3422 40 3753
3523 63 1358
3521 29 1821
3623 17 1730
3423 85 3020
3524 45 2073
3522 29 3235
3624 64 3298
3424 64 2193
3525 92 4065
3523 13 5078
3625 64 3743
3425 63 5896
3526 95 3248
3524 73 2842
3626 24 3727
3426 62 1292
3527 22 5130
3525 51 1506
3627 94 1146
3427 91 880
3528 32 712
3526 57 5883
3628 89 1506
3428 39 1769
3529 35 3183
3527 40 1581
3629 85 4697
3429 27 1563
3530 82 1988
3528 50 2828
3630 95 4930
3430 56 1573
3531 79 3082
3529 18 3049
3631 10 5244
3431 26 553
3532 68 4931
3530 64 561
3632 80 3975
3432 92 2238
3533 36 3906
3531 32 2156
3633 17 2738
3433 51 3844
3534 35 3078
3532 19 2581
3634 64 2475
3434 78 1298
3535 35 2159
3533 26 4680
3635 35 2078
3435 34 4952
3536 51 2716
3534 50 638
3636 24 2088
3436 11 718
3537 45 1487
3535 78 998
3637 32 1625
3437 18 1875
3538 84 2109
3536 83 2514
3638 33 3024
3438 13 2333
3539 77 1607
3537 52 597
3639 91 3591
3439 37 243
3540 16 2598
3538 16 5742
3640 33 4769
3440 43 2724
3541 79 1546
3539 68 37
3641 74 5087
3441 66 1287
3542 16 2496
3540 31 5196
3642 30 5079
3442 74 3567
3543 91 4197
3541 62 4205
3643 25 1721
3443 42 410
3544 63 157
3542 33 4422
3644 12 898
3444 40 1936
3545 56 1666
3543 92 4777
3645 61 4510
3445 80 4420
3546 78 1491
3544 28 5393
3646 62 5767
3446 54 2004
3547 33 3360
3545 67 5840
3647 47 1203
3447 77 3702
3548 10 241
3546 50 2735
3648 60 814
3448 41 938
3549 20 5411
3547 87 2858
3649 54 690
3449 57 3006
3550 85 2684
3548 44 3387
3650 81 1020
3450 30 4025
3551 64 1916
3549 21 1381
3651 51 5722
3451 61 589
3552 88 902
3550 70 1538
3652 55 1324
3452 58 1331
3553 92 2843
3551 19 1908
3653 99 314
3453 61 4846
3554 100 717
3552 54 3205
3654 44 2232
3454 41 1214
3555 82 2771
3553 69 2144
3655 25 5194
3455 21 82
3556 43 4659
3554 79 1992
3656 40 4410
3456 81 1638
3557 89 983
3555 92 4153
3657 21 3498
3457 18 2975
3558 89 2643
3556 57 1761
3658 51 2045
3458 24 2997
3559 44 2132
3557 86 1409
3659 43 276
3459 68 4893
3560 16 1624
3558 75 5595
3660 97 3996
3460 99 5788
3561 35 5381
3559 32 5583
3661 63 556
3461 35 2016
3562 62 834
3560 58 2868
3662 100 2991
3462 78 5884
3563 34 3726
3561 25 3235
3663 26 526
3463 90 133
3564 17 871
3562 76 319
3664 45 5894
3464 33 643
3565 84 4170
3563 29 5614
3665 26 3431
3465 72 3538
3566 28 2801
3564 14 5904
3666 20 376
3466 97 1953
3567 42 3258
3565 80 975
3667 73 3214
3467 66 3880
3568 55 5721
3566 31 1731
3668 17 2835
3468 56 1387
3569 89 3958
3567 16 1386
3669 37 5778
3469 29 1127
3570 33 332
3568 89 381
3670 45 5164
3470 40 2396
3571 43 2673
3569 26 1346
3671 32 3914
3471 51 1516
3572 12 3907
3570 27 676
3672 60 3374
3472 57 2777
3573 24 2128
3571 87 4870
3673 66 4426
3473 34 2679
3574 64 4824
3572 79 1059
3674 76 280
3474 19 1329
3575 65 2142
3573 64 5102
3675 11 4967
3475 10 5563
3576 25 4762
3574 83 3343
3676 42 3001
3476 95 2238
3577 65 2876
3575 98 5172
3677 41 4580
3477 64 4762
3578 67 3317
3576 32 5914
3678 51 4062
3478 23 2615
3579 87 5123
3577 44 4166
3679 15 4638
3479 27 5547
3580 10 5682
3578 47 3610
3680 88 2289
3480 21 2469
3581 61 1096
3579 59 1533
3681 22 3517
3481 59 2472
3582 29 749
3580 14 5653
3682 65 4081
3482 17 1426
3583 62 41
3581 73 5266
3683 27 304
3483 81 400
3584 19 5169
3582 67 5647
3684 94 4100
3484 46 2552
3585 96 3032
3583 23 699
3685 63 3168
3485 46 4904
3586 21 2044
3584 80 236
3686 10 5081
3486 14 820
3587 99 5191
3585 77 4469
3687 73 5675
3487 61 5891
3588 21 3106
3586 52 839
3688 15 3858
3488 49 5549
3589 15 1517
3587 21 4785
3689 73 5021
3489 47 1990
3590 55 5065
3588 96 3217
3690 35 2510
3490 12 4485
3591 100 1590
3589 94 4530
3691 56 2226
3491 48 4769
3592 49 4090
3590 27 2875
3692 56 4542
3492 92 93
3593 52 5508
3591 42 1552
3693 81 2436
3493 55 555
3594 31 4943
3592 17 2931
3694 100 4446
3494 49 385
3595 69 111
3593 39 4344
3695 84 5559
3495 86 4078
3596 51 5684
3594 80 3572
3696 98 24
3496 34 2415
3597 85 4435
3595 55 3388
3697 96 5148
3497 82 2389
3598 97 77
3596 72 19
3698 100 321
3498 22 2245
3599 62 3242
3597 16 3690
3699 58 658
3499 89 1256
3600 80 4145
3598 78 5797
3700 49 365
3500 95 2732
3599 27 5428
3701 12 3000
3501 72 4903
3602 26 5393
3702 68 1580
3502 24 1625
3603 37 1467
3601 29 2217
3703 12 4841
3503 77 3845
3604 10 4382
3602 28 4282
3704 93 1262
3504 70 4617
3605 44 2386
3603 73 2985
3705 91 4182
3505 43 1746
3606 39 1079
3604 10 433
3706 93 4976
3506 36 1510
3607 60 4384
3605 90 2883
3707 46 5461
3507 58 4241
3608 47 4930
3606 75 4259
3708 83 1253
3508 83 2785
3609 55 3880
3607 58 2960
3709 18 436
3509 70 36
3610 89 1870
3608 19 3950
3710 71 1199
3510 19 1563
3611 51 2905
3609 33 5377
3711 68 5226
3511 55 1035
3612 27 2101
3610 98 741
3712 21 4685
3512 87 690
3613 58 1965
3611 34 1288
3713 81 5554
3513 79 5398
3614 73 1840
3612 15 1409
3714 34 5690
3514 70 3823
3615 11 391
3613 85 205
3715 62 1836
3515 11 4738
3616 39 1403
3614 53 3296
3716 76 3089
3516 40 4500
3617 41 5845
3615 56 2862
3717 74 328
3517 69 5663
3618 48 3429
3616 88 2613
3718 47 365
3518 47 2990
3619 18 2672
3617 31 625
3719 27 3857
3519 46 325
3620 51 4878
3618 72 4470
3720 50 2345
3520 94 5565
3621 66 5003
3619 49 5271
3721 43 5583
3521 52 3592
3622 51 1409
3620 50 2654
3722 86 3774
3522 71 3292
3623 68 5907
3621 70 4660
3723 83 2409
3523 48 3089
3624 65 2907
3622 25 924
3724 23 4855
3524 72 2827
3625 16 2832
3623 56 5776
3725 49 4357
3525 78 5078
3626 73 1195
3624 73 1890
3726 98 1009
3526 77 4350
3627 23 4552
3625 54 2025
3727 88 5099
3527 15 5640
3628 72 2109
3626 49 197
3728 91 3778
3528 22 3335
3629 64 828
3627 36 3916
3729 17 561
3529 38 4118
3630 35 3741
3628 59 1377
3730 14 4765
3530 32 3710
3631 80 4052
3629 63 1019
3731 51 3394
3531 60 647
3632 47 4835
3630 48 821
3732 67 3223
3532 11 4852
3633 77 1476
3631 12 3748
3733 24 1235
3533 48 5290
3634 67 357
3632 26 579
3734 61 277
3534 51 1105
3635 80 2955
3633 36 2723
3735 42 4687
3535 68 1466
3636 78 5103
3634 61 2363
3736 38 2089
3536 17 2137
3637 86 4652
3635 79 4155
3737 96 1608
3537 28 3174
3638 15 5470
3636 25 3870
3738 18 4997
3538 63 4206
3639 25 2035
3637 32 20
3739 33 2283
3539 52 1552
3640 24 4014
3638 26 2817
3740 94 5701
3540 35 5872
3641 66 3770
3639 44 243
3741 45 2526
3541 53 292
3642 10 496
3640 23 2138
3742 56 5229
3542 99 1416
3643 97 3749
3641 63 79
3743 13 1685
3543 71 4205
3644 33 612
3642 79 2475
3744 67 2862
3544 31 5919
3645 26 923
3643 88 2708
3745 80 2098
3545 15 5587
3646 83 3721
3644 41 5501
3746 20 2722
3546 26 3442
3647 34 1866
3645 58 1759
3747 75 4426
3547 82 4340
3648 11 3889
3646 14 3848
3748 86 2208
3548 12 2448
3649 26 284
3647 43 3493
3749 51 4531
3549 19 5035
3650 80 5737
3648 43 3679
3750 85 4553
3550 64 1648
3651 43 3864
3649 81 4872
3751 77 658
3551 63 210
3652 19 5227
3650 35 5045
3752 73 1935
3552 33 443
3653 95 5270
3651 27 2470
3753 59 602
3553 31 4381
3654 49 5475
3652 14 877
3754 24 4082
3554 67 2420
3655 10 216
3653 86 397
3755 33 3072
3555 69 4038
3656 95 1552
3654 88 2395
3756 37 1213
3556 59 5261
3657 56 2881
3655 61 3202
3757 15 3269
3557 85 2808
3658 91 4861
3656 86 3634
3758 64 3054
3558 22 2822
3659 82 1158
3657 13 3306
3759 87 3055
3559 42 2103
3660 14 5716
3658 52 790
3760 90 465
3560 89 2295
3661 66 2958
3659 24 5492
3761 84 2329
3561 64 1127
3662 23 1654
3660 14 1886
3762 76 103
3562 13 4557
3663 53 456
3661 92 4130
3763 89 2698
3563 100 5156
3664 98 1473
3662 81 26
3764 64 2384
3564 50 821
3665 96 2416
3663 20 3755
3765 61 2469
3565 18 1535
3666 37 1868
3664 49 4344
3766 58 792
3566 37 427
3667 61 551
3665 87 5563
3767 97 1140
3567 39 5109
3668 10 2745
3666 41 4326
3768 23 3956
3568 38 1223
3669 88 963
3667 90 1376
3769 73 5526
3569 46 4453
3670 13 3705
3668 89 477
3770 26 549
3570 18 3820
3671 19 1008
3669 75 5503
3771 82 2908
3571 67 4872
3672 25 264
3670 49 1271
3772 31 410
3572 34 3170
3673 27 3390
3671 100 5900
3773 81 322
3573 44 2603
3674 40 643
3672 41 4713
3774 48 5365
3574 93 2458
3675 34 1379
3673 52 467
3775 95 5517
3575 75 5389
3676 78 602
3674 40 4234
3776 84 801
3576 81 2428
3677 17 4496
3675 89 1641
3777 79 1361
3577 16 3789
3678 38 2223
3676 97 2870
3778 40 2345
3578 79 1046
3679 67 4375
3677 57 5857
3779 88 972
3579 68 4931
3680 74 1595
3678 25 5207
3780 10 5496
3580 92 2147
3681 65 3515
3679 81 1351
3781 18 5659
3581 24 4498
3682 85 5369
3680 51 4223
3782 12 2389
3582 68 5822
3683 27 3042
3681 92 1483
3783 39 1985
3583 25 4836
3684 42 3953
3682 68 2278
3784 14 5025
3584 91 3119
3685 36 4294
3683 32 1947
3785 33 911
3585 36 4985
3686 54 871
3684 45 4226
3786 46 2021
3586 65 2776
3687 74 1715
3685 13 4212
3787 12 2016
3587 51 1036
3688 21 1510
3686 74 3446
3788 19 1510
3588 68 4358
3689 83 3349
3687 83 4121
3789 59 885
3589 37 255
3690 23 493
3688 54 3913
3790 88 4035
3590 79 3300
3691 33 429
3689 11 1620
3791 68 3594
3591 67 2176
3692 66 2173
3690 11 5236
3792 38 2375
3592 100 2617
3693 56 263
3691 18 4782
3793 44 734
3593 54 1804
3694 56 4094
3692 53 2552
3794 39 3386
3594 78 4523
3695 37 4713
3693 20 4527
3795 29 3853
3595 17 2593
3696 10 544
3694 49 2801
3796 69 3575
3596 31 1392
3697 74 2492
3695 93 3078
3797 58 2900
3597 93 363
3698 64 436
3696 79 3489
3798 41 5291
3598 74 2818
3699 18 2933
3697 57 359
3799 89 732
3599 39 673
3700 26 2024
3698 39 5074
3800 79 1227
3600 40 1357
3699 49 2959
3801 76 3111
3601 41 2932
3702 71 735
3802 79 348
3602 27 3683
3703 53 4603
3701 75 1577
3803 58 3005
3603 41 205
3704 84 995
3702 25 1805
3804 36 1760
3604 56 5032
3705 86 3969
3703 93 2589
3805 94 561
3605 85 4348
3706 68 1099
3704 61 5572
3806 27 2503
3606 49 3535
3707 51 1568
3705 33 3001
3807 80 2399
3607 24 107
3708 49 4288
3706 44 4733
3808 62 3307
3608 45 4219
3709 30 5411
3707 52 1330
3809 44 3529
3609 82 4259
3710 97 731
3708 92 1309
3810 55 4295
3610 11 4505
3711 57 5939
3709 24 1127
3811 12 4958
3611 13 701
3712 95 891
3710 65 3406
3812 10 3344
3612 97 3250
3713 46 4975
3711 29 3913
3813 24 3577
3613 44 2397
3714 27 2721
3712 25 1156
3814 37 733
3614 100 5557
3715 71 5635
3713 32 3845
3815 43 2798
3615 87 3311
3716 59 892
3714 24 4307
3816 90 3361
3616 33 2273
3717 88 1034
3715 38 1773
3817 75 501
3617 64 5483
3718 20 2691
3716 37 1068
3818 25 2859
3618 59 4457
3719 93 36
3717 42 3198
3819 15 2971
3619 86 3382
3720 55 1895
3718 75 4916
3820 71 941
3620 42 5405
3721 87 1180
3719 15 5545
3821 22 3689
3621 31 4619
3722 36 2792
3720 48 1447
3822 38 5596
3622 53 1013
3723 42 991
3721 81 1546
3823 34 161
3623 65 2960
3724 88 363
3722 99 5763
3824 64 1701
3624 90 3101
3725 96 3897
3723 90 4728
3825 46 2052
3625 71 4789
3726 59 1008
3724 68 1585
3826 88 4180
3626 48 1266
3727 44 3322
3725 61 4090
3827 25 924
3627 57 2969
3728 16 5527
3726 54 4757
3828 34 1173
3628 45 3681
3729 47 3047
3727 63 2534
3829 39 3967
3629 32 5068
3730 61 4615
3728 55 5251
3830 54 1547
3630 74 3980
3731 51 5764
3729 60 3466
3831 61 3357
3631 68 1287
3732 77 2696
3730 43 5082
3832 21 2884
3632 44 4477
3733 24 3415
3731 67 4713
3833 76 4567
3633 74 1229
3734 33 1066
3732 36 4093
3834 89 3792
3634 92 3299
3735 38 1277
3733 26 2719
3835 78 5370
3635 31 1361
3736 60 4528
3734 40 1754
3836 97 3264
3636 31 2519
3737 29 1286
3735 50 1165
3837 58 3345
3637 56 3636
3738 75 1916
3736 82 2310
3838 17 4573
3638 35 2696
3739 44 4409
3737 43 5619
3839 29 5461
3639 92 2846
3740 57 2045
3738 43 688
3840 39 2010
3640 29 5148
3741 42 4835
3739 72 1208
3841 68 5669
3641 76 318
3742 31 2218
3740 28 2370
3842 16 3745
3642 64 3736
3743 15 2625
3741 55 5596
3843 44 2839
3643 76 5072
3744 63 5089
3742 17 4769
3844 55 4113
3644 99 2721
3745 50 611
3743 100 587
3845 92 3656
3645 73 4873
3746 81 1824
3744 100 3939
3846 95 3671
3646 62 2673
3747 90 4758
3745 83 4979
3847 70 4107
3647 54 5839
3748 45 2051
3746 26 5628
3848 27 5862
3648 29 2298
3749 58 5298
3747 85 5529
3849 83 1035
3649 76 2818
3750 15 3000
3748 70 735
3850 48 3685
3650 76 510
3751 62 1218
3749 69 4888
3851 96 4371
3651 40 5166
3752 92 4205
3750 85 5627
3852 20 3844
3652 72 123
3753 82 3828
3751 35 4572
3853 65 2225
3653 54 218
3754 65 5897
3752 89 1792
3854 61 1651
3654 54 1313
3755 46 802
3753 13 5436
3855 48 3324
3655 24 3601
3756 25 5187
3754 53 1337
3856 38 5425
3656 95 75
3757 42 1839
3755 11 5743
3857 72 790
3657 27 4867
3758 64 2280
3756 23 4362
3858 20 1804
3658 61 5916
3759 18 1051
3757 27 4066
3859 36 3994
3659 61 3337
3760 67 3975
3758 16 5375
3860 60 4909
3660 82 3481
3761 59 2952
3759 67 1660
3861 14 98
3661 80 2125
3762 17 2192
3760 19 458
3862 32 2292
3662 84 4082
3763 84 1538
3761 100 3262
3863 59 2442
3663 34 4705
3764 42 966
3762 19 2382
3864 11 559
3664 85 2731
3765 16 4543
3763 76 3056
3865 86 1002
3665 54 1329
3766 86 5929
3764 15 1392
3866 88 5741
3666 21 5486
3767 32 5442
3765 11 5862
3867 77 3932
3667 11 2978
3768 57 1519
3766 15 4784
3868 53 5277
3668 80 705
3769 62 4646
3767 17 3883
3869 14 3673
3669 44 1759
3770 82 1939
3768 41 3422
3870 40 4226
3670 17 2121
3771 79 1982
3769 43 4628
3871 51 1280
3671 15 502
3772 71 5394
3770 14 2036
3872 12 3989
3672 94 230
3773 91 1831
3771 35 700
3873 50 3569
3673 53 4133
3774 38 5232
3772 99 68
3874 60 3819
3674 74 1054
3775 89 539
3773 96 192
3875 49 3961
3675 57 4285
3776 49 2762
3774 28 2293
3876 99 383
3676 11 1529
3777 27 3463
3775 65 1073
3877 93 4946
3677 78 360
3778 75 5660
3776 18 4432
3878 29 4070
3678 36 3807
3779 93 3098
3777 82 621
3879 63 5350
3679 23 214
3780 88 3190
3778 19 4571
3880 41 1345
3680 68 3764
3781 92 1741
3779 88 4166
3881 55 5033
3681 57 4501
3782 25 2910
3780 49 742
3882 25 258
3682 13 2471
3783 31 4152
3781 57 2664
3883 69 1119
3683 64 5548
3784 93 2169
3782 64 1649
3884 67 5305
3684 90 3915
3785 50 1100
3783 56 1633
3885 94 4024
3685 45 972
3786 22 5545
3784 53 4963
3886 93 2966
3686 75 4405
3787 49 3054
3785 38 1504
3887 45 36
3687 10 4111
3788 24 5112
3786 62 4414
3888 35 4515
3688 87 3102
3789 84 1454
3787 46 154
3889 63 5246
3689 69 3383
3790 96 300
3788 83 1717
3890 64 1440
3690 18 1071
3791 45 1866
3789 76 3837
3891 42 4978
3691 27 4857
3792 83 5563
3790 89 2356
3892 36 1948
3692 47 3599
3793 70 966
3791 68 3220
3893 27 4199
3693 59 2933
3794 95 660
3792 25 734
3894 90 5329
3694 21 4098
3795 16 1765
3793 23 831
3895 86 5418
3695 23 1110
3796 21 5129
3794 79 3989
3896 61 944
3696 42 3770
3797 79 5159
3795 47 3328
3897 82 2829
3697 92 722
3798 59 3731
3796 48 2679
3898 52 5047
3698 76 2675
3799 84 3862
3797 74 1702
3899 70 3144
3699 78 3115
3800 33 3215
3798 51 1973
3900 58 1914
3700 44 3991
3799 84 3346
3901 84 5615
3701 13 3666
3802 87 724
3902 46 2841
3702 74 818
3803 65 3089
3801 93 3739
3903 30 4708
3703 82 2369
3804 83 5380
3802 71 395
3904 59 1533
3704 19 197
3805 51 5694
3803 76 3176
3905 79 137
3705 98 1161
3806 45 3678
3804 67 4241
3906 72 2769
3706 48 2972
3807 26 4576
3805 98 3831
3907 43 4898
3707 54 5086
3808 93 2599
3806 84 2529
3908 73 692
3708 87 4727
3809 38 5714
3807 92 2736
3909 61 2640
3709 36 5197
3810 81 1881
3808 25 4020
3910 20 2199
3710 42 3009
3811 96 281
3809 49 3875
3911 46 5683
3711 99 4089
3812 83 969
3810 83 748
3912 59 5260
3712 89 5936
3813 58 4170
3811 54 902
3913 61 2783
3713 53 5092
3814 36 716
3812 43 5253
3914 26 2508
3714 70 1451
3815 81 3351
3813 54 5315
3915 46 3386
3715 91 4668
3816 20 5547
3814 35 5315
3916 55 2884
3716 91 1688
3817 39 5364
3815 59 4450
3917 60 1487
3717 62 56
3818 53 5018
3816 53 1040
3918 37 2128
3718 74 846
3819 80 4253
3817 99 1001
3919 51 3140
3719 84 5806
3820 44 96
3818 86 1219
3920 66 1033
3720 78 4500
3821 60 3720
3819 84 4231
3921 56 2389
3721 40 2512
3822 34 5708
3820 67 1028
3922 21 4641
3722 10 2565
3823 83 3915
3821 93 3210
3923 17 3211
3723 67 2036
3824 37 1994
3822 34 3271
3924 46 2829
3724 74 2808
3825 21 429
3823 35 988
3925 37 3204
3725 42 3546
3826 60 4560
3824 24 5933
3926 81 4949
3726 51 3196
3827 26 4189
3825 13 2906
3927 26 3745
3727 17 5021
3828 13 4528
3826 59 2686
3928 98 4559
3728 92 3401
3829 47 5532
3827 60 4176
3929 78 5174
3729 86 725
3830 15 4747
3828 84 3794
3930 23 1459
3730 81 5753
3831 82 4573
3829 32 1259
3931 86 972
3731 94 2597
3832 26 2097
3830 11 1857
3932 31 2438
3732 68 656
3833 53 2905
3831 79 5826
3933 85 4131
3733 50 3138
3834 87 5477
3832 29 1348
3934 75 5158
3734 98 2008
3835 94 2498
3833 25 3874
3935 48 2760
3735 93 3152
3836 14 4438
3834 30 2024
3936 47 4422
3736 45 720
3837 32 4875
3835 21 3966
3937 53 2921
3737 92 1057
3838 15 314
3836 84 5754
3938 66 1655
3738 81 3381
3839 68 2584
3837 65 3624
3939 13 2965
3739 33 5861
3840 58 1182
3838 92 1974
3940 73 4537
3740 49 3507
3841 12 5190
3839 74 501
3941 99 537
3741 80 2072
3842 16 2014
3840 42 2249
3942 92 3263
3742 79 911
3843 100 435
3841 67 2092
3943 45 2946
3743 85 1142
3844 51 2052
3842 10 139
3944 52 1265
3744 78 1474
3845 40 1876
3843 46 671
3945 39 5305
3745 82 2274
3846 80 13
3844 79 2204
3946 81 4760
3746 67 5348
3847 22 3739
3845 79 1302
3947 46 5844
3747 79 3355
3848 71 4028
3846 11 718
3948 23 5733
3748 98 4857
3849 100 4986
3847 83 675
3949 22 2186
3749 47 860
3850 88 607
3848 68 5758
3950 11 5763
3750 73 694
3851 94 1943
3849 11 4390
3951 28 2623
3751 11 3196
3852 51 2179
3850 62 3519
3952 62 432
3752 24 768
3853 64 3434
3851 23 2470
3953 91 2348
3753 87 5438
3854 52 3224
3852 49 3896
3954 29 5145
3754 79 1870
3855 56 228
3853 84 2439
3955 66 871
3755 83 4785
3856 65 3174
3854 85 432
3956 62 4490
3756 50 5830
3857 60 3185
3855 55 2510
3957 34 5705
3757 52 4053
3858 83 339
3856 62 3662
3958 75 1440
3758 33 2402
3859 16 137
3857 19 1829
3959 62 29
3759 26 70
3860 86 28
3858 20 650
3960 43 1310
3760 36 840
3861 26 871
3859 79 3576
3961 58 1296
3761 93 762
3862 82 3118
3860 49 1045
3962 69 1634
3762 68 1209
3863 73 3459
3861 13 1876
3963 48 2351
3763 35 5368
3864 74 1402
3862 90 3301
3964 29 513
3764 97 3386
3865 90 2454
3863 62 77
3965 33 3352
3765 44 4559
3866 85 2257
3864 64 3072
3966 95 1954
3766 49 1525
3867 96 2212
3865 57 3340
3967 88 2610
3767 31 1157
3868 95 493
3866 55 4165
3968 87 755
3768 81 5485
3869 83 116
3867 92 3767
3969 69 2282
3769 87 3998
3870 65 1271
3868 39 2950
3970 82 2700
3770 39 5282
3871 33 1049
3869 88 5721
3971 44 2231
3771 99 1625
3872 83 2254
3870 33 4741
3972 51 3233
3772 26 5237
3873 32 3717
3871 56 1585
3973 92 2138
3773 70 5604
3874 12 4951
3872 89 3588
3974 43 4138
3774 88 2719
3875 93 5588
3873 66 588
3975 55 5687
3775 73 3603
3876 50 4972
3874 74 4919
3976 18 1481
3776 71 1183
3877 89 1382
3875 71 3808
3977 57 2164
3777 35 2903
3878 43 2734
3876 96 3934
3978 17 158
3778 46 1277
3879 36 4281
3877 62 4544
3979 32 1731
3779 53 3051
3880 39 3541
3878 26 2440
3980 21 2400
3780 100 755
3881 62 4800
3879 87 4373
3981 87 952
3781 43 2774
3882 62 2541
3880 12 608
3982 46 2062
3782 35 3617
3883 44 2883
3881 97 2399
3983 60 1426
3783 46 5681
3884 52 822
3882 77 3716
3984 88 2339
3784 10 1286
3885 100 1767
3883 47 3684
3985 71 359
3785 91 5305
3886 89 1176
3884 20 5170
3986 15 3760
3786 52 607
3887 10 5633
3885 17 2230
3987 63 4917
3787 50 5131
3888 81 1265
3886 90 3911
3988 97 4271
3788 97 911
3889 43 5853
3887 64 2136
3989 22 208
3789 66 1938
3890 42 1830
3888 53 2853
3990 62 319
3790 18 2758
3891 34 3968
3889 75 480
3991 75 3777
3791 46 244
3892 92 3877
3890 97 3418
3992 90 2912
3792 50 1750
3893 73 3329
3891 99 4155
3993 99 758
3793 92 2636
3894 30 3907
3892 83 3476
3994 69 2501
3794 87 553
3895 99 4351
3893 79 5728
3995 31 4992
3795 29 5851
3896 60 4436
3894 43 4613
3996 66 1871
3796 91 4444
3897 36 1465
3895 73 731
3997 23 2541
3797 99 21
3898 43 4123
3896 96 5806
3998 23 1644
3798 28 4297
3899 33 322
3897 26 4691
3999 61 2578
3799 44 2061
3900 73 2480
3898 93 2988
4000 19 4053
3800 79 619
3899 59 3467
4001 61 230
3801 71 5710
3902 55 4399
4002 56 3304
3802 13 5806
3903 82 345
3901 74 5314
4003 99 1175
3803 42 4503
3904 73 5164
3902 82 3029
4004 45 467
3804 35 4408
3905 49 5400
3903 90 4571
4005 60 1126
3805 99 5538
3906 81 5833
3904 38 55
4006 69 1059
3806 93 2575
3907 25 446
3905 41 1052
4007 47 4377
3807 70 5695
3908 10 3052
3906 74 982
4008 36 855
3808 80 5181
3909 85 2736
3907 99 186
4009 38 5862
3809 75 5240
3910 29 3823
3908 56 949
4010 36 1583
3810 22 3950
3911 96 574
3909 68 3363
4011 14 2293
3811 26 1851
3912 13 4041
3910 54 940
4012 93 4866
3812 23 2510
3913 63 2229
3911 14 5223
4013 21 4688
3813 29 905
3914 42 4957
3912 64 2708
4014 80 187
3814 98 5930
3915 26 1552
3913 24 2643
4015 25 569
3815 96 5313
3916 13 3684
3914 74 2528
4016 69 5524
3816 67 4244
3917 80 1634
3915 41 5577
4017 95 575
3817 21 2788
3918 16 4325
3916 45 4258
4018 98 1290
3818 46 1895
3919 66 1135
3917 76 1039
4019 56 2391
3819 88 2150
3920 39 4776
3918 65 4742
4020 36 2646
3820 26 1695
3921 42 5658
3919 60 4462
4021 47 627
3821 24 4176
3922 16 5576
3920 25 2240
4022 25 1782
3822 52 3466
3923 94 1719
3921 58 5769
4023 50 1084
3823 42 2580
3924 21 1313
3922 86 4083
4024 58 5232
3824 85 1576
3925 48 4807
3923 72 2292
4025 51 5732
3825 40 1057
3926 52 656
3924 78 1641
4026 75 2714
3826 22 3437
3927 84 4271
3925 24 1781
4027 23 5022
3827 51 154
3928 100 5117
3926 30 2054
4028 88 1410
3828 68 3785
3929 44 1149
3927 85 3992
4029 46 2255
3829 32 4787
3930 55 3581
3928 66 17
4030 21 1103
3830 32 2485
3931 71 134
3929 94 694
4031 50 60
3831 92 1686
3932 14 3669
3930 81 4964
4032 41 1370
3832 85 4467
3933 70 3108
3931 99 1993
4033 39 2275
3833 92 2015
3934 41 5144
3932 73 2612
4034 84 5931
3834 56 1403
3935 48 2190
3933 43 5331
4035 41 198
3835 25 3782
3936 45 3354
3934 72 4614
4036 57 3408
3836 65 3622
3937 93 5861
3935 59 3097
4037 54 2577
3837 36 495
3938 43 5442
3936 72 2581
4038 62 5161
3838 51 2297
3939 75 4532
3937 84 4619
4039 95 2882
3839 80 2543
3940 29 1967
3938 26 3842
4040 55 2701
3840 57 4964
3941 53 2772
3939 88 2880
4041 57 4245
3841 61 4309
3942 33 1525
3940 99 5020
4042 89 622
3842 40 1121
3943 97 1447
3941 57 4471
4043 22 4519
3843 51 4174
3944 65 2458
3942 86 2817
4044 71 461
3844 19 5136
3945 14 1356
3943 53 2972
4045 63 1608
3845 45 3228
3946 41 1318
3944 100 480
4046 87 3446
3846 63 1091
3947 62 406
3945 66 4981
4047 71 22
3847 68 823
3948 87 2633
3946 19 3871
4048 28 2967
3848 38 4348
3949 13 2695
3947 98 1796
4049 97 5169
3849 85 5361
3950 84 5131
3948 80 3288
4050 37 765
3850 73 598
3951 75 840
3949 73 1485
4051 95 4486
3851 70 4985
3952 36 5682
3950 14 5164
4052 25 5896
3852 81 923
3953 52 2930
3951 25 2206
4053 92 2309
3853 84 5134
3954 67 4529
3952 100 3919
4054 35 2344
3854 12 4456
3955 30 1939
3953 96 1170
4055 47 195
3855 86 2595
3956 72 598
3954 28 513
4056 28 2059
3856 88 3867
3957 69 5299
3955 18 1505
4057 13 610
3857 62 3687
3958 18 178
3956 50 2186
4058 95 989
3858 58 287
3959 82 4731
3957 23 3799
4059 73 3951
3859 41 460
3960 85 438
3958 57 3608
4060 15 3825
3860 32 431
3961 94 2094
3959 19 2323
4061 89 1988
3861 72 5933
3962 88 4725
3960 17 3576
4062 63 1585
3862 46 244
3963 61 1103
3961 97 1303
4063 52 148
3863 42 1497
3964 25 22
3962 82 4
4064 28 4978
3864 32 5508
3965 11 3350
3963 71 4946
4065 63 1544
3865 100 5781
3966 36 3329
3964 84 5219
4066 46 285
3866 87 3351
3967 41 669
3965 87 1655
4067 47 4331
3867 72 2453
3968 23 5206
3966 87 296
4068 70 2309
3868 39 1879
3969 24 4781
3967 47 3779
4069 70 1288
3869 37 3120
3970 33 3200
3968 64 1410
4070 89 354
3870 40 3462
3971 65 206
3969 98 1237
4071 17 4120
3871 89 185
3972 44 2325
3970 32 2144
4072 19 2691
3872 46 2699
3973 37 3208
3971 31 3804
4073 12 3119
3873 90 1087
3974 80 311
3972 50 5686
4074 85 1805
3874 80 3419
3975 13 5010
3973 70 2518
4075 60 3469
3875 31 192
3976 98 1946
3974 19 3623
4076 89 3144
3876 27 3095
3977 39 4089
3975 60 4990
4077 56 2254
3877 69 3464
3978 60 2323
3976 68 3939
4078 17 138
3878 84 3693
3979 13 4493
3977 86 4063
4079 22 154
3879 90 1364
3980 50 2728
3978 81 2807
4080 28 4874
3880 40 867
3981 97 5324
3979 23 5199
4081 30 3795
3881 50 1873
3982 58 346
3980 86 5387
4082 35 4443
3882 76 1102
3983 92 1312
3981 53 2077
4083 10 625
3883 21 1102
3984 16 3410
3982 78 323
4084 37 5356
3884 32 4580
3985 17 243
3983 88 757
4085 22 2197
3885 23 4293
3986 79 2721
3984 32 4913
4086 42 3222
3886 89 2096
3987 71 5332
3985 29 1538
4087 39 2789
3887 94 1753
3988 76 595
3986 52 2369
4088 93 783
3888 25 4270
3989 16 5812
3987 11 5920
4089 55 1539
3889 100 2357
3990 43 4989
3988 48 1409
4090 99 3507
3890 100 5429
3991 43 2785
3989 60 875
4091 37 440
3891 37 1674
3992 30 5899
3990 78 3046
4092 50 2040
3892 97 125
3993 72 4773
3991 23 1263
4093 80 5135
3893 10 1326
3994 17 2487
3992 39 1789
4094 57 4234
3894 69 2962
3995 29 1221
3993 53 4344
4095 76 913
3895 29 2353
3996 82 2933
3994 70 1363
4096 77 3640
3896 20 3525
3997 56 3196
3995 23 5274
4097 17 318
3897 12 5861
3998 30 2615
3996 41 2398
4098 33 2030
3898 46 5210
3999 44 3739
3997 55 2272
4099 28 3613
3899 87 133
4000 26 434
3998 20 1784
4100 99 3683
3900 18 1606
3999 72 1058
4101 73 4715
3901 23 5055
4002 68 1338
4102 29 3055
3902 100 2944
4003 37 207
4001 57 552
4103 32 4445
3903 78 1225
4004 85 2337
4002 25 3186
4104 40 1989
3904 61 2813
4005 81 2202
4003 79 2289
4105 47 376
3905 100 1409
4006 48 1347
4004 97 5920
4106 27 4363
3906 61 263
4007 15 775
4005 89 2061
4107 11 4794
3907 72 57
4008 30 2512
4006 37 2707
4108 69 5000
3908 16 4284
4009 26 5738
4007 95 3325
4109 52 2886
3909 22 2884
4010 61 3779
4008 94 4529
4110 41 2788
3910 37 2147
4011 59 1963
4009 66 1684
4111 30 460
3911 59 951
4012 86 2027
4010 38 1288
4112 87 32
3912 17 5523
4013 41 2515
4011 64 346
4113 27 4701
3913 68 1395
4014 22 4750
4012 57 5625
4114 58 3970
3914 81 2781
4015 63 4559
4013 13 816
4115 66 540
3915 79 1581
4016 82 3461
4014 55 809
4116 55 1245
3916 90 3897
4017 22 1075
4015 98 2806
4117 74 119
3917 10 5607
4018 98 3309
4016 52 5426
4118 27 3877
3918 59 3070
4019 56 5703
4017 77 1415
4119 82 3222
3919 55 3669
4020 56 4495
4018 72 781
4120 66 3726
3920 91 303
4021 62 2703
4019 55 5366
4121 70 2273
3921 79 5216
4022 43 2111
4020 62 1963
4122 88 681
3922 70 5424
4023 65 5525
4021 42 2688
4123 78 1267
3923 42 95
4024 59 3852
4022 77 515
4124 25 3962
3924 83 1668
4025 87 709
4023 65 4355
4125 41 2505
3925 92 4753
4026 13 4496
4024 23 1991
4126 70 3768
3926 96 4215
4027 97 5075
4025 62 134
4127 72 5231
3927 87 5502
4028 42 4037
4026 36 647
4128 11 1164
3928 55 3035
4029 39 5347
4027 89 1282
4129 32 3887
3929 75 1079
4030 53 4677
4028 88 4677
4130 28 4901
3930 15 5892
4031 75 5115
4029 98 2061
4131 38 1114
3931 100 119
4032 52 5115
4030 92 258
4132 67 4366
3932 76 4654
4033 68 2923
4031 29 779
4133 13 5576
3933 17 1113
4034 19 510
4032 28 5163
4134 20 4177
3934 97 1386
4035 60 110
4033 77 4676
4135 22 4536
3935 91 4023
4036 53 5065
4034 48 3417
4136 47 4350
3936 64 4656
4037 57 4633
4035 26 3296
4137 17 3907
3937 84 5937
4038 44 1938
4036 45 565
4138 20 3066
3938 10 275
4039 32 2735
4037 61 269
4139 25 1698
3939 37 5351
4040 38 2291
4038 11 2790
4140 72 109
3940 57 2700
4041 75 5357
4039 49 5379
4141 22 363
3941 27 5102
4042 10 1454
4040 99 1646
4142 70 4059
3942 52 1565
4043 63 3137
4041 53 640
4143 41 1457
3943 39 4667
4044 85 4860
4042 61 5566
4144 43 2339
3944 64 2035
4045 87 3529
4043 47 1556
4145 29 3540
3945 93 3917
4046 96 4064
4044 91 1402
4146 24 3138
3946 96 938
4047 62 1990
4045 90 3758
4147 97 2106
3947 95 5525
4048 82 2168
4046 43 2485
4148 66 1081
3948 50 4437
4049 50 5401
4047 22 3401
4149 96 5128
3949 82 4279
4050 35 236
4048 58 3525
4150 75 756
3950 29 4799
4051 99 3450
4049 99 2426
4151 87 4278
3951 26 2466
4052 96 5171
4050 74 2406
4152 80 5748
3952 48 1011
4053 52 4937
4051 76 4744
4153 93 1340
3953 52 211
4054 68 5909
4052 82 2997
4154 43 3957
3954 34 79
4055 91 3511
4053 51 5642
4155 96 5577
3955 10 275
4056 90 5215
4054 69 861
4156 17 2072
3956 19 118
4057 37 3235
4055 13 1830
4157 56 5279
3957 11 3834
4058 20 3800
4056 20 2476
4158 81 4006
3958 34 2520
4059 15 2248
4057 17 2421
4159 48 2724
3959 88 2917
4060 53 4940
4058 55 619
4160 70 5303
3960 61 1995
4061 88 911
4059 50 2452
4161 82 2035
3961 99 4896
4062 48 956
4060 36 3447
4162 95 1311
3962 61 307
4063 41 1640
4061 77 2620
4163 20 5062
3963 48 1583
4064 37 4817
4062 96 5788
4164 32 1756
3964 82 1323
4065 25 5414
4063 15 674
4165 70 2785
3965 99 2456
4066 14 1284
4064 92 1625
4166 72 5908
3966 41 10
4067 61 5082
4065 77 736
4167 41 5843
3967 48 3359
4068 90 4722
4066 32 3320
4168 77 4292
3968 51 1288
4069 61 4806
4067 89 3659
4169 36 679
3969 80 389
4070 91 5496
4068 33 2678
4170 88 3315
3970 13 3286
4071 14 5482
4069 60 5855
4171 59 5778
3971 96 2346
4072 62 406
4070 46 5549
4172 71 1393
3972 87 309
4073 71 4568
4071 74 348
4173 64 3328
3973 84 3811
4074 76 5906
4072 75 5725
4174 37 3517
3974 81 2043
4075 65 902
4073 88 4362
4175 82 1863
3975 97 1748
4076 16 3293
4074 57 4425
4176 55 5879
3976 19 4886
4077 44 394
4075 15 430
4177 81 1331
3977 96 5918
4078 17 5476
4076 78 2486
4178 13 1262
3978 12 4802
4079 95 5009
4077 17 4243
4179 67 5006
3979 20 3299
4080 57 2670
4078 11 3650
4180 93 4212
3980 64 5933
4081 46 1174
4079 67 2443
4181 59 1434
3981 76 3779
4082 27 1569
4080 58 3819
4182 78 685
3982 42 2300
4083 88 308
4081 18 2394
4183 17 4286
3983 70 3065
4084 31 4356
4082 73 4998
4184 14 2139
3984 58 2364
4085 85 1046
4083 100 4921
4185 61 4638
3985 96 5765
4086 39 758
4084 86 3427
4186 79 2915
3986 50 4894
4087 73 402
4085 90 4627
4187 99 5679
3987 84 1532
4088 16 1654
4086 85 1069
4188 21 3076
3988 11 2945
4089 51 3474
4087 82 2655
4189 16 2085
3989 55 1371
4090 52 582
4088 63 3873
4190 30 3992
3990 35 2874
4091 43 1498
4089 11 5290
4191 37 3378
3991 20 5847
4092 40 2360
4090 62 920
4192 16 4094
3992 69 5460
4093 26 3995
4091 14 4853
4193 48 2390
3993 12 2989
4094 97 2347
4092 37 3365
4194 89 5043
3994 88 3782
4095 22 5282
4093 52 3080
4195 28 1544
3995 85 919
4096 34 4299
4094 39 997
4196 95 2819
3996 29 5652
4097 29 2738
4095 83 3731
4197 33 2305
3997 67 4076
4098 75 5054
4096 57 567
4198 51 3519
3998 62 2914
4099 39 3330
4097 61 3194
4199 10 2826
3999 27 119
4100 32 2498
4098 24 4862
4200 18 1671
4000 55 2239
4099 24 875
4201 37 3005
4001 36 5677
4102 22 4157
4202 47 2268
4002 47 3396
4103 36 4750
4101 65 725
4203 68 5051
4003 38 4596
4104 68 5214
4102 31 501
4204 56 1232
4004 21 4947
4105 30 3001
4103 38 3773
4205 46 2739
4005 96 2100
4106 85 5843
4104 69 3073
4206 55 394
4006 68 5227
4107 52 5162
4105 31 1459
4207 56 5497
4007 83 3483
4108 13 1224
4106 29 1509
4208 75 5611
4008 54 4292
4109 42 3768
4107 14 1801
4209 73 5481
4009 18 2101
4110 51 925
4108 50 522
4210 96 5440
4010 77 1000
4111 55 5115
4109 87 757
4211 22 4500
4011 68 5226
4112 73 454
4110 75 2137
4212 45 5234
4012 59 3381
4113 100 1728
4111 68 1386
4213 47 4523
4013 10 102
4114 25 439
4112 55 2880
4214 15 5605
4014 98 2555
4115 92 40
4113 98 2015
4215 36 1611
4015 73 2143
4116 68 5452
4114 81 2568
4216 84 3455
4016 47 3061
4117 55 5161
4115 18 655
4217 60 3955
4017 94 5780
4118 74 3304
4116 16 2712
4218 88 4645
4018 17 5534
4119 41 2531
4117 66 605
4219 80 401
4019 21 1863
4120 24 69
4118 81 3608
4220 96 3725
4020 74 2416
4121 64 3082
4119 100 3366
4221 99 1918
4021 74 2794
4122 22 976
4120 52 2849
4222 93 115
4022 98 1293
4123 60 1769
4121 15 677
4223 26 3201
4023 38 2413
4124 41 945
4122 99 4608
4224 60 5800
4024 44 3712
4125 21 4777
4123 20 1643
4225 78 1648
4025 91 1501
4126 19 2171
4124 69 1257
4226 49 2278
4026 78 4650
4127 57 3827
4125 79 4046
4227 64 1751
4027 24 1796
4128 84 3851
4126 18 5020
4228 65 5075
4028 14 4138
4129 32 2457
4127 100 4352
4229 41 4927
4029 45 3647
4130 21 2148
4128 71 4107
4230 55 5671
4030 12 3707
4131 62 5395
4129 79 5148
4231 15 3588
4031 76 446
4132 28 3102
4130 52 4591
4232 14 5429
4032 22 4952
4133 86 389
4131 68 3553
4233 38 3123
4033 39 3525
4134 71 1848
4132 99 1866
4234 94 1130
4034 96 3054
4135 94 4630
4133 34 1580
4235 40 4972
4035 70 202
4136 81 3771
4134 98 127
4236 52 2912
4036 72 2807
4137 25 2365
4135 25 1407
4237 49 1709
4037 54 4700
4138 67 611
4136 26 2901
4238 15 1088
4038 31 2899
4139 31 2281
4137 65 2114
4239 11 2268
4039 23 2350
4140 45 5041
4138 61 1640
4240 35 273
4040 16 4069
4141 34 2772
4139 54 2516
4241 67 2256
4041 59 2252
4142 56 4109
4140 39 2034
4242 10 3617
4042 69 152
4143 15 264
4141 44 4317
4243 88 5233
4043 85 4587
4144 61 1570
4142 43 3494
4244 71 1644
4044 12 881
4145 11 1833
4143 47 3487
4245 96 5236
4045 92 5582
4146 59 1615
4144 27 4432
4246 50 3419
4046 52 1956
4147 69 1729
4145 28 803
4247 71 3989
4047 64 163
4148 32 642
4146 18 2617
4248 83 2884
4048 20 5759
4149 99 3482
4147 71 4914
4249 39 5254
4049 94 1722
4150 95 2329
4148 50 2098
4250 42 4110
4050 91 1901
4151 21 1297
4149 26 43
4251 36 2372
4051 30 5442
4152 41 313
4150 43 5210
4252 78 1433
4052 24 3828
4153 57 1413
4151 92 2232
4253 47 4523
4053 77 2299
4154 59 5242
4152 38 1508
4254 42 5350
4054 63 5636
4155 15 4515
4153 21 4084
4255 88 5736
4055 95 505
4156 65 204
4154 73 1404
4256 97 3810
4056 62 48
4157 94 366
4155 21 3892
4257 96 1022
4057 85 4155
4158 27 183
4156 31 4338
4258 55 4149
4058 68 2461
4159 60 333
4157 58 1257
4259 11 5404
4059 35 4621
4160 97 1628
4158 50 4127
4260 44 4648
4060 25 848
4161 35 4777
4159 91 3169
4261 38 2578
4061 74 4014
4162 72 2601
4160 47 5936
4262 33 1277
4062 81 957
4163 14 862
4161 76 749
4263 18 5125
4063 49 5115
4164 33 2499
4162 29 4806
4264 66 1739
4064 95 2848
4165 13 5411
4163 69 3935
4265 96 5575
4065 41 5329
4166 29 5888
4164 39 4155
4266 70 4983
4066 97 1692
4167 39 1215
4165 53 1991
4267 18 306
4067 58 631
4168 81 3946
4166 58 5773
4268 45 751
4068 55 1092
4169 87 1370
4167 66 457
4269 55 1839
4069 57 2556
4170 57 4132
4168 29 4880
4270 33 3092
4070 28 3508
4171 93 5231
4169 49 362
4271 52 219
4071 72 2160
4172 67 4383
4170 29 2533
4272 35 1831
4072 29 1706
4173 69 3253
4171 15 4700
4273 45 1611
4073 62 3527
4174 55 158
4172 21 529
4274 13 2053
4074 59 3958
4175 94 152
4173 35 29
4275 88 5799
4075 53 1165
4176 42 2117
4174 90 4194
4276 13 3448
4076 22 1118
4177 76 2492
4175 96 4383
4277 36 1239
4077 27 1348
4178 98 3138
4176 60 1212
4278 49 3759
4078 49 3641
4179 39 4396
4177 98 1454
4279 80 4075
4079 62 774
4180 66 3141
4178 84 1236
4280 59 3752
4080 99 4532
4181 22 2912
4179 59 2283
4281 22 102
4081 81 3662
4182 14 2004
4180 34 146
4282 56 2123
4082 52 1801
4183 48 27
4181 35 3226
4283 98 3426
4083 59 3236
4184 94 358
4182 79 4000
4284 37 620
4084 22 1143
4185 12 1063
4183 92 4439
4285 63 3315
4085 86 3489
4186 58 88
4184 43 1572
4286 89 2992
4086 17 1989
4187 100 3118
4185 60 1619
4287 48 2104
4087 67 1512
4188 82 855
4186 98 3902
4288 47 4496
4088 62 422
4189 43 588
4187 52 1164
4289 72 5577
4089 20 4684
4190 37 1120
4188 34 695
4290 16 2160
4090 45 1538
4191 50 5879
4189 36 4346
4291 17 4142
4091 24 5148
4192 99 906
4190 23 3300
4292 98 853
4092 88 5856
4193 19 5334
4191 62 2830
4293 58 985
4093 97 4866
4194 49 4788
4192 42 2551
4294 85 5216
4094 29 2032
4195 64 4401
4193 57 720
4295 11 3100
4095 46 1715
4196 16 108
4194 53 3158
4296 32 5060
4096 89 4862
4197 93 516
4195 10 814
4297 48 2933
4097 93 3317
4198 81 360
4196 78 955
4298 33 83
4098 86 1305
4199 42 2730
4197 70 2688
4299 47 3465
4099 33 1962
4200 75 2633
4198 49 2765
4300 88 1282
4100 74 3426
4199 43 1632
4301 31 2635
4101 60 207
4202 24 4211
4302 25 2104
4102 90 4985
4203 56 2858
4201 34 3954
4303 94 239
4103 67 4183
4204 98 2091
4202 46 5333
4304 16 1640
4104 91 2877
4205 47 2868
4203 12 1398
4305 75 5033
4105 37 799
4206 37 2448
4204 94 2120
4306 91 3842
4106 14 1167
4207 88 3397
4205 56 2
4307 27 4555
4107 46 5377
4208 91 1455
4206 94 5256
4308 20 3340
4108 32 2850
4209 10 3767
4207 67 1899
4309 46 4585
4109 85 972
4210 63 3514
4208 25 2612
4310 76 4598
4110 42 1651
4211 46 4145
4209 33 4159
4311 22 5576
4111 13 5813
4212 86 4721
4210 41 3449
4312 39 5406
4112 89 49
4213 33 2970
4211 63 3553
4313 99 5217
4113 46 676
4214 42 1108
4212 21 2913
4314 60 213
4114 22 243
4215 72 2777
4213 22 351
4315 98 2689
4115 82 1785
4216 94 4796
4214 49 2201
4316 63 2912
4116 27 1122
4217 53 4696
4215 13 5809
4317 95 1013
4117 22 1677
4218 12 1086
4216 13 388
4318 79 5497
4118 21 4323
4219 98 3394
4217 50 1678
4319 31 2041
4119 30 3028
4220 36 5854
4218 66 3217
4320 21 5834
4120 84 1095
4221 72 1039
4219 34 1770
4321 26 4655
4121 56 4815
4222 33 1537
4220 35 4222
4322 24 3033
4122 27 3038
4223 54 2372
4221 66 3802
4323 56 3636
4123 76 469
4224 36 1661
4222 31 2647
4324 51 1104
4124 28 254
4225 99 5238
4223 87 1162
4325 44 5393
4125 63 5739
4226 73 125
4224 20 1862
4326 89 490
4126 17 1469
4227 11 4075
4225 21 2971
4327 69 4586
4127 78 4739
4228 42 2979
4226 91 864
4328 85 1455
4128 92 2558
4229 44 1171
4227 75 1924
4329 54 4433
4129 54 629
4230 53 2576
4228 65 5308
4330 53 1906
4130 64 1934
4231 73 3136
4229 45 433
4331 13 5449
4131 15 2073
4232 60 5175
4230 67 4935
4332 89 784
4132 92 5616
4233 17 5075
4231 35 1958
4333 10 3557
4133 86 4328
4234 33 3610
4232 30 1374
4334 37 5224
4134 74 4519
4235 23 2692
4233 86 3117
4335 57 4301
4135 80 2980
4236 58 5569
4234 75 5591
4336 36 5176
4136 83 88
4237 16 4888
4235 94 5481
4337 56 3345
4137 69 4676
4238 34 5884
4236 49 2364
4338 17 3268
4138 87 4008
4239 44 2057
4237 84 3049
4339 29 1261
4139 86 1068
4240 60 1567
4238 41 3758
4340 97 4343
4140 97 3900
4241 40 3403
4239 52 5429
4341 50 3171
4141 39 2259
4242 81 756
4240 38 1781
4342 40 2514
4142 26 2958
4243 17 1986
4241 68 5852
4343 90 2736
4143 31 1722
4244 52 397
4242 99 3316
4344 20 4665
4144 20 4979
4245 26 4035
4243 19 3995
4345 79 448
4145 59 5354
4246 72 5791
4244 43 5791
4346 83 2313
4146 99 2969
4247 14 3462
4245 66 3395
4347 36 4869
4147 100 4372
4248 16 5457
4246 16 5515
4348 38 2430
4148 90 2987
4249 58 4808
4247 86 1040
4349 77 907
4149 50 5146
4250 85 4597
4248 74 5150
4350 26 5794
4150 37 2022
4251 75 3729
4249 44 2006
4351 85 5463
4151 65 3085
4252 55 3741
4250 87 3662
4352 84 2385
4152 29 4855
4253 18 1930
4251 32 1273
4353 14 181
4153 41 2248
4254 48 5835
4252 39 4406
4354 99 2166
4154 89 287
4255 42 5310
4253 33 5046
4355 92 4299
4155 100 2934
4256 19 3110
4254 31 1873
4356 51 2377
4156 16 5832
4257 26 5512
4255 96 4252
4357 96 303
4157 56 4170
4258 62 4863
4256 28 3674
4358 51 5170
4158 52 3724
4259 16 2355
4257 90 4474
4359 83 536
4159 16 387
4260 60 38
4258 13 1880
4360 31 766
4160 79 3502
4261 14 4291
4259 69 3521
4361 60 5640
4161 68 5605
4262 44 1023
4260 49 2833
4362 24 5420
4162 63 821
4263 40 3885
4261 13 3636
4363 20 232
4163 22 773
4264 36 1946
4262 16 2448
4364 50 3950
4164 33 706
4265 59 626
4263 99 1994
4365 71 3581
4165 39 4203
4266 31 5540
4264 90 2547
4366 28 4785
4166 21 1555
4267 55 99
4265 90 3455
4367 73 1934
4167 39 2794
4268 58 4124
4266 56 5899
4368 31 5440
4168 15 4387
4269 74 3503
4267 62 338
4369 18 68
4169 86 2893
4270 54 1106
4268 81 325
4370 87 2319
4170 18 1453
4271 62 2472
4269 96 4012
4371 77 2294
4171 53 2567
4272 88 4643
4270 78 1691
4372 99 5649
4172 73 5400
4273 28 303
4271 97 3951
4373 63 752
4173 96 4382
4274 76 5224
4272 71 5292
4374 72 3296
4174 72 445
4275 99 3739
4273 99 517
4375 60 444
4175 92 4633
4276 55 1026
4274 96 1725
4376 14 5675
4176 17 3842
4277 32 2545
4275 66 2795
4377 14 5692
4177 36 3558
4278 16 2910
4276 75 2759
4378 15 1286
4178 39 5734
4279 61 1887
4277 46 1945
4379 45 5375
4179 68 4317
4280 42 5790
4278 93 4714
4380 87 3412
4180 97 5691
4281 81 2323
4279 81 1372
4381 91 5731
4181 76 710
4282 62 4318
4280 99 510
4382 29 3009
4182 98 2696
4283 12 1245
4281 22 5457
4383 26 3068
4183 38 891
4284 80 3990
4282 92 2391
4384 81 1825
4184 52 1622
4285 59 1818
4283 51 1683
4385 16 3039
4185 99 178
4286 21 3411
4284 22 1794
4386 71 5534
4186 45 4894
4287 37 2767
4285 99 5445
4387 86 2144
4187 100 2212
4288 55 2738
4286 64 475
4388 36 2183
4188 61 4338
4289 56 1740
4287 37 686
4389 26 4808
4189 20 4149
4290 64 1990
4288 82 769
4390 13 5147
4190 31 2095
4291 48 1404
4289 58 1687
4391 18 2551
4191 79 4309
4292 18 2389
4290 67 3712
4392 80 3417
4192 48 2417
4293 75 5748
4291 24 2578
4393 86 3800
4193 19 2150
4294 50 925
4292 58 550
4394 48 1943
4194 60 2715
4295 61 3087
4293 92 1957
4395 48 1924
4195 18 2204
4296 61 3499
4294 47 3898
4396 91 4339
4196 37 4099
4297 99 3182
4295 17 2526
4397 86 3355
4197 15 1685
4298 94 4458
4296 70 5628
4398 17 1024
4198 43 2119
4299 39 3725
4297 28 4063
4399 58 1118
4199 45 3337
4300 66 3399
4298 27 5819
4400 49 3474
4200 35 2081
4299 50 660
4401 16 3714
4201 79 2643
4302 55 3936
4402 77 1535
4202 29 5634
4303 98 1901
4301 85 4346
4403 32 2958
4203 32 3870
4304 62 3247
4302 21 1872
4404 63 3514
4204 60 4091
4305 41 664
4303 73 3215
4405 97 3548
4205 40 408
4306 92 5609
4304 96 3433
4406 36 4089
4206 88 1740
4307 23 1719
4305 84 971
4407 100 1229
4207 42 5485
4308 99 486
4306 32 2952
4408 83 297
4208 14 3187
4309 22 5322
4307 59 5577
4409 90 4216
4209 47 102
4310 66 4441
4308 15 1817
4410 30 2988
4210 53 106
4311 33 2760
4309 68 601
4411 80 2084
4211 53 2102
4312 74 1562
4310 25 4702
4412 45 3429
4212 59 5866
4313 12 2546
4311 51 1621
4413 17 4738
4213 24 1704
4314 31 5467
4312 81 1147
4414 15 4970
4214 15 1001
4315 44 1643
4313 49 5407
4415 57 5656
4215 78 2940
4316 46 2851
4314 71 3952
4416 74 5664
4216 64 3860
4317 31 5326
4315 28 366
4417 94 5377
4217 98 2760
4318 87 3231
4316 14 2770
4418 55 279
4218 97 5450
4319 88 104
4317 97 3371
4419 46 719
4219 36 5205
4320 44 2856
4318 76 1860
4420 23 3749
4220 59 1680
4321 55 2548
4319 44 4428
4421 73 2092
4221 17 576
4322 61 146
4320 53 4765
4422 38 5782
4222 22 538
4323 64 1875
4321 91 1997
4423 25 4344
4223 13 3669
4324 82 3680
4322 55 126
4424 92 3531
4224 23 1421
4325 81 100
4323 39 2510
4425 80 2542
4225 58 4251
4326 47 163
4324 15 187
4426 41 901
4226 32 3327
4327 22 3157
4325 23 4012
4427 50 5141
4227 45 4298
4328 74 1479
4326 43 5820
4428 15 3776
4228 67 2687
4329 62 4714
4327 100 4457
4429 92 4601
4229 34 2530
4330 94 5821
4328 24 1415
4430 40 1149
4230 54 1636
4331 97 1809
4329 66 5425
4431 26 950
4231 15 4049
4332 56 5159
4330 24 2273
4432 24 5303
4232 14 436
4333 87 1888
4331 40 2761
4433 68 4149
4233 53 4312
4334 95 5703
4332 28 3071
4434 81 5682
4234 87 3766
4335 42 1707
4333 81 3924
4435 43 5812
4235 89 1969
4336 99 3093
4334 35 3620
4436 42 3967
4236 40 5283
4337 72 3739
4335 44 1769
4437 67 2968
4237 71 365
4338 87 4858
4336 76 495
4438 59 1114
4238 16 1596
4339 94 5580
4337 21 4491
4439 11 4457
4239 48 2959
4340 95 4018
4338 14 232
4440 42 2720
4240 21 5797
4341 28 2117
4339 59 5405
4441 26 3684
4241 78 1102
4342 70 522
4340 19 3546
4442 52 4341
4242 71 5352
4343 46 331
4341 86 3717
4443 49 2888
4243 21 432
4344 90 341
4342 31 1885
4444 71 1603
4244 90 2570
4345 31 3292
4343 22 3132
4445 70 1267
4245 55 3608
4346 97 5175
4344 15 1418
4446 34 2293
4246 12 2413
4347 47 3807
4345 27 5452
4447 16 4505
4247 40 2080
4348 99 2333
4346 26 3731
4448 30 4767
4248 17 5100
4349 43 2013
4347 13 933
4449 65 2346
4249 20 2273
4350 66 4378
4348 42 1001
4450 72 2054
4250 16 4
4351 28 2725
4349 77 5309
4451 33 391
4251 22 3737
4352 27 3404
4350 27 3891
4452 65 3707
4252 48 3279
4353 79 244
4351 69 4010
4453 16 5574
4253 25 788
4354 18 2758
4352 56 3366
4454 47 3458
4254 71 92
4355 80 4640
4353 95 4025
4455 85 1581
4255 59 1822
4356 23 1671
4354 96 3844
4456 34 5760
4256 75 3130
4357 27 5754
4355 19 1544
4457 17 1362
4257 93 1891
4358 89 3037
4356 43 3550
4458 35 370
4258 93 5659
4359 23 4524
4357 42 2894
4459 31 4644
4259 71 2507
4360 61 1107
4358 97 4580
4460 76 2880
4260 19 2269
4361 68 614
4359 70 1067
4461 18 5868
4261 32 342
4362 19 3733
4360 78 3555
4462 48 4880
4262 94 552
4363 18 1929
4361 96 1725
4463 47 5748
4263 48 1828
4364 91 4404
4362 80 373
4464 14 3425
4264 15 4762
4365 12 1294
4363 24 1171
4465 72 607
4265 14 1870
4366 87 4789
4364 71 1627
4466 21 2926
4266 66 4640
4367 17 413
4365 34 40
4467 86 971
4267 55 4588
4368 56 2490
4366 66 5545
4468 87 714
4268 34 3749
4369 23 1416
4367 96 3843
4469 92 924
4269 42 4487
4370 62 4230
4368 77 5218
4470 76 2601
4270 49 4159
4371 32 2762
4369 56 4774
4471 58 470
4271 87 3651
4372 44 2334
4370 96 3594
4472 38 800
4272 33 1521
4373 64 1870
4371 86 5269
4473 87 2594
4273 54 464
4374 75 2241
4372 53 1957
4474 74 1952
4274 71 4884
4375 16 3458
4373 36 1447
4475 88 4227
4275 18 2329
4376 15 455
4374 65 5706
4476 90 2314
4276 40 2155
4377 66 3436
4375 66 1142
4477 87 3837
4277 49 2293
4378 21 2327
4376 64 88
4478 30 5408
4278 35 657
4379 69 3342
4377 52 3862
4479 50 3856
4279 85 3634
4380 56 1986
4378 61 5914
4480 76 218
4280 33 2207
4381 45 4784
4379 23 256
4481 84 572
4281 88 4218
4382 65 2312
4380 66 4572
4482 75 796
4282 51 3221
4383 100 4532
4381 100 3595
4483 18 2406
4283 67 3155
4384 62 5901
4382 42 1890
4484 58 3622
4284 71 3457
4385 64 3448
4383 51 4288
4485 91 350
4285 21 1829
4386 48 1407
4384 84 4413
4486 79 4312
4286 80 2711
4387 23 91
4385 25 5594
4487 82 5064
4287 12 843
4388 84 3977
4386 32 3666
4488 48 804
4288 13 4355
4389 81 5877
4387 68 1262
4489 33 2337
4289 43 2423
4390 18 2189
4388 75 2084
4490 44 5433
4290 100 5936
4391 57 5032
4389 92 815
4491 22 2928
4291 17 3832
4392 27 3751
4390 19 4285
4492 74 1693
4292 23 1353
4393 39 2902
4391 71 2305
4493 64 3095
4293 12 4578
4394 96 5845
4392 85 2510
4494 65 2917
4294 82 5484
4395 94 5780
4393 97 3614
4495 90 4297
4295 46 5652
4396 33 2458
4394 84 2453
4496 26 5092
4296 86 3609
4397 93 5457
4395 34 2997
4497 77 4088
4297 45 2562
4398 77 4804
4396 66 5232
4498 32 1751
4298 85 4394
4399 80 125
4397 24 1708
4499 24 4783
4299 26 1197
4400 22 827
4398 58 278
4500 80 1800
4300 96 169
4399 73 58
4501 100 3193
4301 61 3723
4402 70 116
4502 37 585
4302 18 2014
4403 95 3599
4401 69 3173
4503 64 2563
4303 88 2625
4404 15 5601
4402 66 2559
4504 26 2091
4304 62 3070
4405 80 276
4403 28 5263
4505 100 5009
4305 48 5692
4406 69 125
4404 26 347
4506 40 5808
4306 29 4881
4407 44 4690
4405 83 5361
4507 30 4073
4307 61 4406
4408 71 743
4406 61 1580
4508 77 4974
4308 21 2637
4409 36 3719
4407 64 3812
4509 99 2216
4309 27 3179
4410 14 990
4408 49 5204
4510 66 1251
4310 16 647
4411 25 662
4409 22 3887
4511 37 2558
4311 23 2831
4412 87 832
4410 74 2448
4512 29 2132
4312 85 2858
4413 14 4890
4411 35 5797
4513 47 2313
4313 46 3556
4414 41 5831
4412 46 1154
4514 15 4982
4314 47 4762
4415 98 249
4413 31 3510
4515 18 5758
4315 16 2659
4416 93 2507
4414 44 1194
4516 93 4235
4316 53 2957
4417 61 3789
4415 90 941
4517 34 1994
4317 29 3793
4418 27 5188
4416 16 4694
4518 12 2078
4318 88 5571
4419 23 817
4417 66 4130
4519 12 2459
4319 82 4953
4420 72 1891
4418 19 812
4520 13 2365
4320 43 3072
4421 24 1173
4419 23 3253
4521 39 4002
4321 66 551
4422 67 5443
4420 42 5318
4522 55 1592
4322 22 4805
4423 77 5584
4421 72 366
4523 86 3625
4323 13 5601
4424 92 3993
4422 12 1485
4524 95 1470
4324 65 4625
4425 99 3341
4423 28 203
4525 99 3954
4325 45 4927
4426 24 1529
4424 34 2216
4526 34 2451
4326 17 1996
4427 86 28
4425 87 4030
4527 82 422
4327 71 1541
4428 13 1838
4426 56 4783
4528 43 3120
4328 33 3239
4429 58 376
4427 21 1137
4529 37 355
4329 20 4533
4430 35 2339
4428 94 4621
4530 73 640
4330 70 4017
4431 98 3937
4429 66 4312
4531 42 1762
4331 32 3656
4432 29 4908
4430 14 4805
4532 94 2413
4332 44 3466
4433 84 4255
4431 91 2890
4533 56 2698
4333 99 5603
4434 30 5402
4432 86 4238
4534 36 4187
4334 92 3688
4435 25 3206
4433 28 5149
4535 68 3682
4335 98 4367
4436 45 3396
4434 38 3503
4536 47 1937
4336 25 3130
4437 90 1378
4435 98 1896
4537 96 1151
4337 97 1272
4438 26 4543
4436 56 5369
4538 79 328
4338 51 3316
4439 18 4920
4437 57 5498
4539 20 1494
4339 95 4214
4440 47 1971
4438 83 5602
4540 81 1170
4340 97 640
4441 93 154
4439 82 3230
4541 70 152
4341 100 3049
4442 19 4149
4440 28 1830
4542 58 3409
4342 19 2002
4443 20 3704
4441 32 444
4543 58 3619
4343 22 3127
4444 32 2578
4442 93 5932
4544 56 1608
4344 29 442
4445 48 1516
4443 77 4250
4545 77 5198
4345 20 3188
4446 28 1327
4444 68 5621
4546 36 680
4346 94 1477
4447 57 4860
4445 87 4783
4547 23 1540
4347 65 2923
4448 29 1210
4446 28 3014
4548 31 3696
4348 83 1885
4449 52 4662
4447 12 5704
4549 59 3134
4349 48 2569
4450 61 3898
4448 25 1233
4550 78 3809
4350 77 2743
4451 67 5470
4449 58 1634
4551 52 4152
4351 88 864
4452 83 1003
4450 33 2321
4552 75 2470
4352 54 2377
4453 93 3771
4451 41 1846
4553 82 2435
4353 71 2695
4454 49 3416
4452 79 5756
4554 55 2690
4354 25 1687
4455 59 5786
4453 100 5093
4555 82 4974
4355 93 3872
4456 74 3778
4454 91 4940
4556 89 2000
4356 26 5210
4457 64 670
4455 50 3984
4557 80 676
4357 80 2233
4458 33 4050
4456 99 4162
4558 31 2083
4358 64 1794
4459 81 4971
4457 97 3058
4559 93 732
4359 35 987
4460 10 5512
4458 10 5789
4560 97 4311
4360 35 968
4461 13 3778
4459 80 2991
4561 10 1446
4361 23 1915
4462 66 376
4460 50 3139
4562 93 3605
4362 41 4728
4463 47 5611
4461 41 5275
4563 90 3173
4363 14 405
4464 46 1390
4462 65 5938
4564 21 1945
4364 26 2427
4465 92 3203
4463 60 5650
4565 65 2775
4365 27 42
4466 62 3128
4464 21 2382
4566 78 3781
4366 44 3996
4467 41 4362
4465 57 5208
4567 73 5199
4367 19 902
4468 83 5085
4466 56 96
4568 69 278
4368 57 2666
4469 14 971
4467 41 1582
4569 94 3171
4369 10 3672
4470 49 3785
4468 74 2848
4570 43 4183
4370 12 93
4471 59 5168
4469 98 860
4571 81 5353
4371 48 4746
4472 87 4403
4470 88 1437
4572 91 438
4372 81 5595
4473 78 3289
4471 34 848
4573 76 1923
4373 99 3416
4474 85 1254
4472 73 1728
4574 29 521
4374 82 1520
4475 40 4916
4473 78 4728
4575 17 1568
4375 83 5068
4476 28 806
4474 91 2642
4576 70 5815
4376 58 766
4477 50 3532
4475 49 1749
4577 45 58
4377 42 23
4478 30 5051
4476 37 4430
4578 76 1998
4378 88 3492
4479 51 2390
4477 90 2199
4579 71 3793
4379 74 5609
4480 100 5768
4478 12 3424
4580 100 15
4380 31 2860
4481 56 1420
4479 10 1901
4581 70 1681
4381 18 1660
4482 70 2677
4480 24 3693
4582 56 964
4382 93 4043
4483 89 4868
4481 32 4852
4583 98 271
4383 21 5838
4484 46 5149
4482 46 3153
4584 62 1353
4384 14 2516
4485 67 5765
4483 58 2790
4585 12 2975
4385 87 5576
4486 84 2569
4484 31 1863
4586 97 4887
4386 94 3687
4487 10 1380
4485 62 5202
4587 50 5613
4387 78 2187
4488 85 2588
4486 99 116
4588 30 4076
4388 48 3289
4489 47 2002
4487 34 1004
4589 68 5351
4389 64 2482
4490 55 2602
4488 49 3388
4590 15 2346
4390 38 802
4491 28 1755
4489 45 5578
4591 93 3282
4391 18 4892
4492 73 2608
4490 19 5386
4592 12 5510
4392 43 2291
4493 27 2351
4491 15 106
4593 20 5740
4393 93 4957
4494 23 3455
4492 42 4066
4594 71 5081
4394 96 2190
4495 26 4989
4493 22 336
4595 10 4803
4395 70 1584
4496 39 5531
4494 24 764
4596 39 2848
4396 71 3241
4497 10 1086
4495 86 5661
4597 16 5182
4397 16 5744
4498 33 3237
4496 19 1620
4598 64 3993
4398 53 4954
4499 93 4294
4497 33 2337
4599 74 2881
4399 83 2374
4500 31 3951
4498 15 232
4600 30 3895
4400 71 1418
4499 72 3872
4601 58 2862
4401 19 1987
4502 37 2878
4602 92 4913
4402 72 4766
4503 85 1753
4501 93 4965
4603 78 2145
4403 31 2640
4504 46 4727
4502 58 1023
4604 69 5503
4404 23 2032
4505 52 1567
4503 28 202
4605 82 1172
4405 70 4805
4506 92 53
4504 69 2192
4606 62 4787
4406 90 404
4507 11 2613
4505 48 4217
4607 46 1142
4407 89 344
4508 68 448
4506 17 575
4608 75 5550
4408 54 3426
4509 38 1127
4507 46 207
4609 10 3335
4409 54 1804
4510 75 3565
4508 39 2164
4610 57 2946
4410 84 2794
4511 22 1071
4509 64 5370
4611 17 1222
4411 82 5077
4512 69 2191
4510 87 3824
4612 89 2277
4412 70 4497
4513 21 1373
4511 47 1628
4613 33 1401
4413 86 2194
4514 87 732
4512 22 1557
4614 60 3362
4414 24 3204
4515 51 19
4513 100 1983
4615 92 1788
4415 52 4906
4516 10 2352
4514 89 4502
4616 27 5811
4416 77 645
4517 30 2825
4515 37 4155
4617 17 644
4417 58 1939
4518 34 3830
4516 37 3937
4618 84 4530
4418 96 1783
4519 18 1421
4517 43 2110
4619 19 3497
4419 52 877
4520 36 2732
4518 82 3789
4620 39 3894
4420 67 5083
4521 56 5136
4519 33 2832
4621 79 2799
4421 96 2366
4522 21 3626
4520 47 1999
4622 22 2142
4422 37 4019
4523 25 2395
4521 21 3902
4623 51 5792
4423 56 3984
4524 37 5161
4522 60 5204
4624 26 2475
4424 14 3039
4525 84 1470
4523 75 5274
4625 74 1801
4425 29 5098
4526 55 862
4524 26 1003
4626 42 4538
4426 55 4895
4527 13 253
4525 94 713
4627 38 549
4427 70 4320
4528 90 3802
4526 38 1064
4628 97 325
4428 18 1089
4529 92 1228
4527 18 5777
4629 59 5922
4429 95 1034
4530 96 1472
4528 41 1624
4630 91 1117
4430 67 5319
4531 71 3805
4529 54 2289
4631 40 3652
4431 37 1237
4532 61 5075
4530 10 2752
4632 97 2583
4432 84 4069
4533 79 3679
4531 20 1892
4633 73 1949
4433 44 5014
4534 25 5605
4532 80 2656
4634 97 2762
4434 28 916
4535 24 3415
4533 87 4504
4635 13 2925
4435 98 4453
4536 99 4203
4534 71 4802
4636 79 1180
4436 39 2992
4537 27 5750
4535 64 1011
4637 50 3545
4437 11 1629
4538 69 1025
4536 96 5662
4638 27 4579
4438 77 5220
4539 62 3377
4537 41 2668
4639 18 142
4439 51 5287
4540 48 5830
4538 92 5832
4640 48 3314
4440 12 4540
4541 43 3482
4539 99 3840
4641 20 966
4441 81 4557
4542 13 4338
4540 79 252
4642 84 5613
4442 31 119
4543 82 1872
4541 67 5215
4643 53 3798
4443 22 4003
4544 100 3108
4542 64 169
4644 21 4653
4444 16 498
4545 41 4183
4543 19 127
4645 29 4709
4445 32 1148
4546 79 493
4544 21 228
4646 68 2850
4446 61 4949
4547 39 1453
4545 10 987
4647 22 217
4447 88 985
4548 35 880
4546 60 4670
4648 15 67
4448 65 4009
4549 81 5402
4547 47 3130
4649 17 278
4449 98 86
4550 74 1655
4548 30 3388
4650 79 4591
4450 70 2746
4551 71 4965
4549 25 4108
4651 100 115
4451 86 5769
4552 73 4041
4550 47 1347
4652 48 1711
4452 12 5569
4553 98 1528
4551 59 1081
4653 70 2268
4453 94 4751
4554 70 636
4552 77 5456
4654 48 1032
4454 37 3602
4555 60 3755
4553 36 4587
4655 48 4268
4455 49 4553
4556 74 1562
4554 36 2842
4656 62 1572
4456 13 5763
4557 59 1263
4555 67 2701
4657 48 2746
4457 73 4814
4558 47 4267
4556 97 3032
4658 79 4436
4458 30 1951
4559 83 4233
4557 21 4337
4659 62 5100
4459 56 672
4560 20 3900
4558 47 773
4660 72 994
4460 38 2555
4561 71 4869
4559 40 954
4661 58 3525
4461 53 4661
4562 78 3520
4560 57 5341
4662 97 3495
4462 77 647
4563 94 1597
4561 65 1059
4663 10 4355
4463 82 4933
4564 90 5606
4562 79 5162
4664 92 2080
4464 34 4
4565 54 3914
4563 24 247
4665 70 500
4465 71 3322
4566 47 2076
4564 20 2076
4666 26 4744
4466 75 549
4567 31 4303
4565 84 2997
4667 42 1189
4467 22 4315
4568 59 1061
4566 96 1728
4668 25 5790
4468 85 3826
4569 17 5482
4567 84 3256
4669 15 3933
4469 89 4598
4570 84 2327
4568 51 4329
4670 91 4806
4470 30 1718
4571 45 4957
4569 65 3544
4671 60 4109
4471 42 3274
4572 57 2687
4570 97 4794
4672 90 5781
4472 78 5398
4573 30 4001
4571 28 2364
4673 31 4746
4473 49 5026
4574 29 3671
4572 74 1867
4674 85 1112
4474 11 2315
4575 31 1352
4573 31 5853
4675 92 339
4475 66 5652
4576 28 4595
4574 98 2412
4676 58 2747
4476 69 5401
4577 91 3904
4575 91 5250
4677 34 411
4477 54 5354
4578 44 1109
4576 73 5519
4678 86 2664
4478 55 4214
4579 47 5400
4577 36 1027
4679 36 3508
4479 78 4833
4580 18 1883
4578 72 4474
4680 47 1720
4480 26 1675
4581 30 4535
4579 48 470
4681 51 558
4481 17 1045
4582 25 5336
4580 84 4794
4682 72 5335
4482 44 3108
4583 94 1087
4581 52 281
4683 13 3141
4483 73 2943
4584 37 286
4582 22 3498
4684 62 4963
4484 18 1532
4585 14 3840
4583 95 5223
4685 16 1135
4485 59 5685
4586 36 2072
4584 50 5059
4686 12 453
4486 33 2536
4587 34 3847
4585 47 2501
4687 57 526
4487 49 790
4588 41 3390
4586 96 5231
4688 13 3614
4488 64 919
4589 12 1135
4587 31 1544
4689 87 2406
4489 59 2595
4590 100 542
4588 66 151
4690 23 1795
4490 96 4587
4591 33 2537
4589 34 1832
4691 52 3939
4491 90 2563
4592 28 4501
4590 30 1295
4692 86 3210
4492 28 2075
4593 11 771
4591 69 364
4693 15 5084
4493 92 1579
4594 20 151
4592 98 4832
4694 59 3773
4494 66 70
4595 99 3844
4593 25 5934
4695 30 3391
4495 49 4539
4596 79 5162
4594 14 1797
4696 78 856
4496 38 1155
4597 82 1142
4595 32 1108
4697 69 2563
4497 55 5821
4598 15 2148
4596 57 1823
4698 74 274
4498 65 1923
4599 51 4850
4597 81 55
4699 28 4230
4499 88 614
4600 62 3920
4598 44 2300
4700 70 2557
4500 58 1217
4599 68 1657
4701 38 4403
4501 48 49
4602 44 1758
4702 67 2268
4502 37 2042
4603 75 3724
4601 68 5533
4703 38 220
4503 56 5282
4604 38 5894
4602 98 246
4704 25 3204
4504 97 573
4605 16 2388
4603 86 5294
4705 85 779
4505 55 313
4606 98 1317
4604 68 1254
4706 89 3287
4506 11 4314
4607 97 1445
4605 90 1705
4707 12 3915
4507 72 3492
4608 97 3089
4606 36 3370
4708 43 2921
4508 86 5742
4609 36 2300
4607 47 3579
4709 16 4713
4509 21 206
4610 23 344
4608 19 5883
4710 31 3956
4510 40 5930
4611 23 3411
4609 10 1118
4711 17 257
4511 64 3274
4612 93 4815
4610 95 5588
4712 42 228
4512 39 279
4613 67 3444
4611 27 4398
4713 69 5125
4513 57 863
4614 69 4024
4612 13 4249
4714 94 3421
4514 48 4347
4615 71 3801
4613 48 1699
4715 21 923
4515 82 527
4616 16 3348
4614 36 5498
4716 42 2324
4516 34 2463
4617 53 4911
4615 21 2936
4717 18 236
4517 98 1091
4618 43 1488
4616 97 932
4718 53 5411
4518 17 7
4619 96 2134
4617 70 1906
4719 25 788
4519 86 4144
4620 56 4175
4618 75 3768
4720 34 4704
4520 82 3972
4621 10 1740
4619 64 1356
4721 81 2496
4521 10 1814
4622 21 1056
4620 97 612
4722 14 3265
4522 97 4274
4623 61 1237
4621 13 2671
4723 47 3639
4523 95 1061
4624 41 2108
4622 56 1982
4724 33 5874
4524 96 3767
4625 76 5569
4623 69 1419
4725 52 5838
4525 16 4735
4626 94 3230
4624 33 1025
4726 99 1291
4526 65 4793
4627 73 4016
4625 79 5825
4727 24 3498
4527 85 2278
4628 69 5758
4626 88 3116
4728 24 969
4528 42 2681
4629 87 1042
4627 69 4205
4729 52 3196
4529 43 5136
4630 95 4981
4628 17 1522
4730 10 4891
4530 98 3273
4631 32 879
4629 69 1480
4731 31 3335
4531 47 2042
4632 65 1642
4630 41 301
4732 43 5733
4532 18 1875
4633 21 1496
4631 20 3473
4733 73 1334
4533 12 766
4634 88 5079
4632 21 5694
4734 23 5463
4534 10 851
4635 62 5381
4633 49 366
4735 100 4381
4535 89 5160
4636 11 4631
4634 29 3414
4736 26 5770
4536 78 125
4637 50 2586
4635 96 4024
4737 70 1430
4537 10 2365
4638 48 5463
4636 11 1549
4738 67 204
4538 94 1199
4639 54 5899
4637 41 2707
4739 35 1255
4539 95 4133
4640 15 5608
4638 16 2841
4740 12 2691
4540 50 2064
4641 34 3259
4639 56 5578
4741 51 3449
4541 74 1708
4642 18 2786
4640 32 540
4742 95 197
4542 49 5648
4643 54 2820
4641 24 4158
4743 58 2482
4543 62 3639
4644 34 352
4642 40 1157
4744 44 4518
4544 64 3304
4645 29 958
4643 63 5860
4745 100 1129
4545 18 5657
4646 92 2520
4644 46 2984
4746 59 4007
4546 60 2686
4647 38 4679
4645 83 379
4747 95 2326
4547 41 423
4648 99 4831
4646 85 3688
4748 81 2282
4548 27 5565
4649 90 4955
4647 92 4401
4749 21 321
4549 77 4155
4650 97 785
4648 23 1831
4750 17 57
4550 54 5438
4651 30 136
4649 71 1541
4751 24 20
4551 41 2167
4652 31 985
4650 57 3077
4752 13 953
4552 32 2794
4653 23 1353
4651 95 4656
4753 41 2055
4553 98 2356
4654 44 1864
4652 10 1633
4754 45 391
4554 11 2324
4655 21 5707
4653 57 289
4755 64 4710
4555 14 1020
4656 14 3533
4654 98 3676
4756 32 495
4556 56 5483
4657 83 1078
4655 40 5595
4757 23 683
4557 63 5838
4658 39 2550
4656 67 2810
4758 59 5599
4558 14 2727
4659 19 256
4657 40 1535
4759 49 3080
4559 94 427
4660 94 5847
4658 95 438
4760 48 1126
4560 53 4557
4661 38 2865
4659 41 1062
4761 98 1364
4561 81 4226
4662 70 3996
4660 15 1440
4762 12 4530
4562 49 2477
4663 31 3368
4661 64 3009
4763 55 3709
4563 58 2103
4664 20 2451
4662 15 967
4764 57 5293
4564 85 4620
4665 66 2629
4663 10 5358
4765 12 4478
4565 87 1243
4666 70 233
4664 42 1804
4766 30 4361
4566 84 3853
4667 63 3019
4665 36 2525
4767 97 2585
4567 28 3473
4668 97 5095
4666 49 3911
4768 88 2842
4568 80 5474
4669 20 5471
4667 39 4754
4769 14 3586
4569 53 5661
4670 12 5746
4668 36 2089
4770 29 996
4570 53 3607
4671 57 2292
4669 51 4714
4771 64 888
4571 60 2240
4672 69 2293
4670 49 4220
4772 72 3120
4572 83 2457
4673 82 5509
4671 78 5254
4773 32 451
4573 59 4102
4674 57 5269
4672 46 3758
4774 28 4331
4574 88 1122
4675 40 2118
4673 26 3665
4775 11 2113
4575 43 4445
4676 74 573
4674 85 878
4776 91 2137
4576 46 4226
4677 93 1496
4675 36 2278
4777 26 1069
4577 64 5065
4678 69 3685
4676 57 2581
4778 89 405
4578 93 4641
4679 48 5218
4677 21 2735
4779 41 2158
4579 10 39
4680 71 497
4678 79 3478
4780 63 4636
4580 97 4521
4681 55 3421
4679 50 827
4781 22 3308
4581 64 1880
4682 80 359
4680 37 1633
4782 52 5303
4582 28 1656
4683 56 3148
4681 10 1182
4783 21 3335
4583 48 5147
4684 31 1140
4682 71 1065
4784 55 2614
4584 89 763
4685 22 5575
4683 33 2759
4785 45 3260
4585 15 3451
4686 43 5367
4684 46 2588
4786 79 4380
4586 53 4151
4687 43 1902
4685 93 930
4787 37 4064
4587 12 3473
4688 67 23
4686 85 797
4788 78 579
4588 71 1507
4689 72 119
4687 71 4266
4789 45 400
4589 38 3278
4690 69 5398
4688 52 5748
4790 72 5108
4590 28 3951
4691 44 5742
4689 59 304
4791 76 1691
4591 37 5022
4692 100 5843
4690 23 5755
4792 18 2264
4592 99 5720
4693 17 3700
4691 61 493
4793 22 713
4593 53 271
4694 38 4052
4692 37 756
4794 87 3619
4594 44 5267
4695 99 724
4693 74 4037
4795 12 5140
4595 44 2047
4696 75 1393
4694 21 4072
4796 14 1423
4596 81 1096
4697 52 4526
4695 29 1971
4797 95 4028
4597 42 2767
4698 93 4709
4696 29 3640
4798 27 3219
4598 81 4586
4699 43 1718
4697 73 2535
4799 84 3103
4599 72 1687
4700 40 2762
4698 96 1465
4800 44 5442
4600 36 3285
4699 18 4783
4801 39 5351
4601 94 2356
4702 44 802
4802 89 2350
4602 65 5888
4703 15 5901
4701 78 3332
4803 49 2279
4603 56 2065
4704 47 538
4702 82 3348
4804 82 283
4604 92 4069
4705 53 5915
4703 18 772
4805 15 4685
4605 28 3033
4706 31 2457
4704 80 2058
4806 45 49
4606 25 1191
4707 51 4800
4705 76 1410
4807 73 2080
4607 12 382
4708 19 112
4706 60 2952
4808 76 225
4608 91 2475
4709 90 1440
4707 72 4888
4809 83 716
4609 65 4287
4710 60 4681
4708 34 2251
4810 50 177
4610 17 3244
4711 76 1828
4709 62 4219
4811 10 5666
4611 44 2926
4712 28 1191
4710 55 1678
4812 32 570
4612 53 2848
4713 61 1400
4711 99 4757
4813 24 4175
4613 35 5625
4714 86 1041
4712 74 26
4814 81 5049
4614 13 4782
4715 53 454
4713 82 255
4815 19 3721
4615 58 2083
4716 77 2145
4714 17 2885
4816 36 5487
4616 96 2781
4717 70 5924
4715 33 4205
4817 41 5810
4617 71 151
4718 56 4866
4716 84 2798
4818 91 1017
4618 15 2350
4719 28 2670
4717 77 4508
4819 84 940
4619 24 915
4720 39 1368
4718 47 5681
4820 94 3066
4620 62 5299
4721 30 506
4719 41 730
4821 59 499
4621 63 2257
4722 32 413
4720 37 795
4822 12 3820
4622 91 704
4723 75 1104
4721 16 2390
4823 16 2951
4623 66 3587
4724 77 3433
4722 38 4952
4824 60 849
4624 56 428
4725 38 1545
4723 98 1609
4825 23 3362
4625 96 1463
4726 86 5810
4724 98 1376
4826 82 5817
4626 26 2208
4727 20 3067
4725 48 2866
4827 63 5491
4627 66 2365
4728 100 1681
4726 17 1198
4828 86 406
4628 72 4278
4729 47 2047
4727 52 254
4829 67 95
4629 35 1111
4730 25 5471
4728 83 5306
4830 62 2182
4630 70 3823
4731 59 369
4729 68 4541
4831 95 5018
4631 76 1134
4732 86 37
4730 60 4876
4832 23 3470
4632 13 5400
4733 75 5281
4731 88 5134
4833 25 2314
4633 85 3956
4734 74 4607
4732 12 4266
4834 62 1696
4634 71 939
4735 64 2067
4733 12 2835
4835 50 5268
4635 95 3624
4736 65 3627
4734 29 1019
4836 86 3404
4636 54 3720
4737 60 3138
4735 29 3749
4837 74 4850
4637 92 2770
4738 45 1202
4736 36 2348
4838 60 3684
4638 43 3708
4739 53 3874
4737 22 82
4839 14 1833
4639 74 3577
4740 43 1287
4738 59 556
4840 42 1542
4640 26 1233
4741 69 1088
4739 42 2712
4841 84 5474
4641 59 2388
4742 15 57
4740 17 4659
4842 72 5179
4642 10 828
4743 78 13
4741 27 1097
4843 60 5658
4643 15 1101
4744 54 1456
4742 80 4074
4844 36 3531
4644 32 5324
4745 20 5258
4743 51 2522
4845 15 4662
4645 94 3375
4746 21 855
4744 50 2963
4846 47 1978
4646 28 5104
4747 12 1693
4745 71 1335
4847 97 5152
4647 33 1781
4748 100 5132
4746 66 2991
4848 83 3519
4648 10 3667
4749 70 5129
4747 39 232
4849 86 1318
4649 31 614
4750 12 3132
4748 41 5774
4850 91 1902
4650 24 3936
4751 16 2482
4749 21 1997
4851 27 2120
4651 65 3260
4752 18 2107
4750 51 4496
4852 36 1919
4652 70 5139
4753 73 5692
4751 21 3763
4853 80 5789
4653 80 1281
4754 95 1652
4752 87 2882
4854 21 2892
4654 10 5219
4755 11 5008
4753 100 2236
4855 78 4244
4655 91 1458
4756 77 1559
4754 11 2568
4856 15 2606
4656 77 5261
4757 21 2961
4755 75 1706
4857 14 557
4657 53 5219
4758 51 2151
4756 35 1804
4858 55 4993
4658 58 1372
4759 19 620
4757 62 2219
4859 61 1962
4659 64 5861
4760 69 4555
4758 82 4796
4860 89 2118
4660 37 2496
4761 38 2668
4759 77 5362
4861 36 1198
4661 61 5687
4762 18 1866
4760 81 3307
4862 31 5090
4662 98 254
4763 23 240
4761 23 4155
4863 17 4693
4663 74 4453
4764 90 591
4762 60 2198
4864 24 2059
4664 89 4313
4765 55 3543
4763 30 1806
4865 57 2726
4665 22 2818
4766 44 3495
4764 49 4637
4866 63 1208
4666 31 697
4767 70 4997
4765 62 2270
4867 83 2913
4667 74 526
4768 17 1946
4766 97 4883
4868 22 1307
4668 54 3768
4769 34 2838
4767 23 4828
4869 11 1395
4669 50 746
4770 92 4977
4768 66 2252
4870 47 3929
4670 91 3025
4771 55 4060
4769 63 4475
4871 39 4649
4671 93 4217
4772 98 5493
4770 93 2992
4872 63 1226
4672 42 3281
4773 97 4163
4771 33 5528
4873 52 3712
4673 76 2706
4774 69 3690
4772 38 648
4874 75 4700
4674 23 875
4775 68 5802
4773 23 2554
4875 93 3915
4675 93 1733
4776 44 5069
4774 99 871
4876 83 630
4676 26 2076
4777 17 4800
4775 30 5328
4877 81 3333
4677 84 2201
4778 18 4460
4776 63 141
4878 65 1590
4678 48 2770
4779 42 3058
4777 22 2951
4879 92 5126
4679 20 4973
4780 96 4363
4778 64 2871
4880 78 275
4680 62 2994
4781 89 3839
4779 92 3933
4881 49 4718
4681 43 1
4782 25 3408
4780 18 3066
4882 51 3868
4682 14 4094
4783 47 2955
4781 69 4558
4883 87 3505
4683 43 1662
4784 41 1355
4782 95 5709
4884 94 5676
4684 32 1912
4785 35 2055
4783 62 2898
4885 81 619
4685 44 4765
4786 100 4608
4784 57 5610
4886 37 4946
4686 96 823
4787 29 4079
4785 56 4102
4887 73 2794
4687 75 4509
4788 93 5346
4786 27 83
4888 82 4076
4688 18 1302
4789 91 3851
4787 75 5815
4889 78 1883
4689 63 1627
4790 92 119
4788 35 818
4890 64 3454
4690 70 3998
4791 42 4111
4789 94 1433
4891 12 1137
4691 17 3351
4792 29 5187
4790 63 3394
4892 10 2968
4692 63 202
4793 69 1214
4791 72 2490
4893 82 188
4693 26 3313
4794 47 1764
4792 99 2077
4894 24 3750
4694 97 531
4795 87 4787
4793 13 2767
4895 51 4114
4695 43 278
4796 49 652
4794 68 3877
4896 61 1987
4696 94 2790
4797 91 303
4795 52 5241
4897 15 2164
4697 35 3732
4798 83 15
4796 35 3225
4898 38 5152
4698 26 2458
4799 72 5868
4797 20 5268
4899 51 5683
4699 37 1874
4800 13 2919
4798 18 2138
4900 49 4027
4700 75 1905
4799 44 1461
4901 49 4322
4701 34 5139
4802 17 1114
4902 83 4397
4702 37 2171
4803 15 4855
4801 27 2499
4903 43 1803
4703 11 5865
4804 11 4561
4802 94 662
4904 49 5307
4704 12 4274
4805 79 3592
4803 49 1786
4905 88 5313
4705 59 253
4806 56 997
4804 31 5695
4906 99 1016
4706 82 2809
4807 99 3070
4805 69 4045
4907 94 1206
4707 50 5875
4808 32 4714
4806 45 5746
4908 73 2552
4708 21 3203
4809 10 792
4807 86 4692
4909 23 3677
4709 61 1166
4810 42 4631
4808 52 1813
4910 25 3502
4710 13 4237
4811 38 2340
4809 14 2769
4911 73 4194
4711 98 2928
4812 41 4897
4810 21 5084
4912 62 3419
4712 87 1815
4813 34 4601
4811 88 1313
4913 91 2987
4713 19 3128
4814 75 5937
4812 88 3353
4914 60 4349
4714 100 1141
4815 94 746
4813 32 440
4915 44 4638
4715 34 138
4816 50 1622
4814 47 732
4916 45 2295
4716 79 3166
4817 47 4737
4815 56 5195
4917 54 1332
4717 56 4306
4818 83 3259
4816 65 2738
4918 25 3025
4718 39 3632
4819 14 5702
4817 46 5105
4919 90 329
4719 51 1333
4820 51 3248
4818 76 1381
4920 45 2376
4720 32 5679
4821 91 275
4819 44 4439
4921 90 531
4721 26 4240
4822 26 1189
4820 84 3200
4922 79 3558
4722 30 5113
4823 75 2239
4821 16 2173
4923 28 25
4723 15 688
4824 15 3242
4822 83 552
4924 44 1666
4724 72 2405
4825 17 5641
4823 93 5576
4925 81 431
4725 84 4564
4826 57 4880
4824 63 2886
4926 11 1874
4726 31 371
4827 60 690
4825 48 2980
4927 75 5476
4727 67 4817
4828 98 5040
4826 16 3189
4928 94 3355
4728 37 4077
4829 81 4438
4827 49 2898
4929 18 5345
4729 26 5898
4830 80 5581
4828 41 4508
4930 14 3961
4730 93 275
4831 22 4061
4829 41 52
4931 18 835
4731 50 2385
4832 86 958
4830 51 5747
4932 58 3335
4732 37 498
4833 80 995
4831 43 2274
4933 19 4646
4733 23 5679
4834 78 3233
4832 12 4338
4934 56 5081
4734 19 139
4835 71 5664
4833 10 1924
4935 72 5917
4735 34 4526
4836 45 3120
4834 14 4738
4936 65 453
4736 17 3228
4837 97 2323
4835 27 5375
4937 88 3865
4737 78 5805
4838 97 155
4836 68 3416
4938 50 2977
4738 49 3183
4839 32 356
4837 78 1579
4939 21 3591
4739 86 321
4840 98 5345
4838 96 1257
4940 56 3021
4740 24 4724
4841 43 10
4839 75 4017
4941 66 2460
4741 22 999
4842 16 379
4840 20 3276
4942 40 3020
4742 48 5029
4843 29 629
4841 38 2013
4943 16 2397
4743 25 5054
4844 26 2944
4842 28 1848
4944 55 5616
4744 45 2057
4845 73 2323
4843 63 1958
4945 46 1933
4745 21 5337
4846 67 853
4844 33 330
4946 57 5570
4746 25 2629
4847 15 2352
4845 15 4488
4947 74 5502
4747 87 5126
4848 85 3419
4846 86 2111
4948 96 5079
4748 76 3282
4849 27 1386
4847 20 2372
4949 39 3754
4749 81 4760
4850 31 2785
4848 81 2604
4950 24 5723
4750 55 1328
4851 68 1974
4849 100 4006
4951 90 2726
4751 26 2559
4852 72 5131
4850 72 2640
4952 69 5449
4752 68 2195
4853 26 3347
4851 96 2324
4953 85 950
4753 49 1398
4854 30 981
4852 82 96
4954 42 5006
4754 46 3300
4855 28 238
4853 42 1484
4955 35 773
4755 67 5315
4856 36 1290
4854 10 4919
4956 67 1387
4756 76 5407
4857 23 851
4855 46 2392
4957 40 4559
4757 82 484
4858 13 1134
4856 15 1738
4958 26 2410
4758 21 901
4859 77 3307
4857 28 5891
4959 70 3737
4759 86 3992
4860 100 5376
4858 25 1841
4960 59 3211
4760 57 243
4861 32 2346
4859 34 955
4961 93 2563
4761 16 1946
4862 72 4855
4860 37 758
4962 14 1178
4762 19 5615
4863 90 5867
4861 32 3023
4963 88 2939
4763 11 3697
4864 23 3175
4862 13 3501
4964 96 1767
4764 60 1536
4865 58 1891
4863 21 4333
4965 78 5718
4765 25 2458
4866 36 1038
4864 13 1693
4966 61 1750
4766 14 667
4867 92 905
4865 29 4526
4967 29 823
4767 78 393
4868 73 1751
4866 32 1745
4968 35 3887
4768 40 2596
4869 98 1888
4867 48 1734
4969 20 4936
4769 10 4283
4870 13 1937
4868 90 2702
4970 43 4359
4770 70 3912
4871 23 5020
4869 19 4362
4971 85 3684
4771 83 3607
4872 100 3566
4870 10 3304
4972 21 5390
4772 33 2598
4873 35 4215
4871 17 3185
4973 12 3841
4773 62 3774
4874 49 2547
4872 23 5586
4974 40 1978
4774 40 2858
4875 36 4695
4873 72 2971
4975 77 3662
4775 78 5785
4876 38 995
4874 56 3882
4976 71 1705
4776 74 2189
4877 43 5928
4875 59 4789
4977 61 5557
4777 38 926
4878 65 903
4876 74 184
4978 39 4456
4778 42 2342
4879 82 4185
4877 81 2671
4979 77 2302
4779 39 5455
4880 55 718
4878 88 2742
4980 62 3496
4780 30 2097
4881 70 1560
4879 85 3788
4981 73 2047
4781 28 2707
4882 12 3865
4880 80 3948
4982 85 2065
4782 69 3966
4883 16 2363
4881 72 5006
4983 68 3532
4783 16 2428
4884 23 2678
4882 90 1110
4984 35 593
4784 51 4865
4885 61 3948
4883 49 4392
4985 43 57
4785 99 4817
4886 70 111
4884 46 3529
4986 42 5324
4786 90 3152
4887 53 96
4885 53 391
4987 45 3518
4787 88 3760
4888 39 2498
4886 31 1911
4988 62 5774
4788 19 5597
4889 70 4738
4887 80 5075
4989 23 2340
4789 97 5628
4890 39 3992
4888 37 3515
4990 76 2454
4790 42 1923
4891 84 4036
4889 91 3188
4991 95 479
4791 69 4427
4892 92 5458
4890 42 3703
4992 44 346
4792 93 679
4893 32 527
4891 73 1174
4993 31 4205
4793 21 5842
4894 82 2958
4892 38 2895
4994 41 3345
4794 35 247
4895 57 74
4893 27 5145
4995 80 2079
4795 76 3867
4896 59 1032
4894 25 5897
4996 94 4217
4796 35 1244
4897 51 2453
4895 51 2921
4997 26 3557
4797 27 4037
4898 97 3905
4896 52 538
4998 21 2833
4798 50 3271
4899 35 934
4897 31 5397
4999 77 305
4799 14 3372
4900 95 1448
4898 47 941
5000 18 5409
4800 62 1236
4899 50 2868
5001 37 2142
4801 87 4591
4902 59 2519
5002 34 3914
4802 81 1091
4903 27 1051
4901 81 1886
5003 43 4112
4803 66 3332
4904 57 3235
4902 43 70
5004 41 3116
4804 57 899
4905 87 1865
4903 85 4972
5005 96 3128
4805 49 3772
4906 37 3438
4904 58 2770
5006 98 2797
4806 74 2603
4907 64 858
4905 73 4617
5007 54 1184
4807 65 1680
4908 33 1699
4906 90 5720
5008 47 1053
4808 36 2381
4909 77 3484
4907 53 1422
5009 18 5732
4809 62 1608
4910 40 4259
4908 29 3110
5010 84 5289
4810 36 4967
4911 58 3865
4909 94 4944
5011 68 3306
4811 56 789
4912 29 1657
4910 67 4651
5012 17 227
4812 16 3568
4913 49 5265
4911 84 5666
5013 85 2809
4813 97 2608
4914 80 1262
4912 42 76
5014 23 5699
4814 52 5457
4915 78 5391
4913 55 2079
5015 75 2258
4815 60 3250
4916 46 1513
4914 72 2620
5016 47 1307
4816 14 192
4917 10 1899
4915 100 2528
5017 10 5505
4817 38 607
4918 58 992
4916 28 1715
5018 94 1543
4818 47 5225
4919 88 1134
4917 23 2413
5019 16 911
4819 95 5068
4920 82 2935
4918 86 2453
5020 38 4023
4820 52 101
4921 84 5280
4919 86 1331
5021 74 196
4821 23 3742
4922 46 3202
4920 12 898
5022 38 5250
4822 67 1192
4923 50 2408
4921 28 1115
5023 79 2525
4823 42 953
4924 17 3948
4922 73 3917
5024 34 230
4824 49 5334
4925 94 3788
4923 89 3716
5025 94 812
4825 38 1741
4926 14 4290
4924 67 344
5026 68 2830
4826 50 3370
4927 93 1927
4925 20 4733
5027 45 5847
4827 100 2144
4928 27 269
4926 92 2425
5028 15 1993
4828 31 5840
4929 72 1470
4927 41 1245
5029 100 4525
4829 13 2066
4930 14 934
4928 45 3433
5030 74 5901
4830 20 1676
4931 34 3344
4929 93 5253
5031 73 694
4831 85 2974
4932 49 5706
4930 17 977
5032 48 104
4832 83 1204
4933 70 519
4931 67 2978
5033 80 360
4833 89 1422
4934 33 3865
4932 96 5532
5034 82 3917
4834 78 1498
4935 90 501
4933 27 1757
5035 57 2648
4835 81 5602
4936 42 302
4934 64 1627
5036 95 3440
4836 87 956
4937 34 5291
4935 55 4345
5037 96 956
4837 98 5311
4938 79 4899
4936 73 664
5038 76 3457
4838 27 1462
4939 71 1722
4937 26 4137
5039 97 4487
4839 15 1565
4940 16 1703
4938 18 3763
5040 59 3043
4840 59 3501
4941 34 5112
4939 20 1308
5041 93 4401
4841 22 5663
4942 44 5564
4940 24 1415
5042 26 108
4842 19 5240
4943 97 1385
4941 88 5747
5043 98 3021
4843 73 5511
4944 76 4498
4942 18 1526
5044 64 992
4844 90 5110
4945 46 1034
4943 11 4005
5045 44 5170
4845 72 3385
4946 79 2429
4944 83 640
5046 38 5153
4846 87 5122
4947 66 5809
4945 65 924
5047 64 5518
4847 16 4959
4948 18 257
4946 69 569
5048 21 2648
4848 49 2400
4949 94 2256
4947 81 940
5049 32 2131
4849 62 5810
4950 37 2580
4948 80 750
5050 30 2018
4850 58 618
4951 51 2415
4949 46 1417
5051 93 1284
4851 34 4145
4952 11 1326
4950 55 5267
5052 34 3534
4852 48 1082
4953 43 1762
4951 14 3039
5053 99 2103
4853 57 267
4954 85 5778
4952 85 959
5054 80 3081
4854 45 1056
4955 84 1731
4953 35 1851
5055 71 267
4855 55 5181
4956 31 716
4954 35 1743
5056 16 2103
4856 66 1350
4957 93 452
4955 98 4442
5057 61 660
4857 72 5085
4958 61 461
4956 32 3162
5058 53 5477
4858 15 2460
4959 60 3634
4957 22 4690
5059 89 2799
4859 19 697
4960 68 3551
4958 89 1792
5060 12 4449
4860 44 2853
4961 74 1034
4959 33 1022
5061 95 4733
4861 12 126
4962 85 2884
4960 17 2853
5062 37 824
4862 43 2744
4963 94 941
4961 19 4208
5063 50 4512
4863 30 2903
4964 80 1121
4962 25 904
5064 37 5488
4864 59 2155
4965 83 833
4963 81 1391
5065 16 3224
4865 83 195
4966 92 3018
4964 86 2647
5066 10 4491
4866 61 3223
4967 59 5570
4965 38 5488
5067 54 418
4867 34 4175
4968 55 4854
4966 46 481
5068 50 2805
4868 72 5135
4969 38 3318
4967 76 2397
5069 68 4035
4869 67 2512
4970 82 2808
4968 22 5268
5070 22 5688
4870 73 3037
4971 53 2842
4969 56 3368
5071 58 1313
4871 94 3424
4972 42 3921
4970 15 532
5072 78 4294
4872 51 2066
4973 63 3573
4971 51 5747
5073 95 3826
4873 57 4714
4974 94 1534
4972 81 579
5074 77 2847
4874 59 3614
4975 19 4726
4973 45 1695
5075 61 3494
4875 75 295
4976 36 4560
4974 60 4301
5076 49 3208
4876 38 4867
4977 80 2640
4975 75 3677
5077 75 1265
4877 87 133
4978 66 1373
4976 63 3323
5078 90 2058
4878 81 4754
4979 68 758
4977 98 959
5079 64 4365
4879 70 5088
4980 30 3553
4978 14 4899
5080 44 1901
4880 49 3971
4981 70 5693
4979 31 4563
5081 88 4205
4881 98 2719
4982 40 2076
4980 92 617
5082 42 287
4882 64 4414
4983 78 2332
4981 91 4989
5083 11 2053
4883 17 3858
4984 62 5805
4982 16 2208
5084 38 2356
4884 93 2252
4985 63 1521
4983 19 4044
5085 69 39
4885 100 5541
4986 59 3714
4984 40 629
5086 69 3431
4886 77 3510
4987 100 3918
4985 28 3678
5087 86 3122
4887 68 3643
4988 95 2018
4986 76 4808
5088 100 5843
4888 100 4810
4989 28 958
4987 19 4886
5089 42 2609
4889 52 1347
4990 100 3960
4988 11 1132
5090 58 3291
4890 65 2548
4991 83 1321
4989 49 2251
5091 60 3154
4891 93 5525
4992 12 2786
4990 32 1741
5092 66 4667
4892 79 1159
4993 96 4700
4991 88 2934
5093 59 2731
4893 75 2248
4994 29 4261
4992 30 2963
5094 84 117
4894 78 3242
4995 21 5529
4993 20 3977
5095 55 398
4895 25 4209
4996 68 947
4994 41 2434
5096 54 3975
4896 18 3297
4997 50 1958
4995 79 1284
5097 97 657
4897 49 841
4998 12 1460
4996 72 1916
5098 58 5072
4898 59 538
4999 55 2088
4997 66 5554
5099 68 1283
4899 32 5180
5000 24 1223
4998 23 1250
5100 14 645
4900 10 2298
4999 28 69
5101 27 3562
4901 89 453
5002 80 3331
5102 47 3805
4902 17 2339
5003 31 3713
5001 94 2819
5103 76 566
4903 26 4287
5004 28 834
5002 62 3529
5104 32 5870
4904 51 5261
5005 46 1357
5003 44 5848
5105 21 286
4905 16 27
5006 17 2415
5004 64 5750
5106 16 2420
4906 42 3996
5007 66 413
5005 48 3003
5107 87 4780
4907 31 4231
5008 83 2697
5006 87 4821
5108 50 122
4908 73 3893
5009 80 2817
5007 55 1301
5109 46 294
4909 35 1973
5010 11 4298
5008 62 2454
5110 49 108
4910 69 939
5011 18 3133
5009 63 3055
5111 88 2332
4911 54 3183
5012 36 3855
5010 16 1278
5112 96 3502
4912 18 3968
5013 25 3923
5011 85 5075
5113 39 789
4913 64 1126
5014 99 4578
5012 18 3150
5114 51 4362
4914 94 5209
5015 56 1392
5013 92 5237
5115 67 4215
4915 24 4912
5016 76 5742
5014 27 4947
5116 71 5757
4916 61 1619
5017 20 385
5015 20 5828
5117 26 4099
4917 99 196
5018 27 326
5016 51 5254
5118 31 69
4918 85 2061
5019 87 3935
5017 85 2413
5119 97 2062
4919 93 1003
5020 58 678
5018 48 1017
5120 80 14
4920 35 4191
5021 70 5857
5019 72 0
5121 15 2217
4921 73 5214
5022 62 2819
5020 77 4082
5122 38 2761
4922 22 2271
5023 87 1112
5021 15 414
5123 65 3936
4923 11 5575
5024 90 1825
5022 65 451
5124 28 4686
4924 62 3605
5025 76 4134
5023 43 2962
5125 39 68
4925 96 31
5026 88 2214
5024 31 1154
5126 21 5867
4926 50 4165
5027 87 1624
5025 23 1439
5127 45 2163
4927 14 5322
5028 82 4335
5026 52 2392
5128 75 461
4928 86 665
5029 65 1991
5027 54 2380
5129 54 883
4929 99 673
5030 11 5468
5028 91 1320
5130 19 5682
4930 100 325
5031 50 304
5029 53 5489
5131 53 2246
4931 71 4801
5032 15 3565
5030 44 2835
5132 51 2493
4932 58 5411
5033 39 3303
5031 64 4830
5133 55 118
4933 78 1645
5034 77 2337
5032 93 3534
5134 13 1603
4934 77 1640
5035 54 5392
5033 65 4531
5135 43 48
4935 58 2242
5036 54 3585
5034 93 2735
5136 64 5152
4936 69 3123
5037 10 2346
5035 82 5675
5137 100 4075
4937 34 4927
5038 33 3821
5036 51 3203
5138 58 890
4938 68 4010
5039 83 5338
5037 40 4121
5139 40 3842
4939 87 5586
5040 88 1518
5038 58 5333
5140 89 721
4940 43 3674
5041 62 4049
5039 12 3850
5141 51 5781
4941 23 4194
5042 36 5743
5040 64 621
5142 45 4091
4942 64 2220
5043 77 3333
5041 30 2341
5143 39 999
4943 38 328
5044 69 566
5042 18 2802
5144 86 3340
4944 72 4247
5045 70 5310
5043 53 2658
5145 57 3876
4945 14 1222
5046 21 5796
5044 10 1297
5146 20 1891
4946 18 3182
5047 18 2292
5045 68 5325
5147 67 3150
4947 20 1792
5048 38 5115
5046 89 2926
5148 20 4132
4948 56 425
5049 97 5431
5047 40 23
5149 33 4584
4949 92 2614
5050 87 4003
5048 97 2126
5150 45 2013
4950 31 4095
5051 34 3783
5049 15 5222
5151 42 3074
4951 95 5187
5052 20 1924
5050 77 369
5152 47 5145
4952 67 2289
5053 93 2647
5051 52 5680
5153 40 2729
4953 47 3890
5054 49 3895
5052 38 5305
5154 46 32
4954 89 1815
5055 95 4138
5053 36 3020
5155 78 2250
4955 83 238
5056 83 3325
5054 62 889
5156 16 5218
4956 50 918
5057 58 411
5055 20 1231
5157 22 5474
4957 37 4548
5058 18 601
5056 11 5813
5158 44 3729
4958 41 385
5059 24 5813
5057 64 3063
5159 100 4582
4959 86 90
5060 11 4487
5058 13 3901
5160 31 2127
4960 58 2078
5061 22 1263
5059 43 4416
5161 83 497
4961 77 1975
5062 81 5935
5060 37 3844
5162 88 517
4962 70 15
5063 34 4953
5061 79 4797
5163 20 1179
4963 29 150
5064 87 4215
5062 76 5517
5164 57 4687
4964 41 4387
5065 11 1975
5063 72 1
5165 35 2712
4965 91 5275
5066 67 3768
5064 67 5768
5166 13 5524
4966 63 5738
5067 24 3139
5065 18 2559
5167 27 3934
4967 22 418
5068 73 4086
5066 80 381
5168 90 3
4968 93 101
5069 56 663
5067 22 1584
5169 18 5285
4969 41 2572
5070 40 1838
5068 44 5824
5170 87 2892
4970 84 4535
5071 87 4461
5069 22 1556
5171 56 4296
4971 55 5337
5072 77 5579
5070 12 1447
5172 13 5596
4972 11 4665
5073 90 4560
5071 11 5497
5173 96 99
4973 16 1076
5074 77 1157
5072 61 5253
5174 42 4440
4974 39 4152
5075 59 559
5073 48 1695
5175 43 4547
4975 28 1534
5076 37 3102
5074 76 1174
5176 34 3317
4976 44 5704
5077 36 1349
5075 20 4389
5177 32 3234
4977 100 204
5078 95 4153
5076 92 589
5178 87 667
4978 20 245
5079 79 5763
5077 63 543
5179 64 5538
4979 40 2799
5080 84 883
5078 52 2271
5180 57 1813
4980 66 5701
5081 85 1024
5079 31 4264
5181 94 821
4981 98 1471
5082 57 3697
5080 100 1340
5182 55 52
4982 16 2023
5083 87 110
5081 27 3214
5183 20 1509
4983 56 3676
5084 85 1411
5082 56 5241
5184 18 4450
4984 32 2090
5085 76 5478
5083 74 2398
5185 19 5759
4985 15 5611
5086 27 5585
5084 38 3313
5186 53 3573
4986 27 5115
5087 59 53
5085 85 414
5187 71 5425
4987 58 1119
5088 25 5529
5086 72 4502
5188 67 3161
4988 32 1480
5089 100 1234
5087 79 3923
5189 64 1261
4989 94 1631
5090 90 77
5088 70 719
5190 64 4247
4990 13 937
5091 13 5466
5089 40 3555
5191 41 4347
4991 12 5258
5092 90 1932
5090 35 4731
5192 80 3544
4992 79 980
5093 60 1077
5091 47 3170
5193 78 1572
4993 96 3084
5094 38 674
5092 86 5409
5194 45 172
4994 43 3280
5095 51 32
5093 15 5462
5195 19 499
4995 75 5542
5096 82 922
5094 75 2496
5196 51 1647
4996 47 2653
5097 77 3817
5095 50 1577
5197 78 3573
4997 47 4059
5098 46 189
5096 69 4321
5198 34 193
4998 93 4550
5099 99 872
5097 67 104
5199 27 4868
4999 67 4607
5100 61 596
5098 74 1026
5200 15 2791
5000 93 5398
5099 11 5136
5201 55 2617
5001 22 5676
5102 82 4407
5202 28 4675
5002 92 5793
5103 74 3505
5101 63 4087
5203 58 708
5003 23 1147
5104 75 4083
5102 61 4931
5204 73 5056
5004 50 5016
5105 72 1629
5103 13 404
5205 91 889
5005 11 3505
5106 95 2282
5104 41 117
5206 95 5853
5006 91 4593
5107 72 2253
5105 19 5395
5207 90 4051
5007 90 4078
5108 10 48
5106 99 5743
5208 65 3510
5008 56 4167
5109 32 5872
5107 95 1191
5209 87 5442
5009 98 1150
5110 91 5026
5108 31 2788
5210 51 4415
5010 14 5360
5111 35 2159
5109 42 5607
5211 58 5189
5011 58 1355
5112 81 3626
5110 93 607
5212 22 3043
5012 69 1201
5113 10 4560
5111 26 2702
5213 92 1287
5013 95 3127
5114 50 5436
5112 21 1114
5214 47 4465
5014 94 918
5115 35 1017
5113 99 2587
5215 48 2056
5015 95 1605
5116 58 4915
5114 55 1278
5216 46 2858
5016 60 2327
5117 87 5662
5115 45 3441
5217 30 594
5017 30 130
5118 10 2483
5116 49 1489
5218 59 3811
5018 92 5373
5119 40 344
5117 90 5755
5219 81 4375
5019 59 3209
5120 63 1746
5118 43 5703
5220 12 574
5020 14 2504
5121 82 3450
5119 49 3923
5221 39 3662
5021 36 3738
5122 70 4408
5120 11 1848
5222 78 5463
5022 66 5849
5123 73 3964
5121 10 439
5223 68 1673
5023 61 3975
5124 73 2362
5122 74 5789
5224 26 2627
5024 55 1316
5125 35 2167
5123 42 790
5225 76 850
5025 20 2249
5126 59 3073
5124 48 4235
5226 44 2608
5026 99 936
5127 56 120
5125 97 1643
5227 10 3839
5027 46 2548
5128 33 2580
5126 35 4229
5228 42 1405
5028 82 772
5129 16 4745
5127 68 2918
5229 63 4597
5029 67 2712
5130 73 1297
5128 11 2642
5230 20 5473
5030 63 3849
5131 46 1246
5129 21 2256
5231 81 179
5031 51 4039
5132 99 3190
5130 31 5163
5232 41 2173
5032 58 2395
5133 30 5616
5131 51 3595
5233 31 969
5033 15 5691
5134 25 5931
5132 27 5587
5234 23 1901
5034 22 1909
5135 93 536
5133 15 1927
5235 49 1548
5035 32 4568
5136 86 2906
5134 19 673
5236 24 3927
5036 49 5216
5137 56 4455
5135 80 1197
5237 26 3776
5037 30 3162
5138 13 1106
5136 99 1910
5238 64 1326
5038 32 3072
5139 95 3699
5137 80 2130
5239 17 4843
5039 83 1092
5140 57 3178
5138 42 1342
5240 30 1824
5040 59 1769
5141 60 4868
5139 63 927
5241 69 1927
5041 93 1756
5142 36 1125
5140 93 1212
5242 15 3563
5042 74 5162
5143 42 3221
5141 73 4205
5243 47 990
5043 37 4434
5144 21 4760
5142 41 71
5244 25 750
5044 24 4568
5145 14 3553
5143 55 5271
5245 98 4704
5045 92 950
5146 48 1455
5144 45 277
5246 94 4540
5046 15 1196
5147 38 3501
5145 73 3808
5247 62 5404
5047 97 343
5148 54 3098
5146 58 4051
5248 64 1960
5048 18 3310
5149 41 691
5147 56 4542
5249 66 3007
5049 26 410
5150 68 1608
5148 36 2392
5250 55 1952
5050 22 352
5151 60 4067
5149 12 881
5251 54 3613
5051 60 310
5152 66 4333
5150 37 5091
5252 50 471
5052 12 2476
5153 79 1957
5151 55 1576
5253 62 1626
5053 87 2648
5154 33 5873
5152 60 5702
5254 46 4370
5054 77 2514
5155 72 822
5153 28 3671
5255 15 2732
5055 94 571
5156 85 1425
5154 18 5937
5256 52 5693
5056 43 2816
5157 73 820
5155 67 5708
5257 65 49
5057 84 3407
5158 56 1166
5156 82 1541
5258 68 3408
5058 66 448
5159 61 688
5157 74 962
5259 71 2198
5059 48 1082
5160 38 5028
5158 45 1109
5260 89 2634
5060 34 3007
5161 10 184
5159 96 5200
5261 33 3621
5061 17 1648
5162 72 5902
5160 98 3378
5262 80 4013
5062 35 4926
5163 35 2533
5161 78 3970
5263 50 1711
5063 64 5343
5164 60 2129
5162 62 4576
5264 23 1547
5064 97 5160
5165 87 5430
5163 34 1746
5265 56 1084
5065 66 3816
5166 44 1948
5164 48 1442
5266 87 3860
5066 85 4264
5167 15 968
5165 52 2759
5267 88 4954
5067 75 3937
5168 66 4715
5166 12 2585
5268 100 2925
5068 77 4317
5169 98 4299
5167 35 3830
5269 96 2101
5069 54 293
5170 13 2474
5168 24 3021
5270 12 1999
5070 80 322
5171 66 2169
5169 50 181
5271 25 4012
5071 36 2443
5172 82 1880
5170 60 5500
5272 38 1090
5072 84 3051
5173 63 107
5171 11 944
5273 32 5717
5073 78 2389
5174 74 3279
5172 71 2176
5274 29 5326
5074 69 4041
5175 54 1231
5173 92 1892
5275 60 3081
5075 90 1470
5176 67 1417
5174 77 4039
5276 82 5734
5076 91 5772
5177 40 4072
5175 59 806
5277 71 4079
5077 12 3731
5178 15 3921
5176 40 2119
5278 30 1473
5078 14 5660
5179 29 620
5177 80 2282
5279 79 1222
5079 11 3643
5180 93 3372
5178 70 1201
5280 62 997
5080 20 2944
5181 65 2760
5179 22 4320
5281 49 4637
5081 72 2944
5182 50 4570
5180 78 5868
5282 30 277
5082 59 1620
5183 81 11
5181 49 3122
5283 92 3300
5083 27 3188
5184 66 4573
5182 64 1479
5284 92 3140
5084 45 1034
5185 84 5659
5183 20 1390
5285 98 663
5085 59 2527
5186 41 2913
5184 10 4807
5286 95 2365
5086 45 4311
5187 82 2104
5185 94 4262
5287 11 3256
5087 13 2837
5188 43 1677
5186 35 1510
5288 35 4980
5088 32 4914
5189 86 1037
5187 15 584
5289 94 3014
5089 99 537
5190 46 3826
5188 96 5563
5290 99 4288
5090 40 2545
5191 11 2429
5189 13 167
5291 64 3832
5091 82 313
5192 26 2088
5190 40 4565
5292 53 2237
5092 100 3718
5193 27 3986
5191 26 1566
5293 39 4117
5093 99 2180
5194 48 731
5192 96 5795
5294 84 1068
5094 97 1105
5195 99 3508
5193 66 350
5295 93 2242
5095 38 2787
5196 14 92
5194 43 4125
5296 17 4184
5096 35 2932
5197 74 4727
5195 95 4300
5297 64 5054
5097 42 4503
5198 38 4277
5196 65 208
5298 88 426
5098 63 2663
5199 82 2587
5197 93 3715
5299 13 5178
5099 59 4020
5200 20 5534
5198 21 5161
5300 76 4493
5100 33 1771
5199 30 2587
5301 99 1327
5101 35 5034
5202 25 2083
5302 42 4805
5102 26 4688
5203 96 4851
5201 82 5909
5303 53 5879
5103 10 957
5204 42 5179
5202 53 1820
5304 73 2461
5104 31 2756
5205 71 2179
5203 81 602
5305 53 2905
5105 91 4782
5206 33 1743
5204 92 2125
5306 98 4259
5106 33 2019
5207 38 2977
5205 98 1943
5307 13 3173
5107 52 869
5208 61 87
5206 26 1344
5308 75 1341
5108 13 4775
5209 30 1134
5207 52 5168
5309 11 5115
5109 21 2107
5210 42 1203
5208 46 2291
5310 70 4813
5110 59 340
5211 33 3006
5209 86 2782
5311 12 300
5111 62 1965
5212 98 598
5210 50 2598
5312 48 5601
5112 98 5599
5213 57 789
5211 10 209
5313 90 1401
5113 93 3736
5214 56 4266
5212 91 1348
5314 12 195
5114 50 1740
5215 87 5176
5213 30 1873
5315 36 1762
5115 61 4751
5216 73 1703
5214 39 1625
5316 31 1242
5116 72 1883
5217 91 1645
5215 29 899
5317 36 4575
5117 17 5353
5218 85 5598
5216 17 4806
5318 16 845
5118 49 2356
5219 19 2195
5217 42 234
5319 67 48
5119 59 4889
5220 29 2626
5218 71 1079
5320 30 4871
5120 76 22
5221 51 224
5219 91 4569
5321 89 4272
5121 92 3535
5222 13 3845
5220 41 863
5322 71 3755
5122 24 3663
5223 24 73
5221 76 4122
5323 45 4876
5123 53 4479
5224 45 3268
5222 72 3247
5324 67 4964
5124 72 3884
5225 73 1167
5223 15 2691
5325 58 169
5125 24 1807
5226 30 4409
5224 51 2422
5326 70 2121
5126 20 2746
5227 58 154
5225 56 3244
5327 13 199
5127 22 1013
5228 85 966
5226 86 3224
5328 43 4120
5128 88 683
5229 17 1429
5227 95 2896
5329 25 1455
5129 40 4329
5230 76 1555
5228 53 569
5330 59 5303
5130 72 3807
5231 77 1002
5229 64 666
5331 72 2415
5131 94 630
5232 74 1381
5230 66 3342
5332 22 4840
5132 49 4131
5233 83 5467
5231 99 3337
5333 92 819
5133 39 1765
5234 52 4840
5232 24 1490
5334 44 5719
5134 24 4989
5235 84 1902
5233 67 398
5335 89 2383
5135 26 2234
5236 62 4980
5234 90 1008
5336 49 2839
5136 54 1244
5237 87 1399
5235 91 102
5337 13 244
5137 64 2343
5238 32 5841
5236 84 865
5338 73 4354
5138 99 3776
5239 83 639
5237 35 2146
5339 49 5168
5139 62 3850
5240 96 3348
5238 30 4700
5340 60 2340
5140 37 280
5241 83 3159
5239 32 2251
5341 22 5164
5141 15 983
5242 57 616
5240 50 16
5342 73 2870
5142 48 3414
5243 67 16
5241 25 4952
5343 92 1846
5143 57 4856
5244 25 790
5242 41 2353
5344 52 3088
5144 32 2393
5245 41 211
5243 56 4287
5345 53 5086
5145 22 420
5246 74 4575
5244 46 2469
5346 88 528
5146 97 5095
5247 51 1094
5245 85 311
5347 28 2781
5147 12 3625
5248 93 1722
5246 66 5229
5348 48 3960
5148 12 1039
5249 66 5886
5247 55 2127
5349 24 3031
5149 92 5916
5250 86 234
5248 88 2971
5350 52 3600
5150 75 4481
5251 71 4296
5249 18 4308
5351 71 3478
5151 44 2615
5252 90 1574
5250 10 5262
5352 55 5033
5152 85 4002
5253 52 1275
5251 51 991
5353 21 1257
5153 99 4036
5254 97 1363
5252 29 4905
5354 76 5881
5154 26 806
5255 91 1473
5253 55 49
5355 82 4076
5155 20 259
5256 11 928
5254 48 3167
5356 15 4751
5156 96 3269
5257 29 1055
5255 34 4780
5357 66 1357
5157 68 2650
5258 41 5686
5256 60 1011
5358 79 940
5158 33 5760
5259 77 2262
5257 68 225
5359 50 920
5159 92 2397
5260 36 1450
5258 71 4869
5360 97 1112
5160 53 1507
5261 78 378
5259 96 5864
5361 96 2413
5161 30 1169
5262 73 5276
5260 47 4749
5362 54 618
5162 77 903
5263 60 2427
5261 93 4645
5363 35 3348
5163 64 4708
5264 88 1547
5262 85 4721
5364 83 3519
5164 39 3199
5265 56 1690
5263 96 4135
5365 39 2934
5165 35 4901
5266 28 733
5264 72 2311
5366 53 5608
5166 49 111
5267 18 2240
5265 29 1772
5367 42 2417
5167 48 1466
5268 71 5686
5266 22 3670
5368 60 4200
5168 66 3993
5269 38 2785
5267 12 3370
5369 14 2311
5169 45 2546
5270 42 4146
5268 27 4380
5370 91 442
5170 70 4574
5271 76 1325
5269 55 689
5371 100 5526
5171 42 3502
5272 24 440
5270 50 3589
5372 66 874
5172 27 631
5273 40 689
5271 42 1932
5373 12 1480
5173 89 1157
5274 95 20
5272 78 3452
5374 42 296
5174 97 5935
5275 23 2177
5273 26 3924
5375 31 3654
5175 23 5071
5276 83 5421
5274 81 4655
5376 35 627
5176 20 2997
5277 60 5238
5275 55 5268
5377 43 2323
5177 57 1923
5278 59 4320
5276 96 2170
5378 63 5742
5178 93 1762
5279 97 1948
5277 89 2202
5379 93 2902
5179 13 1745
5280 94 2943
5278 68 5551
5380 99 4317
5180 88 85
5281 64 2439
5279 40 1866
5381 93 900
5181 80 223
5282 84 3464
5280 39 5884
5382 84 2347
5182 44 134
5283 19 4584
5281 22 1293
5383 80 3953
5183 83 2725
5284 62 3155
5282 68 487
5384 93 3936
5184 66 404
5285 24 4427
5283 34 1035
5385 18 914
5185 72 4350
5286 26 410
5284 86 84
5386 12 2847
5186 96 4330
5287 11 1991
5285 95 2121
5387 40 1680
5187 44 2394
5288 24 3329
5286 32 2785
5388 19 4825
5188 35 187
5289 99 3456
5287 32 718
5389 60 1436
5189 57 2629
5290 11 2634
5288 47 1238
5390 92 1408
5190 46 1324
5291 68 4852
5289 100 532
5391 90 1728
5191 36 5176
5292 82 5874
5290 12 1456
5392 84 5028
5192 92 3614
5293 71 2494
5291 35 2486
5393 12 3298
5193 26 2144
5294 66 3468
5292 83 3351
5394 36 1902
5194 14 2380
5295 18 1535
5293 40 4293
5395 85 4064
5195 52 4495
5296 75 4164
5294 85 218
5396 28 4304
5196 74 1541
5297 15 3522
5295 36 1136
5397 28 1966
5197 94 2232
5298 29 4782
5296 83 5161
5398 93 434
5198 72 5391
5299 28 330
5297 64 847
5399 42 1377
5199 20 2558
5300 27 1980
5298 26 2635
5400 22 696
5200 68 1922
5299 20 1111
5401 35 853
5201 94 2594
5302 23 156
5402 46 2912
5202 47 2731
5303 54 1071
5301 30 3740
5403 79 3240
5203 31 5159
5304 47 2504
5302 65 4166
5404 40 742
5204 96 5229
5305 29 2812
5303 79 1220
5405 35 2007
5205 46 163
5306 12 1457
5304 72 2404
5406 83 1286
5206 23 449
5307 74 1393
5305 91 2900
5407 77 4393
5207 67 4706
5308 96 2089
5306 100 4731
5408 87 4011
5208 49 884
5309 49 1873
5307 27 5098
5409 88 3278
5209 91 2491
5310 25 1442
5308 18 356
5410 45 1297
5210 81 5411
5311 27 4858
5309 33 5840
5411 90 2076
5211 69 951
5312 65 5779
5310 38 2356
5412 99 4321
5212 11 1646
5313 83 5207
5311 89 3050
5413 31 4598
5213 81 20
5314 51 5796
5312 95 3901
5414 99 5639
5214 50 1613
5315 51 1587
5313 61 481
5415 11 3561
5215 87 3132
5316 66 5733
5314 89 3382
5416 89 3259
5216 14 4738
5317 35 3624
5315 12 4059
5417 13 2280
5217 72 1601
5318 51 438
5316 74 2222
5418 75 262
5218 31 2689
5319 53 1421
5317 24 341
5419 45 1257
5219 19 1804
5320 63 3473
5318 19 1166
5420 87 4581
5220 42 4516
5321 36 5759
5319 61 4351
5421 70 698
5221 17 2166
5322 70 3029
5320 91 2391
5422 74 1132
5222 71 1458
5323 28 5384
5321 13 3084
5423 29 67
5223 82 2139
5324 62 5091
5322 99 1561
5424 42 1401
5224 64 1600
5325 29 2725
5323 72 5197
5425 23 5199
5225 60 4744
5326 81 3474
5324 20 4442
5426 95 4601
5226 53 217
5327 11 2869
5325 39 589
5427 95 2006
5227 85 1019
5328 55 5276
5326 52 5260
5428 46 5579
5228 20 4411
5329 79 562
5327 93 3806
5429 48 625
5229 23 240
5330 53 2500
5328 61 4973
5430 71 2055
5230 38 5304
5331 29 4869
5329 58 5823
5431 94 5648
5231 34 1967
5332 20 2841
5330 62 4823
5432 43 4641
5232 32 1190
5333 95 5178
5331 68 2515
5433 47 909
5233 51 4750
5334 54 3029
5332 95 957
5434 76 3134
5234 96 4444
5335 73 2581
5333 16 4840
5435 69 5812
5235 42 3461
5336 55 1155
5334 82 1004
5436 65 3262
5236 98 2697
5337 85 4054
5335 72 1044
5437 32 3408
5237 51 2970
5338 93 1807
5336 40 3392
5438 90 2764
5238 69 206
5339 38 3122
5337 86 205
5439 50 3026
5239 85 5856
5340 98 249
5338 62 1411
5440 65 2758
5240 55 3798
5341 14 1962
5339 16 4466
5441 62 2101
5241 10 4592
5342 82 2532
5340 40 5621
5442 82 5237
5242 33 828
5343 75 2676
5341 13 145
5443 71 5305
5243 15 3988
5344 45 460
5342 89 4960
5444 61 2350
5244 44 5118
5345 62 1654
5343 52 1371
5445 95 4753
5245 24 641
5346 83 1500
5344 75 1523
5446 68 4682
5246 77 5568
5347 88 3216
5345 45 4776
5447 75 2061
5247 46 52
5348 52 1360
5346 27 465
5448 75 365
5248 22 1667
5349 66 1920
5347 45 757
5449 73 2892
5249 25 4221
5350 23 4149
5348 89 4720
5450 16 899
5250 68 270
5351 78 124
5349 22 1063
5451 21 776
5251 20 3131
5352 66 3471
5350 99 5832
5452 53 2594
5252 64 5807
5353 95 4962
5351 35 533
5453 70 4101
5253 45 5375
5354 35 1638
5352 92 2202
5454 47 4507
5254 69 2126
5355 42 5517
5353 26 5253
5455 78 5834
5255 15 3028
5356 34 4619
5354 23 3106
5456 99 3544
5256 10 2715
5357 78 321
5355 50 2764
5457 78 1777
5257 86 361
5358 34 1821
5356 91 2198
5458 13 2075
5258 69 1180
5359 40 172
5357 35 1269
5459 22 5381
5259 32 1983
5360 19 5412
5358 55 4128
5460 36 4331
5260 39 3146
5361 29 4337
5359 28 3597
5461 71 3290
5261 89 2907
5362 14 3750
5360 83 3366
5462 72 5197
5262 98 5190
5363 44 469
5361 66 5391
5463 14 5160
5263 29 3734
5364 54 467
5362 70 4804
5464 45 2722
5264 100 3214
5365 42 2307
5363 98 2207
5465 47 2359
5265 79 4710
5366 73 4368
5364 56 2488
5466 65 2510
5266 71 5681
5367 99 5883
5365 62 4633
5467 97 5505
5267 92 4645
5368 25 3793
5366 24 1701
5468 92 5392
5268 32 5914
5369 43 1514
5367 49 3848
5469 19 648
5269 17 4899
5370 78 416
5368 57 2032
5470 18 1673
5270 67 3805
5371 41 1107
5369 86 3215
5471 52 1653
5271 63 2541
5372 93 2215
5370 82 3882
5472 78 4882
5272 13 910
5373 85 1791
5371 88 4764
5473 37 2708
5273 21 737
5374 91 4640
5372 35 442
5474 16 3644
5274 87 1854
5375 96 4275
5373 33 3664
5475 54 4033
5275 99 2946
5376 36 1380
5374 17 2720
5476 37 4636
5276 72 1409
5377 82 5025
5375 70 3908
5477 53 3831
5277 95 3756
5378 30 1725
5376 10 4520
5478 71 1235
5278 11 1590
5379 19 3013
5377 87 4919
5479 97 1503
5279 72 1755
5380 94 5087
5378 59 1866
5480 56 789
5280 35 1101
5381 83 2432
5379 53 9
5481 72 3744
5281 12 3619
5382 20 1529
5380 10 1630
5482 42 5486
5282 59 127
5383 47 3520
5381 82 4309
5483 14 1836
5283 41 5027
5384 36 5696
5382 15 3466
5484 18 1463
5284 15 4894
5385 94 396
5383 46 2280
5485 17 1097
5285 25 570
5386 25 2760
5384 11 4713
5486 25 2576
5286 52 1320
5387 16 1690
5385 66 5239
5487 56 2965
5287 30 1595
5388 98 5439
5386 96 3033
5488 52 41
5288 47 5939
5389 32 559
5387 52 2610
5489 35 2402
5289 49 2985
5390 53 5812
5388 26 4259
5490 90 4775
5290 73 2517
5391 43 2559
5389 83 4956
5491 98 1199
5291 15 5331
5392 38 2308
5390 78 4135
5492 51 3672
5292 39 186
5393 17 3616
5391 94 1750
5493 12 2426
5293 99 5048
5394 34 1006
5392 39 4492
5494 20 1246
5294 94 3342
5395 70 4962
5393 32 1606
5495 25 283
5295 85 5071
5396 48 280
5394 98 4072
5496 95 4326
5296 11 4014
5397 47 2801
5395 42 5906
5497 80 5352
5297 79 3244
5398 73 1223
5396 11 5462
5498 57 281
5298 48 4707
5399 27 3723
5397 60 3161
5499 18 4049
5299 79 5428
5400 13 4303
5398 15 3655
5500 75 1469
5300 90 3080
5399 33 3661
5501 15 440
5301 98 3434
5402 18 3969
5502 35 3394
5302 93 5243
5403 88 2800
5401 65 5577
5503 27 4882
5303 13 3556
5404 13 3601
5402 77 5752
5504 29 97
5304 63 5627
5405 95 4288
5403 68 5070
5505 86 1472
5305 11 4924
5406 46 4309
5404 47 1441
5506 98 4028
5306 29 714
5407 17 5377
5405 90 3063
5507 85 3035
5307 40 3597
5408 47 561
5406 15 4527
5508 63 407
5308 70 2499
5409 68 2132
5407 35 244
5509 96 883
5309 34 1731
5410 90 2553
5408 54 2750
5510 98 4614
5310 53 4522
5411 50 4405
5409 45 3856
5511 58 2086
5311 29 346
5412 78 3162
5410 69 2709
5512 17 1831
5312 26 5795
5413 100 2081
5411 75 5860
5513 56 1455
5313 47 3767
5414 81 3233
5412 85 678
5514 29 4965
5314 20 5181
5415 87 4443
5413 30 2332
5515 13 4098
5315 21 3649
5416 50 4726
5414 68 1476
5516 33 365
5316 18 4995
5417 11 791
5415 24 5265
5517 42 5904
5317 23 1824
5418 94 2913
5416 36 3463
5518 15 582
5318 72 5132
5419 97 4070
5417 93 5404
5519 19 2358
5319 37 3363
5420 10 3089
5418 16 4826
5520 81 4197
5320 88 4483
5421 90 994
5419 44 160
5521 37 3392
5321 79 3698
5422 54 5449
5420 96 5466
5522 66 97
5322 95 5301
5423 31 1414
5421 62 4571
5523 32 5919
5323 78 4548
5424 34 1602
5422 65 1809
5524 84 5686
5324 26 223
5425 97 3530
5423 17 2317
5525 29 190
5325 75 2754
5426 84 2143
5424 43 362
5526 30 5404
5326 21 2926
5427 44 2138
5425 39 4835
5527 94 1117
5327 11 4473
5428 99 2497
5426 31 923
5528 54 4314
5328 62 1063
5429 51 4208
5427 27 3432
5529 89 1084
5329 22 4176
5430 36 1299
5428 64 3103
5530 73 2003
5330 88 3746
5431 97 2768
5429 97 5492
5531 25 4616
5331 64 523
5432 41 1595
5430 96 1578
5532 33 2722
5332 13 4315
5433 93 2606
5431 73 3478
5533 67 4240
5333 59 2647
5434 59 113
5432 25 2628
5534 72 2554
5334 37 2791
5435 33 1450
5433 72 164
5535 90 2078
5335 41 4634
5436 26 348
5434 19 2040
5536 50 112
5336 66 524
5437 49 2280
5435 74 2230
5537 75 5369
5337 58 753
5438 100 4925
5436 66 3265
5538 80 2532
5338 38 4357
5439 14 5922
5437 85 2700
5539 69 5905
5339 58 2217
5440 38 717
5438 75 1630
5540 61 4439
5340 59 4821
5441 86 1490
5439 59 4284
5541 87 2844
5341 93 3744
5442 85 4710
5440 54 2580
5542 82 2823
5342 16 5288
5443 26 4676
5441 21 991
5543 86 2492
5343 69 540
5444 94 2998
5442 30 4715
5544 26 5928
5344 59 3400
5445 86 5398
5443 31 5299
5545 45 1966
5345 51 4011
5446 21 2835
5444 52 3121
5546 61 4669
5346 15 4919
5447 11 5340
5445 13 214
5547 59 2136
5347 40 201
5448 49 4839
5446 81 4872
5548 81 2561
5348 18 2330
5449 54 5673
5447 92 5221
5549 53 2112
5349 100 630
5450 34 4026
5448 64 5348
5550 38 3536
5350 79 1778
5451 90 1747
5449 67 3196
5551 38 121
5351 42 226
5452 66 961
5450 44 4550
5552 72 4930
5352 36 2858
5453 91 4702
5451 91 3300
5553 45 4245
5353 15 4646
5454 63 690
5452 48 5171
5554 15 572
5354 75 1623
5455 89 2876
5453 95 1374
5555 12 3855
5355 31 3013
5456 70 2159
5454 61 4220
5556 60 642
5356 93 1125
5457 98 4311
5455 35 3092
5557 30 2906
5357 11 3303
5458 68 5558
5456 91 584
5558 20 4767
5358 84 4769
5459 64 5333
5457 46 1894
5559 55 3476
5359 20 5474
5460 39 1735
5458 10 909
5560 60 1586
5360 30 1413
5461 69 4589
5459 45 3058
5561 15 3502
5361 86 5500
5462 69 3402
5460 94 3260
5562 89 579
5362 74 3573
5463 73 3703
5461 24 1258
5563 79 2962
5363 81 585
5464 38 1331
5462 82 1805
5564 38 4111
5364 22 627
5465 25 1020
5463 90 3839
5565 33 5647
5365 31 5607
5466 56 4404
5464 43 5531
5566 18 352
5366 10 614
5467 31 3427
5465 87 2850
5567 47 239
5367 70 1662
5468 99 2820
5466 65 3998
5568 43 3358
5368 49 2340
5469 45 1539
5467 73 506
5569 43 84
5369 73 2589
5470 79 3692
5468 46 1933
5570 47 3887
5370 27 5553
5471 94 1526
5469 80 2157
5571 69 3580
5371 47 1289
5472 94 565
5470 90 902
5572 42 5507
5372 81 2275
5473 11 4636
5471 39 4751
5573 21 2383
5373 50 250
5474 18 1860
5472 89 358
5574 40 356
5374 66 4803
5475 13 3833
5473 64 4444
5575 52 1109
5375 36 2162
5476 65 1877
5474 14 4698
5576 75 5263
5376 42 3684
5477 62 1405
5475 62 2589
5577 34 2177
5377 98 5186
5478 66 1327
5476 66 302
5578 89 3846
5378 19 113
5479 54 3833
5477 90 1069
5579 49 2198
5379 95 3798
5480 54 3435
5478 36 3742
5580 82 2196
5380 67 4393
5481 63 1087
5479 34 4563
5581 31 2723
5381 35 3432
5482 61 2915
5480 80 3527
5582 69 1660
5382 90 3105
5483 43 4432
5481 62 3201
5583 68 5345
5383 85 911
5484 81 3474
5482 29 5558
5584 83 1808
5384 10 3040
5485 37 1299
5483 67 1010
5585 13 1522
5385 50 4482
5486 94 195
5484 37 4833
5586 49 2441
5386 31 833
5487 23 1629
5485 15 5653
5587 15 2571
5387 88 4284
5488 99 1570
5486 58 1672
5588 60 3545
5388 33 3377
5489 29 2158
5487 91 1606
5589 35 1753
5389 83 5067
5490 60 2978
5488 27 4611
5590 67 3406
5390 81 219
5491 83 688
5489 40 1476
5591 62 593
5391 69 3705
5492 45 2409
5490 49 5032
5592 81 2181
5392 29 2945
5493 76 1987
5491 11 1641
5593 85 352
5393 52 3546
5494 57 3591
5492 51 3397
5594 64 379
5394 75 2859
5495 48 9
5493 66 2146
5595 33 2096
5395 20 1371
5496 97 666
5494 91 3976
5596 89 2547
5396 71 4135
5497 96 2434
5495 84 3305
5597 97 1082
5397 34 3620
5498 17 3448
5496 19 4835
5598 96 4939
5398 73 1462
5499 93 3265
5497 56 3449
5599 67 315
5399 36 557
5500 13 2146
5498 28 1623
5600 74 1611
5400 47 5146
5499 10 4674
5601 41 2065
5401 40 5921
5502 72 4633
5602 98 4364
5402 16 5383
5503 68 733
5501 50 1991
5603 85 255
5403 35 859
5504 34 4694
5502 62 1855
5604 10 365
5404 35 5579
5505 91 1753
5503 60 670
5605 39 608
5405 21 1959
5506 96 2251
5504 54 1563
5606 29 5887
5406 52 341
5507 95 3467
5505 14 1328
5607 20 5822
5407 87 5200
5508 38 1668
5506 20 3995
5608 57 2118
5408 54 523
5509 51 4229
5507 32 4420
5609 49 2126
5409 54 2270
5510 47 4490
5508 64 4691
5610 62 2789
5410 41 831
5511 89 2999
5509 49 5205
5611 58 2255
5411 76 861
5512 23 5631
5510 59 2723
5612 71 2572
5412 82 69
5513 18 1974
5511 66 4000
5613 14 1488
5413 67 5006
5514 78 5770
5512 45 4813
5614 83 3805
5414 83 4191
5515 80 3644
5513 11 5603
5615 47 314
5415 63 3122
5516 72 4435
5514 20 580
5616 77 1978
5416 12 899
5517 53 4508
5515 86 2389
5617 21 2735
5417 55 3543
5518 19 253
5516 20 3686
5618 32 2931
5418 36 2569
5519 92 3035
5517 78 2264
5619 24 5010
5419 90 3862
5520 31 2833
5518 56 3193
5620 37 4612
5420 44 650
5521 76 645
5519 63 895
5621 63 2343
5421 48 935
5522 34 1328
5520 42 782
5622 22 3645
5422 46 1781
5523 61 404
5521 75 2556
5623 27 5537
5423 61 3307
5524 28 4028
5522 87 4435
5624 36 5265
5424 75 5023
5525 23 1212
5523 46 1757
5625 36 4121
5425 14 61
5526 74 5032
5524 85 630
5626 70 2260
5426 100 3509
5527 53 4853
5525 23 2731
5627 88 573
5427 54 3310
5528 26 1191
5526 50 4394
5628 32 1446
5428 46 945
5529 70 2665
5527 11 1143
5629 17 3093
5429 72 2973
5530 51 1245
5528 94 1116
5630 23 3122
5430 50 3891
5531 53 2478
5529 50 2424
5631 25 332
5431 37 1601
5532 93 2158
5530 27 2439
5632 95 4619
5432 25 2918
5533 39 5676
5531 52 1656
5633 32 566
5433 64 442
5534 33 5838
5532 64 3515
5634 85 1886
5434 61 1384
5535 87 5927
5533 51 1821
5635 12 1021
5435 12 3949
5536 50 5524
5534 30 5320
5636 82 661
5436 76 1352
5537 96 205
5535 53 4806
5637 19 3727
5437 86 1775
5538 88 263
5536 14 4934
5638 100 1425
5438 41 1155
5539 36 1684
5537 77 5804
5639 21 3456
5439 66 5353
5540 87 3621
5538 15 897
5640 65 4976
5440 68 2788
5541 55 5434
5539 32 49
5641 67 1098
5441 13 3356
5542 36 2366
5540 70 3649
5642 26 5079
5442 11 2256
5543 38 977
5541 33 4268
5643 63 1450
5443 29 3659
5544 63 3202
5542 92 2092
5644 77 841
5444 30 2787
5545 71 2491
5543 69 719
5645 68 4413
5445 51 4353
5546 92 5102
5544 47 3814
5646 55 2476
5446 99 5409
5547 77 2051
5545 33 2608
5647 14 2228
5447 55 761
5548 88 4225
5546 49 207
5648 88 108
5448 61 169
5549 71 3987
5547 22 4640
5649 61 4854
5449 96 1120
5550 22 1228
5548 49 3327
5650 70 2947
5450 51 2308
5551 74 3672
5549 94 2326
5651 80 1853
5451 57 5374
5552 65 97
5550 79 5571
5652 14 4259
5452 23 874
5553 91 236
5551 21 4173
5653 72 1062
5453 73 3428
5554 62 4816
5552 54 5647
5654 62 5558
5454 43 4719
5555 25 2696
5553 63 668
5655 18 2052
5455 29 4225
5556 28 1830
5554 49 4575
5656 58 3963
5456 69 1459
5557 90 3719
5555 73 1977
5657 63 3605
5457 50 4325
5558 99 4529
5556 67 5162
5658 48 3524
5458 68 2691
5559 21 463
5557 12 4590
5659 84 2262
5459 71 1846
5560 18 640
5558 49 1584
5660 53 3425
5460 38 315
5561 65 2789
5559 89 4928
5661 100 1322
5461 58 2036
5562 47 5914
5560 99 5742
5662 37 4665
5462 61 4756
5563 12 2728
5561 75 1740
5663 50 808
5463 43 2960
5564 30 312
5562 85 3794
5664 59 4094
5464 72 5366
5565 53 5560
5563 91 2009
5665 30 3011
5465 30 2170
5566 87 2307
5564 29 4301
5666 97 4523
5466 33 904
5567 77 1735
5565 38 1748
5667 15 215
5467 83 1421
5568 70 3324
5566 100 4619
5668 35 76
5468 57 3568
5569 93 120
5567 18 4787
5669 23 4104
5469 82 3510
5570 56 2877
5568 17 3294
5670 95 4156
5470 38 3380
5571 65 1860
5569 28 2787
5671 95 5552
5471 24 5109
5572 37 1687
5570 13 4748
5672 72 2632
5472 33 3461
5573 97 1882
5571 71 417
5673 70 523
5473 82 4884
5574 71 5166
5572 35 4497
5674 71 386
5474 54 1950
5575 61 4491
5573 14 5391
5675 72 1218
5475 27 5568
5576 89 5014
5574 34 2433
5676 70 5404
5476 72 1493
5577 69 622
5575 80 1103
5677 83 3445
5477 51 5537
5578 67 2543
5576 94 2618
5678 72 2318
5478 54 4341
5579 42 4920
5577 88 5277
5679 17 5813
5479 94 372
5580 14 708
5578 51 2698
5680 74 339
5480 86 8
5581 48 5531
5579 97 3893
5681 50 5737
5481 25 209
5582 19 4673
5580 89 4814
5682 22 3608
5482 33 3474
5583 33 4131
5581 31 1606
5683 45 2160
5483 94 1552
5584 17 671
5582 67 4576
5684 28 4522
5484 23 2297
5585 43 758
5583 28 4600
5685 54 3236
5485 31 2542
5586 30 2659
5584 12 2463
5686 67 1938
5486 55 1958
5587 88 3796
5585 23 2034
5687 12 5633
5487 25 1690
5588 45 2523
5586 68 4751
5688 34 5338
5488 61 3768
5589 95 5926
5587 31 1781
5689 89 4266
5489 24 1772
5590 83 5507
5588 65 3274
5690 93 1740
5490 42 3521
5591 71 1499
5589 91 489
5691 65 474
5491 14 1628
5592 65 4825
5590 52 4553
5692 34 3749
5492 58 2053
5593 96 1526
5591 32 3076
5693 72 4801
5493 35 2183
5594 64 879
5592 34 591
5694 52 1160
5494 85 5569
5595 81 5324
5593 82 390
5695 82 1284
5495 43 717
5596 99 3470
5594 31 1890
5696 98 973
5496 11 95
5597 72 815
5595 88 3328
5697 87 4101
5497 34 2186
5598 31 3713
5596 44 4361
5698 43 1560
5498 70 5697
5599 96 5779
5597 39 4886
5699 17 1514
5499 63 2036
5600 64 2282
5598 27 712
5700 94 5582
5500 70 770
5599 50 1705
5701 17 4718
5501 46 1406
5602 12 5012
5702 29 1500
5502 18 545
5603 21 5393
5601 58 420
5703 68 3796
5503 97 3796
5604 46 5815
5602 92 442
5704 77 852
5504 52 2560
5605 58 2564
5603 34 3751
5705 66 949
5505 50 2658
5606 63 2700
5604 62 2979
5706 88 3009
5506 62 2288
5607 54 5530
5605 43 1706
5707 38 4166
5507 93 464
5608 21 3181
5606 17 2728
5708 71 1152
5508 40 476
5609 73 1852
5607 20 5609
5709 47 207
5509 67 5203
5610 66 3984
5608 65 541
5710 24 3107
5510 43 2118
5611 96 3511
5609 99 1685
5711 82 2815
5511 80 5517
5612 57 4518
5610 63 3378
5712 21 1573
5512 19 4354
5613 43 5032
5611 59 2613
5713 22 2036
5513 12 2803
5614 41 2582
5612 17 3757
5714 45 1013
5514 49 3740
5615 53 3669
5613 77 5689
5715 25 4620
5515 32 3134
5616 44 4396
5614 54 3273
5716 79 2321
5516 40 4234
5617 59 1763
5615 80 3202
5717 96 610
5517 69 3336
5618 99 2636
5616 41 1540
5718 54 4648
5518 22 5514
5619 19 5418
5617 62 182
5719 31 1816
5519 92 1941
5620 98 3510
5618 65 4686
5720 81 5563
5520 46 3896
5621 55 3870
5619 98 3101
5721 63 220
5521 20 704
5622 59 1517
5620 83 1571
5722 86 218
5522 56 3920
5623 32 4522
5621 64 4905
5723 67 1696
5523 29 3327
5624 35 368
5622 60 2852
5724 95 1725
5524 91 4440
5625 36 4214
5623 50 5564
5725 63 4857
5525 47 2320
5626 33 2374
5624 60 1080
5726 57 4534
5526 74 1130
5627 11 5251
5625 24 5919
5727 18 3243
5527 12 2407
5628 71 942
5626 77 3152
5728 46 4261
5528 50 2049
5629 28 270
5627 83 3182
5729 40 1670
5529 39 1782
5630 65 246
5628 29 3992
5730 21 747
5530 69 3514
5631 59 5046
5629 50 1691
5731 74 198
5531 31 1414
5632 38 3945
5630 57 5456
5732 55 2185
5532 89 4806
5633 95 1658
5631 37 5491
5733 82 3933
5533 83 4940
5634 17 1284
5632 96 2518
5734 89 1848
5534 29 5731
5635 18 1960
5633 67 172
5735 28 1189
5535 18 383
5636 17 5683
5634 24 4088
5736 69 4011
5536 75 5731
5637 58 3888
5635 14 3579
5737 98 1567
5537 40 1744
5638 81 3329
5636 42 1909
5738 70 2130
5538 38 2648
5639 27 1544
5637 63 956
5739 50 2916
5539 48 2196
5640 46 4247
5638 49 572
5740 66 3466
5540 86 4108
5641 86 1133
5639 13 5838
5741 28 4427
5541 63 681
5642 21 920
5640 95 2156
5742 88 1380
5542 54 4013
5643 21 699
5641 98 3651
5743 51 930
5543 85 2978
5644 38 5658
5642 48 4123
5744 41 1636
5544 51 427
5645 82 841
5643 83 3283
5745 52 1672
5545 76 5856
5646 100 4304
5644 64 2000
5746 90 2876
5546 54 2201
5647 12 901
5645 95 5036
5747 50 5387
5547 79 92
5648 29 2026
5646 76 5558
5748 58 3281
5548 83 818
5649 50 3805
5647 65 3971
5749 42 3911
5549 73 3915
5650 32 2191
5648 39 1454
5750 90 5607
5550 57 5822
5651 25 1880
5649 30 2492
5751 71 2926
5551 29 3930
5652 58 2252
5650 11 2919
5752 68 65
5552 77 3444
5653 85 4670
5651 37 1675
5753 51 788
5553 41 0
5654 86 2822
5652 79 5428
5754 22 1673
5554 78 5551
5655 62 1769
5653 56 4572
5755 85 3034
5555 19 2807
5656 80 970
5654 56 3638
5756 13 4763
5556 87 2685
5657 22 1584
5655 31 910
5757 81 5181
5557 37 3113
5658 97 2257
5656 53 5706
5758 87 3117
5558 48 5601
5659 97 4770
5657 33 2808
5759 72 48
5559 62 1327
5660 12 3434
5658 70 5818
5760 42 1669
5560 78 2008
5661 25 740
5659 90 3866
5761 31 3541
5561 31 2300
5662 92 3061
5660 35 5791
5762 81 3099
5562 28 1564
5663 57 3204
5661 82 617
5763 55 2977
5563 45 3558
5664 89 3100
5662 90 2251
5764 36 2453
5564 38 385
5665 86 5623
5663 37 4513
5765 49 3313
5565 99 2303
5666 63 964
5664 53 2192
5766 11 4022
5566 97 2230
5667 49 4376
5665 44 340
5767 91 1954
5567 68 3989
5668 85 5696
5666 65 4569
5768 22 4510
5568 84 4723
5669 73 5283
5667 78 2406
5769 97 220
5569 38 3092
5670 11 1773
5668 99 3129
5770 76 4226
5570 84 1677
5671 22 3043
5669 48 5911
5771 46 918
5571 19 5588
5672 71 3713
5670 81 2336
5772 19 97
5572 13 4914
5673 59 1615
5671 29 867
5773 25 4848
5573 53 971
5674 77 3719
5672 25 92
5774 60 2270
5574 32 4339
5675 10 2976
5673 22 5607
5775 77 2607
5575 98 1592
5676 73 5789
5674 29 4390
5776 89 1368
5576 50 5380
5677 74 5003
5675 33 3534
5777 56 2373
5577 61 587
5678 27 1781
5676 75 4433
5778 49 3145
5578 75 191
5679 49 5646
5677 91 4985
5779 86 1937
5579 87 3957
5680 55 3024
5678 28 3751
5780 40 4534
5580 64 2259
5681 97 3608
5679 85 1369
5781 91 4973
5581 12 5385
5682 61 1973
5680 31 824
5782 98 2062
5582 53 446
5683 28 3616
5681 18 2638
5783 16 1408
5583 87 5711
5684 18 1219
5682 62 2293
5784 81 4420
5584 98 5394
5685 10 564
5683 100 1394
5785 35 3776
5585 95 5529
5686 33 3380
5684 46 4114
5786 53 4281
5586 95 902
5687 82 1832
5685 40 153
5787 92 3792
5587 34 3618
5688 74 5938
5686 12 4718
5788 47 1141
5588 60 1400
5689 48 1315
5687 15 4883
5789 77 5902
5589 30 3869
5690 67 2693
5688 29 3468
5790 55 1397
5590 67 2736
5691 38 5517
5689 43 1219
5791 30 1668
5591 16 3274
5692 36 4546
5690 78 3298
5792 85 1972
5592 31 5294
5693 79 2456
5691 32 3795
5793 93 2169
5593 11 1015
5694 85 1863
5692 75 1885
5794 98 1467
5594 14 815
5695 88 3483
5693 26 1907
5795 54 2422
5595 35 1353
5696 95 736
5694 90 5817
5796 73 364
5596 55 1309
5697 73 1054
5695 46 5783
5797 40 3500
5597 38 3987
5698 19 5599
5696 57 706
5798 38 598
5598 71 4389
5699 94 108
5697 80 3977
5799 74 2599
5599 43 5275
5700 49 5117
5698 86 2128
5800 68 2472
5600 30 549
5699 38 5783
5801 19 948
5601 64 4150
5702 89 4939
5802 84 2378
5602 81 5667
5703 43 1226
5701 29 2837
5803 30 1755
5603 51 2631
5704 76 3074
5702 26 5765
5804 51 4742
5604 52 1549
5705 11 5297
5703 96 4953
5805 25 3745
5605 67 4317
5706 44 2538
5704 42 3052
5806 88 1825
5606 95 2399
5707 56 5875
5705 49 1022
5807 68 1645
5607 75 5304
5708 13 1013
5706 88 613
5808 63 3
5608 54 3642
5709 87 5
5707 70 2776
5809 88 2120
5609 39 2945
5710 38 3401
5708 75 1877
5810 87 38
5610 57 4232
5711 23 4817
5709 94 3732
5811 22 2704
5611 84 3785
5712 69 2407
5710 59 4019
5812 47 2639
5612 48 3546
5713 54 4534
5711 84 1519
5813 60 5178
5613 88 376
5714 22 5569
5712 24 2466
5814 71 5805
5614 29 3416
5715 32 476
5713 87 4424
5815 18 4057
5615 86 2448
5716 77 3786
5714 37 2879
5816 26 5409
5616 10 1659
5717 32 245
5715 52 3887
5817 17 5801
5617 73 4586
5718 17 4794
5716 96 4189
5818 78 4249
5618 85 3983
5719 100 4634
5717 72 1878
5819 62 1019
5619 90 512
5720 80 2681
5718 79 796
5820 35 5107
5620 41 4509
5721 17 530
5719 12 805
5821 66 5421
5621 48 4340
5722 54 271
5720 84 3597
5822 69 2505
5622 75 227
5723 11 3830
5721 28 4458
5823 51 4763
5623 97 269
5724 92 967
5722 31 1535
5824 56 1371
5624 65 5615
5725 43 85
5723 84 1200
5825 52 1185
5625 68 4835
5726 41 839
5724 34 2715
5826 56 2200
5626 15 4143
5727 18 1297
5725 66 1944
5827 93 4185
5627 99 3155
5728 57 3579
5726 53 961
5828 37 2982
5628 86 3327
5729 36 1265
5727 69 1605
5829 46 1624
5629 94 260
5730 19 3738
5728 40 5436
5830 74 2217
5630 64 470
5731 35 4652
5729 33 3968
5831 69 3491
5631 60 717
5732 96 2747
5730 65 5153
5832 19 5385
5632 19 80
5733 53 4800
5731 54 5534
5833 31 3648
5633 86 5339
5734 38 1943
5732 17 4969
5834 39 2291
5634 14 1829
5735 70 3146
5733 70 2248
5835 74 1149
5635 77 3735
5736 32 1122
5734 98 4999
5836 14 4157
5636 26 2055
5737 86 4794
5735 86 3362
5837 78 952
5637 26 5724
5738 99 2970
5736 25 2171
5838 90 4315
5638 71 4796
5739 13 707
5737 62 5510
5839 33 1530
5639 30 5468
5740 41 2260
5738 30 2920
5840 31 2934
5640 84 5456
5741 21 2139
5739 36 2009
5841 61 2413
5641 48 954
5742 98 3772
5740 73 5142
5842 12 2900
5642 84 5291
5743 31 5518
5741 17 5559
5843 98 5196
5643 76 2542
5744 41 3362
5742 59 1133
5844 87 512
5644 50 5409
5745 87 1832
5743 78 1358
5845 73 1307
5645 44 5884
5746 29 4974
5744 51 2384
5846 67 1998
5646 80 2075
5747 73 3484
5745 25 3787
5847 95 1017
5647 39 4674
5748 60 5677
5746 25 5023
5848 13 5446
5648 49 871
5749 19 5702
5747 42 262
5849 78 3166
5649 79 1783
5750 57 1319
5748 52 3803
5850 19 1329
5650 52 5209
5751 70 3932
5749 78 548
5851 46 288
5651 26 2913
5752 63 5765
5750 89 544
5852 97 809
5652 67 1685
5753 63 2694
5751 32 4779
5853 35 4149
5653 28 2455
5754 44 4703
5752 75 1173
5854 52 4854
5654 87 4482
5755 74 4734
5753 70 1855
5855 25 494
5655 68 5116
5756 15 4268
5754 77 5692
5856 78 597
5656 31 877
5757 21 4342
5755 93 2536
5857 84 1046
5657 50 4706
5758 31 1217
5756 62 3759
5858 90 4936
5658 86 1842
5759 31 4462
5757 97 5767
5859 86 2574
5659 81 4977
5760 84 1706
5758 98 1244
5860 86 4397
5660 75 3052
5761 67 5761
5759 45 3806
5861 27 4308
5661 36 2129
5762 95 1492
5760 77 2951
5862 21 3827
5662 53 1619
5763 87 1366
5761 25 2711
5863 47 1270
5663 55 2521
5764 18 4313
5762 17 5881
5864 82 3818
5664 78 5291
5765 80 2419
5763 71 5895
5865 23 2694
5665 36 163
5766 71 3902
5764 81 3455
5866 59 1325
5666 92 3019
5767 27 4481
5765 24 762
5867 71 2092
5667 73 5066
5768 51 3536
5766 50 4054
5868 38 5494
5668 86 1973
5769 83 3922
5767 30 4352
5869 51 3971
5669 90 3431
5770 40 5255
5768 33 2596
5870 87 3500
5670 75 4356
5771 99 4719
5769 25 1587
5871 39 228
5671 50 3124
5772 91 5004
5770 40 5274
5872 30 5186
5672 63 3315
5773 10 5290
5771 65 4236
5873 63 3616
5673 69 3845
5774 70 2020
5772 67 1757
5874 84 3288
5674 95 5052
5775 50 4180
5773 93 508
5875 34 2265
5675 16 390
5776 62 2108
5774 56 623
5876 99 4164
5676 54 1862
5777 66 2763
5775 14 2289
5877 78 1122
5677 71 4339
5778 74 655
5776 84 3069
5878 95 4332
5678 34 4435
5779 55 3658
5777 87 1540
5879 66 5873
5679 62 3578
5780 29 875
5778 13 3917
5880 74 3478
5680 25 2446
5781 42 1528
5779 60 5318
5881 17 2760
5681 34 5114
5782 89 3000
5780 62 47
5882 84 3664
5682 37 621
5783 29 3394
5781 22 2696
5883 74 3914
5683 23 1460
5784 25 5515
5782 58 4322
5884 50 378
5684 11 1473
5785 57 4117
5783 10 1814
5885 31 2806
5685 53 131
5786 85 2414
5784 24 4882
5886 92 4146
5686 87 1775
5787 84 5033
5785 63 3193
5887 20 2289
5687 18 3499
5788 82 543
5786 66 5637
5888 11 1349
5688 45 311
5789 50 62
5787 63 1379
5889 63 2447
5689 62 4265
5790 86 4576
5788 10 3741
5890 71 5234
5690 28 5261
5791 19 4687
5789 31 4282
5891 22 4984
5691 61 5755
5792 44 1613
5790 35 5764
5892 74 5494
5692 77 665
5793 60 150
5791 40 5772
5893 74 2279
5693 54 4494
5794 70 466
5792 49 3292
5894 21 5221
5694 10 5760
5795 100 730
5793 78 3510
5895 39 747
5695 57 2960
5796 16 4191
5794 12 188
5896 47 2482
5696 36 2687
5797 100 304
5795 99 1333
5897 42 2172
5697 49 1987
5798 16 4196
5796 40 5423
5898 17 626
5698 59 1129
5799 94 2207
5797 93 1137
5899 16 2583
5699 84 2226
5800 94 1656
5798 19 3303
5900 49 3405
5700 60 640
5799 31 3337
5901 51 5196
5701 19 963
5802 91 5757
5902 12 5828
5702 26 5244
5803 28 1570
5801 88 2568
5903 40 147
5703 80 5419
5804 96 2129
5802 44 2738
5904 29 5439
5704 14 5783
5805 50 5063
5803 29 3156
5905 52 4510
5705 75 1391
5806 69 3747
5804 100 715
5906 89 2618
5706 80 1360
5807 22 431
5805 28 5567
5907 15 813
5707 85 174
5808 40 4917
5806 31 4375
5908 20 5161
5708 28 5136
5809 60 4254
5807 50 4187
5909 83 1095
5709 97 1491
5810 17 5258
5808 18 2115
5910 61 1519
5710 41 1681
5811 22 3753
5809 20 2581
5911 65 190
5711 28 3747
5812 93 4167
5810 93 247
5912 71 70
5712 66 1422
5813 80 5871
5811 89 2590
5913 33 924
5713 52 4887
5814 16 2457
5812 21 4550
5914 38 4922
5714 75 2122
5815 49 3408
5813 53 4686
5915 81 552
5715 40 2006
5816 23 1128
5814 50 2796
5916 80 285
5716 13 2004
5817 67 2224
5815 34 5032
5917 78 5148
5717 14 764
5818 26 2716
5816 65 5442
5918 52 4374
5718 75 2055
5819 26 3270
5817 64 1217
5919 47 4552
5719 68 3416
5820 39 5369
5818 41 449
5920 46 4825
5720 53 2670
5821 87 1994
5819 66 3596
5921 21 3933
5721 77 2017
5822 85 3536
5820 95 5461
5922 62 504
5722 23 1587
5823 60 5429
5821 25 2146
5923 14 4553
5723 29 2
5824 96 3951
5822 76 4158
5924 32 892
5724 31 3808
5825 27 1044
5823 95 4392
5925 87 1646
5725 37 501
5826 88 3913
5824 69 1785
5926 58 2066
5726 50 3278
5827 84 4368
5825 17 840
5927 85 1103
5727 19 5056
5828 98 2569
5826 41 264
5928 57 5375
5728 54 4633
5829 52 485
5827 50 1117
5929 70 2357
5729 43 2940
5830 69 1299
5828 62 3087
5930 80 1380
5730 89 1628
5831 30 1682
5829 68 474
5931 10 4255
5731 29 1934
5832 17 4267
5830 35 3897
5932 87 4690
5732 13 2901
5833 56 75
5831 74 4110
5933 20 2038
5733 76 3634
5834 70 2795
5832 20 4979
5934 12 1767
5734 39 1870
5835 39 4288
5833 79 5396
5935 35 694
5735 49 1607
5836 78 4642
5834 91 5532
5936 67 1744
5736 81 5879
5837 13 619
5835 51 3943
5937 52 1017
5737 70 4327
5838 36 4622
5836 15 4472
5938 57 5686
5738 78 4743
5839 48 1681
5837 97 4287
5939 97 2946
5739 25 3016
5840 47 957
5838 70 3576
5940 79 5239
5740 69 698
5841 38 4567
5839 44 1675
5941 95 2176
5741 30 2187
5842 48 1413
5840 40 2462
5942 71 5889
5742 23 768
5843 11 297
5841 83 4839
5943 88 3657
5743 11 3180
5844 50 3732
5842 89 3784
5944 42 447
5744 49 1160
5845 37 567
5843 10 872
5945 62 4706
5745 82 1808
5846 84 510
5844 61 586
5946 78 3532
5746 84 1486
5847 44 1747
5845 70 5341
5947 24 1467
5747 62 2381
5848 97 570
5846 40 1884
5948 93 5861
5748 36 840
5849 14 604
5847 11 2644
5949 30 53
5749 76 2779
5850 75 2002
5848 81 644
5950 83 599
5750 28 3105
5851 70 1767
5849 67 3459
5951 87 805
5751 47 4234
5852 46 375
5850 56 2228
5952 25 5800
5752 91 2015
5853 14 1810
5851 75 1975
5953 57 3576
5753 83 3610
5854 19 4393
5852 16 5474
5954 88 2808
5754 52 930
5855 39 1739
5853 45 4776
5955 81 1563
5755 42 2947
5856 38 497
5854 72 5607
5956 79 894
5756 58 2434
5857 75 5925
5855 72 4626
5957 63 2559
5757 95 4324
5858 30 5142
5856 69 4997
5958 12 2168
5758 100 2664
5859 76 2975
5857 25 3047
5959 56 4699
5759 75 5004
5860 96 4821
5858 70 2165
5960 81 1999
5760 100 455
5861 71 4418
5859 27 3720
5961 95 3961
5761 42 5067
5862 64 779
5860 69 3743
5962 24 1321
5762 97 5170
5863 87 2769
5861 43 5151
5963 14 4861
5763 89 4593
5864 22 1826
5862 69 4090
5964 17 5719
5764 63 150
5865 98 2818
5863 42 3998
5965 28 5297
5765 39 3381
5866 31 3528
5864 49 4136
5966 24 549
5766 50 5632
5867 19 5526
5865 18 3207
5967 54 4756
5767 51 5405
5868 100 307
5866 22 1379
5968 84 4687
5768 59 2313
5869 88 15
5867 68 3310
5969 59 1523
5769 51 1033
5870 20 2539
5868 68 734
5970 83 5081
5770 94 2689
5871 34 4125
5869 52 3004
5971 71 440
5771 59 2112
5872 89 2859
5870 13 5800
5972 61 5529
5772 61 4202
5873 80 775
5871 76 2492
5973 83 3914
5773 99 1304
5874 92 2286
5872 67 1508
5974 67 3658
5774 42 5307
5875 51 3412
5873 23 4129
5975 54 2009
5775 22 4684
5876 41 4508
5874 95 280
5976 90 1202
5776 73 4401
5877 41 4759
5875 56 5463
5977 28 3167
5777 20 548
5878 94 2921
5876 14 2091
5978 49 5127
5778 93 1879
5879 53 1657
5877 95 4426
5979 82 3871
5779 14 2099
5880 22 567
5878 44 1700
5980 85 2532
5780 93 2465
5881 10 2726
5879 10 2295
5981 32 226
5781 14 3936
5882 35 3365
5880 60 1848
5982 51 1242
5782 85 1353
5883 19 4407
5881 27 2788
5983 93 2836
5783 54 5641
5884 43 2076
5882 55 709
5984 63 2724
5784 54 5431
5885 95 3573
5883 75 2815
5985 63 5101
5785 57 5560
5886 41 435
5884 96 996
5986 26 2565
5786 49 5075
5887 32 4898
5885 68 4796
5987 83 912
5787 95 2068
5888 42 5404
5886 45 5523
5988 19 2451
5788 86 2111
5889 60 4213
5887 27 4401
5989 25 3668
5789 31 3873
5890 96 820
5888 42 5006
5990 90 2871
5790 19 5059
5891 54 1059
5889 15 1707
5991 29 2428
5791 27 421
5892 57 4515
5890 78 4774
5992 12 934
5792 28 1709
5893 56 4890
5891 87 5063
5993 27 4498
5793 66 4206
5894 75 516
5892 10 4800
5994 70 5410
5794 40 843
5895 91 3485
5893 92 2994
5995 82 5326
5795 32 230
5896 46 4488
5894 78 1057
5996 56 965
5796 38 4885
5897 95 4901
5895 100 3792
5997 87 4728
5797 51 1064
5898 20 337
5896 87 2581
5998 85 3401
5798 99 3274
5899 16 4221
5897 82 648
5999 61 2115
5799 29 634
5900 68 13
5898 56 3894
6000 64 5596
5800 46 857
5899 70 2984
6001 81 1252
5801 66 4241
5902 83 5897
6002 51 3034
5802 92 1671
5903 71 4699
5901 61 1546
6003 28 3733
5803 33 320
5904 13 1438
5902 34 524
6004 52 3864
5804 86 2338
5905 31 3425
5903 87 2465
6005 74 5719
5805 89 2333
5906 20 3911
5904 25 626
6006 76 68
5806 30 160
5907 36 2300
5905 74 3519
6007 53 501
5807 75 5256
5908 16 4124
5906 52 1710
6008 43 405
5808 85 2599
5909 86 5389
5907 50 5176
6009 97 1178
5809 92 3534
5910 39 2902
5908 88 2430
6010 58 2158
5810 23 5189
5911 92 3709
5909 96 3667
6011 83 2088
5811 71 5495
5912 24 1631
5910 37 1156
6012 71 3871
5812 22 4763
5913 98 1675
5911 97 5266
6013 81 4991
5813 41 1065
5914 76 1910
5912 99 1921
6014 23 1337
5814 78 3430
5915 38 5409
5913 66 1924
6015 99 242
5815 99 1157
5916 91 3301
5914 67 2409
6016 78 429
5816 47 1927
5917 27 4761
5915 24 1109
6017 71 1698
5817 44 4884
5918 16 932
5916 90 723
6018 10 666
5818 31 426
5919 87 2041
5917 34 2625
6019 77 5839
5819 27 2190
5920 76 2687
5918 28 554
6020 80 536
5820 91 4266
5921 34 4693
5919 29 2774
6021 31 1377
5821 43 1848
5922 51 5704
5920 15 596
6022 41 1401
5822 31 3660
5923 75 417
5921 49 4177
6023 92 4635
5823 99 2506
5924 79 1608
5922 16 4724
6024 99 2348
5824 23 5909
5925 27 3415
5923 94 5793
6025 91 4107
5825 37 3760
5926 85 927
5924 51 3034
6026 57 344
5826 77 3060
5927 12 2646
5925 43 406
6027 47 5624
5827 31 391
5928 31 2423
5926 18 5392
6028 98 3643
5828 97 1851
5929 16 5789
5927 10 3890
6029 88 2232
5829 58 5308
5930 53 980
5928 84 173
6030 73 1383
5830 41 5415
5931 21 918
5929 62 1049
6031 87 5842
5831 87 5563
5932 48 5689
5930 17 3762
6032 41 5722
5832 100 5720
5933 19 4709
5931 73 2734
6033 52 1475
5833 18 3078
5934 70 1277
5932 82 5182
6034 31 4274
5834 38 1043
5935 48 1471
5933 42 5114
6035 67 3923
5835 95 1426
5936 93 1188
5934 76 3633
6036 54 2746
5836 73 3194
5937 33 2332
5935 84 2288
6037 96 5913
5837 44 3485
5938 100 2354
5936 71 3799
6038 38 228
5838 67 3712
5939 88 2766
5937 75 5279
6039 11 3186
5839 32 1177
5940 84 4958
5938 50 4366
6040 33 283
5840 96 3036
5941 26 2534
5939 48 2752
6041 31 1300
5841 32 4169
5942 48 1545
5940 17 1930
6042 28 2239
5842 97 2401
5943 80 3254
5941 12 139
6043 79 475
5843 81 4424
5944 75 5708
5942 97 1940
6044 70 5022
5844 38 5319
5945 61 2066
5943 66 4590
6045 16 3285
5845 86 174
5946 40 4266
5944 91 3202
6046 30 3052
5846 38 866
5947 22 4402
5945 16 833
6047 57 1122
5847 18 3820
5948 61 2916
5946 51 1338
6048 41 3265
5848 92 2126
5949 56 1945
5947 93 2815
6049 73 2778
5849 32 1828
5950 26 10
5948 50 2900
6050 76 5434
5850 49 594
5951 50 3805
5949 53 4904
6051 88 1451
5851 10 1734
5952 47 1074
5950 49 3432
6052 36 3488
5852 36 3500
5953 42 305
5951 38 3590
6053 23 3639
5853 71 5324
5954 72 1116
5952 27 4263
6054 50 3132
5854 94 3344
5955 82 542
5953 36 1813
6055 70 3672
5855 100 4648
5956 74 964
5954 40 4852
6056 81 2478
5856 98 1572
5957 68 5898
5955 92 3202
6057 43 5523
5857 26 2027
5958 50 3313
5956 45 3275
6058 46 3528
5858 42 479
5959 63 4957
5957 50 737
6059 21 561
5859 43 2788
5960 75 3588
5958 87 2470
6060 38 4039
5860 22 26
5961 26 5038
5959 12 3894
6061 26 5129
5861 57 2210
5962 51 993
5960 98 3119
6062 92 4997
5862 17 2762
5963 96 1564
5961 50 3328
6063 79 2280
5863 56 2970
5964 65 830
5962 78 5058
6064 70 3984
5864 16 1595
5965 92 4906
5963 84 2159
6065 45 2036
5865 94 1548
5966 74 3000
5964 68 4732
6066 46 2555
5866 34 5031
5967 10 4944
5965 24 1595
6067 14 2339
5867 20 131
5968 15 2622
5966 19 2763
6068 37 4358
5868 79 1661
5969 99 2628
5967 74 4965
6069 59 2269
5869 72 565
5970 86 1647
5968 39 2425
6070 13 510
5870 66 4551
5971 15 5717
5969 84 5694
6071 84 534
5871 85 1279
5972 88 1083
5970 99 4338
6072 13 4643
5872 69 2166
5973 11 70
5971 90 3327
6073 41 3364
5873 67 2791
5974 41 4661
5972 72 1320
6074 84 597
5874 10 3359
5975 55 2333
5973 52 1599
6075 82 3400
5875 26 72
5976 61 4789
5974 90 2395
6076 93 1071
5876 11 5644
5977 95 1309
5975 95 466
6077 66 275
5877 58 1876
5978 46 1989
5976 68 1537
6078 54 1519
5878 36 5800
5979 48 5099
5977 51 5401
6079 88 2671
5879 32 4575
5980 72 3464
5978 50 5310
6080 74 673
5880 76 4421
5981 28 4204
5979 63 2188
6081 64 4628
5881 100 5347
5982 35 1487
5980 39 797
6082 38 457
5882 63 58
5983 11 3066
5981 99 5926
6083 76 5642
5883 25 4192
5984 82 5703
5982 36 4359
6084 98 3555
5884 59 1589
5985 89 4735
5983 100 1293
6085 83 3869
5885 28 816
5986 50 1589
5984 74 2754
6086 20 2980
5886 65 2618
5987 13 2406
5985 96 3961
6087 15 1228
5887 16 3982
5988 15 1466
5986 29 5609
6088 46 4061
5888 81 1179
5989 93 3650
5987 61 3528
6089 86 116
5889 17 2221
5990 85 2799
5988 24 2199
6090 52 3626
5890 50 2748
5991 95 5280
5989 43 2586
6091 87 1192
5891 55 5622
5992 58 997
5990 55 4781
6092 18 1896
5892 53 2360
5993 29 4365
5991 91 3468
6093 37 4926
5893 11 889
5994 47 5660
5992 95 5273
6094 50 1095
5894 49 5414
5995 51 2755
5993 13 3650
6095 85 4548
5895 17 5336
5996 25 1367
5994 87 5701
6096 93 2979
5896 78 3824
5997 25 4505
5995 26 2099
6097 73 3520
5897 64 4959
5998 58 4110
5996 41 4614
6098 51 1182
5898 31 1674
5999 78 444
5997 80 995
6099 16 4736
5899 88 639
6000 84 2442
5998 10 247
6100 19 1837
5900 12 2594
5999 91 5508
6101 38 3186
5901 12 3078
6002 43 2681
6102 69 3482
5902 33 2329
6003 61 2722
6001 61 2939
6103 17 780
5903 92 264
6004 54 1683
6002 43 1825
6104 35 217
5904 93 1430
6005 50 4909
6003 16 1585
6105 69 959
5905 57 2486
6006 42 1158
6004 28 1096
6106 61 4824
5906 33 5858
6007 89 5138
6005 55 3459
6107 25 4623
5907 74 522
6008 95 3035
6006 33 2826
6108 51 5544
5908 90 664
6009 36 1510
6007 98 818
6109 88 1585
5909 84 2525
6010 28 3500
6008 48 4637
6110 75 285
5910 35 2274
6011 77 1339
6009 68 546
6111 55 5113
5911 52 1949
6012 95 2255
6010 77 3930
6112 71 3383
5912 68 289
6013 57 5154
6011 33 5774
6113 33 1258
5913 12 5755
6014 52 628
6012 91 4803
6114 45 1541
5914 43 29
6015 44 5247
6013 53 5353
6115 95 130
5915 40 3587
6016 26 5238
6014 28 3667
6116 74 1303
5916 69 3109
6017 99 2871
6015 79 4829
6117 76 3470
5917 48 357
6018 99 3878
6016 68 4630
6118 73 5342
5918 61 1392
6019 28 2618
6017 100 3823
6119 47 5560
5919 14 3311
6020 11 5136
6018 88 1668
6120 54 1363
5920 65 911
6021 38 1706
6019 68 3655
6121 67 5364
5921 24 3306
6022 46 5406
6020 34 629
6122 41 2620
5922 17 962
6023 32 5148
6021 26 247
6123 72 4983
5923 62 4471
6024 29 4386
6022 62 4973
6124 90 4617
5924 49 5415
6025 13 5586
6023 89 5149
6125 68 2416
5925 21 1677
6026 65 1202
6024 26 4502
6126 38 2977
5926 35 5601
6027 98 4447
6025 77 5907
6127 31 1557
5927 99 5733
6028 65 4253
6026 45 5024
6128 75 2525
5928 33 4144
6029 47 1764
6027 14 1834
6129 53 4115
5929 95 3564
6030 68 3080
6028 28 152
6130 60 2363
5930 38 3482
6031 90 195
6029 40 3520
6131 74 3726
5931 64 2673
6032 15 2126
6030 48 1579
6132 45 178
5932 77 113
6033 59 3022
6031 15 5933
6133 88 4893
5933 73 3983
6034 13 4327
6032 62 5815
6134 42 4574
5934 23 1400
6035 97 4785
6033 46 4548
6135 88 5087
5935 47 2293
6036 58 569
6034 33 4500
6136 95 268
5936 88 5923
6037 49 3407
6035 45 3178
6137 63 5333
5937 53 879
6038 34 2360
6036 12 2102
6138 32 5211
5938 40 1152
6039 29 4050
6037 12 5623
6139 26 437
5939 16 2011
6040 91 5299
6038 80 4788
6140 51 3513
5940 77 814
6041 62 5336
6039 40 4193
6141 89 3485
5941 68 929
6042 93 4802
6040 20 1856
6142 66 423
5942 34 5488
6043 99 2750
6041 56 2913
6143 80 2799
5943 26 1050
6044 50 884
6042 40 3924
6144 42 5575
5944 64 1535
6045 31 2835
6043 84 666
6145 74 2262
5945 48 4912
6046 72 2976
6044 64 4824
6146 11 2141
5946 28 3999
6047 15 1979
6045 80 2935
6147 18 1517
5947 99 1547
6048 29 5897
6046 17 644
6148 32 2266
5948 95 956
6049 44 2530
6047 27 781
6149 21 1804
5949 31 2828
6050 54 5279
6048 38 3083
6150 17 4416
5950 60 5797
6051 68 4567
6049 51 4159
6151 98 910
5951 76 4443
6052 69 3797
6050 33 4296
6152 29 3944
5952 40 1494
6053 72 5762
6051 78 3712
6153 87 901
5953 62 2968
6054 27 562
6052 94 4064
6154 12 1419
5954 18 3694
6055 19 4347
6053 10 2294
6155 33 5644
5955 43 5494
6056 39 5245
6054 61 5864
6156 78 2739
5956 12 3986
6057 64 885
6055 97 3331
6157 34 4701
5957 93 4927
6058 70 396
6056 12 3953
6158 73 2225
5958 83 4208
6059 19 1607
6057 29 5803
6159 84 1634
5959 99 4592
6060 36 1915
6058 69 3073
6160 85 1432
5960 48 3112
6061 100 2909
6059 85 1107
6161 78 3597
5961 75 1327
6062 22 4922
6060 55 2194
6162 33 386
5962 34 5698
6063 41 1708
6061 41 2012
6163 60 3444
5963 14 2123
6064 32 2707
6062 94 206
6164 83 5194
5964 88 3282
6065 15 5365
6063 97 5310
6165 46 887
5965 29 2706
6066 60 1373
6064 19 4867
6166 75 1653
5966 40 3594
6067 17 264
6065 43 227
6167 20 5786
5967 29 3048
6068 44 3746
6066 41 5046
6168 73 3171
5968 50 2237
6069 100 351
6067 63 2730
6169 89 4370
5969 43 3339
6070 26 4406
6068 45 3620
6170 41 3396
5970 70 815
6071 87 1920
6069 98 1927
6171 58 2797
5971 41 2260
6072 29 617
6070 78 4667
6172 99 5128
5972 43 4204
6073 39 858
6071 62 2570
6173 51 5053
5973 17 4795
6074 31 3920
6072 49 3031
6174 97 3443
5974 52 256
6075 40 1308
6073 88 3027
6175 22 5861
5975 74 1824
6076 29 969
6074 52 4985
6176 68 1067
5976 99 3756
6077 87 4387
6075 49 4109
6177 24 5571
5977 25 5555
6078 97 2579
6076 13 3580
6178 13 688
5978 33 3101
6079 20 51
6077 91 117
6179 42 283
5979 20 4738
6080 67 1365
6078 89 2565
6180 27 984
5980 18 2821
6081 31 2707
6079 76 5860
6181 98 4093
5981 14 939
6082 27 3504
6080 37 1873
6182 28 524
5982 52 1915
6083 46 4543
6081 42 590
6183 41 5854
5983 18 4945
6084 44 5919
6082 70 2374
6184 40 3301
5984 88 2411
6085 22 3441
6083 17 3332
6185 60 2175
5985 18 548
6086 58 2517
6084 79 410
6186 64 3261
5986 11 4551
6087 68 561
6085 85 5181
6187 75 3638
5987 83 3321
6088 27 3355
6086 51 4816
6188 20 78
5988 44 2552
6089 29 4775
6087 62 4372
6189 89 5470
5989 47 5500
6090 87 1030
6088 42 3120
6190 32 4328
5990 43 2705
6091 70 2796
6089 73 3851
6191 26 1636
5991 79 1220
6092 54 3474
6090 69 239
6192 49 4437
5992 70 3555
6093 87 5009
6091 43 1210
6193 45 5500
5993 83 5288
6094 38 4915
6092 14 4455
6194 21 5625
5994 12 738
6095 80 4966
6093 23 4178
6195 23 2506
5995 15 2765
6096 78 2956
6094 88 3254
6196 74 4527
5996 51 2476
6097 81 1875
6095 57 143
6197 50 1840
5997 100 3721
6098 53 1495
6096 20 1052
6198 67 3707
5998 94 4820
6099 94 4232
6097 84 5303
6199 58 5676
5999 99 4449
6100 46 2181
6098 100 524
6200 75 5894
6000 32 4097
6099 36 2080
6201 43 4013
6001 91 2637
6102 42 4201
6202 81 4198
6002 40 1636
6103 86 5806
6101 100 4112
6203 78 2149
6003 44 674
6104 34 1079
6102 100 4771
6204 71 458
6004 66 368
6105 72 4034
6103 34 3279
6205 17 1243
6005 33 1101
6106 58 5936
6104 72 4547
6206 46 5317
6006 44 2652
6107 42 2056
6105 17 4975
6207 37 4508
6007 20 4622
6108 85 2170
6106 84 128
6208 17 270
6008 29 184
6109 13 1100
6107 36 1167
6209 17 5069
6009 21 3976
6110 28 5187
6108 14 5804
6210 49 1681
6010 88 35
6111 60 5566
6109 92 5935
6211 60 232
6011 53 3195
6112 91 5814
6110 55 1231
6212 65 4369
6012 29 765
6113 23 3012
6111 21 5654
6213 28 5129
6013 49 537
6114 46 2736
6112 16 3364
6214 12 5429
6014 40 680
6115 75 4149
6113 41 1173
6215 37 5219
6015 70 4522
6116 36 720
6114 62 3395
6216 69 31
6016 93 3782
6117 63 2994
6115 61 3340
6217 27 1566
6017 73 3982
6118 87 5482
6116 69 5277
6218 79 2037
6018 32 3923
6119 73 3525
6117 67 4771
6219 70 1371
6019 64 1631
6120 45 5577
6118 93 2766
6220 73 4756
6020 11 723
6121 80 5909
6119 14 2671
6221 53 5211
6021 31 4754
6122 67 297
6120 95 5626
6222 12 675
6022 55 5743
6123 52 2842
6121 44 2080
6223 47 3472
6023 26 2331
6124 55 2568
6122 49 5808
6224 56 825
6024 57 4142
6125 16 5687
6123 34 4087
6225 62 1635
6025 26 5237
6126 90 68
6124 74 1893
6226 79 3794
6026 95 3700
6127 77 1542
6125 50 3807
6227 60 4918
6027 56 1073
6128 22 573
6126 39 4029
6228 55 2155
6028 54 1783
6129 15 1054
6127 96 1150
6229 57 131
6029 27 2863
6130 13 2288
6128 18 508
6230 25 5856
6030 62 4127
6131 91 2381
6129 81 4121
6231 20 1909
6031 25 3577
6132 69 5911
6130 53 4858
6232 81 4945
6032 14 1727
6133 61 4273
6131 85 4074
6233 93 1159
6033 85 5057
6134 40 5472
6132 87 5823
6234 87 2093
6034 48 5830
6135 47 4327
6133 57 299
6235 20 2898
6035 63 2880
6136 20 4176
6134 42 95
6236 28 1221
6036 72 3457
6137 84 4807
6135 12 4376
6237 65 2891
6037 90 4254
6138 61 4227
6136 35 3280
6238 40 2386
6038 24 4048
6139 98 5922
6137 60 2082
6239 36 4559
6039 84 991
6140 93 180
6138 30 4509
6240 67 303
6040 30 485
6141 37 373
6139 72 1352
6241 96 5912
6041 60 2999
6142 73 864
6140 63 3221
6242 90 478
6042 59 495
6143 66 5089
6141 25 2554
6243 29 4752
6043 84 4043
6144 41 4942
6142 46 3112
6244 48 2512
6044 87 2701
6145 10 1801
6143 21 5722
6245 52 3613
6045 16 5879
6146 48 5681
6144 52 3185
6246 62 1344
6046 88 136
6147 96 1257
6145 44 2332
6247 18 453
6047 35 2395
6148 60 1235
6146 76 1863
6248 79 1542
6048 86 4874
6149 96 120
6147 75 4676
6249 27 5365
6049 63 2134
6150 22 4236
6148 29 1643
6250 23 2100
6050 10 5868
6151 23 4682
6149 30 3970
6251 17 5685
6051 96 698
6152 14 5442
6150 79 3180
6252 62 2012
6052 66 3469
6153 94 180
6151 41 5269
6253 87 3498
6053 29 287
6154 98 3106
6152 18 5649
6254 68 2863
6054 98 4276
6155 85 3891
6153 81 4956
6255 50 5526
6055 32 2970
6156 64 4558
6154 30 2633
6256 11 4884
6056 56 223
6157 62 2941
6155 21 2301
6257 98 3814
6057 62 17
6158 72 4319
6156 62 3182
6258 13 106
6058 28 4587
6159 84 860
6157 86 3722
6259 90 326
6059 30 2326
6160 57 1966
6158 25 5606
6260 46 4429
6060 41 1650
6161 66 5760
6159 75 297
6261 27 3740
6061 11 4888
6162 23 5187
6160 76 5234
6262 54 606
6062 53 1168
6163 69 3157
6161 89 5705
6263 50 3753
6063 66 4207
6164 58 2361
6162 76 1614
6264 95 4643
6064 26 2007
6165 47 2751
6163 78 3230
6265 20 5754
6065 54 931
6166 33 2923
6164 66 1558
6266 95 2016
6066 43 4971
6167 40 4152
6165 97 388
6267 51 4778
6067 18 3827
6168 92 2847
6166 100 5835
6268 71 1559
6068 43 1524
6169 75 275
6167 70 959
6269 55 944
6069 35 3200
6170 25 3019
6168 35 706
6270 99 2830
6070 99 3831
6171 36 3230
6169 24 4077
6271 61 1683
6071 91 3923
6172 83 90
6170 35 1237
6272 33 3073
6072 41 3185
6173 45 2896
6171 92 1691
6273 17 5001
6073 71 5057
6174 27 1678
6172 55 3304
6274 11 1058
6074 98 2603
6175 20 2531
6173 17 4568
6275 41 1439
6075 54 3875
6176 94 2562
6174 97 3069
6276 59 1757
6076 62 4042
6177 13 962
6175 60 5172
6277 96 5589
6077 75 2928
6178 90 2185
6176 72 2614
6278 37 2508
6078 41 1298
6179 87 3211
6177 28 4647
6279 35 5103
6079 38 5547
6180 26 4082
6178 42 5047
6280 75 2443
6080 67 3427
6181 90 3448
6179 47 5462
6281 24 2347
6081 54 1522
6182 53 3275
6180 50 207
6282 23 1612
6082 84 5639
6183 70 4684
6181 53 2487
6283 51 1284
6083 50 4019
6184 68 745
6182 48 615
6284 57 3897
6084 51 5045
6185 28 785
6183 18 4665
6285 10 2631
6085 60 2772
6186 12 4718
6184 74 3421
6286 69 1730
6086 98 4287
6187 35 5176
6185 54 3475
6287 30 4903
6087 34 2963
6188 36 2158
6186 69 5517
6288 97 4841
6088 19 2980
6189 62 5007
6187 46 3858
6289 67 4214
6089 13 4291
6190 90 2009
6188 54 5323
6290 27 5100
6090 13 3906
6191 87 1923
6189 75 2449
6291 14 1840
6091 37 1104
6192 75 3724
6190 42 4362
6292 37 4293
6092 14 5187
6193 80 4768
6191 91 574
6293 59 3879
6093 97 4206
6194 93 4501
6192 46 4486
6294 34 4368
6094 11 201
6195 39 972
6193 19 118
6295 19 4362
6095 49 1723
6196 96 2770
6194 92 3474
6296 52 4171
6096 84 2434
6197 17 5170
6195 29 953
6297 33 3195
6097 83 5665
6198 16 3397
6196 42 3919
6298 80 2953
6098 53 5563
6199 100 1928
6197 16 1191
6299 46 2415
6099 77 4513
6200 72 3545
6198 41 1508
6300 11 3935
6100 94 4823
6199 70 4
6301 60 3863
6101 57 5726
6202 46 2678
6302 60 546
6102 41 862
6203 49 4077
6201 38 5605
6303 79 2686
6103 57 4362
6204 23 2503
6202 76 249
6304 57 5276
6104 13 1560
6205 87 715
6203 39 5644
6305 22 3514
6105 36 3277
6206 41 1984
6204 58 1428
6306 88 90
6106 37 4912
6207 41 3551
6205 42 5549
6307 46 4262
6107 10 3284
6208 96 1203
6206 57 5274
6308 58 2243
6108 88 2312
6209 15 5693
6207 38 3222
6309 63 1566
6109 22 1752
6210 97 3891
6208 24 5587
6310 76 2347
6110 61 1887
6211 67 5152
6209 60 1822
6311 65 3240
6111 85 291
6212 93 4361
6210 82 742
6312 82 2195
6112 94 3828
6213 78 262
6211 25 5301
6313 43 1114
6113 47 1538
6214 35 1437
6212 92 235
6314 92 5144
6114 90 3732
6215 94 3700
6213 58 1636
6315 25 1821
6115 65 1334
6216 50 4432
6214 23 4785
6316 21 680
6116 78 2125
6217 30 1819
6215 11 1811
6317 43 3997
6117 43 2798
6218 54 4582
6216 59 2760
6318 93 4128
6118 27 5258
6219 41 2214
6217 39 5731
6319 61 5142
6119 80 897
6220 50 4906
6218 22 1286
6320 78 5056
6120 66 427
6221 74 3216
6219 14 5657
6321 23 2403
6121 88 3707
6222 98 2657
6220 30 960
6322 41 3295
6122 57 3960
6223 37 1899
6221 68 2477
6323 99 2459
6123 55 5333
6224 84 3486
6222 79 1615
6324 22 1131
6124 63 2292
6225 54 5168
6223 20 1950
6325 70 997
6125 29 1548
6226 92 4862
6224 33 3792
6326 62 2893
6126 14 5926
6227 95 4180
6225 58 3921
6327 72 5558
6127 65 275
6228 42 1244
6226 42 614
6328 75 1972
6128 33 1237
6229 35 1536
6227 94 2909
6329 58 2629
6129 25 1294
6230 47 4856
6228 64 224
6330 77 4433
6130 43 2930
6231 61 1870
6229 41 2922
6331 18 1893
6131 77 3368
6232 77 5811
6230 96 475
6332 58 1589
6132 39 4635
6233 86 5753
6231 75 5918
6333 38 5811
6133 48 1932
6234 29 3293
6232 82 4073
6334 70 5925
6134 88 3524
6235 93 4156
6233 78 2959
6335 28 5313
6135 42 5475
6236 20 2486
6234 88 713
6336 17 5425
6136 31 4188
6237 65 5292
6235 79 4049
6337 98 4379
6137 99 1859
6238 16 4532
6236 34 2820
6338 87 2948
6138 69 1804
6239 50 5095
6237 64 4767
6339 29 2152
6139 71 4064
6240 78 1737
6238 92 3735
6340 46 227
6140 99 306
6241 39 1929
6239 59 4438
6341 58 2283
6141 27 451
6242 59 3356
6240 43 2279
6342 89 4758
6142 11 3796
6243 22 4491
6241 47 70
6343 33 5654
6143 46 3930
6244 35 1836
6242 23 1068
6344 65 5651
6144 43 4725
6245 73 4857
6243 53 3409
6345 85 4236
6145 66 2668
6246 43 2841
6244 47 4384
6346 100 466
6146 71 1633
6247 57 5644
6245 96 3189
6347 97 5643
6147 29 242
6248 11 1735
6246 40 2075
6348 57 118
6148 71 3798
6249 81 1515
6247 89 5773
6349 18 2103
6149 91 3127
6250 22 3739
6248 76 4528
6350 67 5113
6150 57 2154
6251 56 439
6249 25 4797
6351 52 3269
6151 14 4001
6252 40 3448
6250 84 1547
6352 22 1044
6152 63 1829
6253 64 2360
6251 42 947
6353 82 4019
6153 60 5804
6254 87 3902
6252 48 3546
6354 34 4442
6154 31 2539
6255 63 3235
6253 77 5032
6355 25 5827
6155 43 2101
6256 37 678
6254 89 1715
6356 86 4912
6156 86 2003
6257 90 1849
6255 78 4590
6357 46 3774
6157 39 683
6258 39 4134
6256 16 4227
6358 100 1404
6158 32 3655
6259 70 5790
6257 73 1007
6359 92 5927
6159 41 86
6260 95 3739
6258 12 784
6360 33 3617
6160 36 1315
6261 87 1898
6259 65 970
6361 27 2675
6161 89 2183
6262 14 3125
6260 56 2794
6362 57 5073
6162 66 5537
6263 91 59
6261 57 3302
6363 45 1362
6163 22 2230
6264 13 197
6262 63 3597
6364 42 1836
6164 65 4946
6265 14 4117
6263 82 5741
6365 56 2852
6165 94 3452
6266 33 5893
6264 20 2342
6366 59 5055
6166 55 3400
6267 81 5282
6265 14 4460
6367 80 1958
6167 11 4679
6268 50 5796
6266 38 4884
6368 52 3079
6168 73 2558
6269 12 5194
6267 82 5641
6369 64 5793
6169 61 2425
6270 98 5834
6268 91 382
6370 34 3094
6170 19 5619
6271 24 288
6269 76 1948
6371 74 1782
6171 64 5543
6272 55 5393
6270 31 5744
6372 94 5161
6172 21 3057
6273 84 4367
6271 37 2511
6373 85 4861
6173 63 1461
6274 50 414
6272 35 4442
6374 45 5720
6174 16 2977
6275 56 2712
6273 19 435
6375 17 3150
6175 45 1189
6276 68 5604
6274 42 5417
6376 31 3346
6176 52 4754
6277 72 3765
6275 52 1267
6377 76 1614
6177 37 4729
6278 13 3805
6276 75 3048
6378 90 608
6178 46 400
6279 13 5269
6277 88 4550
6379 69 3719
6179 21 1999
6280 10 2364
6278 12 453
6380 89 3008
6180 68 3220
6281 82 1102
6279 42 4613
6381 93 5242
6181 11 4313
6282 72 192
6280 29 3096
6382 85 4351
6182 72 1370
6283 12 5872
6281 97 1329
6383 35 256
6183 29 4094
6284 13 3472
6282 90 1977
6384 64 1762
6184 36 448
6285 27 4873
6283 77 2166
6385 21 913
6185 46 1119
6286 46 1058
6284 62 2397
6386 17 1137
6186 67 4570
6287 24 5353
6285 31 1338
6387 12 3908
6187 60 4688
6288 83 2225
6286 51 5231
6388 20 2249
6188 53 1398
6289 35 2748
6287 13 1091
6389 85 2638
6189 85 5192
6290 26 5550
6288 64 5306
6390 46 1002
6190 14 5140
6291 94 451
6289 78 3812
6391 52 1556
6191 99 3194
6292 65 2329
6290 95 2282
6392 27 3408
6192 86 2353
6293 63 1214
6291 17 3890
6393 30 2080
6193 79 5648
6294 51 4562
6292 100 2066
6394 18 3280
6194 76 1140
6295 81 1639
6293 29 1553
6395 39 3963
6195 49 2277
6296 26 5772
6294 86 4480
6396 89 688
6196 60 4738
6297 47 3714
6295 62 950
6397 72 3346
6197 97 5231
6298 49 1729
6296 86 4712
6398 12 2546
6198 20 3569
6299 81 3397
6297 13 2942
6399 60 5535
6199 10 3799
6300 71 4928
6298 11 2979
6400 39 5021
6200 72 5399
6299 67 321
6401 36 48
6201 54 1930
6302 85 1943
6402 40 2332
6202 45 4233
6303 41 1737
6301 81 379
6403 63 2434
6203 62 3782
6304 87 2824
6302 34 1992
6404 16 4816
6204 80 1507
6305 66 566
6303 11 3511
6405 65 3723
6205 42 3461
6306 98 5147
6304 29 5724
6406 39 3935
6206 75 2497
6307 49 3486
6305 79 4468
6407 85 1260
6207 68 279
6308 53 2939
6306 29 5644
6408 87 4275
6208 69 5559
6309 49 3785
6307 90 2892
6409 65 4803
6209 61 772
6310 22 2998
6308 98 2148
6410 16 640
6210 88 436
6311 48 5382
6309 57 1379
6411 84 4671
6211 20 3681
6312 41 3234
6310 36 4277
6412 62 4561
6212 97 2107
6313 91 598
6311 33 4862
6413 49 4291
6213 15 1812
6314 96 2018
6312 49 621
6414 81 1025
6214 89 135
6315 20 4733
6313 33 3454
6415 10 3562
6215 30 2383
6316 66 3434
6314 88 5846
6416 71 5556
6216 97 620
6317 57 1567
6315 77 892
6417 76 2119
6217 66 5533
6318 96 2332
6316 28 1799
6418 26 4944
6218 39 3143
6319 100 1814
6317 67 2912
6419 75 279
6219 28 1328
6320 43 5694
6318 51 4503
6420 98 2445
6220 91 1544
6321 73 4079
6319 18 4525
6421 82 4164
6221 67 551
6322 40 2408
6320 14 1707
6422 64 1211
6222 34 524
6323 89 602
6321 54 3070
6423 25 5806
6223 80 4678
6324 57 3962
6322 66 1922
6424 83 3711
6224 38 4965
6325 78 569
6323 33 3544
6425 32 5877
6225 23 5557
6326 51 4994
6324 11 5434
6426 91 5615
6226 36 4802
6327 27 2211
6325 74 1623
6427 55 3294
6227 57 259
6328 36 3004
6326 69 4936
6428 20 4384
6228 40 1787
6329 11 2034
6327 100 2336
6429 80 5812
6229 90 1621
6330 75 1547
6328 91 4437
6430 10 2597
6230 55 3020
6331 38 5774
6329 60 1027
6431 78 3441
6231 85 4845
6332 36 4116
6330 25 2616
6432 78 3966
6232 16 4047
6333 68 2710
6331 48 275
6433 32 3211
6233 50 4938
6334 85 2577
6332 64 4474
6434 82 3792
6234 63 2732
6335 22 2084
6333 42 2801
6435 74 3183
6235 81 5170
6336 21 4473
6334 13 3334
6436 76 3569
6236 12 2757
6337 43 4870
6335 64 3693
6437 14 4331
6237 72 5353
6338 68 3819
6336 49 5850
6438 47 3225
6238 62 5129
6339 75 4472
6337 82 831
6439 22 4681
6239 94 2931
6340 55 685
6338 11 817
6440 94 4794
6240 41 4872
6341 67 5227
6339 49 4985
6441 48 2426
6241 65 2044
6342 86 2196
6340 39 292
6442 91 2562
6242 48 458
6343 97 3343
6341 31 3296
6443 51 2726
6243 94 5906
6344 41 1784
6342 31 1816
6444 59 835
6244 34 285
6345 76 5850
6343 28 5523
6445 29 420
6245 12 3311
6346 57 561
6344 50 2344
6446 70 4718
6246 83 2885
6347 74 259
6345 45 5520
6447 47 5607
6247 39 5645
6348 94 74
6346 73 645
6448 44 4167
6248 28 1301
6349 33 629
6347 61 1089
6449 31 3856
6249 49 2799
6350 88 184
6348 39 158
6450 85 2850
6250 28 2801
6351 73 4098
6349 47 3845
6451 72 3203
6251 72 607
6352 72 5793
6350 65 437
6452 85 2191
6252 31 1379
6353 48 2275
6351 73 74
6453 83 5520
6253 31 1644
6354 51 1256
6352 25 5119
6454 86 2056
6254 66 4450
6355 40 2693
6353 89 2150
6455 64 2463
6255 13 4493
6356 91 979
6354 49 435
6456 71 4763
6256 16 5588
6357 57 3741
6355 17 34
6457 67 3236
6257 45 2729
6358 23 5575
6356 67 4775
6458 86 2164
6258 99 2456
6359 94 5243
6357 90 4805
6459 31 1482
6259 81 2764
6360 58 3086
6358 26 5133
6460 56 1559
6260 81 1012
6361 87 1805
6359 12 4918
6461 50 5505
6261 28 2506
6362 26 2793
6360 32 5096
6462 71 5346
6262 69 1600
6363 52 1320
6361 23 2449
6463 68 1057
6263 28 1236
6364 98 2763
6362 20 4850
6464 78 510
6264 40 2482
6365 54 449
6363 48 562
6465 87 4130
6265 84 1513
6366 59 2901
6364 25 3224
6466 30 2672
6266 55 3448
6367 89 2677
6365 20 3314
6467 50 1729
6267 76 2930
6368 51 2390
6366 94 3513
6468 45 820
6268 18 1502
6369 92 644
6367 95 2260
6469 95 2960
6269 87 2047
6370 92 2054
6368 27 636
6470 75 3515
6270 84 981
6371 55 816
6369 54 4646
6471 39 1544
6271 53 2804
6372 82 3858
6370 20 598
6472 21 1043
6272 10 1329
6373 28 938
6371 77 3984
6473 83 2013
6273 15 2401
6374 35 2704
6372 18 3962
6474 25 359
6274 91 5287
6375 76 2547
6373 41 5125
6475 42 36
6275 80 3683
6376 67 2022
6374 98 4935
6476 77 5784
6276 38 715
6377 90 2600
6375 82 1620
6477 78 1513
6277 80 2113
6378 40 36
6376 70 3557
6478 79 856
6278 80 4404
6379 85 4767
6377 48 3493
6479 30 1289
6279 30 5390
6380 63 1694
6378 76 846
6480 97 5011
6280 84 2479
6381 91 3622
6379 80 767
6481 45 4064
6281 13 5884
6382 82 2820
6380 79 3067
6482 35 1624
6282 87 1588
6383 85 517
6381 19 4667
6483 79 4146
6283 74 5545
6384 52 4841
6382 54 4958
6484 54 1408
6284 23 1609
6385 11 2480
6383 67 550
6485 26 4242
6285 80 4679
6386 19 2362
6384 28 5649
6486 58 1005
6286 83 3493
6387 60 1389
6385 52 4544
6487 17 5148
6287 38 5418
6388 74 1676
6386 95 5735
6488 11 2797
6288 30 4496
6389 33 5334
6387 81 2677
6489 77 4913
6289 17 2840
6390 65 4995
6388 70 3495
6490 51 3834
6290 75 2855
6391 64 1186
6389 98 4048
6491 77 2673
6291 57 2196
6392 26 3403
6390 42 2070
6492 61 5337
6292 91 5268
6393 89 2298
6391 23 4971
6493 71 2888
6293 23 5178
6394 67 2782
6392 72 2387
6494 74 1858
6294 82 5285
6395 21 5639
6393 98 3988
6495 10 3977
6295 53 752
6396 29 2781
6394 37 3169
6496 15 4014
6296 38 5265
6397 26 4474
6395 95 511
6497 69 5073
6297 81 424
6398 85 970
6396 59 3805
6498 70 1905
6298 15 3654
6399 85 4706
6397 50 3133
6499 43 3881
6299 88 113
6400 23 1654
6398 70 5122
6500 87 1106
6300 91 161
6399 36 119
6501 37 1610
6301 41 5089
6402 96 4715
6502 78 2127
6302 99 1722
6403 54 1330
6401 41 4697
6503 58 2376
6303 43 1755
6404 96 5819
6402 87 2996
6504 23 2816
6304 67 1553
6405 31 5484
6403 82 4001
6505 28 5620
6305 56 5872
6406 49 5131
6404 83 2960
6506 60 2139
6306 49 2760
6407 51 1521
6405 90 5300
6507 52 1067
6307 51 2524
6408 15 885
6406 68 4588
6508 81 907
6308 92 2024
6409 39 1100
6407 77 3860
6509 14 4109
6309 68 3639
6410 67 3780
6408 17 3772
6510 79 5751
6310 63 3747
6411 10 5622
6409 73 1370
6511 71 963
6311 47 4334
6412 40 429
6410 91 2110
6512 57 1894
6312 92 1345
6413 21 2901
6411 60 3050
6513 57 2839
6313 36 5531
6414 61 1319
6412 46 1100
6514 38 5555
6314 20 3034
6415 34 1392
6413 52 2950
6515 96 3768
6315 22 575
6416 46 2103
6414 66 4098
6516 51 2092
6316 23 2582
6417 81 80
6415 94 5760
6517 25 2202
6317 63 4805
6418 86 3659
6416 99 4038
6518 52 4664
6318 24 4820
6419 13 5622
6417 84 4776
6519 14 2865
6319 24 4159
6420 52 1014
6418 96 3929
6520 40 5835
6320 61 1363
6421 77 1712
6419 65 5341
6521 62 4499
6321 76 3361
6422 90 4967
6420 15 3510
6522 22 2367
6322 62 5836
6423 45 5753
6421 80 2984
6523 13 4222
6323 10 2193
6424 23 696
6422 38 4055
6524 62 2452
6324 67 2924
6425 25 1335
6423 42 904
6525 15 4116
6325 40 1060
6426 11 1040
6424 100 333
6526 63 975
6326 88 3369
6427 10 4433
6425 45 2913
6527 22 1664
6327 20 4970
6428 34 2342
6426 49 395
6528 90 3734
6328 99 1288
6429 44 1732
6427 28 2151
6529 66 5579
6329 54 5484
6430 81 387
6428 50 23
6530 11 5422
6330 13 1301
6431 41 1595
6429 49 5783
6531 12 2313
6331 85 3495
6432 46 3637
6430 78 2802
6532 14 3000
6332 83 4153
6433 95 1001
6431 43 802
6533 74 4244
6333 54 4291
6434 65 2098
6432 72 780
6534 25 3490
6334 28 3893
6435 93 121
6433 84 2674
6535 96 2637
6335 76 1645
6436 29 2429
6434 96 998
6536 75 2271
6336 45 1902
6437 15 5044
6435 27 5204
6537 100 2046
6337 41 3875
6438 85 3293
6436 86 776
6538 24 831
6338 37 3469
6439 65 614
6437 54 4336
6539 52 4963
6339 64 2073
6440 56 5585
6438 29 5299
6540 70 584
6340 15 1165
6441 73 1767
6439 68 1370
6541 85 342
6341 55 2242
6442 36 2549
6440 18 200
6542 98 4625
6342 75 3065
6443 51 4766
6441 95 2228
6543 15 1386
6343 71 1869
6444 25 5839
6442 62 1987
6544 44 1015
6344 22 3562
6445 60 546
6443 37 2143
6545 47 4292
6345 29 3645
6446 98 2984
6444 17 4587
6546 29 4572
6346 45 1011
6447 94 4716
6445 72 3933
6547 28 605
6347 22 1450
6448 56 3627
6446 80 814
6548 20 3310
6348 89 3476
6449 94 1471
6447 95 2951
6549 31 1564
6349 23 2212
6450 24 4203
6448 83 5379
6550 82 1988
6350 86 5128
6451 17 5771
6449 98 1308
6551 26 3176
6351 53 4004
6452 64 1305
6450 85 4255
6552 89 1430
6352 19 5209
6453 27 2284
6451 20 3552
6553 16 3154
6353 75 5262
6454 54 3538
6452 43 183
6554 91 3498
6354 76 2402
6455 86 890
6453 61 1724
6555 95 2746
6355 13 4598
6456 94 2967
6454 26 4798
6556 91 3953
6356 26 862
6457 71 3219
6455 12 2478
6557 48 1498
6357 17 3046
6458 89 5860
6456 68 578
6558 68 3553
6358 45 1765
6459 82 3130
6457 38 742
6559 74 3184
6359 22 4420
6460 47 3266
6458 58 3568
6560 48 408
6360 34 5528
6461 38 783
6459 16 1683
6561 42 2298
6361 30 108
6462 54 775
6460 57 5609
6562 21 3160
6362 23 2047
6463 60 924
6461 21 4119
6563 45 5303
6363 77 2162
6464 58 2702
6462 49 4586
6564 22 2384
6364 54 4073
6465 20 5662
6463 35 2693
6565 58 4993
6365 92 4417
6466 54 4070
6464 23 5361
6566 45 5783
6366 95 1786
6467 49 5814
6465 22 2735
6567 96 2150
6367 68 4237
6468 20 2736
6466 59 760
6568 16 868
6368 57 1434
6469 49 5508
6467 94 3234
6569 58 1900
6369 48 3187
6470 40 1038
6468 39 2145
6570 69 3777
6370 39 3379
6471 52 4579
6469 94 737
6571 27 5004
6371 13 634
6472 74 4908
6470 63 1763
6572 94 3418
6372 31 2349
6473 21 2186
6471 18 1794
6573 49 757
6373 25 2476
6474 66 910
6472 20 5902
6574 78 445
6374 41 4157
6475 53 4888
6473 29 5804
6575 23 3322
6375 29 5504
6476 85 2103
6474 32 5271
6576 89 1004
6376 82 1681
6477 13 2441
6475 81 1944
6577 30 4169
6377 39 5376
6478 49 4229
6476 50 2310
6578 98 283
6378 45 4230
6479 90 5198
6477 66 3464
6579 97 1092
6379 42 3502
6480 68 447
6478 70 231
6580 72 4917
6380 31 3064
6481 34 5014
6479 91 2398
6581 71 71
6381 44 58
6482 60 5796
6480 52 4148
6582 17 1334
6382 54 4820
6483 75 4899
6481 91 5013
6583 17 5363
6383 99 4824
6484 53 4748
6482 18 5524
6584 66 5808
6384 67 4371
6485 40 4995
6483 71 4092
6585 56 5432
6385 69 5839
6486 100 1461
6484 29 3996
6586 93 497
6386 47 4057
6487 99 2457
6485 61 881
6587 66 143
6387 61 5120
6488 61 3109
6486 15 1885
6588 55 654
6388 80 3424
6489 68 5017
6487 88 4317
6589 95 1279
6389 58 4000
6490 28 5522
6488 38 3903
6590 24 3890
6390 26 948
6491 63 764
6489 56 4215
6591 74 3600
6391 85 1828
6492 55 3627
6490 26 3478
6592 38 992
6392 81 2360
6493 73 516
6491 79 1034
6593 66 709
6393 82 955
6494 41 4759
6492 63 243
6594 65 2784
6394 92 4856
6495 91 1504
6493 53 3716
6595 72 3976
6395 32 2717
6496 34 642
6494 93 5372
6596 58 3955
6396 29 4789
6497 93 5258
6495 61 3736
6597 59 1442
6397 55 3559
6498 92 3157
6496 48 2944
6598 75 1746
6398 25 4205
6499 45 1566
6497 13 4330
6599 21 2550
6399 44 260
6500 65 5009
6498 33 391
6600 99 4624
6400 81 5497
6499 29 1650
6601 40 1804
6401 30 937
6502 12 4681
6602 39 1454
6402 24 5006
6503 93 1069
6501 43 5802
6603 89 3716
6403 39 4567
6504 30 1469
6502 84 3954
6604 71 2994
6404 15 1965
6505 49 530
6503 97 1900
6605 87 2635
6405 83 550
6506 30 1111
6504 51 133
6606 11 4290
6406 67 2592
6507 61 1022
6505 81 3197
6607 40 4586
6407 70 1978
6508 97 490
6506 15 3831
6608 35 4429
6408 15 641
6509 28 311
6507 100 4890
6609 24 84
6409 34 5174
6510 38 5146
6508 95 4308
6610 56 5280
6410 88 3255
6511 36 1617
6509 32 55
6611 93 881
6411 56 2831
6512 34 602
6510 49 2904
6612 90 2505
6412 52 2269
6513 69 5868
6511 38 4828
6613 65 1006
6413 88 1418
6514 12 140
6512 95 1810
6614 28 5040
6414 34 495
6515 57 2968
6513 48 4938
6615 32 5408
6415 22 591
6516 50 3975
6514 98 4893
6616 51 4734
6416 82 154
6517 70 2505
6515 90 7
6617 73 5914
6417 27 2788
6518 87 5162
6516 27 1142
6618 45 4032
6418 74 5463
6519 93 3999
6517 21 99
6619 15 397
6419 49 3301
6520 87 4349
6518 32 566
6620 24 927
6420 73 2215
6521 29 3104
6519 69 846
6621 31 4959
6421 87 5180
6522 79 3286
6520 12 5575
6622 71 4762
6422 16 1339
6523 50 314
6521 24 2319
6623 83 4054
6423 41 329
6524 33 4966
6522 83 1515
6624 59 2046
6424 50 5446
6525 89 5324
6523 80 3894
6625 64 4942
6425 41 5169
6526 18 1620
6524 44 998
6626 38 5404
6426 42 2586
6527 100 5843
6525 71 4041
6627 85 2920
6427 87 4370
6528 90 2584
6526 23 1684
6628 22 2628
6428 82 4279
6529 12 2977
6527 43 1517
6629 60 5910
6429 24 2623
6530 69 37
6528 51 2313
6630 40 419
6430 24 441
6531 41 1687
6529 76 1503
6631 59 4950
6431 83 2667
6532 80 5791
6530 59 4400
6632 96 273
6432 58 355
6533 73 447
6531 92 3701
6633 42 193
6433 100 5445
6534 43 5096
6532 59 3878
6634 30 2343
6434 15 4272
6535 20 4660
6533 21 2318
6635 78 2810
6435 88 4912
6536 12 4538
6534 80 401
6636 26 4409
6436 85 2788
6537 32 4729
6535 19 1888
6637 47 3135
6437 81 2828
6538 68 995
6536 66 3148
6638 24 193
6438 22 278
6539 55 1452
6537 10 5385
6639 74 1263
6439 38 5096
6540 84 42
6538 16 1035
6640 20 5087
6440 30 3175
6541 100 1984
6539 90 406
6641 32 3399
6441 96 1219
6542 45 5266
6540 47 2412
6642 58 4942
6442 19 3328
6543 84 4914
6541 55 11
6643 48 1544
6443 95 3750
6544 89 3939
6542 52 2504
6644 74 3580
6444 54 1646
6545 94 4536
6543 47 3815
6645 95 4710
6445 41 5066
6546 76 831
6544 14 708
6646 43 4677
6446 38 2829
6547 50 2848
6545 60 63
6647 61 1602
6447 53 3444
6548 51 1331
6546 66 1302
6648 33 2909
6448 69 2904
6549 55 1179
6547 18 5195
6649 15 517
6449 63 2441
6550 77 3315
6548 15 497
6650 69 1862
6450 68 4183
6551 26 4438
6549 89 96
6651 99 4469
6451 87 3531
6552 27 1964
6550 56 1564
6652 91 1030
6452 30 5743
6553 19 5824
6551 32 528
6653 58 5618
6453 78 2885
6554 92 5811
6552 66 5110
6654 54 4684
6454 34 5325
6555 92 5169
6553 51 2286
6655 51 5908
6455 67 2870
6556 15 3443
6554 93 5724
6656 53 997
6456 85 5909
6557 13 4525
6555 95 2554
6657 68 5660
6457 75 4331
6558 43 5788
6556 48 4180
6658 48 4996
6458 79 373
6559 72 1123
6557 10 335
6659 11 222
6459 29 2335
6560 10 50
6558 27 3937
6660 97 5178
6460 52 2329
6561 23 2337
6559 65 3718
6661 56 792
6461 34 4527
6562 53 4365
6560 94 1200
6662 35 2615
6462 25 5937
6563 56 1623
6561 75 917
6663 31 2411
6463 16 5333
6564 68 287
6562 48 4593
6664 13 787
6464 28 5024
6565 72 887
6563 51 5023
6665 53 5048
6465 73 1034
6566 85 2979
6564 27 3579
6666 48 3710
6466 79 2805
6567 50 4683
6565 16 5535
6667 97 5669
6467 67 3757
6568 67 4712
6566 93 4843
6668 60 1996
6468 10 5311
6569 54 306
6567 93 3576
6669 47 2324
6469 25 102
6570 53 3176
6568 91 2226
6670 17 2595
6470 88 2107
6571 16 1852
6569 15 3109
6671 63 4050
6471 32 1356
6572 39 4414
6570 40 3788
6672 67 2269
6472 74 710
6573 50 4448
6571 53 1978
6673 34 2546
6473 90 2675
6574 35 4747
6572 67 3703
6674 91 1352
6474 18 4333
6575 22 4433
6573 22 4304
6675 81 2492
6475 33 3352
6576 21 3680
6574 48 250
6676 72 1069
6476 84 3424
6577 56 4346
6575 44 1053
6677 93 1550
6477 93 4002
6578 79 2958
6576 75 3001
6678 23 75
6478 93 2128
6579 19 721
6577 52 5016
6679 24 3645
6479 88 5208
6580 46 4046
6578 32 309
6680 64 3551
6480 34 3128
6581 98 4466
6579 62 3180
6681 56 925
6481 68 4801
6582 47 413
6580 38 5214
6682 32 3205
6482 47 3084
6583 69 1235
6581 81 370
6683 27 3676
6483 97 1064
6584 91 529
6582 56 814
6684 15 5618
6484 90 4497
6585 81 4034
6583 76 3494
6685 35 4771
6485 68 2928
6586 84 590
6584 75 3309
6686 61 5809
6486 65 5546
6587 78 1044
6585 55 3237
6687 31 5707
6487 37 40
6588 90 5546
6586 42 702
6688 42 2198
6488 38 242
6589 32 1342
6587 51 1805
6689 78 4546
6489 43 2029
6590 94 1579
6588 40 3824
6690 94 4513
6490 88 2154
6591 98 2864
6589 72 3532
6691 45 2423
6491 49 3648
6592 93 2000
6590 14 2237
6692 22 3165
6492 45 510
6593 97 5472
6591 48 4004
6693 36 5862
6493 63 2719
6594 85 1626
6592 56 710
6694 34 201
6494 63 5663
6595 23 29
6593 77 472
6695 79 4344
6495 65 5570
6596 63 575
6594 89 4285
6696 88 4854
6496 12 3617
6597 92 1745
6595 32 3342
6697 87 4696
6497 68 2854
6598 86 2461
6596 90 2000
6698 61 3692
6498 33 1366
6599 82 2649
6597 66 4923
6699 27 4602
6499 77 4961
6600 61 1979
6598 85 4127
6700 28 4450
6500 35 3035
6599 58 3581
6701 16 4620
6501 51 2566
6602 14 4142
6702 36 1289
6502 87 1446
6603 42 979
6601 96 115
6703 52 1118
6503 79 2281
6604 71 3056
6602 85 598
6704 69 4949
6504 24 5314
6605 74 355
6603 97 763
6705 52 1990
6505 67 2363
6606 91 5799
6604 31 5169
6706 19 253
6506 26 4855
6607 12 5304
6605 54 525
6707 43 3651
6507 95 5865
6608 61 5191
6606 28 805
6708 32 776
6508 19 1208
6609 52 5779
6607 32 1943
6709 66 5676
6509 79 2734
6610 71 3563
6608 52 406
6710 11 3547
6510 31 4334
6611 18 1991
6609 21 2605
6711 100 1470
6511 13 840
6612 84 144
6610 23 4529
6712 62 2816
6512 31 182
6613 52 3220
6611 92 3582
6713 23 3243
6513 23 499
6614 31 4395
6612 58 4833
6714 80 3971
6514 77 1932
6615 38 5781
6613 12 1954
6715 70 2908
6515 50 2444
6616 26 3644
6614 44 527
6716 16 2350
6516 72 3279
6617 84 3647
6615 72 2279
6717 52 1492
6517 64 3425
6618 40 358
6616 25 1293
6718 48 5866
6518 65 4259
6619 51 4271
6617 88 3647
6719 64 2697
6519 66 2797
6620 58 4110
6618 86 5000
6720 50 2724
6520 12 1282
6621 39 3331
6619 72 5687
6721 44 3899
6521 72 1057
6622 65 5349
6620 44 5723
6722 94 766
6522 76 3681
6623 26 5751
6621 60 4174
6723 63 4616
6523 56 3654
6624 56 3698
6622 47 4736
6724 60 3278
6524 52 2463
6625 36 1092
6623 12 4143
6725 69 1665
6525 85 1164
6626 92 4425
6624 68 2020
6726 34 2889
6526 36 2596
6627 99 5381
6625 69 3009
6727 91 5848
6527 83 1234
6628 34 5092
6626 55 4163
6728 96 2595
6528 61 950
6629 52 4764
6627 49 3443
6729 14 2687
6529 37 71
6630 30 1678
6628 98 3197
6730 50 5281
6530 38 3959
6631 69 2876
6629 58 952
6731 50 4336
6531 22 4275
6632 78 3060
6630 84 3948
6732 95 1617
6532 60 3382
6633 14 2485
6631 74 2005
6733 35 1902
6533 47 3635
6634 16 1684
6632 63 3571
6734 22 694
6534 30 2214
6635 86 5004
6633 17 4773
6735 45 2768
6535 59 4860
6636 95 3489
6634 48 5195
6736 55 118
6536 49 2300
6637 52 1200
6635 29 4364
6737 27 573
6537 92 2668
6638 92 297
6636 77 3513
6738 54 5601
6538 53 594
6639 63 3360
6637 79 792
6739 81 4951
6539 18 3616
6640 16 4836
6638 55 31
6740 92 2783
6540 86 573
6641 49 2334
6639 14 5025
6741 27 3864
6541 64 3454
6642 91 5057
6640 15 5226
6742 98 1272
6542 41 305
6643 85 3513
6641 52 2003
6743 48 4386
6543 51 4272
6644 37 3656
6642 14 2510
6744 54 4409
6544 89 4079
6645 63 3482
6643 88 4682
6745 65 2401
6545 95 2267
6646 61 1591
6644 59 2362
6746 49 2503
6546 65 1506
6647 93 2176
6645 84 3453
6747 59 2425
6547 15 2471
6648 45 2255
6646 61 1553
6748 31 2762
6548 86 1704
6649 50 5748
6647 87 867
6749 71 1267
6549 30 2494
6650 61 2800
6648 21 2283
6750 41 922
6550 78 1140
6651 82 1845
6649 14 2509
6751 64 5801
6551 68 5284
6652 40 698
6650 66 3079
6752 57 2919
6552 13 951
6653 98 5205
6651 68 1157
6753 29 1658
6553 52 3234
6654 31 5923
6652 13 2642
6754 40 4145
6554 29 2340
6655 66 2620
6653 52 1578
6755 70 438
6555 95 138
6656 89 3351
6654 80 2338
6756 44 4874
6556 19 1254
6657 52 5675
6655 89 3206
6757 53 4410
6557 40 1911
6658 83 4285
6656 37 2994
6758 35 4354
6558 10 3913
6659 39 3632
6657 63 4369
6759 81 4777
6559 44 4172
6660 34 3017
6658 43 3379
6760 58 4541
6560 96 163
6661 80 883
6659 40 3662
6761 35 1102
6561 60 4315
6662 31 1734
6660 94 1061
6762 95 5802
6562 68 3829
6663 64 4401
6661 91 4689
6763 85 3902
6563 12 1269
6664 16 2353
6662 65 5622
6764 37 3670
6564 24 4283
6665 70 4666
6663 66 2734
6765 47 3187
6565 51 3583
6666 37 773
6664 36 3560
6766 11 2721
6566 85 1387
6667 67 26
6665 89 4487
6767 62 5567
6567 79 4128
6668 90 914
6666 88 4929
6768 42 3239
6568 87 2118
6669 47 1780
6667 78 1186
6769 65 292
6569 16 3803
6670 70 2772
6668 79 2944
6770 96 827
6570 14 2934
6671 65 5265
6669 13 2266
6771 79 1673
6571 69 1643
6672 93 2078
6670 68 3805
6772 72 24
6572 47 677
6673 18 2554
6671 36 5602
6773 82 4365
6573 39 4875
6674 74 760
6672 67 5693
6774 88 1180
6574 69 3956
6675 23 4648
6673 58 828
6775 55 285
6575 77 169
6676 77 441
6674 22 512
6776 65 3402
6576 63 5587
6677 13 2173
6675 29 5655
6777 73 29
6577 40 1884
6678 95 3805
6676 27 4618
6778 40 3614
6578 35 2225
6679 59 2928
6677 46 4422
6779 49 4675
6579 21 3891
6680 74 357
6678 76 5879
6780 27 4577
6580 15 533
6681 45 4381
6679 92 4003
6781 27 3677
6581 91 4905
6682 96 5041
6680 92 624
6782 86 3974
6582 17 1384
6683 88 160
6681 51 4758
6783 90 1503
6583 32 3492
6684 61 3726
6682 59 2460
6784 98 3013
6584 89 2750
6685 51 2837
6683 11 444
6785 82 1531
6585 73 445
6686 46 5010
6684 100 1073
6786 76 1170
6586 12 4227
6687 89 4586
6685 55 3118
6787 14 1043
6587 10 3649
6688 95 1922
6686 39 2973
6788 59 3053
6588 30 3196
6689 20 1707
6687 78 2953
6789 55 5573
6589 14 3579
6690 64 3229
6688 24 1722
6790 63 5314
6590 77 1177
6691 76 4662
6689 78 3870
6791 42 4710
6591 88 1762
6692 77 4013
6690 96 3919
6792 12 1923
6592 56 2000
6693 51 4861
6691 53 499
6793 41 5058
6593 49 3975
6694 28 148
6692 25 1013
6794 83 1372
6594 68 3750
6695 13 98
6693 34 3310
6795 30 1799
6595 80 5301
6696 29 4354
6694 12 5351
6796 99 5654
6596 70 4722
6697 41 4217
6695 13 3498
6797 27 2089
6597 12 5571
6698 74 1857
6696 35 660
6798 41 1687
6598 85 4608
6699 38 549
6697 44 4655
6799 86 2145
6599 30 2788
6700 47 99
6698 88 2095
6800 66 2970
6600 12 4112
6699 62 5402
6801 71 5380
6601 19 655
6702 90 4170
6802 99 1878
6602 77 5667
6703 14 18
6701 33 3249
6803 35 3536
6603 15 5136
6704 68 3467
6702 38 4957
6804 14 217
6604 12 3898
6705 70 537
6703 26 88
6805 51 5937
6605 75 5672
6706 26 1334
6704 66 2863
6806 34 1481
6606 99 5483
6707 33 5673
6705 92 42
6807 85 5932
6607 76 1032
6708 55 1165
6706 66 265
6808 22 2105
6608 62 1399
6709 30 4700
6707 41 4920
6809 66 4302
6609 17 5673
6710 36 5321
6708 58 763
6810 35 5316
6610 98 3126
6711 91 1612
6709 81 468
6811 12 4767
6611 73 4503
6712 92 4701
6710 53 5246
6812 55 44
6612 62 3573
6713 33 5919
6711 10 30
6813 23 3505
6613 66 151
6714 93 240
6712 18 2423
6814 42 5281
6614 79 5776
6715 91 318
6713 87 1477
6815 51 1998
6615 26 3650
6716 50 2771
6714 24 210
6816 43 5297
6616 27 5685
6717 61 5344
6715 31 4683
6817 14 2147
6617 58 4573
6718 89 4307
6716 70 379
6818 20 1741
6618 32 3754
6719 89 689
6717 32 3299
6819 81 1263
6619 18 408
6720 34 1485
6718 100 2235
6820 79 3783
6620 20 809
6721 85 278
6719 75 2777
6821 63 58
6621 90 3206
6722 50 1297
6720 76 4394
6822 73 2349
6622 80 3938
6723 85 5568
6721 95 2499
6823 40 1569
6623 38 2314
6724 58 2096
6722 61 576
6824 64 3373
6624 24 1577
6725 20 4736
6723 92 2959
6825 93 5238
6625 74 2551
6726 70 5680
6724 44 5544
6826 82 5532
6626 66 3639
6727 89 2031
6725 19 3007
6827 27 2706
6627 81 4874
6728 72 3385
6726 19 439
6828 46 2040
6628 86 4476
6729 66 2754
6727 10 4131
6829 59 3723
6629 65 3653
6730 14 1994
6728 71 818
6830 50 2788
6630 43 736
6731 17 2230
6729 82 4933
6831 64 2950
6631 74 2754
6732 73 2876
6730 98 1919
6832 100 3603
6632 70 3661
6733 93 1501
6731 71 527
6833 31 5668
6633 38 5168
6734 10 836
6732 33 958
6834 29 3331
6634 17 980
6735 42 938
6733 53 2037
6835 24 3973
6635 73 1483
6736 91 1761
6734 88 289
6836 35 2254
6636 52 5580
6737 81 3384
6735 27 5674
6837 77 2523
6637 94 3397
6738 36 5358
6736 53 2738
6838 71 4474
6638 84 884
6739 74 1628
6737 45 1478
6839 27 5362
6639 41 1874
6740 56 219
6738 65 678
6840 10 1658
6640 76 1457
6741 25 4164
6739 40 4963
6841 60 3179
6641 98 2563
6742 28 1188
6740 31 5860
6842 56 5220
6642 77 4721
6743 64 1484
6741 81 2236
6843 47 2874
6643 78 90
6744 41 227
6742 49 4625
6844 22 3056
6644 61 5534
6745 30 920
6743 57 2516
6845 100 1842
6645 23 3841
6746 83 3941
6744 44 1692
6846 92 1102
6646 87 1784
6747 93 2046
6745 98 3746
6847 13 2858
6647 80 324
6748 49 5634
6746 55 1421
6848 13 5880
6648 44 3971
6749 59 3466
6747 21 3993
6849 22 370
6649 42 5569
6750 28 1107
6748 76 4447
6850 80 3967
6650 11 4828
6751 26 2547
6749 33 1999
6851 59 2273
6651 24 2289
6752 60 3259
6750 73 2663
6852 18 4843
6652 91 4499
6753 100 4029
6751 51 3346
6853 66 1333
6653 36 3660
6754 69 1277
6752 75 1306
6854 96 5733
6654 27 5240
6755 47 4761
6753 83 1065
6855 54 1646
6655 95 3677
6756 93 5040
6754 40 62
6856 16 855
6656 86 1760
6757 71 1982
6755 54 1910
6857 14 345
6657 90 5717
6758 48 3001
6756 18 4679
6858 20 1877
6658 62 391
6759 33 448
6757 35 4715
6859 84 3444
6659 76 470
6760 25 4880
6758 99 1056
6860 47 4755
6660 90 4103
6761 48 1365
6759 58 5191
6861 20 2709
6661 27 5655
6762 87 1425
6760 15 1240
6862 86 5017
6662 97 4680
6763 97 4342
6761 34 5083
6863 54 1269
6663 89 2864
6764 50 4013
6762 39 3259
6864 68 1871
6664 86 5190
6765 10 2209
6763 78 2160
6865 13 95
6665 38 3524
6766 66 2926
6764 80 1803
6866 79 4429
6666 31 3173
6767 59 1129
6765 55 3640
6867 15 1152
6667 56 2955
6768 54 3562
6766 43 5094
6868 63 1575
6668 31 2094
6769 72 1717
6767 85 2688
6869 37 5426
6669 28 3358
6770 100 3989
6768 39 4953
6870 70 3402
6670 23 967
6771 94 3130
6769 56 2186
6871 94 5085
6671 55 3676
6772 53 1382
6770 30 2444
6872 24 5220
6672 49 3772
6773 29 5177
6771 17 892
6873 25 5434
6673 84 2068
6774 94 1318
6772 53 502
6874 73 2024
6674 31 3676
6775 98 2448
6773 27 3147
6875 26 3162
6675 71 5914
6776 40 3735
6774 23 2772
6876 42 1967
6676 19 4641
6777 74 3459
6775 48 4338
6877 50 1838
6677 82 1097
6778 91 1876
6776 25 5415
6878 25 5115
6678 87 5185
6779 24 4270
6777 17 1011
6879 97 4440
6679 82 4171
6780 33 4241
6778 43 4203
6880 16 455
6680 33 4613
6781 92 3325
6779 96 1810
6881 46 723
6681 31 5721
6782 37 4157
6780 51 4788
6882 72 1296
6682 17 813
6783 56 2125
6781 91 575
6883 42 1694
6683 28 3662
6784 45 3654
6782 66 3691
6884 82 2260
6684 24 3327
6785 92 3374
6783 48 5489
6885 77 35
6685 55 1174
6786 65 2448
6784 39 696
6886 64 3729
6686 57 357
6787 14 4884
6785 37 754
6887 83 1918
6687 72 2091
6788 21 3915
6786 65 439
6888 12 3871
6688 12 2551
6789 60 5728
6787 74 5722
6889 19 5151
6689 91 5626
6790 88 346
6788 55 990
6890 35 5151
6690 11 2271
6791 28 1914
6789 38 1888
6891 48 869
6691 80 129
6792 73 5543
6790 21 4949
6892 49 3667
6692 50 1443
6793 88 4904
6791 50 4488
6893 54 3105
6693 75 313
6794 95 1086
6792 59 63
6894 15 2318
6694 20 4869
6795 29 367
6793 48 4529
6895 100 4881
6695 32 1955
6796 48 1524
6794 45 5918
6896 14 5324
6696 100 2061
6797 57 2731
6795 36 365
6897 91 5314
6697 78 2254
6798 51 689
6796 62 4358
6898 31 3662
6698 100 2110
6799 60 4724
6797 23 1433
6899 34 1292
6699 66 3818
6800 48 138
6798 86 2638
6900 31 2647
6700 20 2465
6799 18 5630
6901 28 5534
6701 67 3795
6802 75 4946
6902 36 1969
6702 84 503
6803 62 1233
6801 65 3979
6903 20 4959
6703 56 2635
6804 23 2355
6802 61 5488
6904 44 1220
6704 24 2578
6805 37 3379
6803 96 3851
6905 62 3539
6705 10 4381
6806 29 1935
6804 77 2573
6906 52 2609
6706 45 3310
6807 58 4868
6805 69 5689
6907 70 1595
6707 65 1213
6808 94 716
6806 14 1963
6908 97 4054
6708 23 3245
6809 38 5033
6807 11 329
6909 65 5197
6709 88 1559
6810 47 3007
6808 90 1089
6910 95 4759
6710 88 4072
6811 53 3247
6809 41 5558
6911 33 2921
6711 81 4766
6812 33 4666
6810 53 5842
6912 61 5235
6712 67 530
6813 17 2793
6811 25 2360
6913 92 1357
6713 97 2741
6814 83 61
6812 99 1260
6914 35 3038
6714 79 251
6815 38 1018
6813 17 35
6915 27 2827
6715 11 5829
6816 35 5143
6814 20 2292
6916 29 324
6716 21 3051
6817 50 4408
6815 17 1590
6917 11 4831
6717 90 2722
6818 52 4077
6816 97 3515
6918 12 2682
6718 53 3112
6819 11 1717
6817 81 4046
6919 71 2692
6719 37 4989
6820 35 3077
6818 25 2463
6920 66 2121
6720 91 5602
6821 11 5747
6819 72 194
6921 22 2374
6721 40 2316
6822 24 3753
6820 80 5017
6922 66 5465
6722 24 4805
6823 16 3687
6821 70 1276
6923 41 4345
6723 95 268
6824 24 5236
6822 16 5197
6924 77 5245
6724 51 4002
6825 92 669
6823 83 2289
6925 84 4965
6725 53 4384
6826 15 5046
6824 31 4247
6926 91 2922
6726 89 3629
6827 65 1111
6825 48 4349
6927 26 5428
6727 92 1505
6828 51 5533
6826 17 1861
6928 72 114
6728 68 3513
6829 37 2091
6827 12 5293
6929 78 2198
6729 72 2409
6830 40 5600
6828 55 2770
6930 63 4081
6730 31 3880
6831 47 1540
6829 48 684
6931 48 1871
6731 82 804
6832 26 4588
6830 42 4185
6932 57 5246
6732 66 4319
6833 62 5784
6831 80 3639
6933 58 709
6733 32 506
6834 19 2442
6832 72 484
6934 28 1919
6734 43 3224
6835 38 5211
6833 80 4088
6935 49 2856
6735 43 2568
6836 67 4383
6834 90 2795
6936 54 1002
6736 53 5720
6837 36 5294
6835 46 2410
6937 42 5184
6737 95 5782
6838 13 1868
6836 59 17
6938 89 2178
6738 47 4796
6839 48 1688
6837 25 5508
6939 80 3496
6739 73 5605
6840 93 5245
6838 55 4966
6940 16 4707
6740 72 2692
6841 55 1301
6839 88 1106
6941 41 1681
6741 36 534
6842 48 4665
6840 92 4219
6942 62 4670
6742 39 4670
6843 30 452
6841 35 1652
6943 44 1056
6743 51 3714
6844 46 880
6842 75 4693
6944 58 3299
6744 100 4812
6845 34 2892
6843 67 3055
6945 56 269
6745 59 1232
6846 12 1168
6844 59 5557
6946 33 5015
6746 38 1797
6847 42 797
6845 50 3423
6947 32 1412
6747 57 3629
6848 15 55
6846 88 4421
6948 90 3293
6748 77 4740
6849 27 4230
6847 72 3891
6949 24 4171
6749 85 1550
6850 91 2937
6848 14 3457
6950 100 5237
6750 86 808
6851 16 95
6849 94 5332
6951 84 2158
6751 60 3483
6852 44 2566
6850 52 4491
6952 13 1780
6752 67 3993
6853 83 5754
6851 20 1741
6953 52 2252
6753 15 4021
6854 88 4841
6852 73 2669
6954 51 3392
6754 54 775
6855 11 2552
6853 47 3800
6955 97 3946
6755 69 2739
6856 12 4665
6854 95 1626
6956 70 4117
6756 48 2659
6857 42 1577
6855 55 4566
6957 61 2503
6757 80 158
6858 90 5030
6856 17 164
6958 82 1319
6758 43 1072
6859 58 5567
6857 19 123
6959 40 4976
6759 92 2575
6860 87 4291
6858 43 3199
6960 70 3285
6760 15 3648
6861 35 5252
6859 85 3581
6961 30 2091
6761 68 4475
6862 14 4718
6860 67 2715
6962 31 1751
6762 61 2956
6863 92 4325
6861 16 4384
6963 20 5453
6763 15 2140
6864 34 2143
6862 75 2043
6964 91 2373
6764 58 5848
6865 52 2128
6863 33 1940
6965 80 4373
6765 78 5928
6866 99 4539
6864 75 1461
6966 30 2690
6766 61 5165
6867 43 2268
6865 25 5238
6967 40 4060
6767 53 4721
6868 68 2353
6866 20 5692
6968 69 2292
6768 100 4225
6869 61 3524
6867 56 222
6969 66 1786
6769 26 63
6870 68 530
6868 85 2101
6970 54 3417
6770 100 4914
6871 25 4443
6869 80 2920
6971 85 3986
6771 79 5115
6872 32 4144
6870 16 355
6972 16 1061
6772 87 3767
6873 24 225
6871 91 1519
6973 11 1328
6773 16 5465
6874 12 5264
6872 81 3378
6974 69 934
6774 76 4882
6875 16 3770
6873 17 4669
6975 74 3143
6775 77 1352
6876 46 4805
6874 55 3244
6976 26 152
6776 35 70
6877 78 5522
6875 25 2350
6977 91 273
6777 39 1198
6878 44 2074
6876 79 3390
6978 66 612
6778 38 1685
6879 100 1348
6877 60 4867
6979 75 5358
6779 13 4277
6880 97 4223
6878 59 5255
6980 90 3701
6780 85 4938
6881 32 3630
6879 35 3513
6981 35 2348
6781 68 1670
6882 39 5207
6880 21 200
6982 56 3308
6782 10 4149
6883 67 1543
6881 51 4800
6983 65 2532
6783 95 5803
6884 33 3446
6882 71 3384
6984 57 2109
6784 64 4556
6885 56 2856
6883 28 789
6985 51 176
6785 46 4427
6886 13 2420
6884 42 5913
6986 48 5703
6786 74 2020
6887 78 3371
6885 29 1501
6987 69 629
6787 45 3088
6888 66 4866
6886 20 811
6988 89 4367
6788 56 1025
6889 97 5687
6887 42 1197
6989 56 3443
6789 62 5689
6890 15 691
6888 49 4293
6990 93 5609
6790 14 940
6891 11 3132
6889 19 5734
6991 92 1899
6791 86 5522
6892 41 5763
6890 45 2238
6992 67 3613
6792 89 5046
6893 78 3707
6891 60 4960
6993 47 5056
6793 83 614
6894 37 194
6892 17 906
6994 58 3275
6794 30 1934
6895 45 1812
6893 36 5393
6995 35 5056
6795 66 4257
6896 71 689
6894 91 5771
6996 11 4491
6796 34 3022
6897 84 4389
6895 18 968
6997 65 2843
6797 10 280
6898 59 1032
6896 92 5755
6998 37 3641
6798 87 2606
6899 98 4731
6897 46 1677
6999 92 3734
6799 56 4112
6900 12 4180
6898 24 4815
7000 71 3336
6800 20 1318
6899 56 294
7001 35 4706
6801 78 1770
6902 97 3226
7002 64 1304
6802 44 3379
6903 84 3730
6901 35 1631
7003 39 3001
6803 58 2640
6904 81 2557
6902 10 450
7004 20 5670
6804 22 671
6905 22 3775
6903 42 3625
7005 76 2390
6805 86 1733
6906 36 4114
6904 71 1086
7006 58 5240
6806 49 2347
6907 47 3130
6905 95 3540
7007 82 1052
6807 36 5907
6908 21 5771
6906 20 4984
7008 68 2669
6808 91 5781
6909 20 2381
6907 48 801
7009 93 4120
6809 31 4741
6910 30 1475
6908 44 5674
7010 46 1953
6810 79 4549
6911 92 3185
6909 12 4403
7011 28 4393
6811 30 2498
6912 98 3769
6910 97 3773
7012 34 5374
6812 26 2028
6913 80 44
6911 91 2852
7013 84 1018
6813 84 5859
6914 93 3428
6912 24 3712
7014 60 162
6814 72 283
6915 89 1978
6913 78 5500
7015 58 2635
6815 29 3496
6916 70 5279
6914 18 3982
7016 15 5511
6816 34 2683
6917 29 2870
6915 78 169
7017 30 2407
6817 42 3329
6918 53 2621
6916 43 3331
7018 87 1851
6818 95 5210
6919 64 872
6917 81 5861
7019 72 307
6819 77 4865
6920 73 3925
6918 34 4121
7020 26 4507
6820 12 2493
6921 80 2951
6919 77 5920
7021 57 2895
6821 91 4323
6922 23 3092
6920 38 3305
7022 15 367
6822 46 2228
6923 14 2252
6921 12 198
7023 23 1804
6823 28 4069
6924 94 3186
6922 37 1995
7024 28 638
6824 42 3016
6925 20 5336
6923 81 559
7025 35 2366
6825 32 1446
6926 32 3122
6924 21 4626
7026 90 5262
6826 39 159
6927 48 567
6925 80 2258
7027 21 3874
6827 20 2842
6928 79 3041
6926 38 1810
7028 18 3519
6828 75 1366
6929 93 1439
6927 75 2124
7029 80 4240
6829 90 5427
6930 95 660
6928 94 603
7030 84 754
6830 79 202
6931 33 2969
6929 88 3490
7031 23 219
6831 51 5068
6932 41 1453
6930 46 3618
7032 40 246
6832 30 1330
6933 20 842
6931 15 25
7033 21 2403
6833 86 1847
6934 89 333
6932 77 1768
7034 15 4968
6834 25 240
6935 39 1489
6933 38 4084
7035 72 4358
6835 51 1129
6936 15 778
6934 18 2772
7036 86 461
6836 46 5483
6937 77 4608
6935 13 56
7037 24 980
6837 63 5755
6938 47 2385
6936 77 1379
7038 76 33
6838 41 3684
6939 66 4563
6937 34 5851
7039 35 5864
6839 62 2707
6940 23 2163
6938 14 2212
7040 99 1881
6840 50 4340
6941 47 4746
6939 15 4491
7041 69 1554
6841 31 1986
6942 19 1161
6940 20 1452
7042 49 5573
6842 32 2535
6943 26 681
6941 59 1366
7043 28 1067
6843 33 1527
6944 19 4601
6942 12 631
7044 19 1986
6844 96 2616
6945 24 4436
6943 65 624
7045 87 544
6845 18 3409
6946 19 1762
6944 85 4709
7046 48 4596
6846 83 4798
6947 86 5638
6945 74 4014
7047 39 4738
6847 43 4702
6948 79 4281
6946 54 5929
7048 82 1201
6848 96 46
6949 100 417
6947 77 1417
7049 87 5572
6849 42 219
6950 63 3614
6948 80 1981
7050 13 1855
6850 18 2286
6951 76 4385
6949 41 1941
7051 87 3667
6851 68 2074
6952 95 3776
6950 94 5296
7052 98 5759
6852 90 2145
6953 57 2460
6951 31 4264
7053 53 3331
6853 32 3933
6954 72 4087
6952 53 2032
7054 61 3821
6854 37 2567
6955 79 5241
6953 55 846
7055 81 1516
6855 91 1425
6956 70 3454
6954 17 738
7056 37 5422
6856 50 5687
6957 63 900
6955 58 2110
7057 57 1083
6857 65 1580
6958 92 2328
6956 30 5584
7058 88 494
6858 72 988
6959 59 5891
6957 72 1006
7059 38 3166
6859 56 5104
6960 96 5931
6958 78 2219
7060 48 2445
6860 96 2634
6961 29 4623
6959 60 1549
7061 87 2008
6861 11 3180
6962 85 5681
6960 46 3357
7062 50 1792
6862 78 4618
6963 31 1326
6961 90 809
7063 95 2979
6863 17 5034
6964 52 2036
6962 86 3763
7064 72 3767
6864 16 4718
6965 20 3364
6963 33 361
7065 83 4932
6865 91 3560
6966 34 3834
6964 81 3327
7066 65 3657
6866 45 4570
6967 87 4729
6965 59 4554
7067 37 295
6867 44 1253
6968 61 3393
6966 79 3715
7068 68 3002
6868 82 3533
6969 27 364
6967 45 458
7069 58 693
6869 59 3001
6970 43 2434
6968 56 2693
7070 24 1904
6870 13 3367
6971 59 1618
6969 45 2385
7071 40 4473
6871 62 5702
6972 48 915
6970 87 3972
7072 91 4209
6872 40 2951
6973 31 1008
6971 94 348
7073 19 5712
6873 75 549
6974 44 4915
6972 90 2809
7074 20 106
6874 63 5748
6975 64 1476
6973 97 3540
7075 67 3925
6875 76 3404
6976 100 2031
6974 60 4414
7076 15 4890
6876 74 4264
6977 94 810
6975 87 3416
7077 33 2187
6877 35 2261
6978 54 5831
6976 60 67
7078 99 3273
6878 76 3135
6979 97 3064
6977 69 5389
7079 73 1700
6879 82 4922
6980 77 571
6978 14 4677
7080 99 3057
6880 48 3940
6981 38 3439
6979 47 5576
7081 65 4610
6881 86 5358
6982 98 2886
6980 99 3823
7082 14 2973
6882 35 5614
6983 42 5095
6981 87 4649
7083 48 1154
6883 37 3097
6984 40 4017
6982 46 4815
7084 83 5195
6884 54 1871
6985 38 1093
6983 45 4463
7085 89 4771
6885 71 3343
6986 84 62
6984 26 5632
7086 97 2882
6886 62 3428
6987 60 4018
6985 40 3648
7087 73 4316
6887 56 2606
6988 25 2360
6986 44 655
7088 38 5197
6888 83 784
6989 37 1661
6987 56 5929
7089 52 4446
6889 76 3848
6990 15 4165
6988 71 5088
7090 71 5848
6890 29 802
6991 16 861
6989 10 451
7091 81 3939
6891 28 709
6992 78 3878
6990 54 3306
7092 39 3367
6892 41 1265
6993 20 104
6991 35 3836
7093 78 5463
6893 11 1348
6994 14 5902
6992 48 5629
7094 87 3457
6894 92 3054
6995 13 2971
6993 28 3714
7095 34 1020
6895 44 425
6996 89 4816
6994 64 1171
7096 76 5796
6896 67 2879
6997 90 4420
6995 51 1678
7097 37 4986
6897 76 432
6998 53 3355
6996 43 4210
7098 86 1965
6898 73 1463
6999 23 944
6997 76 4030
7099 38 651
6899 92 669
7000 30 4936
6998 84 751
7100 56 3634
6900 79 208
6999 54 242
7101 78 1886
6901 81 5124
7002 87 2585
7102 96 2961
6902 77 3208
7003 24 207
7001 78 3245
7103 48 256
6903 72 2207
7004 47 4642
7002 71 2445
7104 61 5196
6904 89 3761
7005 20 2003
7003 64 4969
7105 48 4361
6905 28 4262
7006 23 5075
7004 83 273
7106 48 4301
6906 58 2798
7007 30 3899
7005 84 1693
7107 72 4012
6907 10 4860
7008 43 5499
7006 10 4762
7108 64 4540
6908 62 4924
7009 59 2568
7007 59 4102
7109 26 1717
6909 27 2796
7010 72 5165
7008 83 2424
7110 44 1670
6910 97 2574
7011 84 4242
7009 66 3457
7111 68 3513
6911 82 3901
7012 12 2195
7010 25 973
7112 23 1283
6912 35 5468
7013 50 1727
7011 84 336
7113 17 53
6913 36 2649
7014 59 4233
7012 83 1546
7114 23 459
6914 49 3603
7015 89 1620
7013 17 2978
7115 65 5644
6915 75 939
7016 30 766
7014 96 4258
7116 43 2587
6916 62 261
7017 63 197
7015 38 5348
7117 23 4321
6917 18 3613
7018 24 2864
7016 13 5120
7118 29 4152
6918 10 3256
7019 49 460
7017 18 3435
7119 11 5853
6919 63 1667
7020 50 1670
7018 94 346
7120 49 3645
6920 94 3857
7021 69 5681
7019 39 2793
7121 30 5428
6921 42 1496
7022 94 3668
7020 43 5477
7122 27 4083
6922 79 57
7023 96 1717
7021 46 4906
7123 88 5547
6923 52 5160
7024 66 399
7022 51 4492
7124 62 5110
6924 81 1316
7025 16 3918
7023 32 2428
7125 27 3310
6925 28 5205
7026 19 2822
7024 28 52
7126 13 3429
6926 11 600
7027 16 2204
7025 41 3420
7127 19 2430
6927 58 1457
7028 97 4052
7026 54 3089
7128 99 948
6928 72 4518
7029 68 627
7027 71 2205
7129 95 5209
6929 27 5528
7030 76 708
7028 18 2557
7130 38 994
6930 39 1994
7031 34 5220
7029 18 1999
7131 94 3764
6931 72 3019
7032 15 228
7030 16 4037
7132 79 878
6932 89 5022
7033 61 823
7031 55 3515
7133 13 4880
6933 31 1701
7034 68 1681
7032 60 1899
7134 16 4685
6934 93 5311
7035 35 845
7033 26 5653
7135 23 1797
6935 86 4284
7036 56 5712
7034 35 3081
7136 91 2846
6936 71 2417
7037 96 952
7035 17 3661
7137 98 1948
6937 27 5373
7038 28 2045
7036 24 232
7138 25 2664
6938 96 76
7039 32 3221
7037 84 3415
7139 90 4997
6939 14 4792
7040 28 2948
7038 92 5255
7140 22 1173
6940 29 1288
7041 16 1054
7039 18 12
7141 59 1475
6941 14 4966
7042 56 900
7040 86 781
7142 88 983
6942 28 1753
7043 27 5115
7041 58 4687
7143 98 3435
6943 73 684
7044 45 1244
7042 47 928
7144 59 4706
6944 97 2893
7045 37 4982
7043 71 4877
7145 15 4550
6945 71 759
7046 80 321
7044 23 2963
7146 99 3861
6946 72 2037
7047 88 1068
7045 91 1094
7147 39 1485
6947 12 1669
7048 67 4599
7046 58 5358
7148 19 5177
6948 28 3337
7049 89 3574
7047 63 5405
7149 88 3776
6949 44 5848
7050 58 1214
7048 61 1089
7150 21 1806
6950 17 1905
7051 99 5293
7049 41 995
7151 41 1219
6951 83 5090
7052 61 2407
7050 79 2791
7152 21 3004
6952 28 541
7053 69 3376
7051 25 4302
7153 72 2172
6953 25 1846
7054 32 5760
7052 28 5747
7154 97 5081
6954 93 5831
7055 14 1214
7053 76 479
7155 22 4381
6955 83 1813
7056 56 5248
7054 29 5806
7156 24 5165
6956 63 5729
7057 16 5249
7055 76 2677
7157 36 5022
6957 68 5177
7058 40 720
7056 33 5420
7158 58 2304
6958 65 4523
7059 90 2631
7057 47 142
7159 44 1863
6959 29 3214
7060 29 4346
7058 38 1618
7160 68 3570
6960 55 5488
7061 14 5642
7059 11 327
7161 37 4823
6961 15 208
7062 50 2870
7060 69 2234
7162 94 4248
6962 87 2233
7063 84 4553
7061 57 755
7163 46 4089
6963 12 4811
7064 72 2474
7062 72 1998
7164 98 978
6964 11 4318
7065 70 2393
7063 35 71
7165 76 2775
6965 68 1134
7066 70 5888
7064 29 4925
7166 66 4989
6966 76 1843
7067 64 3134
7065 42 5040
7167 35 5816
6967 45 1871
7068 91 256
7066 26 5293
7168 65 2319
6968 58 2040
7069 41 2853
7067 56 2266
7169 92 5534
6969 96 4059
7070 28 2497
7068 21 2026
7170 15 2539
6970 81 892
7071 74 3025
7069 77 2305
7171 89 17
6971 30 3843
7072 71 5934
7070 16 5819
7172 38 1201
6972 93 5802
7073 81 4522
7071 60 947
7173 10 1546
6973 99 3479
7074 11 1419
7072 39 5936
7174 52 27
6974 22 2481
7075 60 5810
7073 70 4770
7175 25 3876
6975 69 4361
7076 12 4619
7074 87 5240
7176 24 5594
6976 49 2826
7077 13 2939
7075 95 5567
7177 79 2254
6977 32 2265
7078 12 5458
7076 86 154
7178 57 2249
6978 73 991
7079 98 2035
7077 31 4318
7179 64 2629
6979 36 4783
7080 38 3514
7078 11 2720
7180 47 1112
6980 21 2128
7081 44 2677
7079 22 1193
7181 96 3096
6981 56 5486
7082 32 3258
7080 96 377
7182 12 4980
6982 69 2717
7083 41 3874
7081 100 293
7183 86 3317
6983 27 2756
7084 37 5586
7082 69 3087
7184 37 1150
6984 66 1024
7085 14 2471
7083 53 4315
7185 32 1225
6985 42 4614
7086 11 5473
7084 28 4174
7186 40 4751
6986 41 532
7087 61 4726
7085 80 3163
7187 76 647
6987 84 5869
7088 36 614
7086 72 816
7188 22 1131
6988 88 3653
7089 44 1824
7087 66 3029
7189 18 5154
6989 61 3599
7090 31 2789
7088 93 3958
7190 11 5001
6990 64 4488
7091 71 1606
7089 42 1145
7191 28 1059
6991 15 5712
7092 40 3567
7090 66 3737
7192 50 4015
6992 68 5123
7093 24 1380
7091 81 4700
7193 22 1686
6993 25 4112
7094 27 5706
7092 75 1587
7194 55 2735
6994 11 3994
7095 66 1507
7093 41 5345
7195 55 3891
6995 35 235
7096 86 1295
7094 84 4321
7196 30 3701
6996 18 2664
7097 86 5443
7095 81 1042
7197 13 5433
6997 48 5100
7098 96 956
7096 93 2444
7198 61 462
6998 19 4253
7099 49 3717
7097 57 615
7199 72 3983
6999 27 5777
7100 52 2866
7098 55 3310
7200 14 3618
7000 40 654
7099 33 2637
7201 89 1442
7001 64 3386
7102 18 529
7202 52 4285
7002 28 5507
7103 88 2113
7101 37 4114
7203 31 702
7003 56 4729
7104 100 1095
7102 33 4570
7204 62 3988
7004 42 3973
7105 90 399
7103 62 4846
7205 17 3055
7005 62 3936
7106 33 82
7104 26 4783
7206 19 1585
7006 76 1127
7107 27 3546
7105 58 1554
7207 35 4047
7007 58 3101
7108 15 1220
7106 88 123
7208 18 4234
7008 92 2615
7109 50 3719
7107 34 4596
7209 88 5747
7009 34 3499
7110 41 4985
7108 31 452
7210 71 5209
7010 19 869
7111 64 675
7109 32 2999
7211 92 2041
7011 52 4051
7112 26 2064
7110 92 2538
7212 88 4074
7012 11 1980
7113 15 953
7111 68 1995
7213 38 5324
7013 15 1815
7114 83 4314
7112 54 999
7214 25 101
7014 11 5372
7115 55 5788
7113 78 4629
7215 57 4932
7015 24 3251
7116 66 679
7114 93 4109
7216 45 2136
7016 25 3671
7117 18 5273
7115 82 2651
7217 46 4895
7017 20 5221
7118 26 858
7116 46 4207
7218 46 4229
7018 67 2644
7119 66 4016
7117 34 102
7219 12 295
7019 52 2879
7120 59 4211
7118 48 2076
7220 43 152
7020 83 5680
7121 21 5543
7119 32 650
7221 42 5467
7021 90 1362
7122 31 2235
7120 69 1834
7222 75 2818
7022 92 5603
7123 65 4729
7121 20 1065
7223 70 1402
7023 83 5049
7124 77 4809
7122 41 3479
7224 11 5489
7024 77 1893
7125 30 2739
7123 41 5077
7225 29 608
7025 98 1275
7126 80 5109
7124 78 4570
7226 54 2642
7026 81 4372
7127 85 2453
7125 59 3280
7227 79 4246
7027 48 3661
7128 30 4633
7126 48 4925
7228 37 2345
7028 88 1567
7129 69 810
7127 87 238
7229 92 1678
7029 89 2989
7130 59 1342
7128 90 3641
7230 59 4197
7030 24 2570
7131 77 4820
7129 10 816
7231 24 4570
7031 59 4562
7132 36 4907
7130 53 4197
7232 24 3406
7032 69 4184
7133 46 3951
7131 13 973
7233 89 5851
7033 49 93
7134 93 5070
7132 36 1692
7234 13 574
7034 41 829
7135 100 3809
7133 84 397
7235 86 2795
7035 37 977
7136 100 161
7134 81 4279
7236 85 3700
7036 66 1320
7137 27 882
7135 77 3351
7237 54 2790
7037 60 1410
7138 94 5283
7136 90 2141
7238 14 5135
7038 53 5032
7139 10 4985
7137 70 1835
7239 95 2118
7039 93 1004
7140 73 1159
7138 62 4919
7240 79 2841
7040 68 881
7141 35 2196
7139 76 4145
7241 55 343
7041 51 5305
7142 62 5441
7140 51 212
7242 70 3607
7042 18 398
7143 88 2474
7141 91 1797
7243 81 4001
7043 24 3086
7144 50 656
7142 92 4485
7244 69 2253
7044 47 4913
7145 82 896
7143 45 387
7245 69 481
7045 85 333
7146 20 5085
7144 37 5070
7246 65 3193
7046 30 2074
7147 60 4940
7145 30 309
7247 48 4978
7047 61 3418
7148 93 3519
7146 96 5429
7248 61 2305
7048 63 1773
7149 44 4346
7147 41 1240
7249 67 2690
7049 79 1087
7150 51 4478
7148 99 5631
7250 34 3950
7050 23 3335
7151 91 451
7149 91 4336
7251 22 4653
7051 79 2401
7152 78 1150
7150 27 3763
7252 61 5767
7052 86 501
7153 72 1518
7151 11 465
7253 13 1045
7053 44 2814
7154 99 542
7152 16 5262
7254 93 2940
7054 21 2950
7155 76 2176
7153 55 2172
7255 99 1637
7055 64 4566
7156 93 4187
7154 37 5780
7256 79 5831
7056 45 2390
7157 50 1302
7155 14 3048
7257 15 3302
7057 95 5066
7158 37 2483
7156 15 5770
7258 37 209
7058 30 4864
7159 95 5192
7157 68 1030
7259 51 4354
7059 36 1041
7160 24 5244
7158 66 4411
7260 59 5852
7060 68 529
7161 67 549
7159 90 4533
7261 22 3267
7061 19 3875
7162 93 5800
7160 67 3253
7262 56 5764
7062 12 3575
7163 45 668
7161 34 2003
7263 29 2941
7063 86 1431
7164 13 2949
7162 95 2927
7264 48 2657
7064 36 4830
7165 37 2997
7163 58 1973
7265 79 3537
7065 16 959
7166 29 1639
7164 24 823
7266 51 3106
7066 40 558
7167 45 99
7165 46 572
7267 74 3440
7067 58 4124
7168 64 2698
7166 94 4599
7268 15 4773
7068 47 1524
7169 56 1632
7167 69 2587
7269 25 1415
7069 61 2025
7170 13 3138
7168 48 2710
7270 81 4641
7070 81 1809
7171 61 4734
7169 10 1768
7271 44 1450
7071 52 1791
7172 63 4321
7170 45 52
7272 61 2997
7072 11 4824
7173 91 4182
7171 64 1054
7273 76 4226
7073 95 780
7174 24 5772
7172 75 1840
7274 15 5393
7074 91 5733
7175 83 2344
7173 40 2524
7275 47 4894
7075 20 3421
7176 55 1594
7174 40 2297
7276 72 3753
7076 49 4511
7177 25 5477
7175 53 2228
7277 59 1163
7077 76 3576
7178 48 3240
7176 23 5172
7278 76 4110
7078 28 1580
7179 94 1696
7177 70 3201
7279 86 178
7079 98 3888
7180 44 4207
7178 10 5604
7280 31 3529
7080 11 1709
7181 67 450
7179 53 5933
7281 11 536
7081 51 1131
7182 21 3898
7180 89 823
7282 77 1256
7082 87 4723
7183 89 1035
7181 35 5105
7283 95 3981
7083 55 1059
7184 66 4852
7182 100 5263
7284 63 3001
7084 15 4151
7185 50 2746
7183 88 2376
7285 19 1138
7085 92 1321
7186 24 4280
7184 81 670
7286 30 5734
7086 14 4126
7187 91 3719
7185 31 4910
7287 85 1451
7087 73 443
7188 28 449
7186 85 3444
7288 85 1239
7088 78 3729
7189 79 2731
7187 81 3263
7289 24 3248
7089 64 5705
7190 34 477
7188 62 2505
7290 83 2843
7090 33 5382
7191 28 4613
7189 56 3410
7291 56 333
7091 28 2635
7192 49 625
7190 14 5059
7292 68 3287
7092 81 2436
7193 88 3085
7191 98 4690
7293 64 5929
7093 29 5751
7194 58 3781
7192 44 5140
7294 51 2421
7094 21 5571
7195 22 2877
7193 18 1277
7295 73 158
7095 82 3607
7196 48 5671
7194 20 4898
7296 30 3566
7096 53 3322
7197 41 4299
7195 51 3458
7297 20 5178
7097 78 3471
7198 73 4201
7196 72 4906
7298 34 450
7098 12 4634
7199 13 1367
7197 86 3410
7299 24 3834
7099 18 2172
7200 24 2532
7198 69 3239
7300 35 2916
7100 48 3519
7199 97 4735
7301 15 393
7101 34 3913
7202 69 3989
7302 78 5300
7102 69 250
7203 30 5408
7201 98 4633
7303 64 5566
7103 63 699
7204 15 3160
7202 15 4798
7304 11 2582
7104 67 4832
7205 64 2838
7203 39 3682
7305 70 1718
7105 63 5935
7206 27 5246
7204 11 1052
7306 13 4625
7106 17 3800
7207 42 3687
7205 83 1326
7307 42 3392
7107 53 2866
7208 24 1326
7206 68 3440
7308 75 5277
7108 60 1951
7209 23 5138
7207 18 1771
7309 21 5088
7109 43 4379
7210 54 2660
7208 82 5272
7310 46 5134
7110 98 656
7211 70 2954
7209 96 31
7311 60 3707
7111 69 3492
7212 57 5153
7210 43 3064
7312 83 4230
7112 11 3576
7213 19 5423
7211 45 1809
7313 60 1704
7113 58 4941
7214 38 4110
7212 17 3438
7314 66 2779
7114 60 3244
7215 87 64
7213 33 4978
7315 73 5199
7115 72 533
7216 72 417
7214 91 5286
7316 74 1776
7116 98 2610
7217 29 754
7215 63 5567
7317 78 4625
7117 90 1616
7218 76 3974
7216 56 2297
7318 50 4102
7118 66 5585
7219 24 586
7217 70 1093
7319 91 5086
7119 24 806
7220 98 85
7218 24 1562
7320 48 5255
7120 50 4144
7221 95 842
7219 66 3217
7321 32 4814
7121 10 812
7222 54 4123
7220 23 1889
7322 13 2361
7122 29 1606
7223 84 3749
7221 10 1035
7323 33 4013
7123 88 1944
7224 50 491
7222 36 227
7324 36 2591
7124 98 1576
7225 64 4826
7223 22 107
7325 53 3091
7125 57 5380
7226 29 913
7224 36 4629
7326 89 1216
7126 18 5706
7227 64 4438
7225 72 2768
7327 16 2300
7127 71 919
7228 58 3176
7226 36 4223
7328 85 5939
7128 33 2557
7229 36 5007
7227 17 1624
7329 17 2698
7129 49 3884
7230 85 5876
7228 65 5561
7330 57 5686
7130 10 4903
7231 64 330
7229 32 3461
7331 44 5028
7131 50 76
7232 42 1690
7230 98 1474
7332 33 3072
7132 90 3767
7233 100 5330
7231 32 4792
7333 38 1295
7133 23 184
7234 23 5317
7232 22 644
7334 70 3708
7134 23 2382
7235 14 1298
7233 27 5422
7335 51 1724
7135 67 4910
7236 35 5410
7234 28 1745
7336 88 3220
7136 18 2589
7237 68 5045
7235 81 4899
7337 57 3482
7137 46 3930
7238 89 5599
7236 88 618
7338 87 5822
7138 23 948
7239 36 343
7237 69 875
7339 28 4547
7139 28 439
7240 55 2787
7238 42 3485
7340 13 2639
7140 45 4915
7241 26 5157
7239 26 2125
7341 19 194
7141 62 5685
7242 82 5116
7240 100 1540
7342 86 1134
7142 52 1760
7243 44 4422
7241 37 3226
7343 59 1657
7143 75 5904
7244 21 2715
7242 36 2783
7344 43 2396
7144 64 4339
7245 14 2222
7243 55 2108
7345 99 3609
7145 98 1766
7246 43 2053
7244 63 3371
7346 86 5794
7146 32 315
7247 92 870
7245 30 675
7347 100 5903
7147 98 2688
7248 94 5022
7246 73 4985
7348 99 4392
7148 38 648
7249 82 2780
7247 96 3742
7349 52 2215
7149 61 3239
7250 97 1997
7248 59 656
7350 84 1025
7150 53 2692
7251 40 3335
7249 57 3987
7351 78 5779
7151 57 2064
7252 43 2594
7250 44 4850
7352 58 5635
7152 17 3788
7253 64 2157
7251 50 3052
7353 81 3584
7153 77 403
7254 10 2695
7252 20 5076
7354 31 3717
7154 90 3920
7255 80 3427
7253 12 3827
7355 40 5030
7155 54 1927
7256 82 5392
7254 17 5879
7356 33 339
7156 39 1917
7257 11 4403
7255 68 2633
7357 27 2275
7157 10 192
7258 93 1047
7256 91 918
7358 33 1779
7158 13 1889
7259 64 1075
7257 67 3587
7359 75 4244
7159 10 5746
7260 90 1016
7258 56 978
7360 27 1182
7160 10 5486
7261 19 2714
7259 29 1216
7361 15 1299
7161 94 2705
7262 10 460
7260 86 620
7362 98 537
7162 38 3476
7263 66 4226
7261 39 5295
7363 91 53
7163 95 223
7264 60 535
7262 55 1287
7364 99 2039
7164 93 2149
7265 53 1113
7263 52 1050
7365 86 882
7165 64 1402
7266 93 627
7264 31 5472
7366 41 1584
7166 15 3411
7267 82 2190
7265 87 4836
7367 52 4449
7167 21 4599
7268 10 3244
7266 92 3262
7368 33 1065
7168 31 2833
7269 48 350
7267 14 5047
7369 69 2889
7169 28 2488
7270 90 1023
7268 76 4101
7370 24 292
7170 54 1348
7271 78 2679
7269 81 1751
7371 24 2652
7171 25 3787
7272 38 1401
7270 36 5604
7372 28 5528
7172 92 1407
7273 38 2283
7271 67 2396
7373 43 861
7173 47 5603
7274 72 1453
7272 38 3419
7374 31 3882
7174 37 3505
7275 22 3846
7273 70 2741
7375 51 425
7175 24 5034
7276 42 3990
7274 83 706
7376 59 5442
7176 17 216
7277 63 5166
7275 12 137
7377 26 5697
7177 75 5498
7278 90 5026
7276 64 5537
7378 80 3384
7178 40 655
7279 45 3161
7277 28 1939
7379 43 5313
7179 54 5704
7280 87 4451
7278 39 3071
7380 57 5256
7180 19 1904
7281 46 2262
7279 37 2076
7381 95 5220
7181 26 1741
7282 42 4833
7280 17 5642
7382 44 2911
7182 87 5689
7283 33 5417
7281 62 5536
7383 45 539
7183 25 2692
7284 96 1532
7282 74 2449
7384 19 5219
7184 95 4676
7285 25 1818
7283 38 4769
7385 86 890
7185 21 2310
7286 68 5274
7284 52 1768
7386 41 5049
7186 73 3435
7287 59 5107
7285 63 1344
7387 24 1051
7187 38 3103
7288 46 333
7286 80 1608
7388 32 4979
7188 60 2772
7289 57 1839
7287 96 3678
7389 81 950
7189 90 478
7290 96 4746
7288 40 2740
7390 10 1333
7190 82 922
7291 24 2232
7289 69 5475
7391 84 3556
7191 72 407
7292 74 2343
7290 76 3374
7392 48 5491
7192 87 1278
7293 14 669
7291 50 544
7393 70 3214
7193 53 1911
7294 18 4484
7292 28 768
7394 62 5782
7194 77 2908
7295 31 1827
7293 56 2525
7395 31 2440
7195 57 4636
7296 36 173
7294 95 81
7396 43 4210
7196 10 189
7297 21 294
7295 10 610
7397 52 409
7197 44 1969
7298 68 103
7296 15 2874
7398 83 3588
7198 31 5184
7299 76 5197
7297 49 4101
7399 67 2104
7199 68 4584
7300 90 1550
7298 14 793
7400 82 1071
7200 42 4732
7299 46 4085
7401 50 1625
7201 35 4031
7302 51 3051
7402 93 3307
7202 76 339
7303 45 870
7301 48 3015
7403 41 5683
7203 57 2198
7304 20 1592
7302 48 1982
7404 55 566
7204 75 2877
7305 36 4591
7303 28 2529
7405 35 3745
7205 85 5153
7306 10 4991
7304 21 4678
7406 16 3183
7206 80 1995
7307 25 5164
7305 88 1718
7407 81 138
7207 89 4953
7308 40 3493
7306 81 5520
7408 35 3852
7208 15 4833
7309 25 3472
7307 35 1425
7409 97 1654
7209 41 2243
7310 21 4938
7308 72 2772
7410 93 615
7210 42 4120
7311 23 5224
7309 77 3727
7411 50 5573
7211 56 2533
7312 86 2692
7310 69 994
7412 59 2773
7212 51 5818
7313 84 4938
7311 19 2020
7413 84 189
7213 74 924
7314 67 5125
7312 39 4298
7414 74 4235
7214 14 5299
7315 54 1185
7313 29 3215
7415 74 1490
7215 19 3723
7316 59 1279
7314 97 859
7416 56 1237
7216 71 1381
7317 68 1545
7315 86 3225
7417 24 3853
7217 87 5332
7318 81 3526
7316 11 1243
7418 81 2722
7218 40 3845
7319 56 2294
7317 77 990
7419 16 1527
7219 23 623
7320 92 1733
7318 27 4601
7420 31 2489
7220 35 3593
7321 60 3004
7319 28 4619
7421 38 4630
7221 71 2152
7322 68 4337
7320 66 308
7422 54 127
7222 42 1986
7323 26 4962
7321 26 895
7423 16 379
7223 72 3403
7324 33 3839
7322 48 4119
7424 82 4481
7224 80 4327
7325 96 555
7323 17 918
7425 66 2609
7225 60 3458
7326 75 1790
7324 16 4723
7426 66 5363
7226 48 4857
7327 99 695
7325 52 79
7427 35 2314
7227 94 5394
7328 95 2815
7326 20 4786
7428 12 3793
7228 93 5473
7329 72 962
7327 29 1505
7429 25 4205
7229 93 5285
7330 52 4378
7328 80 5577
7430 24 2598
7230 40 4514
7331 59 4801
7329 37 5937
7431 99 1459
7231 90 844
7332 63 1704
7330 40 789
7432 56 1665
7232 59 4635
7333 56 1504
7331 34 4077
7433 84 2288
7233 79 4516
7334 95 5929
7332 66 5523
7434 100 4931
7234 42 1697
7335 40 4071
7333 31 5154
7435 68 3916
7235 17 2752
7336 90 3173
7334 95 3406
7436 40 2574
7236 85 3169
7337 90 3364
7335 69 2141
7437 51 530
7237 45 5218
7338 86 5292
7336 94 5014
7438 44 4361
7238 75 191
7339 65 1973
7337 99 5622
7439 45 3491
7239 84 799
7340 86 2585
7338 90 4525
7440 94 3949
7240 28 5414
7341 21 2264
7339 68 4634
7441 97 242
7241 33 4701
7342 23 3914
7340 53 5392
7442 11 1593
7242 66 5923
7343 20 5460
7341 99 2061
7443 79 4153
7243 68 4926
7344 34 3903
7342 48 2331
7444 52 5130
7244 91 2364
7345 39 3705
7343 83 2300
7445 66 1908
7245 49 1746
7346 42 3355
7344 85 672
7446 93 3946
7246 46 5533
7347 12 3236
7345 86 4380
7447 72 5057
7247 49 4459
7348 22 5922
7346 59 2182
7448 82 20
7248 70 2446
7349 16 3323
7347 11 5796
7449 99 1157
7249 81 5167
7350 10 2125
7348 92 5297
7450 32 1811
7250 89 3717
7351 43 5135
7349 30 5730
7451 70 3632
7251 31 1361
7352 14 5299
7350 50 5428
7452 28 944
7252 36 2619
7353 42 5690
7351 12 3906
7453 41 2546
7253 40 3139
7354 51 3902
7352 25 4315
7454 12 986
7254 34 232
7355 27 4970
7353 34 2408
7455 58 2286
7255 58 2466
7356 52 2021
7354 61 5015
7456 53 349
7256 79 3410
7357 89 1350
7355 98 4020
7457 34 3733
7257 12 1485
7358 97 864
7356 29 1136
7458 61 632
7258 14 4794
7359 88 3557
7357 71 2696
7459 53 2671
7259 13 4078
7360 78 5502
7358 93 24
7460 86 441
7260 94 3932
7361 24 1206
7359 14 3294
7461 73 1696
7261 80 1368
7362 15 17
7360 97 5064
7462 55 343
7262 34 4599
7363 58 980
7361 23 2590
7463 92 2579
7263 39 3687
7364 93 758
7362 41 4200
7464 47 4616
7264 81 33
7365 24 4738
7363 92 504
7465 96 4488
7265 15 4692
7366 53 5279
7364 64 88
7466 97 4463
7266 56 5547
7367 50 4520
7365 84 3784
7467 47 3232
7267 46 2328
7368 46 485
7366 55 1537
7468 18 264
7268 85 3411
7369 15 3926
7367 50 4918
7469 27 2876
7269 11 998
7370 18 2346
7368 37 705
7470 82 4779
7270 79 2588
7371 47 3393
7369 44 3887
7471 93 4155
7271 66 1612
7372 46 2004
7370 79 3231
7472 17 4660
7272 54 3800
7373 48 5417
7371 76 4760
7473 22 376
7273 25 2772
7374 19 1535
7372 52 4983
7474 62 440
7274 28 2375
7375 73 5789
7373 89 2608
7475 99 5617
7275 46 388
7376 72 1787
7374 78 624
7476 91 5246
7276 84 777
7377 76 4311
7375 21 1716
7477 31 75
7277 81 3325
7378 21 1482
7376 66 2644
7478 75 1657
7278 80 790
7379 25 4524
7377 42 4096
7479 27 2075
7279 63 3987
7380 27 2805
7378 50 818
7480 40 5572
7280 49 1687
7381 35 752
7379 76 34
7481 62 3053
7281 95 2130
7382 66 760
7380 61 3411
7482 78 4215
7282 20 1580
7383 98 288
7381 54 5169
7483 50 917
7283 63 2461
7384 15 223
7382 98 4870
7484 20 3461
7284 19 3524
7385 56 221
7383 79 5930
7485 92 5814
7285 91 5600
7386 35 3985
7384 67 5
7486 100 2798
7286 70 2144
7387 55 5002
7385 65 3541
7487 66 1230
7287 31 2176
7388 54 5723
7386 75 3735
7488 34 2111
7288 84 1089
7389 94 3099
7387 22 1414
7489 82 2742
7289 94 2864
7390 65 4328
7388 30 5535
7490 12 5778
7290 43 11
7391 21 1628
7389 46 4528
7491 22 1917
7291 13 3460
7392 83 5370
7390 64 4356
7492 90 4807
7292 71 3223
7393 96 5454
7391 43 5230
7493 82 1596
7293 87 3912
7394 17 356
7392 31 4611
7494 61 3256
7294 100 5613
7395 71 508
7393 97 2608
7495 48 3663
7295 50 2709
7396 33 302
7394 64 3847
7496 73 2146
7296 23 5609
7397 10 4896
7395 84 794
7497 94 871
7297 76 150
7398 80 2162
7396 62 2608
7498 46 3008
7298 61 486
7399 99 1348
7397 66 5419
7499 69 4818
7299 95 1010
7400 35 3319
7398 76 1759
7500 59 121
7300 72 3098
7399 49 815
7501 81 5228
7301 15 3952
7402 29 3561
7502 52 5832
7302 58 1605
7403 93 169
7401 98 2672
7503 37 2289
7303 84 836
7404 19 1334
7402 42 5253
7504 78 67
7304 83 3003
7405 71 4745
7403 55 1841
7505 99 1962
7305 79 2569
7406 35 4610
7404 16 841
7506 15 1477
7306 68 518
7407 57 3481
7405 85 1260
7507 69 5803
7307 63 4903
7408 82 4785
7406 70 692
7508 34 4078
7308 49 4393
7409 63 2910
7407 34 4015
7509 57 35
7309 88 3641
7410 46 2588
7408 98 4658
7510 77 4473
7310 93 1894
7411 32 4887
7409 70 3361
7511 30 2719
7311 24 24
7412 43 5653
7410 89 1491
7512 58 2931
7312 100 4951
7413 75 270
7411 72 3223
7513 16 4546
7313 89 5287
7414 43 658
7412 66 2468
7514 29 4367
7314 64 2098
7415 41 1515
7413 33 2782
7515 41 2612
7315 43 327
7416 93 2418
7414 73 1399
7516 92 471
7316 69 1684
7417 76 3509
7415 75 5244
7517 40 5378
7317 73 1933
7418 20 2639
7416 53 1223
7518 39 3387
7318 42 784
7419 73 5238
7417 30 74
7519 37 1552
7319 49 1770
7420 10 3174
7418 14 4431
7520 62 3988
7320 96 177
7421 43 346
7419 86 5233
7521 15 5867
7321 72 5666
7422 57 5862
7420 72 4566
7522 62 5304
7322 99 3289
7423 67 4927
7421 67 5770
7523 100 818
7323 46 3951
7424 41 1476
7422 10 3772
7524 74 2630
7324 97 2838
7425 13 5178
7423 27 5396
7525 91 3835
7325 45 2159
7426 60 3956
7424 10 1540
7526 97 3229
7326 95 773
7427 60 2321
7425 65 2569
7527 28 508
7327 26 2323
7428 72 1501
7426 65 524
7528 39 4337
7328 30 1755
7429 73 70
7427 67 1931
7529 85 1962
7329 89 2708
7430 39 4225
7428 33 1619
7530 37 4117
7330 50 3786
7431 46 325
7429 99 1789
7531 35 2670
7331 68 4990
7432 12 2791
7430 42 3950
7532 19 5202
7332 46 523
7433 70 2188
7431 55 5926
7533 39 4971
7333 21 73
7434 75 2736
7432 68 386
7534 12 706
7334 99 137
7435 64 5557
7433 77 5281
7535 97 875
7335 49 3705
7436 27 2489
7434 42 2639
7536 37 2188
7336 93 3740
7437 45 1713
7435 63 2731
7537 78 428
7337 70 3722
7438 76 1917
7436 67 38
7538 33 3289
7338 12 1148
7439 24 5724
7437 64 1640
7539 21 3557
7339 89 1220
7440 42 3557
7438 31 4732
7540 48 1032
7340 38 1675
7441 68 4146
7439 25 2114
7541 11 4924
7341 60 1558
7442 83 4538
7440 49 5782
7542 12 1077
7342 17 4590
7443 71 2921
7441 48 2267
7543 70 4912
7343 55 2203
7444 44 141
7442 12 2298
7544 35 2865
7344 36 2798
7445 77 3663
7443 53 2326
7545 45 2303
7345 12 4284
7446 96 5793
7444 64 4854
7546 46 3479
7346 42 3963
7447 75 5540
7445 78 3185
7547 31 1301
7347 80 729
7448 11 5367
7446 30 3352
7548 12 2520
7348 16 1400
7449 30 3337
7447 85 5509
7549 30 3105
7349 45 4129
7450 61 1605
7448 100 1404
7550 96 2292
7350 62 2080
7451 78 1543
7449 50 132
7551 65 1740
7351 46 558
7452 77 130
7450 37 4930
7552 82 3610
7352 12 5119
7453 40 3987
7451 26 5103
7553 20 5217
7353 17 4463
7454 67 3723
7452 27 5093
7554 45 4620
7354 65 1485
7455 17 4450
7453 14 391
7555 16 5898
7355 54 535
7456 55 5139
7454 86 4899
7556 27 2796
7356 44 3111
7457 29 5381
7455 77 1437
7557 29 4371
7357 67 848
7458 17 2979
7456 94 935
7558 12 4794
7358 82 1199
7459 57 322
7457 84 627
7559 76 5500
7359 91 4217
7460 26 4744
7458 41 2638
7560 53 3764
7360 36 1214
7461 81 4499
7459 90 1956
7561 76 2421
7361 26 4190
7462 89 5699
7460 14 3220
7562 81 1417
7362 82 5193
7463 24 1405
7461 13 5462
7563 46 1839
7363 92 3602
7464 86 3726
7462 99 5619
7564 77 54
7364 29 3685
7465 99 5500
7463 96 4803
7565 56 330
7365 51 2390
7466 65 2299
7464 31 5262
7566 75 3395
7366 75 5801
7467 87 1672
7465 48 654
7567 67 4929
7367 45 3485
7468 79 3488
7466 59 3045
7568 56 4018
7368 81 3016
7469 83 2257
7467 26 3362
7569 37 4080
7369 46 1542
7470 68 3716
7468 23 5163
7570 60 2686
7370 29 4208
7471 43 4951
7469 93 726
7571 87 5308
7371 75 2219
7472 19 4264
7470 14 5572
7572 100 677
7372 13 2760
7473 76 206
7471 87 1581
7573 65 3891
7373 54 4938
7474 71 3540
7472 91 3003
7574 66 1586
7374 55 2684
7475 26 5074
7473 46 453
7575 80 3639
7375 31 2036
7476 54 665
7474 49 2231
7576 98 4007
7376 43 3404
7477 72 4957
7475 98 4000
7577 52 2749
7377 79 5002
7478 57 1998
7476 97 2824
7578 87 5832
7378 88 1775
7479 33 750
7477 98 513
7579 20 4297
7379 18 2821
7480 21 1774
7478 80 3375
7580 44 5580
7380 28 5680
7481 59 4366
7479 11 873
7581 62 3861
7381 13 5841
7482 27 893
7480 37 3204
7582 63 1344
7382 44 5139
7483 57 4205
7481 55 1678
7583 11 749
7383 84 4058
7484 41 5292
7482 93 5397
7584 20 5920
7384 38 1612
7485 47 169
7483 30 4223
7585 56 4581
7385 14 5188
7486 55 3161
7484 62 2464
7586 93 578
7386 100 1219
7487 29 5235
7485 19 2144
7587 98 5321
7387 70 45
7488 60 5376
7486 51 2211
7588 74 4503
7388 70 3081
7489 56 144
7487 38 1256
7589 26 1166
7389 39 4307
7490 63 5414
7488 90 1841
7590 48 5750
7390 26 3855
7491 63 725
7489 86 3935
7591 59 1014
7391 13 3122
7492 35 1933
7490 52 845
7592 20 518
7392 70 3403
7493 76 417
7491 52 2297
7593 92 5813
7393 34 2171
7494 96 3783
7492 89 1505
7594 39 2814
7394 17 3252
7495 45 3186
7493 85 2826
7595 83 4732
7395 51 313
7496 52 4785
7494 52 5348
7596 80 4033
7396 31 3574
7497 99 2403
7495 93 3763
7597 42 4382
7397 51 2369
7498 14 3895
7496 84 2329
7598 42 835
7398 70 5926
7499 37 370
7497 26 3021
7599 71 4186
7399 11 4413
7500 20 4671
7498 51 1229
7600 51 3479
7400 80 5104
7499 16 943
7601 52 4614
7401 78 2247
7502 74 188
7602 72 2356
7402 13 4878
7503 58 2002
7501 53 4009
7603 47 4428
7403 27 1718
7504 65 737
7502 98 4777
7604 73 4785
7404 92 5392
7505 38 5213
7503 46 2322
7605 36 2240
7405 23 4865
7506 35 2017
7504 14 2168
7606 75 3911
7406 21 4907
7507 29 3330
7505 73 5045
7607 56 5105
7407 16 1083
7508 88 5671
7506 22 2997
7608 16 1976
7408 65 3445
7509 13 460
7507 53 5933
7609 57 2674
7409 92 4907
7510 74 5892
7508 100 5241
7610 52 1555
7410 78 3626
7511 89 4548
7509 53 3837
7611 33 3702
7411 37 200
7512 85 2202
7510 59 2675
7612 44 1270
7412 93 4896
7513 27 5880
7511 20 4084
7613 79 38
7413 28 1099
7514 89 2190
7512 93 2036
7614 11 4724
7414 47 4479
7515 81 2956
7513 37 5837
7615 68 5179
7415 40 2214
7516 31 4521
7514 29 1398
7616 82 5913
7416 24 1553
7517 44 1581
7515 62 29
7617 60 5668
7417 62 243
7518 47 2789
7516 93 133
7618 52 2272
7418 90 5166
7519 42 1667
7517 20 4534
7619 53 5528
7419 58 3013
7520 30 5909
7518 76 2510
7620 82 5230
7420 48 5772
7521 69 3810
7519 33 1704
7621 28 4813
7421 72 3609
7522 71 4046
7520 16 1453
7622 73 5155
7422 27 2371
7523 92 4114
7521 46 5802
7623 92 3049
7423 59 5672
7524 81 1170
7522 27 4189
7624 42 2863
7424 19 272
7525 78 3570
7523 45 1897
7625 88 276
7425 28 4449
7526 23 2318
7524 65 4440
7626 28 942
7426 55 5421
7527 82 5764
7525 14 5723
7627 20 243
7427 62 4862
7528 32 3253
7526 41 4158
7628 14 5837
7428 34 2186
7529 13 5169
7527 52 483
7629 38 5232
7429 61 4350
7530 97 2846
7528 26 1566
7630 53 3743
7430 19 3146
7531 37 243
7529 45 5497
7631 35 4173
7431 40 1591
7532 59 1133
7530 77 1412
7632 62 1111
7432 67 5217
7533 18 3835
7531 57 4460
7633 49 3905
7433 17 2393
7534 43 4849
7532 57 1401
7634 70 392
7434 81 25
7535 35 4678
7533 36 3389
7635 78 727
7435 12 3933
7536 61 5595
7534 17 3676
7636 94 3091
7436 90 2284
7537 58 3781
7535 51 518
7637 67 2337
7437 53 2839
7538 99 1189
7536 18 1175
7638 76 726
7438 26 5443
7539 18 4278
7537 83 2076
7639 63 244
7439 81 2587
7540 68 4988
7538 47 1685
7640 45 5000
7440 23 3483
7541 13 724
7539 13 1646
7641 74 1133
7441 55 5314
7542 38 1011
7540 44 4704
7642 75 3133
7442 67 5174
7543 42 2072
7541 24 3660
7643 51 2747
7443 62 1131
7544 18 57
7542 70 317
7644 37 4670
7444 11 2866
7545 76 3025
7543 87 5213
7645 70 410
7445 48 328
7546 77 4359
7544 79 3849
7646 90 1967
7446 93 2321
7547 87 1125
7545 79 4749
7647 70 2049
7447 33 4306
7548 33 4669
7546 35 5245
7648 43 2078
7448 16 5221
7549 44 2544
7547 22 3599
7649 98 5853
7449 21 1398
7550 60 5436
7548 68 5935
7650 89 2212
7450 67 3813
7551 39 2762
7549 54 1243
7651 67 5671
7451 12 2002
7552 58 4536
7550 24 641
7652 44 1934
7452 29 5410
7553 53 5067
7551 18 5321
7653 67 1198
7453 93 5295
7554 79 4716
7552 81 5928
7654 31 1709
7454 60 2800
7555 46 2877
7553 60 782
7655 16 655
7455 14 3143
7556 77 4931
7554 91 3293
7656 10 2299
7456 15 1715
7557 24 5680
7555 63 4593
7657 37 2669
7457 23 2100
7558 39 5016
7556 94 1738
7658 96 486
7458 32 5415
7559 97 2074
7557 56 513
7659 82 3292
7459 56 2636
7560 28 4227
7558 35 4810
7660 10 4552
7460 48 392
7561 31 4270
7559 45 4351
7661 74 5258
7461 45 1858
7562 59 3857
7560 46 86
7662 61 824
7462 53 1334
7563 100 4056
7561 29 779
7663 38 3706
7463 20 4858
7564 91 3033
7562 46 1603
7664 20 4493
7464 48 5289
7565 24 2480
7563 47 3201
7665 99 4877
7465 32 3216
7566 67 328
7564 20 2177
7666 37 3958
7466 52 5301
7567 41 1966
7565 93 5632
7667 27 2673
7467 47 4204
7568 52 1950
7566 39 3310
7668 51 4931
7468 11 1371
7569 68 177
7567 93 1014
7669 28 5236
7469 98 3962
7570 36 566
7568 92 2629
7670 86 3190
7470 66 1886
7571 60 5418
7569 94 452
7671 67 5315
7471 72 5862
7572 34 2613
7570 55 3594
7672 28 4953
7472 33 5628
7573 16 5838
7571 92 5604
7673 56 2418
7473 54 3828
7574 68 2448
7572 100 669
7674 86 2656
7474 86 5393
7575 97 3773
7573 67 35
7675 75 2768
7475 55 5543
7576 64 5522
7574 84 3605
7676 30 2207
7476 41 1613
7577 91 5364
7575 24 813
7677 76 407
7477 77 527
7578 10 5164
7576 83 2627
7678 98 3687
7478 48 4604
7579 93 1272
7577 68 4302
7679 22 1178
7479 71 1624
7580 74 853
7578 93 3653
7680 95 3146
7480 11 548
7581 100 4570
7579 26 5621
7681 100 127
7481 20 2234
7582 88 4679
7580 21 371
7682 46 2106
7482 50 3560
7583 39 1830
7581 35 2490
7683 79 3715
7483 42 1067
7584 88 4697
7582 44 1385
7684 44 4323
7484 60 3302
7585 43 1390
7583 87 2272
7685 62 4358
7485 32 2092
7586 16 4013
7584 33 1243
7686 32 62
7486 19 4969
7587 72 580
7585 25 4988
7687 20 5688
7487 80 2170
7588 100 1729
7586 62 534
7688 93 5298
7488 88 3056
7589 59 1070
7587 15 284
7689 67 1339
7489 25 591
7590 10 1485
7588 95 5364
7690 55 317
7490 19 4579
7591 23 3602
7589 90 3947
7691 97 4592
7491 68 5204
7592 100 1882
7590 32 2627
7692 26 934
7492 12 5634
7593 10 4826
7591 90 689
7693 80 2308
7493 66 2928
7594 51 3168
7592 63 1156
7694 14 920
7494 44 4678
7595 59 2322
7593 88 3961
7695 20 1079
7495 25 3538
7596 32 43
7594 54 226
7696 28 3425
7496 70 4367
7597 78 4185
7595 21 487
7697 61 5021
7497 46 2251
7598 30 519
7596 59 4723
7698 36 192
7498 70 2698
7599 68 5631
7597 35 5097
7699 28 4040
7499 13 3201
7600 24 3229
7598 49 4687
7700 13 2089
7500 55 5643
7599 91 3742
7701 25 421
7501 61 3738
7602 11 4689
7702 27 4911
7502 58 2164
7603 72 4720
7601 81 3799
7703 72 929
7503 72 5510
7604 67 3702
7602 59 3592
7704 75 5498
7504 80 1096
7605 46 2020
7603 27 1577
7705 76 3982
7505 66 3844
7606 66 4665
7604 29 2492
7706 92 3676
7506 28 4099
7607 90 4851
7605 51 4446
7707 31 1746
7507 64 3700
7608 16 764
7606 28 4945
7708 41 783
7508 83 4410
7609 19 583
7607 38 3870
7709 14 5260
7509 99 2256
7610 85 4709
7608 88 2730
7710 22 4967
7510 90 3694
7611 33 2837
7609 21 2882
7711 52 1310
7511 47 2167
7612 16 3227
7610 10 2056
7712 17 289
7512 71 1613
7613 84 2292
7611 50 14
7713 65 918
7513 90 1517
7614 65 1334
7612 84 142
7714 45 3398
7514 93 1926
7615 28 2881
7613 90 5928
7715 51 967
7515 45 1841
7616 16 1805
7614 24 2923
7716 78 4102
7516 88 1612
7617 54 559
7615 87 2109
7717 50 4280
7517 69 5165
7618 10 1318
7616 51 279
7718 97 3938
7518 98 4805
7619 33 4531
7617 78 5205
7719 60 1023
7519 13 83
7620 53 4179
7618 64 5680
7720 79 4780
7520 13 4598
7621 17 3569
7619 24 158
7721 30 3986
7521 70 3711
7622 38 3835
7620 54 691
7722 16 1601
7522 28 3639
7623 46 5280
7621 16 1373
7723 40 4698
7523 51 2680
7624 30 5578
7622 19 99
7724 80 2379
7524 36 4532
7625 94 4763
7623 43 5087
7725 10 1371
7525 59 1248
7626 48 2130
7624 99 2337
7726 93 4936
7526 78 4969
7627 38 728
7625 71 3384
7727 92 2649
7527 53 4296
7628 64 4988
7626 47 3081
7728 16 5018
7528 62 1768
7629 33 3879
7627 17 3249
7729 34 2277
7529 35 3002
7630 99 2115
7628 89 5266
7730 47 3840
7530 43 541
7631 56 3328
7629 93 311
7731 10 1689
7531 16 2596
7632 75 4839
7630 55 5050
7732 95 5651
7532 83 618
7633 46 82
7631 29 5798
7733 87 885
7533 41 359
7634 100 2913
7632 20 4251
7734 86 2931
7534 12 4867
7635 92 4750
7633 36 2056
7735 36 3338
7535 33 2488
7636 41 1333
7634 65 3989
7736 80 4860
7536 64 4647
7637 58 2844
7635 66 4634
7737 73 253
7537 27 122
7638 23 3105
7636 50 4910
7738 98 602
7538 58 5210
7639 80 3118
7637 27 247
7739 23 2823
7539 56 4085
7640 26 3016
7638 25 1565
7740 86 539
7540 44 309
7641 60 2403
7639 87 798
7741 36 2651
7541 96 305
7642 99 5829
7640 28 49
7742 35 529
7542 56 657
7643 47 2472
7641 62 761
7743 90 5535
7543 35 5305
7644 60 5161
7642 60 2435
7744 86 2222
7544 12 1244
7645 93 3716
7643 14 2007
7745 77 5021
7545 89 2315
7646 86 4153
7644 28 5013
7746 86 5254
7546 92 2926
7647 11 2766
7645 30 5600
7747 25 2746
7547 84 3587
7648 84 3057
7646 11 346
7748 44 2199
7548 84 1596
7649 22 171
7647 74 1033
7749 61 4062
7549 98 375
7650 28 1707
7648 70 815
7750 56 3630
7550 29 5692
7651 23 1333
7649 21 5609
7751 63 4758
7551 58 5765
7652 39 937
7650 81 1489
7752 53 613
7552 53 4518
7653 35 1496
7651 99 5319
7753 13 1213
7553 52 793
7654 17 2324
7652 56 2944
7754 33 5310
7554 22 357
7655 11 70
7653 60 1270
7755 83 1937
7555 69 1522
7656 22 2959
7654 15 1905
7756 94 4455
7556 20 2805
7657 12 4379
7655 78 585
7757 89 4104
7557 80 5210
7658 48 4453
7656 50 2874
7758 33 2276
7558 85 1198
7659 12 5035
7657 57 2385
7759 55 3146
7559 57 3735
7660 28 941
7658 65 4955
7760 53 5310
7560 53 3264
7661 55 3405
7659 17 3898
7761 37 3743
7561 82 2403
7662 31 2931
7660 14 4223
7762 73 4308
7562 87 2655
7663 75 1792
7661 63 2582
7763 57 5397
7563 32 2019
7664 65 2455
7662 42 1927
7764 76 3131
7564 19 2196
7665 29 3648
7663 22 3020
7765 68 2526
7565 17 5854
7666 54 2340
7664 40 2416
7766 84 1413
7566 32 1949
7667 11 3530
7665 53 4465
7767 84 2474
7567 44 209
7668 36 4429
7666 25 3193
7768 89 3180
7568 33 3669
7669 69 2589
7667 16 169
7769 34 556
7569 26 202
7670 51 115
7668 28 1587
7770 89 5329
7570 38 1134
7671 56 4743
7669 66 5594
7771 89 5863
7571 81 1835
7672 80 1837
7670 54 4420
7772 83 4452
7572 84 5309
7673 60 4295
7671 73 4563
7773 76 1842
7573 91 2625
7674 43 2054
7672 76 594
7774 94 1460
7574 94 1230
7675 80 2053
7673 51 2777
7775 32 1098
7575 93 1413
7676 68 3034
7674 16 5206
7776 63 4294
7576 30 925
7677 53 216
7675 88 4744
7777 46 3203
7577 18 2708
7678 81 228
7676 51 4714
7778 67 5371
7578 46 1974
7679 40 4091
7677 44 3447
7779 14 604
7579 47 3242
7680 18 2141
7678 82 1744
7780 60 401
7580 86 623
7681 55 4551
7679 60 5638
7781 34 1563
7581 73 2510
7682 74 3659
7680 18 4641
7782 76 2000
7582 52 4824
7683 56 4341
7681 99 1411
7783 41 1169
7583 84 5430
7684 89 4465
7682 75 4441
7784 25 2928
7584 45 5823
7685 81 2173
7683 75 2230
7785 18 519
7585 100 3453
7686 95 5397
7684 97 4164
7786 68 3828
7586 43 5529
7687 58 2240
7685 15 2521
7787 84 4736
7587 42 5502
7688 67 3813
7686 54 4851
7788 43 3320
7588 29 1147
7689 20 1057
7687 82 303
7789 89 2498
7589 35 215
7690 57 1025
7688 41 2590
7790 36 5768
7590 26 1817
7691 58 5110
7689 57 1038
7791 67 1337
7591 100 2081
7692 49 3058
7690 70 1872
7792 87 556
7592 41 5196
7693 70 682
7691 18 1156
7793 41 2404
7593 42 1276
7694 88 1222
7692 48 2373
7794 85 5473
7594 70 2996
7695 26 1436
7693 97 5242
7795 90 3946
7595 58 5138
7696 52 5499
7694 23 2913
7796 86 1077
7596 43 2131
7697 91 29
7695 34 608
7797 84 5799
7597 56 689
7698 75 2182
7696 18 2763
7798 69 471
7598 51 3748
7699 58 4560
7697 98 5925
7799 87 1402
7599 57 307
7700 38 3437
7698 96 186
7800 99 326
7600 81 2953
7699 30 3377
7801 68 4582
7601 88 3534
7702 25 3337
7802 46 1723
7602 65 4258
7703 77 1659
7701 18 3769
7803 36 2809
7603 46 3932
7704 88 2241
7702 91 5464
7804 59 2361
7604 84 5107
7705 27 5698
7703 12 4775
7805 57 3574
7605 14 3047
7706 10 4392
7704 71 4070
7806 68 3054
7606 60 3942
7707 95 4634
7705 14 3113
7807 52 626
7607 22 5013
7708 18 4797
7706 82 235
7808 25 3745
7608 13 3398
7709 83 1249
7707 54 4007
7809 43 1781
7609 46 1335
7710 15 4083
7708 42 2954
7810 71 4021
7610 22 2982
7711 68 3363
7709 100 4299
7811 17 5475
7611 93 3348
7712 30 798
7710 11 5409
7812 45 3672
7612 24 2454
7713 38 3157
7711 39 1196
7813 51 592
7613 67 4491
7714 23 5601
7712 43 2857
7814 41 114
7614 20 5435
7715 43 1538
7713 14 4475
7815 98 1978
7615 54 488
7716 67 5125
7714 90 1606
7816 79 4581
7616 76 969
7717 72 2857
7715 26 424
7817 50 4346
7617 15 4864
7718 24 4610
7716 92 558
7818 23 3439
7618 80 1424
7719 37 4425
7717 85 4573
7819 60 1677
7619 48 3627
7720 30 941
7718 15 5925
7820 20 3799
7620 13 4457
7721 53 4470
7719 43 4689
7821 84 3445
7621 64 3501
7722 52 2376
7720 92 3907
7822 47 13
7622 44 4938
7723 28 1288
7721 60 1313
7823 51 4223
7623 17 5221
7724 21 5177
7722 93 2400
7824 16 5914
7624 51 5771
7725 54 2258
7723 88 1424
7825 98 3511
7625 16 2167
7726 13 287
7724 96 730
7826 32 384
7626 54 2474
7727 16 1537
7725 16 909
7827 91 4670
7627 35 1779
7728 19 910
7726 88 5718
7828 67 330
7628 54 2291
7729 43 1806
7727 54 2339
7829 90 5606
7629 83 5348
7730 79 3480
7728 15 3748
7830 18 4617
7630 69 1170
7731 70 3856
7729 25 3931
7831 35 707
7631 71 3050
7732 25 666
7730 67 2941
7832 72 5420
7632 40 1339
7733 51 36
7731 16 3381
7833 71 4065
7633 84 5307
7734 73 4321
7732 83 2090
7834 22 5017
7634 90 4823
7735 95 1729
7733 46 2600
7835 69 5567
7635 32 313
7736 40 1223
7734 12 5790
7836 41 2109
7636 29 2876
7737 97 1185
7735 60 103
7837 37 4767
7637 90 5526
7738 11 4720
7736 45 3918
7838 68 5597
7638 10 4596
7739 59 1055
7737 53 241
7839 92 2949
7639 57 4729
7740 24 4117
7738 63 2491
7840 77 417
7640 38 3780
7741 51 4374
7739 12 4439
7841 29 5826
7641 78 741
7742 61 3620
7740 42 4625
7842 75 3643
7642 11 4815
7743 64 4693
7741 89 2756
7843 98 5253
7643 65 5865
7744 74 349
7742 15 3834
7844 81 24
7644 19 4969
7745 22 3487
7743 82 5327
7845 97 1207
7645 31 711
7746 47 1463
7744 70 625
7846 87 4693
7646 71 4416
7747 79 2324
7745 70 972
7847 72 4568
7647 49 4814
7748 51 718
7746 63 5279
7848 20 4609
7648 58 622
7749 51 5902
7747 18 4
7849 47 386
7649 41 3959
7750 73 2729
7748 60 1354
7850 47 907
7650 78 3645
7751 11 2424
7749 52 998
7851 11 5324
7651 85 4871
7752 31 5458
7750 82 3120
7852 67 2644
7652 61 1578
7753 57 3268
7751 84 3410
7853 19 5516
7653 84 3112
7754 80 4802
7752 37 3028
7854 94 1581
7654 92 5321
7755 25 923
7753 39 2798
7855 16 2651
7655 67 165
7756 88 4330
7754 65 5881
7856 36 2748
7656 75 3445
7757 76 312
7755 93 411
7857 71 2536
7657 19 2067
7758 70 244
7756 84 1735
7858 63 4920
7658 15 3889
7759 71 2967
7757 78 4127
7859 86 4073
7659 59 3484
7760 67 3786
7758 36 365
7860 47 771
7660 80 5323
7761 54 1349
7759 43 534
7861 92 2807
7661 61 662
7762 68 5765
7760 14 1831
7862 27 1672
7662 38 5040
7763 54 1742
7761 88 2545
7863 92 574
7663 67 2795
7764 33 2932
7762 33 4546
7864 33 4225
7664 96 1310
7765 60 2356
7763 50 4227
7865 68 1240
7665 38 4805
7766 52 4708
7764 88 2263
7866 80 4002
7666 62 3126
7767 44 4624
7765 50 3853
7867 57 2388
7667 25 5129
7768 59 438
7766 70 1006
7868 86 3050
7668 35 5592
7769 60 3930
7767 32 5331
7869 86 3504
7669 61 3664
7770 28 2421
7768 98 3275
7870 97 608
7670 41 4805
7771 57 1615
7769 62 4169
7871 15 2631
7671 98 1561
7772 12 4317
7770 75 5525
7872 13 4107
7672 42 2730
7773 44 5863
7771 17 5394
7873 11 2104
7673 40 1043
7774 96 2015
7772 76 4331
7874 14 4740
7674 64 1319
7775 32 5912
7773 21 3932
7875 63 3030
7675 79 187
7776 51 5384
7774 62 3310
7876 81 2018
7676 68 1272
7777 88 2935
7775 27 1581
7877 42 1192
7677 41 469
7778 83 3091
7776 81 1338
7878 30 3241
7678 43 2117
7779 27 3042
7777 58 3310
7879 10 95
7679 17 4392
7780 85 4008
7778 46 4280
7880 54 5541
7680 12 1028
7781 69 5171
7779 62 3375
7881 20 45
7681 86 1368
7782 88 1445
7780 47 1024
7882 80 2387
7682 99 1175
7783 51 3553
7781 74 1366
7883 83 5029
7683 59 5639
7784 22 3261
7782 40 4790
7884 45 1226
7684 30 118
7785 36 4069
7783 57 5701
7885 67 1383
7685 49 5181
7786 18 3984
7784 42 1768
7886 43 649
7686 62 3700
7787 67 1316
7785 38 2358
7887 63 366
7687 67 5122
7788 91 30
7786 95 5828
7888 54 2965
7688 36 1706
7789 83 3576
7787 75 1368
7889 74 4490
7689 25 469
7790 73 822
7788 77 5908
7890 38 266
7690 62 2287
7791 41 50
7789 53 5523
7891 16 5108
7691 69 4052
7792 21 114
7790 82 4465
7892 95 3136
7692 12 1513
7793 73 3465
7791 20 1300
7893 58 4272
7693 38 1463
7794 60 134
7792 38 2526
7894 72 3646
7694 74 5246
7795 30 568
7793 33 2065
7895 77 4624
7695 95 4580
7796 62 4098
7794 28 1980
7896 57 3589
7696 18 862
7797 19 2927
7795 31 5310
7897 38 1708
7697 89 2368
7798 40 1329
7796 29 5186
7898 58 3058
7698 84 837
7799 89 5287
7797 58 304
7899 40 2748
7699 69 1028
7800 93 2505
7798 41 4631
7900 79 3103
7700 18 3736
7799 25 5861
7901 100 4667
7701 60 3210
7802 47 1020
7902 11 2915
7702 61 2671
7803 37 4033
7801 83 4810
7903 94 5676
7703 31 4364
7804 75 4941
7802 25 1227
7904 77 215
7704 56 157
7805 97 3806
7803 20 5019
7905 38 5254
7705 38 504
7806 87 67
7804 41 5106
7906 18 1341
7706 39 5619
7807 91 697
7805 23 360
7907 17 3971
7707 92 766
7808 10 3384
7806 48 2439
7908 11 5107
7708 16 5406
7809 27 5861
7807 90 1689
7909 64 252
7709 94 1165
7810 97 215
7808 87 33
7910 77 2688
7710 67 5658
7811 41 2801
7809 98 3788
7911 42 2300
7711 77 936
7812 42 1337
7810 17 1148
7912 44 2425
7712 55 2055
7813 76 1862
7811 95 3324
7913 58 4607
7713 71 1251
7814 60 2345
7812 48 4438
7914 73 4005
7714 26 1751
7815 89 992
7813 29 4933
7915 16 4117
7715 20 2175
7816 67 15
7814 63 1870
7916 14 708
7716 85 4350
7817 72 1110
7815 57 3263
7917 30 2035
7717 90 356
7818 34 3902
7816 89 3847
7918 73 5074
7718 74 4951
7819 79 2934
7817 21 3411
7919 27 3145
7719 11 887
7820 11 846
7818 83 771
7920 89 2197
7720 59 1857
7821 25 4474
7819 51 5093
7921 52 2518
7721 63 3610
7822 33 1490
7820 14 1121
7922 14 831
7722 54 2414
7823 85 1463
7821 23 1732
7923 63 621
7723 89 4692
7824 32 2564
7822 55 5164
7924 31 2936
7724 27 3228
7825 86 140
7823 22 1000
7925 48 4688
7725 76 5215
7826 19 3306
7824 63 5449
7926 71 3927
7726 33 2405
7827 80 575
7825 83 2308
7927 31 5243
7727 83 1882
7828 59 3664
7826 60 1030
7928 13 2682
7728 38 1550
7829 14 1884
7827 55 3513
7929 89 5118
7729 19 3355
7830 94 5535
7828 55 3102
7930 98 3959
7730 76 1668
7831 78 3228
7829 100 1476
7931 56 4509
7731 49 3202
7832 80 5773
7830 99 1178
7932 59 2448
7732 72 774
7833 39 867
7831 61 2979
7933 31 4803
7733 99 5364
7834 91 5715
7832 73 1218
7934 66 112
7734 24 4648
7835 65 5708
7833 73 3850
7935 36 1046
7735 86 936
7836 27 4462
7834 69 613
7936 45 3268
7736 75 2302
7837 65 2749
7835 68 5779
7937 79 280
7737 24 1172
7838 96 2529
7836 52 3387
7938 66 649
7738 26 1214
7839 31 234
7837 51 5769
7939 73 3449
7739 18 350
7840 11 3530
7838 21 1818
7940 26 5201
7740 44 3985
7841 95 4430
7839 68 2406
7941 33 4927
7741 57 4524
7842 26 3090
7840 14 5772
7942 77 5193
7742 58 1761
7843 99 563
7841 79 4458
7943 87 5351
7743 78 2302
7844 25 3225
7842 31 2887
7944 56 1087
7744 69 4165
7845 29 4959
7843 31 1484
7945 37 4042
7745 32 4553
7846 34 1843
7844 100 53
7946 67 4895
7746 19 1304
7847 74 3090
7845 72 2299
7947 13 3748
7747 24 1550
7848 20 577
7846 49 3804
7948 88 3061
7748 34 4309
7849 58 5439
7847 45 4060
7949 10 5437
7749 56 4083
7850 50 4716
7848 50 2214
7950 38 5071
7750 72 1511
7851 64 3125
7849 98 1274
7951 50 2976
7751 31 1568
7852 62 4745
7850 75 2658
7952 16 140
7752 72 4246
7853 98 1957
7851 66 1453
7953 65 1546
7753 20 201
7854 68 33
7852 72 3092
7954 64 2390
7754 20 5047
7855 23 2973
7853 27 1619
7955 32 1475
7755 13 5202
7856 34 2553
7854 96 5392
7956 10 786
7756 37 3189
7857 75 2064
7855 36 4124
7957 84 3927
7757 13 4889
7858 48 689
7856 30 3140
7958 91 454
7758 60 1797
7859 51 3146
7857 81 5337
7959 55 5106
7759 93 2897
7860 14 3254
7858 60 478
7960 37 2187
7760 20 3685
7861 46 4793
7859 46 4918
7961 76 2678
7761 33 2641
7862 32 4756
7860 68 1887
7962 40 2248
7762 55 1570
7863 88 1246
7861 48 1219
7963 82 295
7763 27 2734
7864 18 2907
7862 90 2136
7964 67 999
7764 45 4512
7865 36 5027
7863 68 4274
7965 41 5018
7765 59 5328
7866 67 5504
7864 82 2316
7966 84 335
7766 73 4170
7867 76 3524
7865 28 4655
7967 30 1704
7767 53 2058
7868 23 64
7866 89 4932
7968 41 1353
7768 99 4461
7869 80 906
7867 14 1025
7969 88 681
7769 29 2479
7870 50 4892
7868 51 3568
7970 83 216
7770 95 4691
7871 62 134
7869 17 4946
7971 40 5264
7771 92 5440
7872 87 4680
7870 86 95
7972 82 2519
7772 12 5225
7873 32 5827
7871 20 5152
7973 99 1733
7773 62 2998
7874 58 1488
7872 56 5573
7974 63 2695
7774 71 3839
7875 89 3973
7873 82 3310
7975 98 3756
7775 91 2510
7876 93 5914
7874 27 3560
7976 47 5287
7776 12 3421
7877 88 2428
7875 85 2567
7977 72 4725
7777 72 5377
7878 12 3091
7876 32 1177
7978 82 4068
7778 57 3228
7879 84 4775
7877 60 4335
7979 31 1151
7779 90 5861
7880 37 233
7878 73 2932
7980 30 5692
7780 40 1662
7881 85 3050
7879 18 3271
7981 63 5686
7781 63 622
7882 14 3475
7880 75 1446
7982 66 3326
7782 38 5821
7883 46 1798
7881 53 3532
7983 28 3043
7783 65 653
7884 13 5153
7882 16 4914
7984 18 1478
7784 55 1699
7885 91 925
7883 30 4760
7985 88 2830
7785 99 5688
7886 83 5152
7884 75 4560
7986 55 2415
7786 31 4486
7887 72 1623
7885 71 2887
7987 73 477
7787 57 418
7888 15 3140
7886 36 2046
7988 18 995
7788 39 945
7889 12 3697
7887 14 2414
7989 38 3819
7789 73 1945
7890 54 430
7888 99 4923
7990 91 5548
7790 95 2395
7891 51 2382
7889 14 2689
7991 65 5387
7791 21 3294
7892 64 5600
7890 12 497
7992 33 2184
7792 73 1243
7893 71 3979
7891 39 3287
7993 78 4869
7793 26 661
7894 81 1125
7892 81 4481
7994 73 5342
7794 52 1593
7895 79 2668
7893 73 5031
7995 81 4916
7795 91 2894
7896 60 786
7894 53 2765
7996 73 3358
7796 30 343
7897 62 4020
7895 53 2609
7997 76 1787
7797 66 2921
7898 63 5291
7896 10 4143
7998 73 3593
7798 24 1107
7899 92 4626
7897 42 1952
7999 27 5468
7799 57 2496
7900 58 3348
7898 27 3138
8000 33 5507
7800 17 3705
7899 69 4057
8001 80 4337
7801 30 2318
7902 95 5363
8002 20 520
7802 71 2959
7903 26 1594
7901 25 2533
8003 94 1143
7803 77 2896
7904 98 3164
7902 83 1351
8004 90 1514
7804 53 5713
7905 98 901
7903 59 3567
8005 14 4194
7805 74 5321
7906 26 3431
7904 94 3410
8006 100 3050
7806 17 971
7907 38 3141
7905 38 2124
8007 99 3606
7807 34 3367
7908 24 2366
7906 63 4518
8008 60 4834
7808 36 4908
7909 30 4182
7907 20 3420
8009 57 1701
7809 42 1523
7910 23 2823
7908 72 5243
8010 89 1645
7810 53 2732
7911 23 3500
7909 99 3271
8011 49 3129
7811 23 2764
7912 39 4246
7910 69 601
8012 62 5488
7812 56 1127
7913 77 5048
7911 30 4232
8013 91 2435
7813 22 0
7914 66 1102
7912 77 3238
8014 81 5745
7814 96 3748
7915 32 2530
7913 43 2969
8015 92 2925
7815 64 2703
7916 34 5305
7914 96 5161
8016 58 4345
7816 38 2760
7917 87 3092
7915 66 3236
8017 85 5791
7817 51 2026
7918 67 4337
7916 74 3948
8018 82 997
7818 61 1789
7919 70 3701
7917 63 2129
8019 39 5028
7819 42 5876
7920 30 3204
7918 61 2529
8020 78 5556
7820 98 4023
7921 19 3356
7919 50 4413
8021 93 5332
7821 84 1691
7922 100 3681
7920 30 5273
8022 12 5278
7822 67 765
7923 68 4850
7921 92 4484
8023 92 4066
7823 92 870
7924 31 5302
7922 72 3717
8024 19 5317
7824 75 3794
7925 77 2175
7923 59 2790
8025 94 462
7825 13 703
7926 21 1768
7924 47 5920
8026 31 345
7826 37 5183
7927 68 4902
7925 68 1867
8027 19 4637
7827 53 4606
7928 24 3084
7926 61 5560
8028 27 2062
7828 82 1970
7929 34 1805
7927 52 5798
8029 79 1443
7829 99 5232
7930 86 1863
7928 79 942
8030 17 1940
7830 76 5319
7931 12 1045
7929 50 5474
8031 87 699
7831 45 3812
7932 94 5272
7930 51 1161
8032 67 3013
7832 63 3641
7933 47 2789
7931 93 3684
8033 31 2616
7833 93 1595
7934 84 2755
7932 82 5503
8034 29 1683
7834 96 4198
7935 73 1482
7933 87 5702
8035 91 1162
7835 76 5151
7936 59 1999
7934 28 5058
8036 73 5360
7836 89 2899
7937 91 1857
7935 40 5208
8037 34 3751
7837 95 479
7938 32 4283
7936 25 4617
8038 100 5230
7838 87 1804
7939 16 5419
7937 48 4791
8039 47 1166
7839 70 3597
7940 65 13
7938 48 5511
8040 41 1453
7840 55 4141
7941 12 1838
7939 70 2186
8041 15 489
7841 43 4750
7942 62 5101
7940 74 3532
8042 67 517
7842 43 1136
7943 98 4516
7941 86 186
8043 19 1251
7843 13 2442
7944 30 2186
7942 75 3729
8044 91 1980
7844 57 1179
7945 94 592
7943 29 5481
8045 46 98
7845 22 3667
7946 76 302
7944 29 2698
8046 17 1626
7846 23 2000
7947 76 1703
7945 93 4373
8047 10 2369
7847 43 238
7948 16 4792
7946 83 3301
8048 68 5804
7848 28 2152
7949 33 1122
7947 59 1790
8049 22 3056
7849 56 2580
7950 56 832
7948 41 2167
8050 76 3653
7850 93 1746
7951 44 1551
7949 15 3239
8051 32 4997
7851 70 1468
7952 37 922
7950 93 4111
8052 58 5902
7852 54 4576
7953 18 691
7951 54 1361
8053 30 645
7853 66 1072
7954 90 436
7952 26 1756
8054 64 5702
7854 95 2516
7955 14 4727
7953 15 1518
8055 34 45
7855 17 1162
7956 99 2489
7954 68 4344
8056 10 2264
7856 51 659
7957 46 2442
7955 42 3896
8057 57 310
7857 42 1602
7958 80 3402
7956 92 5646
8058 10 4070
7858 47 5718
7959 63 5748
7957 85 5419
8059 10 5109
7859 36 586
7960 32 893
7958 58 983
8060 67 4070
7860 94 1624
7961 73 986
7959 23 1957
8061 74 3294
7861 98 709
7962 100 559
7960 93 812
8062 78 3183
7862 96 251
7963 54 3083
7961 43 3762
8063 82 1258
7863 46 4069
7964 46 1140
7962 79 4047
8064 18 3924
7864 32 4686
7965 19 4544
7963 98 1578
8065 14 3055
7865 65 3991
7966 30 2762
7964 86 5629
8066 31 5206
7866 32 4149
7967 96 2338
7965 18 831
8067 88 5217
7867 30 5780
7968 50 5626
7966 54 1376
8068 51 4313
7868 97 5637
7969 41 5550
7967 19 1622
8069 29 128
7869 12 5373
7970 19 1373
7968 24 2024
8070 70 3811
7870 23 3468
7971 19 5684
7969 49 3731
8071 92 5819
7871 46 2672
7972 15 262
7970 46 3825
8072 65 5194
7872 73 2262
7973 23 3663
7971 12 2797
8073 95 71
7873 80 292
7974 74 1165
7972 22 5907
8074 45 2558
7874 87 2501
7975 27 3725
7973 49 654
8075 43 4078
7875 95 2534
7976 48 2519
7974 83 5591
8076 14 940
7876 85 3371
7977 91 5576
7975 17 259
8077 71 5400
7877 71 131
7978 99 931
7976 66 668
8078 18 1292
7878 85 4622
7979 37 26
7977 31 690
8079 16 3292
7879 46 3305
7980 68 5621
7978 84 2180
8080 11 1571
7880 79 3874
7981 69 4643
7979 16 5781
8081 37 484
7881 55 392
7982 96 1949
7980 51 2367
8082 36 1079
7882 11 5775
7983 72 5092
7981 93 3303
8083 25 2897
7883 34 799
7984 81 5402
7982 20 5573
8084 100 4796
7884 29 2731
7985 64 1296
7983 56 3750
8085 87 1606
7885 32 1336
7986 66 3398
7984 27 5889
8086 58 104
7886 64 5412
7987 28 5044
7985 82 2566
8087 59 875
7887 14 2464
7988 53 725
7986 61 652
8088 36 2214
7888 32 447
7989 12 3188
7987 89 5397
8089 91 4320
7889 15 5795
7990 69 3452
7988 46 607
8090 88 5657
7890 23 501
7991 65 5584
7989 30 5372
8091 63 4478
7891 61 606
7992 54 189
7990 88 1800
8092 87 674
7892 19 3619
7993 79 1514
7991 57 3991
8093 69 3691
7893 70 1000
7994 100 5651
7992 62 4767
8094 46 4298
7894 95 2458
7995 14 151
7993 42 4366
8095 71 2865
7895 92 1116
7996 78 2915
7994 11 2196
8096 91 4155
7896 40 3256
7997 35 413
7995 83 5256
8097 22 4427
7897 14 2889
7998 14 3899
7996 82 458
8098 94 5067
7898 87 3682
7999 54 5082
7997 68 4933
8099 55 2544
7899 23 675
8000 48 4347
7998 73 2707
8100 14 5896
7900 38 409
7999 10 3317
8101 11 182
7901 76 2770
8002 78 3566
8102 53 4096
7902 98 1685
8003 43 2495
8001 77 1454
8103 60 3074
7903 45 4903
8004 20 949
8002 71 5636
8104 21 3787
7904 94 5382
8005 21 5381
8003 89 3812
8105 49 2555
7905 19 1751
8006 89 4160
8004 44 567
8106 18 5809
7906 49 5366
8007 92 2915
8005 78 5225
8107 27 5576
7907 70 5335
8008 77 5119
8006 38 3283
8108 23 2598
7908 85 860
8009 80 5294
8007 41 5644
8109 53 1426
7909 98 753
8010 59 5550
8008 94 2978
8110 95 1353
7910 81 4931
8011 18 11
8009 70 4625
8111 24 1926
7911 95 2391
8012 26 4008
8010 95 4444
8112 83 3933
7912 35 3597
8013 21 3156
8011 91 1792
8113 87 836
7913 61 932
8014 58 3233
8012 43 868
8114 31 4053
7914 11 3914
8015 29 4298
8013 49 2974
8115 56 2699
7915 58 50
8016 82 4272
8014 34 607
8116 24 4054
7916 63 5308
8017 61 2203
8015 50 3867
8117 29 4368
7917 82 5671
8018 64 934
8016 70 4500
8118 41 86
7918 55 2118
8019 31 4378
8017 79 4250
8119 89 1385
7919 42 2356
8020 58 3301
8018 33 1975
8120 21 4808
7920 56 2358
8021 40 4795
8019 15 5053
8121 13 2115
7921 16 2261
8022 99 5001
8020 46 5734
8122 20 4092
7922 54 3044
8023 27 4138
8021 76 4020
8123 94 5776
7923 68 5523
8024 35 5430
8022 49 1671
8124 96 2567
7924 43 4007
8025 70 2136
8023 47 2060
8125 76 3204
7925 58 5454
8026 22 515
8024 69 2319
8126 82 5333
7926 83 2034
8027 96 2443
8025 66 5095
8127 65 4481
7927 10 3980
8028 65 3210
8026 18 2214
8128 65 4392
7928 39 274
8029 48 2267
8027 21 1776
8129 56 3040
7929 99 971
8030 44 4851
8028 12 1853
8130 40 1728
7930 85 1593
8031 96 2727
8029 35 4808
8131 22 460
7931 29 3470
8032 89 636
8030 42 708
8132 89 3289
7932 33 3595
8033 84 3203
8031 14 3611
8133 28 4377
7933 53 2075
8034 63 3456
8032 45 3283
8134 42 2738
7934 10 5803
8035 30 4007
8033 36 550
8135 78 4796
7935 19 5627
8036 75 3626
8034 77 346
8136 88 48
7936 66 5302
8037 30 5480
8035 56 2301
8137 28 2570
7937 93 2311
8038 55 1456
8036 27 4382
8138 52 891
7938 78 1259
8039 37 3482
8037 47 4913
8139 16 2386
7939 66 4871
8040 63 1959
8038 77 2634
8140 35 5659
7940 16 2824
8041 33 5422
8039 37 1661
8141 48 489
7941 36 5791
8042 39 2290
8040 12 452
8142 79 2556
7942 87 4910
8043 47 4080
8041 42 1760
8143 43 4143
7943 52 3421
8044 39 5189
8042 68 1001
8144 59 3747
7944 16 4774
8045 65 4938
8043 28 1933
8145 21 5714
7945 100 200
8046 97 2221
8044 63 1677
8146 86 368
7946 25 5064
8047 91 3508
8045 67 3560
8147 32 1050
7947 25 5662
8048 27 2588
8046 74 5311
8148 82 5924
7948 97 3005
8049 98 2392
8047 17 372
8149 74 1507
7949 66 4293
8050 61 1976
8048 73 3165
8150 76 4923
7950 61 3760
8051 65 4849
8049 35 775
8151 58 4213
7951 13 4120
8052 73 5799
8050 49 4795
8152 55 2372
7952 37 4167
8053 63 1373
8051 72 2969
8153 48 5144
7953 71 5582
8054 86 434
8052 41 5538
8154 55 583
7954 71 4947
8055 90 1867
8053 20 4118
8155 82 4511
7955 33 174
8056 91 4404
8054 25 2018
8156 60 5763
7956 32 1727
8057 45 1801
8055 76 4730
8157 56 1848
7957 60 3688
8058 98 3231
8056 32 4580
8158 86 1073
7958 22 2402
8059 29 4723
8057 40 2275
8159 27 76
7959 49 2612
8060 76 1130
8058 38 199
8160 23 4911
7960 86 3392
8061 12 4021
8059 82 2887
8161 65 2181
7961 42 5269
8062 72 3001
8060 31 5641
8162 11 5456
7962 82 1870
8063 99 1206
8061 61 3306
8163 34 5405
7963 89 1725
8064 36 1275
8062 97 84
8164 82 5050
7964 84 3479
8065 65 1651
8063 26 5824
8165 91 5849
7965 17 2469
8066 30 3385
8064 29 3177
8166 73 1944
7966 31 4079
8067 19 1791
8065 94 1001
8167 47 3431
7967 68 2702
8068 87 3697
8066 98 5581
8168 87 4931
7968 25 4945
8069 84 1462
8067 53 4914
8169 29 4157
7969 56 541
8070 45 1802
8068 36 2368
8170 87 3105
7970 98 1825
8071 63 1636
8069 40 458
8171 46 3556
7971 51 4085
8072 62 5268
8070 36 2760
8172 56 4701
7972 96 4198
8073 36 619
8071 71 5083
8173 48 532
7973 20 3859
8074 40 2483
8072 25 2638
8174 41 4071
7974 77 4886
8075 26 109
8073 19 4576
8175 81 4370
7975 98 1873
8076 92 4433
8074 96 4530
8176 100 2123
7976 86 1513
8077 48 2258
8075 81 4812
8177 51 2237
7977 70 1257
8078 64 2188
8076 11 1255
8178 35 892
7978 83 1089
8079 98 3757
8077 92 3149
8179 11 5354
7979 88 3674
8080 77 5267
8078 93 1191
8180 42 2349
7980 26 1649
8081 73 974
8079 59 3626
8181 34 5714
7981 30 850
8082 69 330
8080 55 1367
8182 19 2729
7982 17 3531
8083 45 1261
8081 14 945
8183 30 1048
7983 80 2506
8084 24 64
8082 47 3386
8184 39 2928
7984 74 1557
8085 29 5217
8083 87 1398
8185 52 353
7985 66 3003
8086 98 2871
8084 41 2033
8186 93 1984
7986 14 2781
8087 49 3236
8085 23 2785
8187 50 1620
7987 96 4994
8088 92 5614
8086 96 3661
8188 94 1140
7988 13 5384
8089 31 3994
8087 20 5666
8189 26 3656
7989 14 131
8090 14 2014
8088 46 3183
8190 40 3653
7990 62 15
8091 14 2955
8089 88 4307
8191 81 1929
7991 46 3810
8092 68 3895
8090 61 2270
8192 53 1192
7992 46 2753
8093 47 3212
8091 30 3879
8193 81 1067
7993 23 1521
8094 98 650
8092 36 5256
8194 86 1361
7994 96 2452
8095 76 2683
8093 29 5617
8195 42 5181
7995 85 2174
8096 99 1939
8094 49 4645
8196 49 675
7996 81 5137
8097 14 5797
8095 81 88
8197 60 5480
7997 48 355
8098 72 2960
8096 77 175
8198 21 2332
7998 24 433
8099 49 321
8097 40 650
8199 65 53
7999 56 111
8100 31 4746
8098 90 4962
8200 82 3143
8000 71 2138
8099 12 3644
8201 91 5324
8001 66 5925
8102 74 3389
8202 49 5063
8002 31 5188
8103 51 113
8101 62 5735
8203 84 3312
8003 40 1744
8104 72 4590
8102 18 2411
8204 63 1930
8004 24 3205
8105 55 4212
8103 68 1684
8205 75 46
8005 86 4952
8106 68 5520
8104 47 5584
8206 73 968
8006 69 5211
8107 58 2744
8105 27 4950
8207 22 5590
8007 29 441
8108 87 1564
8106 42 5290
8208 80 3376
8008 93 1937
8109 71 3298
8107 19 2062
8209 19 5828
8009 34 87
8110 66 5263
8108 87 5240
8210 43 942
8010 14 2349
8111 63 164
8109 41 369
8211 80 3932
8011 89 707
8112 76 1841
8110 46 2601
8212 13 3406
8012 71 2610
8113 10 182
8111 17 4534
8213 99 584
8013 84 4425
8114 80 146
8112 100 4404
8214 39 2792
8014 75 3543
8115 65 1222
8113 37 4606
8215 86 2340
8015 98 25
8116 37 131
8114 51 5556
8216 18 433
8016 70 666
8117 58 906
8115 69 3300
8217 37 516
8017 86 213
8118 26 2273
8116 52 1561
8218 82 3905
8018 39 4980
8119 35 2902
8117 96 1131
8219 31 5319
8019 88 320
8120 47 629
8118 25 4560
8220 78 1587
8020 50 2500
8121 23 3044
8119 35 5155
8221 61 21
8021 48 3534
8122 94 5726
8120 66 2610
8222 81 4696
8022 59 5772
8123 10 1509
8121 21 1250
8223 72 4581
8023 60 4092
8124 80 792
8122 81 4271
8224 92 4998
8024 23 3290
8125 40 1739
8123 64 4805
8225 68 1083
8025 77 4398
8126 44 4230
8124 69 1463
8226 33 3471
8026 69 3876
8127 91 2335
8125 69 2869
8227 39 5114
8027 92 4717
8128 97 5369
8126 40 114
8228 46 2019
8028 12 279
8129 86 2555
8127 35 2138
8229 86 3590
8029 37 1002
8130 13 5612
8128 74 5710
8230 16 400
8030 85 152
8131 77 809
8129 14 319
8231 23 4048
8031 79 4035
8132 16 5643
8130 60 4000
8232 82 5930
8032 93 842
8133 16 2158
8131 58 264
8233 45 2415
8033 23 5865
8134 30 1416
8132 14 4193
8234 82 3309
8034 33 1833
8135 55 3262
8133 12 5647
8235 50 4421
8035 13 1891
8136 71 1174
8134 98 1631
8236 34 1326
8036 48 2249
8137 71 2010
8135 35 5484
8237 15 4634
8037 31 1700
8138 43 4140
8136 97 3735
8238 55 3823
8038 55 371
8139 92 5664
8137 43 4436
8239 16 4530
8039 74 1854
8140 58 2168
8138 11 1457
8240 67 3529
8040 87 121
8141 82 3021
8139 40 1656
8241 11 2345
8041 60 594
8142 35 4824
8140 12 1969
8242 80 2825
8042 82 2910
8143 89 4555
8141 61 704
8243 63 5763
8043 57 2552
8144 67 3347
8142 16 539
8244 25 589
8044 13 1534
8145 27 3331
8143 38 3333
8245 32 5805
8045 13 1574
8146 66 740
8144 69 1742
8246 92 340
8046 37 1129
8147 73 4288
8145 52 1463
8247 62 12
8047 70 3271
8148 39 1882
8146 35 5687
8248 17 2322
8048 75 3634
8149 82 3146
8147 88 4868
8249 83 2298
8049 55 1009
8150 73 4277
8148 45 5556
8250 79 2606
8050 87 4601
8151 53 2427
8149 95 2772
8251 88 4836
8051 43 860
8152 65 5335
8150 57 943
8252 68 4343
8052 96 4084
8153 91 3308
8151 18 917
8253 50 2554
8053 22 2364
8154 48 2977
8152 25 1471
8254 37 1566
8054 12 3872
8155 92 4793
8153 22 4481
8255 64 1027
8055 31 1384
8156 33 2351
8154 52 1352
8256 65 5093
8056 76 5674
8157 48 5127
8155 62 1721
8257 13 2920
8057 52 3807
8158 78 805
8156 93 5645
8258 71 1909
8058 48 2139
8159 50 3440
8157 89 669
8259 95 1238
8059 50 250
8160 28 4258
8158 44 3931
8260 26 4454
8060 89 5676
8161 91 4335
8159 47 4544
8261 27 4212
8061 31 2921
8162 97 1435
8160 25 1295
8262 83 5856
8062 29 4855
8163 32 1316
8161 98 4953
8263 60 1992
8063 75 3732
8164 15 2653
8162 84 1828
8264 25 3201
8064 13 4680
8165 44 1487
8163 29 2880
8265 57 3103
8065 18 1379
8166 58 1901
8164 83 3652
8266 39 434
8066 35 2408
8167 87 4858
8165 10 5767
8267 67 2978
8067 23 5173
8168 37 4766
8166 23 4082
8268 48 3763
8068 24 1894
8169 64 4385
8167 86 825
8269 79 425
8069 69 4590
8170 47 4874
8168 40 4256
8270 62 4094
8070 64 1453
8171 14 4435
8169 53 2385
8271 54 5125
8071 13 5685
8172 52 4847
8170 100 2953
8272 79 413
8072 68 1649
8173 69 4438
8171 34 3571
8273 14 3672
8073 17 250
8174 100 5386
8172 94 3280
8274 45 2363
8074 57 4438
8175 11 1582
8173 65 3739
8275 83 3449
8075 75 3101
8176 22 2664
8174 11 1654
8276 30 1268
8076 86 3707
8177 10 1420
8175 96 2058
8277 83 3929
8077 33 4975
8178 69 5643
8176 17 5828
8278 97 2981
8078 54 3971
8179 74 5746
8177 73 4154
8279 88 2259
8079 43 548
8180 81 1344
8178 74 3408
8280 33 4913
8080 16 2817
8181 90 5780
8179 78 1778
8281 82 5642
8081 16 3874
8182 97 1809
8180 19 3305
8282 39 2347
8082 49 4450
8183 40 5271
8181 17 766
8283 26 5722
8083 46 1259
8184 79 2890
8182 65 3603
8284 67 2047
8084 74 2899
8185 40 3367
8183 65 5677
8285 37 2624
8085 56 555
8186 95 3101
8184 44 967
8286 21 3425
8086 91 3211
8187 21 1742
8185 72 2008
8287 35 3611
8087 48 4857
8188 71 5101
8186 52 583
8288 35 3756
8088 11 2199
8189 58 446
8187 70 2184
8289 72 4513
8089 47 374
8190 59 1624
8188 78 5182
8290 18 5473
8090 40 907
8191 50 652
8189 68 4705
8291 30 616
8091 63 816
8192 45 5136
8190 96 1759
8292 54 244
8092 90 5550
8193 20 5378
8191 22 2498
8293 10 4725
8093 95 4191
8194 69 2873
8192 26 23
8294 51 1150
8094 61 3925
8195 29 5652
8193 34 4352
8295 74 5124
8095 81 5509
8196 85 5701
8194 58 1899
8296 61 1824
8096 88 3707
8197 56 2932
8195 78 3885
8297 73 646
8097 62 4728
8198 25 5564
8196 18 4504
8298 80 1861
8098 44 400
8199 77 5008
8197 72 4139
8299 27 3168
8099 78 2572
8200 36 4200
8198 97 4335
8300 82 3055
8100 96 5793
8199 38 4847
8301 22 3351
8101 49 4900
8202 51 3978
8302 43 5057
8102 12 1670
8203 44 697
8201 47 3339
8303 67 2228
8103 98 1576
8204 64 515
8202 23 4591
8304 77 2241
8104 27 828
8205 28 551
8203 44 4167
8305 74 952
8105 99 719
8206 94 164
8204 24 4496
8306 59 1613
8106 96 5160
8207 47 4256
8205 41 1107
8307 57 3573
8107 58 1749
8208 55 771
8206 52 5412
8308 85 4848
8108 58 3994
8209 62 2359
8207 88 1450
8309 96 2272
8109 87 799
8210 66 4714
8208 10 3527
8310 12 2857
8110 38 2198
8211 77 3620
8209 41 514
8311 62 1610
8111 30 3223
8212 49 1402
8210 76 5736
8312 21 4453
8112 83 5759
8213 49 219
8211 20 3018
8313 76 2850
8113 93 2339
8214 22 4473
8212 78 3351
8314 84 5540
8114 44 3780
8215 89 1769
8213 10 3666
8315 71 3235
8115 85 4350
8216 43 1159
8214 12 597
8316 60 5234
8116 58 2088
8217 93 5281
8215 12 5373
8317 46 2756
8117 10 3968
8218 44 3347
8216 94 3304
8318 68 1804
8118 30 665
8219 36 4580
8217 66 1794
8319 81 143
8119 70 3782
8220 70 2989
8218 13 520
8320 40 4957
8120 75 3411
8221 82 2763
8219 86 2333
8321 92 1730
8121 18 5465
8222 64 1101
8220 87 5105
8322 71 3376
8122 89 3344
8223 53 2442
8221 53 4249
8323 99 1965
8123 53 268
8224 67 5870
8222 35 1197
8324 48 5861
8124 35 5475
8225 36 2133
8223 83 721
8325 17 3724
8125 96 4736
8226 11 3118
8224 53 148
8326 84 5295
8126 44 252
8227 91 789
8225 77 1417
8327 29 3438
8127 33 4694
8228 68 1897
8226 100 3754
8328 49 1795
8128 67 49
8229 54 4394
8227 13 3021
8329 37 3977
8129 75 5049
8230 70 5738
8228 17 4197
8330 86 4343
8130 28 2211
8231 70 2906
8229 89 3252
8331 71 3895
8131 48 4108
8232 65 237
8230 73 3791
8332 49 3607
8132 47 4795
8233 33 2596
8231 78 1963
8333 17 5462
8133 16 5634
8234 88 4227
8232 57 2885
8334 49 999
8134 11 2755
8235 29 423
8233 64 4173
8335 62 2556
8135 32 3481
8236 45 505
8234 40 89
8336 64 2910
8136 22 5047
8237 99 188
8235 46 2335
8337 80 705
8137 33 5403
8238 68 2321
8236 57 1571
8338 88 1552
8138 68 2373
8239 80 814
8237 78 4734
8339 91 3618
8139 10 2445
8240 38 4798
8238 27 1404
8340 85 2693
8140 99 4844
8241 88 5147
8239 64 927
8341 48 1453
8141 99 2961
8242 67 4520
8240 20 5714
8342 83 4591
8142 81 3210
8243 15 4971
8241 33 2624
8343 88 3358
8143 28 1033
8244 47 812
8242 42 3013
8344 21 675
8144 17 2239
8245 53 2487
8243 77 2490
8345 91 1050
8145 48 5655
8246 63 1877
8244 10 3047
8346 56 3281
8146 14 1722
8247 45 1614
8245 29 5391
8347 83 5858
8147 31 3164
8248 65 2584
8246 82 220
8348 54 691
8148 48 5182
8249 36 4054
8247 90 987
8349 87 5190
8149 97 4927
8250 74 3164
8248 48 1665
8350 93 4390
8150 14 2512
8251 47 5552
8249 64 1621
8351 63 929
8151 100 1126
8252 50 2340
8250 84 1315
8352 23 5837
8152 91 1136
8253 20 1367
8251 10 630
8353 98 1440
8153 34 1167
8254 35 4726
8252 49 4172
8354 32 4309
8154 79 942
8255 50 1249
8253 46 5938
8355 50 4559
8155 13 1762
8256 56 4699
8254 55 3115
8356 75 643
8156 57 807
8257 52 4562
8255 44 2583
8357 84 2011
8157 83 5680
8258 34 1175
8256 58 323
8358 19 1224
8158 19 1825
8259 79 2700
8257 47 4606
8359 40 2730
8159 59 5920
8260 77 3848
8258 79 2181
8360 24 3153
8160 91 2503
8261 66 5007
8259 63 5558
8361 92 2721
8161 85 3604
8262 63 4376
8260 18 2438
8362 22 5284
8162 10 1312
8263 13 4566
8261 39 4592
8363 36 1504
8163 45 3004
8264 57 5930
8262 14 252
8364 38 3522
8164 45 409
8265 26 1145
8263 57 4172
8365 77 3838
8165 68 1386
8266 14 4036
8264 68 3794
8366 87 4711
8166 79 4847
8267 96 3925
8265 29 3012
8367 30 1931
8167 78 4536
8268 75 4094
8266 36 3158
8368 65 5842
8168 21 2205
8269 42 1869
8267 84 329
8369 49 3411
8169 31 4771
8270 24 5102
8268 49 1110
8370 90 495
8170 83 3439
8271 76 1471
8269 42 5408
8371 60 1532
8171 37 3816
8272 19 295
8270 37 2059
8372 39 3861
8172 98 5013
8273 44 327
8271 11 5801
8373 17 2868
8173 44 942
8274 82 4016
8272 41 3590
8374 31 4378
8174 95 652
8275 37 831
8273 25 1587
8375 76 3353
8175 41 2307
8276 48 3223
8274 96 5029
8376 69 4671
8176 98 2130
8277 18 5791
8275 37 3420
8377 37 4677
8177 65 3484
8278 76 2866
8276 63 253
8378 68 3073
8178 90 601
8279 47 1748
8277 58 4435
8379 47 937
8179 39 3852
8280 17 4265
8278 13 633
8380 76 1819
8180 66 4254
8281 77 4327
8279 70 1240
8381 46 1935
8181 15 322
8282 73 5588
8280 76 2652
8382 68 340
8182 87 1250
8283 100 384
8281 75 242
8383 19 2197
8183 37 2859
8284 54 4314
8282 47 1010
8384 81 2519
8184 21 3467
8285 53 2125
8283 73 1942
8385 95 1725
8185 73 3860
8286 70 3889
8284 41 349
8386 56 2697
8186 39 4531
8287 45 4945
8285 23 5522
8387 29 572
8187 59 5887
8288 37 5787
8286 92 5178
8388 55 1330
8188 34 697
8289 60 1653
8287 76 2432
8389 71 4526
8189 23 3003
8290 77 5320
8288 24 16
8390 86 5217
8190 18 472
8291 60 4823
8289 82 2894
8391 48 4562
8191 57 4121
8292 76 4463
8290 79 3761
8392 43 4700
8192 53 1462
8293 16 2482
8291 21 3726
8393 40 2683
8193 15 5337
8294 80 1613
8292 57 249
8394 39 5746
8194 97 3799
8295 75 3811
8293 97 4941
8395 20 4474
8195 20 2713
8296 33 4307
8294 25 4336
8396 79 3887
8196 92 2036
8297 15 5104
8295 15 2403
8397 55 4312
8197 16 4117
8298 40 5586
8296 78 1400
8398 61 3198
8198 34 194
8299 21 5422
8297 21 3207
8399 42 5586
8199 84 2343
8300 65 308
8298 38 5881
8400 60 572
8200 84 2452
8299 51 5916
8401 65 4254
8201 36 980
8302 26 1707
8402 13 2805
8202 22 3836
8303 99 5005
8301 21 2160
8403 42 779
8203 55 1751
8304 88 5168
8302 36 2175
8404 67 2040
8204 24 3699
8305 51 377
8303 43 3950
8405 58 3240
8205 50 1430
8306 32 2999
8304 67 3382
8406 79 5054
8206 76 4496
8307 31 3834
8305 30 483
8407 73 1847
8207 50 1030
8308 81 1510
8306 83 2791
8408 37 4725
8208 40 427
8309 18 2488
8307 95 1492
8409 58 2703
8209 40 5340
8310 83 2736
8308 95 2708
8410 93 4521
8210 28 5157
8311 54 696
8309 57 699
8411 47 4935
8211 45 5428
8312 29 1107
8310 48 3757
8412 39 5511
8212 69 4108
8313 39 3224
8311 18 5312
8413 66 4891
8213 92 1889
8314 94 1576
8312 78 2141
8414 96 2454
8214 37 5810
8315 60 2029
8313 53 4926
8415 92 4047
8215 88 885
8316 54 1301
8314 25 2537
8416 78 5720
8216 33 1448
8317 72 1416
8315 78 653
8417 67 4271
8217 85 3132
8318 67 2670
8316 100 998
8418 56 1413
8218 29 497
8319 54 3832
8317 90 5840
8419 59 2832
8219 24 2060
8320 86 5766
8318 32 4903
8420 85 1240
8220 38 3620
8321 77 5924
8319 64 1271
8421 92 3965
8221 51 779
8322 62 3815
8320 22 4173
8422 14 789
8222 99 5856
8323 95 143
8321 17 4226
8423 13 486
8223 28 1449
8324 37 3463
8322 85 3590
8424 87 2411
8224 47 5414
8325 48 561
8323 14 5935
8425 59 1899
8225 62 2595
8326 67 396
8324 91 170
8426 14 5444
8226 18 799
8327 13 1533
8325 75 53
8427 37 5832
8227 83 767
8328 16 1294
8326 19 359
8428 86 979
8228 10 3287
8329 94 4940
8327 41 5211
8429 49 1022
8229 92 1162
8330 87 4910
8328 14 1913
8430 100 5370
8230 17 5804
8331 78 1290
8329 70 72
8431 97 4764
8231 32 5005
8332 19 874
8330 21 1749
8432 13 4441
8232 90 2280
8333 42 1234
8331 28 4121
8433 19 5501
8233 82 1049
8334 34 5706
8332 64 2941
8434 59 3263
8234 28 3546
8335 52 4957
8333 93 1036
8435 18 1972
8235 83 4628
8336 92 4381
8334 59 4198
8436 33 73
8236 28 5816
8337 78 4069
8335 94 2167
8437 23 3460
8237 36 1533
8338 15 1365
8336 97 5068
8438 60 1965
8238 73 3351
8339 11 5266
8337 90 20
8439 44 4815
8239 36 2852
8340 64 5263
8338 79 2050
8440 26 479
8240 77 2539
8341 65 1823
8339 85 2993
8441 69 3468
8241 82 1223
8342 80 739
8340 70 3593
8442 86 5570
8242 61 1460
8343 76 3978
8341 28 3520
8443 35 3949
8243 11 1448
8344 43 2912
8342 99 3804
8444 84 5253
8244 40 2179
8345 87 487
8343 12 3541
8445 71 3893
8245 32 5346
8346 15 1657
8344 93 3417
8446 38 651
8246 67 2578
8347 61 3178
8345 22 3519
8447 95 4617
8247 98 668
8348 98 2644
8346 53 5790
8448 18 3146
8248 95 5498
8349 78 1406
8347 21 1762
8449 72 1349
8249 85 2040
8350 55 3538
8348 100 1849
8450 17 1715
8250 60 1862
8351 58 3700
8349 48 4238
8451 27 5289
8251 21 5315
8352 42 5684
8350 39 3144
8452 88 5757
8252 76 2370
8353 40 5034
8351 10 1245
8453 47 2808
8253 53 4173
8354 26 1353
8352 53 2858
8454 86 3272
8254 34 1716
8355 96 913
8353 42 4935
8455 54 3498
8255 34 5250
8356 35 249
8354 79 779
8456 30 3915
8256 68 4910
8357 95 3118
8355 73 3038
8457 65 2041
8257 11 5265
8358 35 3988
8356 54 4925
8458 32 664
8258 89 893
8359 37 4633
8357 78 5022
8459 10 1654
8259 29 463
8360 75 3658
8358 37 3116
8460 78 2946
8260 82 3625
8361 33 3545
8359 82 3536
8461 57 5903
8261 53 4055
8362 76 5828
8360 19 2058
8462 57 1284
8262 69 5741
8363 62 316
8361 25 5922
8463 40 5211
8263 18 41
8364 50 2307
8362 53 689
8464 14 3321
8264 51 4336
8365 55 1520
8363 90 3717
8465 82 1089
8265 89 4801
8366 77 709
8364 33 3251
8466 63 5752
8266 46 3748
8367 26 4341
8365 30 5451
8467 46 5673
8267 88 4967
8368 97 2405
8366 14 1969
8468 53 4541
8268 87 3075
8369 59 2902
8367 48 3285
8469 50 1583
8269 91 4986
8370 100 365
8368 14 4689
8470 17 5005
8270 18 2888
8371 76 1303
8369 60 1637
8471 17 3678
8271 27 3362
8372 18 5021
8370 60 2038
8472 85 1032
8272 79 849
8373 34 2664
8371 25 4155
8473 46 868
8273 17 5431
8374 37 3215
8372 65 325
8474 83 1835
8274 18 5550
8375 69 1885
8373 49 4909
8475 53 2652
8275 48 1214
8376 60 1967
8374 32 295
8476 37 5405
8276 38 2729
8377 66 3079
8375 31 1191
8477 60 5051
8277 24 650
8378 54 1713
8376 52 3060
8478 87 2342
8278 61 2948
8379 50 5399
8377 35 4304
8479 74 452
8279 57 781
8380 35 2680
8378 75 817
8480 70 3766
8280 65 2704
8381 46 2097
8379 26 1159
8481 58 4333
8281 98 3779
8382 37 1131
8380 86 870
8482 65 5530
8282 45 5100
8383 77 103
8381 41 5650
8483 92 3551
8283 63 3423
8384 26 351
8382 10 4798
8484 49 2522
8284 33 209
8385 56 4170
8383 86 1145
8485 91 5665
8285 97 1443
8386 58 4071
8384 62 4474
8486 12 867
8286 17 2952
8387 99 5393
8385 63 5431
8487 56 4510
8287 99 984
8388 83 1475
8386 66 5679
8488 18 4124
8288 77 2424
8389 90 1731
8387 59 2246
8489 46 4196
8289 19 234
8390 78 3518
8388 61 3460
8490 50 384
8290 52 3827
8391 93 5784
8389 18 1241
8491 49 699
8291 37 2833
8392 52 82
8390 65 2541
8492 43 2814
8292 13 5645
8393 45 5249
8391 85 349
8493 80 5756
8293 80 1557
8394 50 4076
8392 49 164
8494 11 3849
8294 40 4542
8395 18 3671
8393 42 1843
8495 99 4801
8295 29 4723
8396 77 5352
8394 32 2901
8496 73 3261
8296 48 5004
8397 90 4785
8395 97 1497
8497 84 2939
8297 48 1997
8398 11 3291
8396 50 1121
8498 41 1554
8298 42 5827
8399 82 2824
8397 10 3496
8499 59 347
8299 30 3409
8400 49 2697
8398 12 2669
8500 27 5133
8300 11 2286
8399 78 1867
8501 65 1510
8301 67 3214
8402 83 2928
8502 53 4932
8302 62 922
8403 13 4370
8401 14 168
8503 68 2421
8303 47 5208
8404 19 2061
8402 19 4406
8504 58 1656
8304 50 4683
8405 92 4190
8403 76 1438
8505 36 5234
8305 50 3338
8406 56 1671
8404 52 377
8506 61 2703
8306 75 2354
8407 87 2615
8405 66 5063
8507 50 5041
8307 32 1947
8408 47 2500
8406 57 2602
8508 19 1870
8308 81 2250
8409 90 1868
8407 12 1763
8509 46 2965
8309 45 4878
8410 34 1258
8408 53 852
8510 73 4121
8310 13 4151
8411 66 1017
8409 54 5558
8511 58 2030
8311 14 1037
8412 21 3124
8410 76 5795
8512 83 1935
8312 63 4002
8413 97 4516
8411 25 3269
8513 19 176
8313 41 3768
8414 60 3856
8412 35 509
8514 31 3681
8314 71 2036
8415 42 4675
8413 59 1255
8515 42 5927
8315 51 5440
8416 77 724
8414 88 978
8516 76 3455
8316 87 4817
8417 19 1401
8415 73 382
8517 63 5839
8317 50 4703
8418 93 5883
8416 36 5360
8518 68 429
8318 74 3300
8419 82 1842
8417 64 5441
8519 38 2342
8319 63 2615
8420 42 4570
8418 55 4762
8520 74 67
8320 30 5196
8421 99 2180
8419 40 176
8521 23 4426
8321 35 2009
8422 70 3236
8420 85 1352
8522 46 5450
8322 19 400
8423 35 747
8421 90 730
8523 84 1671
8323 59 1133
8424 94 1899
8422 69 3564
8524 83 4061
8324 70 4892
8425 33 3861
8423 32 2258
8525 99 643
8325 15 4798
8426 36 3367
8424 42 1526
8526 51 2742
8326 58 1437
8427 63 2644
8425 36 533
8527 96 4497
8327 85 2842
8428 21 1995
8426 35 3680
8528 65 966
8328 31 5314
8429 81 1489
8427 34 1203
8529 11 1699
8329 35 3773
8430 27 3542
8428 61 3711
8530 21 4725
8330 70 791
8431 74 5801
8429 37 4560
8531 37 2503
8331 95 4943
8432 37 576
8430 17 2708
8532 37 1615
8332 46 5282
8433 83 3050
8431 84 2998
8533 18 2341
8333 35 5357
8434 81 4155
8432 100 2379
8534 18 3882
8334 30 5513
8435 42 5624
8433 92 2511
8535 85 5069
8335 45 1949
8436 77 2036
8434 19 278
8536 16 1204
8336 24 65
8437 27 2852
8435 95 154
8537 26 4213
8337 36 2892
8438 47 5715
8436 39 65
8538 64 3791
8338 19 5224
8439 51 2713
8437 72 3470
8539 27 2723
8339 26 647
8440 62 3522
8438 76 4574
8540 52 4038
8340 11 1548
8441 29 2068
8439 69 2621
8541 62 2690
8341 62 5701
8442 81 5706
8440 80 1485
8542 52 3128
8342 82 4748
8443 13 2546
8441 27 2835
8543 36 3091
8343 55 1442
8444 49 5258
8442 50 4667
8544 58 1340
8344 99 4241
8445 22 2139
8443 99 2942
8545 93 5088
8345 84 2147
8446 21 4145
8444 14 4093
8546 76 5036
8346 77 382
8447 49 3645
8445 53 1970
8547 19 3059
8347 77 5919
8448 37 3385
8446 59 3603
8548 10 46
8348 24 3939
8449 64 1372
8447 55 2548
8549 62 4216
8349 99 891
8450 38 3115
8448 92 320
8550 35 3444
8350 35 3928
8451 74 5019
8449 96 3751
8551 58 4086
8351 16 5703
8452 60 4197
8450 39 5102
8552 45 1491
8352 77 5076
8453 25 865
8451 12 1350
8553 85 2003
8353 19 478
8454 57 4303
8452 62 763
8554 28 3608
8354 36 2225
8455 58 219
8453 63 4090
8555 21 3437
8355 90 3820
8456 12 419
8454 23 3088
8556 61 2898
8356 58 1593
8457 45 4710
8455 48 2638
8557 89 440
8357 49 423
8458 44 3140
8456 97 3314
8558 26 1924
8358 12 2993
8459 23 5814
8457 78 5720
8559 94 2775
8359 27 861
8460 19 2080
8458 31 5312
8560 27 5071
8360 58 5394
8461 46 4930
8459 53 3300
8561 85 4716
8361 50 2411
8462 27 252
8460 79 3161
8562 44 4558
8362 27 1325
8463 81 4710
8461 89 4306
8563 69 2999
8363 16 1262
8464 86 1583
8462 86 1378
8564 18 2797
8364 15 5115
8465 40 1910
8463 19 3555
8565 55 2735
8365 82 5644
8466 35 945
8464 74 3232
8566 40 5173
8366 77 4615
8467 15 1327
8465 21 822
8567 57 4401
8367 81 3745
8468 77 3272
8466 91 4952
8568 17 2394
8368 67 2267
8469 23 5224
8467 14 4524
8569 28 931
8369 45 3222
8470 44 1825
8468 43 3737
8570 84 1318
8370 23 921
8471 68 4929
8469 59 848
8571 50 5781
8371 24 2882
8472 100 1817
8470 68 3282
8572 53 4853
8372 12 5426
8473 80 1741
8471 58 2192
8573 67 3011
8373 33 3482
8474 13 1225
8472 32 1754
8574 42 2871
8374 96 4451
8475 67 2471
8473 52 4761
8575 78 3498
8375 20 5271
8476 96 3164
8474 91 5241
8576 68 3670
8376 11 4158
8477 58 2279
8475 97 3599
8577 20 3551
8377 36 4859
8478 32 5138
8476 47 5005
8578 18 4788
8378 22 2924
8479 31 3278
8477 94 3830
8579 59 648
8379 27 4222
8480 60 2255
8478 93 4347
8580 26 4634
8380 31 3183
8481 52 5707
8479 54 2263
8581 19 5789
8381 84 2845
8482 64 2706
8480 87 263
8582 47 5155
8382 44 161
8483 83 3382
8481 62 3978
8583 95 1768
8383 98 158
8484 46 2972
8482 16 1959
8584 57 2091
8384 27 577
8485 87 3785
8483 34 5694
8585 98 5591
8385 68 407
8486 45 2530
8484 53 1201
8586 74 1936
8386 30 3460
8487 17 4923
8485 63 1895
8587 84 3031
8387 18 5008
8488 88 2749
8486 45 2563
8588 10 980
8388 23 3020
8489 34 228
8487 78 3853
8589 77 1702
8389 96 4212
8490 84 4726
8488 94 2443
8590 67 3471
8390 26 4858
8491 86 4622
8489 30 2976
8591 17 792
8391 19 2776
8492 40 4695
8490 32 517
8592 54 1717
8392 64 2802
8493 97 4074
8491 74 4969
8593 45 1982
8393 15 3222
8494 37 4015
8492 33 2153
8594 56 4272
8394 98 2584
8495 26 3882
8493 36 1630
8595 85 5016
8395 99 4963
8496 97 2535
8494 77 976
8596 55 5081
8396 100 2480
8497 88 4911
8495 71 3063
8597 72 5414
8397 42 1204
8498 20 2394
8496 44 782
8598 13 4013
8398 66 5
8499 93 4135
8497 34 1118
8599 91 2887
8399 97 3381
8500 42 2907
8498 90 2353
8600 94 635
8400 80 673
8499 89 4250
8601 34 4296
8401 19 2981
8502 83 5912
8602 87 3143
8402 39 5491
8503 44 963
8501 48 5307
8603 67 2993
8403 49 481
8504 40 3846
8502 39 2378
8604 30 4590
8404 63 2897
8505 38 3539
8503 32 2489
8605 34 3380
8405 86 4392
8506 84 1123
8504 95 2217
8606 81 96
8406 49 3024
8507 17 5755
8505 98 4976
8607 88 4918
8407 36 5812
8508 97 623
8506 72 5233
8608 14 4144
8408 98 5635
8509 33 1143
8507 82 4618
8609 83 4470
8409 39 3939
8510 82 4473
8508 25 923
8610 25 2406
8410 18 1636
8511 81 5539
8509 89 1915
8611 33 2602
8411 46 3904
8512 77 1387
8510 50 474
8612 10 4826
8412 44 446
8513 19 3033
8511 34 224
8613 77 4311
8413 23 5111
8514 70 5437
8512 50 2670
8614 20 2458
8414 36 5156
8515 15 4322
8513 13 3597
8615 53 2781
8415 22 3841
8516 59 782
8514 67 1047
8616 68 1365
8416 14 3076
8517 30 4460
8515 22 84
8617 87 639
8417 72 5530
8518 49 356
8516 20 3372
8618 19 479
8418 35 2105
8519 98 1182
8517 81 2993
8619 96 4934
8419 14 3055
8520 43 3808
8518 64 2348
8620 30 2848
8420 65 25
8521 34 666
8519 41 4955
8621 75 1447
8421 23 5726
8522 34 5193
8520 81 2113
8622 59 283
8422 40 960
8523 34 4356
8521 19 2503
8623 93 1192
8423 46 1933
8524 73 2979
8522 67 2991
8624 43 3311
8424 64 5403
8525 97 4900
8523 28 1579
8625 44 3865
8425 69 4875
8526 89 3676
8524 58 2910
8626 69 4402
8426 26 1969
8527 65 685
8525 10 1199
8627 21 1884
8427 79 88
8528 69 3340
8526 91 5008
8628 39 3277
8428 88 879
8529 76 3157
8527 20 5935
8629 59 4629
8429 37 3789
8530 39 4482
8528 12 2780
8630 30 3339
8430 43 2528
8531 28 70
8529 24 4444
8631 53 2181
8431 28 3277
8532 98 1236
8530 39 5631
8632 30 3863
8432 84 233
8533 37 1888
8531 40 179
8633 46 5162
8433 97 5315
8534 45 1489
8532 80 653
8634 55 2858
8434 30 461
8535 95 2515
8533 39 4102
8635 28 2172
8435 85 5749
8536 31 2300
8534 65 54
8636 38 5060
8436 10 4450
8537 81 546
8535 26 5037
8637 66 1095
8437 44 1353
8538 89 985
8536 43 4218
8638 28 5179
8438 16 543
8539 95 2277
8537 38 1286
8639 60 452
8439 13 2085
8540 93 5255
8538 71 2664
8640 12 5193
8440 58 3608
8541 95 1452
8539 21 1522
8641 40 4378
8441 37 5504
8542 36 5796
8540 96 3105
8642 83 1397
8442 26 3920
8543 65 1149
8541 98 498
8643 84 3506
8443 14 2693
8544 75 1007
8542 15 5462
8644 81 3746
8444 29 2495
8545 67 1814
8543 60 387
8645 25 3919
8445 54 3686
8546 50 3790
8544 46 2429
8646 79 4555
8446 100 249
8547 42 1502
8545 40 1188
8647 27 1579
8447 22 1475
8548 88 4929
8546 15 2341
8648 26 4396
8448 43 147
8549 66 25
8547 52 5714
8649 29 653
8449 34 2127
8550 59 3745
8548 97 1657
8650 14 4350
8450 72 92
8551 66 5063
8549 86 1998
8651 66 5414
8451 78 2758
8552 13 4798
8550 48 337
8652 58 4087
8452 15 5264
8553 53 1599
8551 36 2335
8653 34 3650
8453 55 2867
8554 37 4472
8552 10 5875
8654 62 25
8454 15 4914
8555 42 1735
8553 65 5113
8655 87 1120
8455 39 2967
8556 40 2816
8554 93 4707
8656 96 5543
8456 12 5669
8557 18 2501
8555 19 3126
8657 40 2051
8457 45 247
8558 62 2884
8556 38 1525
8658 26 5325
8458 84 3169
8559 95 2579
8557 71 5705
8659 94 4136
8459 79 966
8560 26 5500
8558 100 240
8660 60 2749
8460 42 3338
8561 95 3239
8559 13 877
8661 39 344
8461 98 87
8562 31 4270
8560 53 2700
8662 53 3473
8462 27 4568
8563 42 3886
8561 96 3484
8663 16 3471
8463 11 1037
8564 36 4619
8562 70 3119
8664 25 1899
8464 49 4317
8565 49 2027
8563 69 1438
8665 30 4834
8465 53 5278
8566 75 3710
8564 54 3407
8666 72 2269
8466 68 2059
8567 22 1899
8565 32 732
8667 39 1463
8467 31 1521
8568 38 5776
8566 46 2709
8668 46 1268
8468 46 3418
8569 70 4974
8567 38 992
8669 66 5098
8469 24 1042
8570 19 2221
8568 60 4987
8670 39 4647
8470 38 4111
8571 36 5329
8569 61 452
8671 46 677
8471 84 4126
8572 53 3831
8570 91 775
8672 82 953
8472 33 5525
8573 75 663
8571 46 3892
8673 54 2166
8473 60 5578
8574 93 1184
8572 77 2470
8674 94 999
8474 43 5919
8575 22 2165
8573 23 3750
8675 64 747
8475 27 1331
8576 47 5914
8574 43 3702
8676 54 2736
8476 82 5123
8577 39 3865
8575 55 2298
8677 67 5812
8477 80 3344
8578 52 5638
8576 73 3467
8678 33 3911
8478 95 1270
8579 58 93
8577 72 1090
8679 87 5670
8479 100 5442
8580 83 2756
8578 74 2767
8680 100 5697
8480 83 1424
8581 29 40
8579 52 1974
8681 89 820
8481 27 3067
8582 62 2424
8580 40 3344
8682 86 1444
8482 64 2131
8583 36 4947
8581 38 2737
8683 97 4285
8483 63 1975
8584 36 5722
8582 72 1037
8684 49 523
8484 30 904
8585 72 5359
8583 56 2644
8685 75 4582
8485 16 689
8586 65 1638
8584 12 695
8686 18 3993
8486 42 2442
8587 30 394
8585 24 5554
8687 70 3444
8487 44 938
8588 92 1065
8586 59 1232
8688 47 495
8488 20 5604
8589 14 1551
8587 72 218
8689 88 3568
8489 66 4483
8590 34 969
8588 14 2237
8690 82 4034
8490 43 1286
8591 87 5507
8589 45 2197
8691 65 4823
8491 39 131
8592 29 3581
8590 50 2504
8692 28 587
8492 10 3798
8593 58 4590
8591 43 4736
8693 14 1429
8493 93 3676
8594 84 4644
8592 39 3348
8694 99 4349
8494 41 3411
8595 27 551
8593 16 5459
8695 35 39
8495 46 609
8596 67 5610
8594 56 633
8696 91 4730
8496 93 1924
8597 25 4128
8595 91 5679
8697 44 1455
8497 85 2328
8598 40 4942
8596 24 984
8698 40 4024
8498 85 5929
8599 13 504
8597 39 1143
8699 17 5364
8499 52 695
8600 55 1479
8598 62 249
8700 63 487
8500 18 2283
8599 39 4920
8701 99 4877
8501 63 1740
8602 41 835
8702 55 4010
8502 33 5078
8603 34 2694
8601 44 5703
8703 55 2549
8503 95 1921
8604 30 5029
8602 80 4652
8704 80 4607
8504 45 5521
8605 65 2984
8603 73 41
8705 69 4171
8505 96 79
8606 62 1824
8604 90 4054
8706 98 4637
8506 33 2021
8607 79 3227
8605 10 4748
8707 73 4998
8507 79 1386
8608 14 1824
8606 80 4831
8708 52 434
8508 92 30
8609 91 1448
8607 29 1549
8709 28 315
8509 73 3211
8610 12 4968
8608 14 4914
8710 41 1643
8510 62 2692
8611 88 2022
8609 45 4892
8711 17 3021
8511 23 3212
8612 74 3568
8610 67 1441
8712 82 5021
8512 35 4531
8613 54 4629
8611 81 1829
8713 37 377
8513 66 5524
8614 88 231
8612 28 3848
8714 38 3623
8514 56 3390
8615 54 346
8613 33 1231
8715 85 5245
8515 13 4578
8616 77 5841
8614 34 5689
8716 12 4216
8516 43 3987
8617 54 2965
8615 15 97
8717 65 1337
8517 42 2945
8618 14 4716
8616 25 2320
8718 20 3041
8518 80 2623
8619 47 2019
8617 24 251
8719 92 2935
8519 56 3262
8620 98 1806
8618 88 4
8720 28 5550
8520 50 4021
8621 74 5693
8619 54 2477
8721 63 682
8521 80 1101
8622 19 3078
8620 71 2929
8722 80 2577
8522 82 2170
8623 83 1082
8621 53 492
8723 66 4152
8523 11 2021
8624 86 2488
8622 58 1546
8724 18 1380
8524 30 3641
8625 57 5821
8623 29 4000
8725 81 458
8525 64 598
8626 55 1214
8624 21 67
8726 58 714
8526 28 3193
8627 62 2665
8625 54 2252
8727 92 225
8527 32 2175
8628 90 1386
8626 38 1349
8728 84 2967
8528 19 3916
8629 38 3685
8627 16 5421
8729 92 1605
8529 86 2391
8630 91 5730
8628 68 1709
8730 29 5051
8530 16 3129
8631 19 691
8629 43 795
8731 80 727
8531 81 5447
8632 98 4917
8630 22 286
8732 24 4689
8532 78 3629
8633 69 4835
8631 51 4478
8733 74 5227
8533 15 3507
8634 33 5645
8632 83 2798
8734 37 2180
8534 27 5557
8635 15 4858
8633 57 4050
8735 93 1452
8535 90 2267
8636 66 661
8634 87 1926
8736 75 4358
8536 69 3287
8637 47 615
8635 96 1116
8737 28 3075
8537 74 1437
8638 21 737
8636 60 5743
8738 74 5441
8538 35 3247
8639 56 4567
8637 54 2846
8739 66 4638
8539 100 5721
8640 46 4477
8638 87 2761
8740 43 1217
8540 80 3279
8641 61 5044
8639 19 4874
8741 53 1712
8541 18 4235
8642 46 4336
8640 40 594
8742 16 652
8542 58 4001
8643 43 281
8641 66 4177
8743 97 3445
8543 74 3190
8644 11 646
8642 32 5296
8744 36 2053
8544 75 789
8645 29 5525
8643 26 886
8745 62 5468
8545 84 4931
8646 44 4646
8644 81 1249
8746 45 584
8546 35 1708
8647 62 3854
8645 50 3947
8747 72 899
8547 78 4209
8648 41 1227
8646 31 114
8748 79 869
8548 36 2703
8649 86 2684
8647 55 3495
8749 60 5856
8549 80 602
8650 23 734
8648 95 5241
8750 62 188
8550 66 1999
8651 45 1637
8649 32 4552
8751 54 1916
8551 73 5633
8652 36 5878
8650 25 5380
8752 92 4199
8552 34 2183
8653 54 5290
8651 55 3719
8753 92 2148
8553 37 2232
8654 28 3219
8652 51 1589
8754 71 4501
8554 45 1747
8655 42 4728
8653 90 4443
8755 19 1384
8555 11 573
8656 13 3206
8654 18 672
8756 88 3319
8556 83 5792
8657 33 2893
8655 70 5806
8757 13 3307
8557 38 2922
8658 14 2648
8656 97 2836
8758 21 1932
8558 68 3053
8659 75 4941
8657 99 897
8759 96 940
8559 32 4701
8660 57 2624
8658 30 3323
8760 34 5692
8560 52 4913
8661 20 2556
8659 67 5574
8761 61 877
8561 55 4104
8662 83 5248
8660 64 3891
8762 34 1641
8562 77 1478
8663 94 66
8661 86 2480
8763 52 1747
8563 65 4331
8664 90 4987
8662 56 4964
8764 61 2208
8564 47 934
8665 60 977
8663 59 5389
8765 48 2980
8565 14 3051
8666 26 2218
8664 79 2136
8766 66 2651
8566 59 3760
8667 50 5310
8665 10 3131
8767 98 2891
8567 37 1385
8668 58 438
8666 71 4077
8768 67 308
8568 47 1892
8669 40 3216
8667 11 3315
8769 33 3219
8569 20 5194
8670 24 1790
8668 64 241
8770 29 1266
8570 53 5662
8671 28 1460
8669 96 4807
8771 89 4597
8571 75 5210
8672 45 3429
8670 60 3879
8772 46 799
8572 50 3446
8673 60 5518
8671 84 2205
8773 97 3889
8573 63 3268
8674 37 3791
8672 33 4337
8774 34 1324
8574 68 4078
8675 21 2089
8673 74 4865
8775 85 2757
8575 95 5591
8676 53 2272
8674 85 1222
8776 60 1238
8576 67 3522
8677 67 599
8675 33 3190
8777 69 1683
8577 23 3741
8678 95 112
8676 33 1396
8778 54 3879
8578 66 3776
8679 42 5699
8677 94 3521
8779 73 5494
8579 28 2418
8680 58 2570
8678 62 3849
8780 61 2070
8580 74 4959
8681 92 1708
8679 89 1594
8781 23 2032
8581 54 5039
8682 77 4272
8680 30 3748
8782 17 4005
8582 53 5469
8683 100 4901
8681 63 715
8783 72 3272
8583 51 5180
8684 72 4724
8682 71 1999
8784 58 4127
8584 19 5407
8685 62 2068
8683 26 4727
8785 21 136
8585 25 1571
8686 25 2004
8684 66 4977
8786 11 1072
8586 60 2343
8687 21 2189
8685 80 2757
8787 73 2184
8587 95 2883
8688 18 1671
8686 69 5909
8788 52 3773
8588 28 3347
8689 20 959
8687 83 3305
8789 75 933
8589 83 3251
8690 56 309
8688 93 5460
8790 93 1283
8590 90 694
8691 60 3238
8689 22 5897
8791 30 5935
8591 26 2880
8692 78 2226
8690 95 1887
8792 22 5380
8592 38 2981
8693 25 1999
8691 82 3910
8793 75 2075
8593 31 4514
8694 84 3427
8692 41 919
8794 69 1827
8594 83 4372
8695 94 2493
8693 58 1918
8795 28 1601
8595 100 2
8696 37 5615
8694 46 1690
8796 38 5670
8596 95 5276
8697 23 5823
8695 56 50
8797 17 2677
8597 67 4684
8698 30 3648
8696 58 3317
8798 33 1140
8598 64 2150
8699 11 1638
8697 58 903
8799 24 4156
8599 40 4308
8700 39 2645
8698 86 2842
8800 86 1096
8600 47 3378
8699 48 1719
8801 14 3732
8601 94 3489
8702 88 2887
8802 23 1021
8602 65 4050
8703 59 5426
8701 12 5171
8803 27 2154
8603 36 3144
8704 95 1478
8702 27 4255
8804 49 782
8604 73 298
8705 97 81
8703 87 1761
8805 41 2106
8605 37 1479
8706 29 1289
8704 68 2723
8806 33 4042
8606 48 5794
8707 26 438
8705 21 2671
8807 24 5399
8607 77 2220
8708 63 3019
8706 30 3090
8808 50 509
8608 26 3993
8709 88 2104
8707 75 2353
8809 44 2003
8609 26 5511
8710 58 5066
8708 31 3047
8810 100 2456
8610 46 2876
8711 60 3749
8709 96 4761
8811 68 3948
8611 23 5709
8712 68 3544
8710 13 5610
8812 77 3211
8612 92 3500
8713 12 5032
8711 43 512
8813 42 4367
8613 84 4953
8714 92 2109
8712 10 4951
8814 16 1783
8614 40 5288
8715 98 1602
8713 68 5380
8815 93 3313
8615 79 2384
8716 21 2206
8714 37 4037
8816 50 1335
8616 69 307
8717 59 4248
8715 67 5066
8817 13 772
8617 48 51
8718 54 1494
8716 66 3622
8818 54 689
8618 32 5355
8719 70 3524
8717 94 5338
8819 40 5783
8619 71 753
8720 27 4733
8718 17 4473
8820 13 3020
8620 78 2467
8721 26 3280
8719 22 744
8821 62 2200
8621 63 5361
8722 36 5552
8720 48 3097
8822 85 5607
8622 36 2651
8723 13 5190
8721 78 4839
8823 31 3172
8623 78 4114
8724 44 171
8722 43 2539
8824 38 1704
8624 34 1384
8725 53 4602
8723 25 1806
8825 63 705
8625 99 5040
8726 45 4631
8724 81 2848
8826 68 2784
8626 28 3294
8727 37 2880
8725 100 3449
8827 28 5730
8627 47 2690
8728 53 5583
8726 41 1576
8828 79 3717
8628 41 4851
8729 59 1393
8727 79 395
8829 56 5454
8629 30 2827
8730 75 1488
8728 19 1894
8830 72 4748
8630 100 1892
8731 86 2710
8729 75 3898
8831 74 1324
8631 35 716
8732 39 2739
8730 89 5896
8832 70 3885
8632 59 4694
8733 83 422
8731 59 3729
8833 80 3168
8633 82 4188
8734 68 2948
8732 75 602
8834 28 2204
8634 11 2726
8735 77 3166
8733 95 2180
8835 59 295
8635 97 2958
8736 25 4090
8734 92 4895
8836 52 4438
8636 15 3714
8737 42 946
8735 66 1398
8837 17 413
8637 75 5667
8738 93 316
8736 20 5672
8838 56 4566
8638 93 565
8739 25 4561
8737 25 2304
8839 42 3938
8639 77 3354
8740 57 479
8738 60 4551
8840 28 5037
8640 85 660
8741 48 560
8739 42 2103
8841 61 2997
8641 46 4884
8742 22 2849
8740 50 687
8842 19 4645
8642 30 555
8743 99 4185
8741 84 5111
8843 32 2646
8643 78 4188
8744 83 5456
8742 23 3021
8844 56 2329
8644 93 4796
8745 73 1013
8743 14 4881
8845 96 5497
8645 23 4552
8746 72 2731
8744 53 3177
8846 65 4876
8646 59 5712
8747 87 2495
8745 91 3531
8847 33 3641
8647 94 5367
8748 68 4398
8746 58 4809
8848 72 3240
8648 57 3462
8749 19 4888
8747 39 5617
8849 60 1276
8649 79 5251
8750 11 1996
8748 76 1363
8850 61 3339
8650 25 1654
8751 78 3012
8749 99 4285
8851 43 1164
8651 88 3013
8752 47 1266
8750 60 4253
8852 73 789
8652 50 5309
8753 81 5835
8751 63 3678
8853 49 2240
8653 36 3542
8754 47 4090
8752 75 1360
8854 50 3497
8654 93 5123
8755 93 5467
8753 45 3590
8855 25 3198
8655 54 362
8756 63 4634
8754 92 5119
8856 20 3916
8656 29 3653
8757 31 2504
8755 27 681
8857 83 5507
8657 38 5702
8758 42 729
8756 62 2657
8858 74 1096
8658 59 5069
8759 12 1156
8757 20 4914
8859 19 195
8659 52 3308
8760 92 2704
8758 55 842
8860 51 2509
8660 86 2038
8761 84 2882
8759 56 2698
8861 35 109
8661 44 548
8762 74 2846
8760 96 1628
8862 27 5612
8662 40 796
8763 78 3268
8761 19 778
8863 10 4065
8663 95 476
8764 48 24
8762 51 2375
8864 53 5212
8664 75 4239
8765 87 1017
8763 58 414
8865 75 567
8665 56 1245
8766 24 2070
8764 96 5671
8866 97 3972
8666 98 420
8767 30 523
8765 61 615
8867 84 1643
8667 41 2565
8768 36 4129
8766 98 4876
8868 22 428
8668 79 4254
8769 45 2027
8767 76 1707
8869 52 2092
8669 70 454
8770 10 2078
8768 31 3714
8870 91 1721
8670 34 600
8771 29 452
8769 69 5115
8871 67 5283
8671 85 1372
8772 65 5475
8770 84 526
8872 84 605
8672 25 717
8773 61 817
8771 99 3637
8873 67 4668
8673 15 3638
8774 34 4402
8772 66 538
8874 67 3278
8674 57 697
8775 38 5559
8773 86 672
8875 33 121
8675 45 3412
8776 29 887
8774 58 2986
8876 19 4921
8676 16 4993
8777 13 2188
8775 16 4166
8877 69 3569
8677 63 24
8778 83 3575
8776 57 3266
8878 77 4797
8678 36 4490
8779 91 494
8777 66 963
8879 27 1180
8679 65 4825
8780 27 48
8778 31 2005
8880 89 2960
8680 88 4798
8781 24 5408
8779 77 3662
8881 89 615
8681 69 3913
8782 98 4422
8780 76 736
8882 57 4152
8682 58 4592
8783 13 1862
8781 41 1357
8883 89 829
8683 45 673
8784 19 2351
8782 67 3140
8884 46 4534
8684 89 4574
8785 97 561
8783 17 432
8885 46 1759
8685 75 5269
8786 75 474
8784 20 3977
8886 48 3518
8686 59 4862
8787 83 5122
8785 72 2192
8887 82 199
8687 25 5314
8788 11 856
8786 53 1969
8888 97 649
8688 70 4639
8789 70 991
8787 35 3297
8889 91 1776
8689 91 2375
8790 50 2458
8788 35 1357
8890 98 5807
8690 20 1342
8791 44 2548
8789 32 1447
8891 48 1828
8691 42 4910
8792 74 3300
8790 60 364
8892 42 4081
8692 20 549
8793 16 367
8791 33 343
8893 62 1551
8693 79 2148
8794 11 5484
8792 92 4218
8894 97 4847
8694 88 3229
8795 17 3113
8793 16 1301
8895 13 4698
8695 88 1146
8796 72 2917
8794 60 5378
8896 31 544
8696 75 2988
8797 58 5906
8795 90 1727
8897 83 4784
8697 16 4224
8798 17 3218
8796 95 2869
8898 33 4106
8698 100 420
8799 18 228
8797 35 5276
8899 18 846
8699 74 1150
8800 98 1744
8798 67 4390
8900 29 4247
8700 12 233
8799 10 1958
8901 28 1348
8701 99 4101
8802 41 2246
8902 94 458
8702 16 5787
8803 76 821
8801 49 5151
8903 72 3615
8703 15 2097
8804 56 437
8802 91 3021
8904 39 730
8704 81 240
8805 99 3175
8803 25 4161
8905 69 219
8705 19 1783
8806 15 1481
8804 76 1403
8906 54 4077
8706 90 1624
8807 76 2314
8805 11 5423
8907 41 536
8707 59 1875
8808 28 2043
8806 67 2096
8908 55 2059
8708 86 5461
8809 54 5479
8807 73 3999
8909 95 2865
8709 49 5006
8810 68 3659
8808 33 4340
8910 38 770
8710 87 1706
8811 98 954
8809 28 4645
8911 51 2215
8711 92 445
8812 96 501
8810 18 2473
8912 23 1432
8712 76 3619
8813 59 1388
8811 83 4996
8913 82 532
8713 13 3665
8814 24 3226
8812 87 1586
8914 26 2045
8714 48 2931
8815 96 724
8813 38 1307
8915 82 652
8715 28 1765
8816 96 3052
8814 77 5503
8916 87 798
8716 11 3608
8817 16 3424
8815 82 1937
8917 78 3327
8717 77 742
8818 63 1027
8816 58 964
8918 29 859
8718 21 216
8819 87 2112
8817 98 1067
8919 57 5933
8719 80 4005
8820 38 5267
8818 95 669
8920 52 4351
8720 34 1883
8821 59 5508
8819 77 1823
8921 35 507
8721 16 169
8822 73 1458
8820 36 4322
8922 61 1145
8722 57 754
8823 76 437
8821 90 1116
8923 12 476
8723 15 958
8824 36 1392
8822 91 1920
8924 79 1626
8724 61 2372
8825 48 3983
8823 97 5319
8925 34 75
8725 53 3080
8826 63 3845
8824 95 2148
8926 67 1276
8726 91 3926
8827 25 869
8825 24 2454
8927 65 4129
8727 97 3261
8828 53 1296
8826 94 5043
8928 64 4848
8728 87 4747
8829 17 2252
8827 25 2002
8929 18 3360
8729 80 2086
8830 31 1116
8828 75 1313
8930 65 3475
8730 78 171
8831 31 5496
8829 24 4850
8931 59 3663
8731 63 4705
8832 30 1100
8830 12 857
8932 41 4629
8732 47 4312
8833 59 2485
8831 99 3094
8933 99 436
8733 29 4474
8834 26 2063
8832 41 4542
8934 20 3250
8734 95 5178
8835 91 3416
8833 59 2992
8935 95 5644
8735 54 2182
8836 89 2025
8834 44 4233
8936 15 2874
8736 96 383
8837 14 2152
8835 72 703
8937 73 2511
8737 16 3125
8838 65 3614
8836 83 5854
8938 10 4342
8738 14 931
8839 84 3599
8837 83 4929
8939 25 1862
8739 77 4141
8840 70 1951
8838 83 4482
8940 77 678
8740 35 1337
8841 68 260
8839 97 1427
8941 83 2705
8741 26 1116
8842 84 5907
8840 63 158
8942 99 5686
8742 36 2225
8843 92 3705
8841 76 948
8943 72 769
8743 99 4828
8844 79 931
8842 65 4798
8944 41 5755
8744 94 3168
8845 83 38
8843 86 1412
8945 57 5526
8745 100 390
8846 63 5474
8844 78 5427
8946 68 3586
8746 89 5061
8847 75 3615
8845 60 4456
8947 68 1223
8747 40 1135
8848 91 1433
8846 41 2386
8948 44 5718
8748 55 3699
8849 13 1283
8847 22 5830
8949 75 3022
8749 25 1386
8850 92 2163
8848 58 3690
8950 51 95
8750 32 5368
8851 67 1503
8849 22 2768
8951 74 17
8751 31 5193
8852 98 4236
8850 31 3497
8952 39 4278
8752 54 332
8853 61 4719
8851 75 5720
8953 55 170
8753 81 4693
8854 93 3534
8852 20 606
8954 12 2942
8754 59 1759
8855 84 2789
8853 61 4194
8955 28 5591
8755 34 3967
8856 37 965
8854 24 5719
8956 100 3602
8756 85 3992
8857 28 4701
8855 24 284
8957 64 66
8757 100 4080
8858 64 5878
8856 63 4297
8958 81 146
8758 65 5802
8859 79 2436
8857 27 1103
8959 46 2737
8759 100 770
8860 41 4882
8858 17 4789
8960 59 3834
8760 50 5135
8861 52 2628
8859 73 1721
8961 26 3218
8761 28 3899
8862 66 1344
8860 28 4398
8962 26 511
8762 99 4848
8863 88 5062
8861 11 3572
8963 61 3979
8763 76 5566
8864 21 893
8862 54 5315
8964 25 5404
8764 17 5240
8865 93 699
8863 30 5558
8965 64 2232
8765 61 4161
8866 89 329
8864 90 4765
8966 88 522
8766 45 2786
8867 16 73
8865 95 557
8967 24 4757
8767 35 4803
8868 39 3950
8866 67 2160
8968 62 1039
8768 58 5695
8869 78 1629
8867 65 1328
8969 54 4548
8769 55 1160
8870 57 1222
8868 90 4972
8970 73 4238
8770 50 2159
8871 44 5168
8869 98 5576
8971 57 5910
8771 46 4666
8872 67 2912
8870 34 5511
8972 85 2724
8772 33 4228
8873 82 1117
8871 41 746
8973 51 2353
8773 10 4863
8874 60 4927
8872 34 4421
8974 13 615
8774 22 2665
8875 39 3429
8873 39 1124
8975 24 4035
8775 27 2085
8876 60 3088
8874 49 226
8976 22 1547
8776 20 4213
8877 99 2026
8875 59 4285
8977 32 4174
8777 50 731
8878 70 2042
8876 82 5085
8978 13 5021
8778 27 14
8879 77 1716
8877 34 3519
8979 34 4016
8779 22 3427
8880 55 1031
8878 46 5691
8980 25 4429
8780 27 2697
8881 88 1462
8879 68 5050
8981 73 2361
8781 10 4620
8882 20 715
8880 97 1848
8982 54 1011
8782 11 932
8883 36 1303
8881 47 681
8983 20 4122
8783 13 2628
8884 79 118
8882 45 5425
8984 77 4734
8784 34 389
8885 69 7
8883 33 1776
8985 95 1823
8785 25 2755
8886 18 2919
8884 23 737
8986 100 5373
8786 20 1370
8887 100 2788
8885 15 4270
8987 29 4216
8787 21 5434
8888 23 1172
8886 96 1531
8988 37 3936
8788 82 2883
8889 70 2918
8887 28 3439
8989 34 2283
8789 36 1242
8890 66 5245
8888 63 3289
8990 26 5165
8790 81 5570
8891 62 5218
8889 37 5682
8991 28 2267
8791 77 3783
8892 76 3700
8890 88 4432
8992 92 2396
8792 71 5449
8893 64 3114
8891 33 292
8993 62 4620
8793 94 3597
8894 18 5031
8892 95 3674
8994 71 5829
8794 81 5592
8895 81 829
8893 17 4521
8995 47 5072
8795 36 5718
8896 47 4014
8894 93 2867
8996 31 5870
8796 32 5294
8897 59 5145
8895 50 1269
8997 48 4655
8797 67 3449
8898 91 4029
8896 72 2414
8998 32 5033
8798 73 3902
8899 27 1586
8897 18 5611
8999 79 1422
8799 47 1800
8900 87 655
8898 66 1575
9000 44 3181
8800 18 1816
8899 63 5828
9001 72 2202
8801 15 201
8902 66 4244
9002 53 939
8802 47 1252
8903 93 4231
8901 24 4025
9003 47 977
8803 100 44
8904 25 4225
8902 87 622
9004 61 665
8804 96 1145
8905 13 1473
8903 99 5472
9005 54 4196
8805 71 3601
8906 88 1207
8904 78 4665
9006 66 4353
8806 27 2776
8907 73 3220
8905 78 2494
9007 34 3726
8807 75 3110
8908 55 3571
8906 73 3341
9008 77 4340
8808 26 5270
8909 56 3289
8907 20 5082
9009 98 4208
8809 19 932
8910 90 444
8908 36 5120
9010 81 5690
8810 44 2561
8911 25 952
8909 73 206
9011 38 3405
8811 48 5563
8912 26 5268
8910 96 4956
9012 80 2695
8812 40 2148
8913 28 4589
8911 49 3656
9013 56 3013
8813 58 4934
8914 69 1537
8912 72 3406
9014 10 2554
8814 37 5933
8915 45 2331
8913 58 4191
9015 77 3205
8815 70 5436
8916 32 1960
8914 76 4395
9016 39 5191
8816 59 3811
8917 40 924
8915 42 4715
9017 38 2415
8817 49 337
8918 100 5122
8916 48 4664
9018 29 2883
8818 89 1219
8919 36 5355
8917 58 1964
9019 83 4306
8819 48 3047
8920 26 5816
8918 94 4835
9020 57 1084
8820 85 4448
8921 73 1637
8919 76 2298
9021 17 500
8821 29 3384
8922 15 4857
8920 38 3208
9022 14 4416
8822 44 2471
8923 51 3720
8921 17 3606
9023 31 2295
8823 18 5269
8924 15 4397
8922 18 1418
9024 66 1963
8824 47 783
8925 42 2795
8923 55 1897
9025 62 247
8825 57 4827
8926 37 1519
8924 65 4938
9026 46 1795
8826 28 3638
8927 30 1482
8925 45 18
9027 31 3230
8827 48 5357
8928 50 1696
8926 67 1921
9028 54 5655
8828 46 1996
8929 45 1381
8927 17 207
9029 78 5342
8829 11 4074
8930 54 637
8928 80 4209
9030 71 4191
8830 84 1894
8931 24 3913
8929 70 137
9031 28 3839
8831 53 1160
8932 19 5162
8930 21 133
9032 11 2495
8832 24 5733
8933 72 2710
8931 93 3700
9033 58 5072
8833 50 770
8934 44 538
8932 66 1273
9034 50 1739
8834 58 2494
8935 80 1554
8933 22 788
9035 45 5652
8835 94 5350
8936 75 1917
8934 27 3875
9036 57 2704
8836 47 4333
8937 44 4882
8935 84 3369
9037 86 1992
8837 34 4688
8938 99 5616
8936 34 101
9038 91 4847
8838 47 1566
8939 43 3933
8937 68 4059
9039 10 2506
8839 33 5246
8940 74 3751
8938 77 1234
9040 94 4285
8840 56 5679
8941 98 1727
8939 12 3842
9041 67 1989
8841 21 333
8942 55 4610
8940 52 5302
9042 31 2039
8842 82 958
8943 37 963
8941 87 2386
9043 61 5514
8843 64 1162
8944 64 2404
8942 34 2165
9044 70 4650
8844 20 3681
8945 52 99
8943 87 5683
9045 90 4033
8845 53 351
8946 31 2155
8944 95 2400
9046 64 239
8846 80 2981
8947 94 3488
8945 91 4233
9047 71 333
8847 36 3628
8948 17 2064
8946 19 1193
9048 65 3268
8848 52 1899
8949 90 1058
8947 72 759
9049 70 4647
8849 54 1061
8950 61 4209
8948 18 4680
9050 70 2654
8850 65 361
8951 75 622
8949 93 4260
9051 92 5224
8851 58 4284
8952 84 1302
8950 65 2490
9052 14 2139
8852 91 3497
8953 90 4208
8951 81 2096
9053 15 3290
8853 38 1629
8954 89 3389
8952 44 3906
9054 14 5278
8854 68 2377
8955 47 3460
8953 82 685
9055 63 88
8855 57 4763
8956 37 5096
8954 90 991
9056 13 4082
8856 56 2994
8957 36 4924
8955 72 5911
9057 68 2730
8857 37 4567
8958 95 4740
8956 10 1231
9058 41 606
8858 90 1777
8959 94 1524
8957 69 5871
9059 82 135
8859 66 3867
8960 12 709
8958 21 5585
9060 48 2506
8860 20 121
8961 18 5449
8959 66 2839
9061 93 1511
8861 55 3608
8962 55 2302
8960 52 883
9062 47 1693
8862 52 1268
8963 97 3000
8961 46 1824
9063 68 2703
8863 75 942
8964 61 1024
8962 58 4086
9064 90 967
8864 83 1465
8965 77 4160
8963 41 3553
9065 95 2813
8865 93 2190
8966 20 4041
8964 91 2025
9066 76 1185
8866 62 5519
8967 17 716
8965 43 3390
9067 47 442
8867 33 1913
8968 99 2613
8966 27 4936
9068 29 2993
8868 96 5443
8969 63 702
8967 85 4517
9069 60 5690
8869 36 5580
8970 82 510
8968 47 5924
9070 33 5283
8870 88 4495
8971 60 4703
8969 17 5410
9071 75 3133
8871 72 2179
8972 54 3670
8970 83 4786
9072 91 5579
8872 62 4103
8973 39 3284
8971 45 3320
9073 29 259
8873 73 1937
8974 55 937
8972 47 1276
9074 63 2458
8874 68 1072
8975 43 5304
8973 61 2687
9075 49 2623
8875 81 1964
8976 18 393
8974 72 871
9076 11 2524
8876 28 2340
8977 34 225
8975 63 2881
9077 67 3326
8877 31 5349
8978 75 567
8976 93 1674
9078 39 5549
8878 95 3562
8979 12 1513
8977 79 422
9079 62 2753
8879 99 4683
8980 62 3681
8978 77 1089
9080 99 1200
8880 43 3435
8981 69 3894
8979 67 5405
9081 13 229
8881 46 3254
8982 12 2494
8980 18 2241
9082 17 948
8882 89 398
8983 27 2204
8981 93 4062
9083 98 1498
8883 83 2080
8984 71 2082
8982 42 3268
9084 26 1499
8884 89 1692
8985 21 4333
8983 98 687
9085 47 2373
8885 94 5150
8986 70 764
8984 30 5350
9086 34 2094
8886 42 3656
8987 45 2389
8985 88 1799
9087 66 2881
8887 27 4889
8988 55 5492
8986 64 416
9088 86 5521
8888 14 32
8989 35 2868
8987 65 5730
9089 88 1269
8889 86 1850
8990 55 5141
8988 53 5606
9090 95 4325
8890 21 3091
8991 78 2573
8989 18 521
9091 89 3677
8891 46 2723
8992 16 763
8990 22 4304
9092 89 1388
8892 78 1569
8993 55 2033
8991 10 2114
9093 82 4225
8893 48 436
8994 74 596
8992 60 5324
9094 30 297
8894 60 4566
8995 64 3358
8993 15 230
9095 57 4016
8895 96 1825
8996 93 5844
8994 78 3138
9096 99 1406
8896 14 5819
8997 70 1654
8995 35 4270
9097 21 2717
8897 61 531
8998 36 5922
8996 87 2430
9098 34 3210
8898 48 558
8999 48 4309
8997 44 1720
9099 29 5817
8899 32 304
9000 27 2669
8998 32 4139
9100 44 4576
8900 73 3781
8999 35 4943
9101 13 3632
8901 25 3842
9002 12 3966
9102 22 124
8902 42 210
9003 53 786
9001 20 1683
9103 24 2593
8903 83 3367
9004 12 3028
9002 32 5504
9104 84 2629
8904 29 3268
9005 31 5608
9003 95 360
9105 20 1363
8905 94 3155
9006 97 2085
9004 36 3293
9106 30 1370
8906 33 5528
9007 28 4055
9005 98 736
9107 72 460
8907 79 2420
9008 66 209
9006 21 4687
9108 61 3684
8908 22 5388
9009 37 4849
9007 72 1254
9109 38 4215
8909 64 5689
9010 82 3046
9008 75 3270
9110 80 5254
8910 27 5933
9011 73 1715
9009 31 1940
9111 19 5154
8911 85 3820
9012 83 4972
9010 84 2731
9112 46 2861
8912 46 2001
9013 67 2637
9011 87 2006
9113 40 848
8913 37 1438
9014 61 1117
9012 82 5556
9114 15 1439
8914 30 3307
9015 34 3845
9013 12 954
9115 41 4212
8915 72 4486
9016 76 3273
9014 95 2346
9116 38 2729
8916 66 2057
9017 64 3570
9015 72 333
9117 80 4994
8917 55 1066
9018 87 3498
9016 82 3625
9118 94 3493
8918 50 665
9019 31 3992
9017 23 4712
9119 17 269
8919 78 787
9020 41 2661
9018 63 306
9120 94 1166
8920 81 3652
9021 33 208
9019 50 4643
9121 52 888
8921 86 2188
9022 96 3775
9020 43 2100
9122 37 2388
8922 65 1610
9023 79 2351
9021 85 5008
9123 76 4406
8923 96 4199
9024 57 2333
9022 22 4090
9124 33 745
8924 96 1714
9025 97 2556
9023 67 5588
9125 75 1815
8925 57 4425
9026 15 3346
9024 13 5561
9126 75 489
8926 10 4959
9027 37 637
9025 59 5631
9127 85 4202
8927 88 2221
9028 40 4069
9026 99 1604
9128 63 1291
8928 12 5259
9029 34 4074
9027 10 127
9129 19 5633
8929 87 812
9030 78 3685
9028 29 224
9130 14 2255
8930 91 2458
9031 10 5884
9029 42 881
9131 94 2782
8931 64 169
9032 39 3612
9030 54 4275
9132 76 1958
8932 24 1876
9033 65 319
9031 48 1693
9133 89 2310
8933 20 3748
9034 11 279
9032 10 739
9134 15 4107
8934 85 5123
9035 21 557
9033 90 3133
9135 59 4284
8935 67 1630
9036 47 4838
9034 64 2108
9136 13 4759
8936 11 994
9037 84 5447
9035 84 3442
9137 89 2764
8937 44 624
9038 49 4528
9036 85 4159
9138 11 25
8938 84 4278
9039 12 1073
9037 68 2577
9139 91 1354
8939 55 4867
9040 92 875
9038 13 2186
9140 36 1962
8940 68 2337
9041 15 1757
9039 55 2508
9141 74 5568
8941 34 1116
9042 81 1496
9040 10 3734
9142 25 1599
8942 76 1121
9043 81 3242
9041 49 4955
9143 37 5002
8943 49 1924
9044 75 2175
9042 100 2078
9144 92 2425
8944 100 3600
9045 83 5271
9043 37 1548
9145 92 788
8945 100 657
9046 74 2066
9044 94 2298
9146 57 3865
8946 47 3715
9047 92 1269
9045 24 1719
9147 14 5662
8947 35 1573
9048 13 1530
9046 15 3366
9148 10 4308
8948 84 4269
9049 83 4140
9047 32 4724
9149 12 1515
8949 37 1946
9050 25 3530
9048 78 4372
9150 54 5408
8950 29 50
9051 61 3816
9049 69 2485
9151 13 2662
8951 68 3219
9052 94 3930
9050 51 2873
9152 74 3534
8952 97 4083
9053 60 3006
9051 57 1404
9153 30 4682
8953 61 4055
9054 67 4863
9052 55 2442
9154 65 2651
8954 70 4513
9055 69 715
9053 47 42
9155 19 2824
8955 52 76
9056 21 2637
9054 74 5568
9156 45 5124
8956 34 2125
9057 59 5346
9055 43 3692
9157 54 3585
8957 81 5790
9058 77 420
9056 67 147
9158 35 3161
8958 13 2943
9059 97 1966
9057 28 3188
9159 21 3955
8959 10 3119
9060 82 2227
9058 34 4370
9160 20 3029
8960 39 1386
9061 95 2128
9059 100 997
9161 21 2027
8961 27 2529
9062 17 3672
9060 88 3384
9162 96 2656
8962 79 195
9063 55 3046
9061 87 749
9163 30 5134
8963 29 608
9064 78 762
9062 25 4566
9164 38 2275
8964 52 1467
9065 48 17
9063 30 1971
9165 94 2683
8965 38 2045
9066 25 2635
9064 47 3518
9166 85 2917
8966 97 5208
9067 20 2770
9065 45 4220
9167 17 5270
8967 55 1884
9068 57 885
9066 73 3695
9168 66 1561
8968 19 5019
9069 84 507
9067 31 5938
9169 51 4400
8969 65 1389
9070 94 5937
9068 10 2377
9170 34 689
8970 23 1511
9071 68 2990
9069 19 3857
9171 38 3050
8971 27 4134
9072 14 3733
9070 93 2353
9172 57 1531
8972 40 3749
9073 42 3869
9071 62 5723
9173 67 3564
8973 19 240
9074 33 1745
9072 26 2440
9174 79 1997
8974 49 3725
9075 49 799
9073 10 3179
9175 91 714
8975 26 896
9076 28 5255
9074 71 1096
9176 75 4541
8976 45 1013
9077 69 5396
9075 96 433
9177 16 5633
8977 51 3949
9078 35 3285
9076 14 142
9178 80 813
8978 72 5254
9079 19 688
9077 17 5241
9179 33 4960
8979 24 923
9080 58 4560
9078 37 2247
9180 63 5024
8980 38 2208
9081 11 2516
9079 43 141
9181 31 5366
8981 84 917
9082 24 2951
9080 38 440
9182 73 26
8982 95 3989
9083 33 4167
9081 95 2886
9183 59 3843
8983 93 2997
9084 14 5380
9082 25 4579
9184 56 5676
8984 69 3643
9085 21 1075
9083 49 1391
9185 51 1980
8985 67 819
9086 30 2147
9084 90 5456
9186 62 3974
8986 10 5305
9087 55 1816
9085 12 5021
9187 27 2249
8987 46 5307
9088 17 2420
9086 72 3133
9188 10 2882
8988 26 5097
9089 78 3263
9087 19 2671
9189 88 3429
8989 35 584
9090 47 5544
9088 12 3048
9190 46 1615
8990 50 2154
9091 26 1509
9089 59 1544
9191 65 4285
8991 73 3904
9092 74 918
9090 37 4991
9192 29 2008
8992 29 1717
9093 48 2271
9091 28 1325
9193 93 5038
8993 71 3131
9094 24 2937
9092 83 5148
9194 48 4197
8994 81 4585
9095 57 2336
9093 64 5591
9195 92 147
8995 92 1507
9096 22 2853
9094 92 3555
9196 68 5820
8996 92 4345
9097 62 4038
9095 31 5556
9197 22 94
8997 21 1106
9098 81 4895
9096 98 5447
9198 45 4132
8998 35 3066
9099 42 3820
9097 80 5062
9199 84 817
8999 28 1090
9100 47 4970
9098 68 3300
9200 25 5363
9000 100 447
9099 51 4367
9201 85 207
9001 96 5542
9102 46 3997
9202 99 3105
9002 44 5233
9103 24 3331
9101 18 4100
9203 67 4676
9003 42 230
9104 16 3751
9102 74 5006
9204 91 1874
9004 53 4435
9105 12 2325
9103 97 880
9205 37 5614
9005 57 1351
9106 12 734
9104 54 4824
9206 38 1128
9006 37 5447
9107 48 350
9105 89 3522
9207 96 2034
9007 78 5171
9108 71 385
9106 71 5860
9208 26 5246
9008 37 3552
9109 33 5924
9107 68 3815
9209 98 3448
9009 61 5743
9110 25 2076
9108 29 4873
9210 93 3013
9010 38 2561
9111 40 841
9109 26 4315
9211 82 1475
9011 87 4068
9112 15 3633
9110 85 3132
9212 51 1367
9012 70 4271
9113 44 793
9111 53 2458
9213 68 3455
9013 19 5841
9114 67 4598
9112 66 3832
9214 36 545
9014 13 309
9115 66 2959
9113 53 993
9215 19 5018
9015 28 2308
9116 16 3271
9114 70 2224
9216 38 1848
9016 45 555
9117 13 4663
9115 60 4770
9217 38 327
9017 65 3558
9118 76 3758
9116 39 2972
9218 63 3105
9018 80 5820
9119 97 5550
9117 26 4001
9219 36 5272
9019 20 1570
9120 35 4212
9118 58 4858
9220 36 3330
9020 35 870
9121 68 4348
9119 65 5374
9221 74 4193
9021 13 1565
9122 99 5837
9120 54 5766
9222 39 4868
9022 94 985
9123 30 4167
9121 76 149
9223 32 4314
9023 65 3890
9124 60 4118
9122 89 256
9224 44 4421
9024 67 1698
9125 85 2194
9123 36 3194
9225 62 2833
9025 56 2888
9126 90 523
9124 66 3068
9226 83 4474
9026 81 4557
9127 27 1755
9125 62 5098
9227 51 2431
9027 58 3723
9128 12 5254
9126 97 5429
9228 15 3417
9028 49 3103
9129 69 504
9127 33 4507
9229 70 2667
9029 92 2206
9130 22 3952
9128 97 223
9230 14 3378
9030 99 3200
9131 59 2622
9129 97 5764
9231 45 1439
9031 13 1650
9132 94 5019
9130 32 247
9232 76 5098
9032 37 2830
9133 21 1206
9131 79 3731
9233 75 801
9033 24 4831
9134 96 854
9132 46 4436
9234 43 367
9034 35 5610
9135 50 3933
9133 100 1242
9235 57 5168
9035 44 2258
9136 99 624
9134 76 3836
9236 81 3429
9036 41 1423
9137 15 2618
9135 63 5446
9237 12 594
9037 31 2319
9138 82 4360
9136 17 2627
9238 96 4039
9038 70 2333
9139 18 4351
9137 15 4221
9239 76 474
9039 37 2201
9140 99 3316
9138 91 4287
9240 12 4516
9040 39 2564
9141 59 2932
9139 30 5570
9241 64 3411
9041 48 565
9142 43 5093
9140 35 1647
9242 15 5533
9042 77 3421
9143 28 4371
9141 73 5595
9243 33 2678
9043 56 817
9144 91 5597
9142 48 1623
9244 46 4804
9044 57 1857
9145 99 3633
9143 11 18
9245 10 911
9045 55 1291
9146 88 878
9144 52 5839
9246 29 1900
9046 80 1830
9147 45 2675
9145 58 1318
9247 22 122
9047 80 4793
9148 21 2455
9146 24 4813
9248 12 4525
9048 29 1931
9149 95 3486
9147 24 582
9249 17 3838
9049 73 1898
9150 78 3430
9148 23 5511
9250 67 2604
9050 33 2309
9151 21 945
9149 94 4836
9251 72 2782
9051 36 642
9152 48 3175
9150 44 861
9252 30 4283
9052 71 4925
9153 56 5258
9151 62 3881
9253 57 1818
9053 86 4838
9154 52 3399
9152 27 4111
9254 16 4169
9054 39 4642
9155 82 3958
9153 55 3478
9255 42 4529
9055 37 61
9156 29 2431
9154 19 3227
9256 38 4853
9056 37 757
9157 91 2396
9155 14 1583
9257 43 741
9057 33 5298
9158 12 452
9156 15 1132
9258 21 2379
9058 68 2274
9159 71 2723
9157 56 1086
9259 52 846
9059 20 2202
9160 11 3950
9158 90 2972
9260 64 488
9060 80 3787
9161 28 535
9159 42 2446
9261 52 4552
9061 65 1678
9162 70 2394
9160 35 4425
9262 56 3756
9062 88 364
9163 55 4082
9161 33 4706
9263 80 409
9063 44 3898
9164 52 5929
9162 62 513
9264 88 4136
9064 57 1509
9165 73 2555
9163 36 4435
9265 96 927
9065 98 5309
9166 35 3622
9164 61 3147
9266 27 711
9066 84 440
9167 50 4378
9165 40 5625
9267 66 3757
9067 20 2929
9168 98 2274
9166 33 5610
9268 79 3128
9068 90 4923
9169 48 4371
9167 71 4896
9269 24 4520
9069 27 1634
9170 74 5313
9168 77 5519
9270 96 5428
9070 58 1693
9171 90 3903
9169 52 5572
9271 97 5532
9071 73 2906
9172 92 5831
9170 20 1949
9272 64 361
9072 21 1009
9173 67 135
9171 92 1490
9273 17 2610
9073 44 5785
9174 68 1649
9172 53 3833
9274 98 918
9074 24 4383
9175 83 31
9173 37 1593
9275 20 5307
9075 85 4771
9176 32 4436
9174 47 2068
9276 38 107
9076 78 389
9177 18 5164
9175 11 428
9277 98 960
9077 94 3609
9178 45 3156
9176 98 4016
9278 22 2008
9078 23 3853
9179 100 5047
9177 45 5329
9279 69 1407
9079 63 3517
9180 95 140
9178 22 3862
9280 50 1670
9080 55 3849
9181 79 2408
9179 94 2085
9281 70 5763
9081 40 843
9182 67 5299
9180 94 5594
9282 58 4107
9082 68 2878
9183 34 5432
9181 74 3546
9283 83 388
9083 57 2286
9184 85 5917
9182 35 5809
9284 68 564
9084 13 2481
9185 99 4746
9183 24 5546
9285 74 996
9085 39 2193
9186 57 5571
9184 18 2250
9286 22 375
9086 71 4448
9187 22 4748
9185 37 37
9287 59 708
9087 95 4080
9188 26 1133
9186 49 4981
9288 20 3993
9088 74 1569
9189 28 547
9187 17 5454
9289 22 4377
9089 87 1049
9190 48 1068
9188 50 3223
9290 10 5314
9090 37 828
9191 70 4326
9189 52 5640
9291 35 145
9091 35 3027
9192 70 5594
9190 45 2234
9292 52 1484
9092 70 2848
9193 77 4963
9191 18 3468
9293 46 477
9093 75 569
9194 22 4498
9192 32 202
9294 81 1949
9094 63 3569
9195 59 2707
9193 28 3122
9295 18 258
9095 28 2952
9196 41 3183
9194 50 1594
9296 73 1256
9096 80 4488
9197 61 2857
9195 94 1747
9297 26 2757
9097 40 125
9198 60 264
9196 21 2212
9298 31 2748
9098 85 1468
9199 87 5276
9197 82 331
9299 62 3635
9099 89 5458
9200 26 2403
9198 15 2208
9300 82 3066
9100 47 611
9199 91 5487
9301 13 3837
9101 12 2466
9202 22 16
9302 99 3255
9102 95 1583
9203 16 106
9201 19 2959
9303 27 1859
9103 34 2247
9204 21 1610
9202 44 3001
9304 81 611
9104 74 3557
9205 26 2122
9203 48 4320
9305 54 1761
9105 75 4609
9206 80 5598
9204 69 3931
9306 95 2380
9106 74 2100
9207 12 5831
9205 14 1236
9307 60 2924
9107 16 3938
9208 73 3612
9206 63 2959
9308 55 3796
9108 39 638
9209 48 5728
9207 38 610
9309 91 5788
9109 79 1002
9210 20 4707
9208 72 2829
9310 33 840
9110 82 473
9211 53 4172
9209 34 4795
9311 54 3325
9111 70 5328
9212 87 4376
9210 88 2473
9312 58 2430
9112 46 468
9213 49 5904
9211 43 186
9313 45 2748
9113 27 1308
9214 12 4894
9212 92 4768
9314 14 519
9114 31 5187
9215 59 5203
9213 72 1392
9315 69 1628
9115 88 2145
9216 71 4314
9214 13 4792
9316 22 2719
9116 72 1395
9217 87 4995
9215 38 1905
9317 47 5763
9117 77 1982
9218 99 3008
9216 63 3409
9318 21 278
9118 30 5128
9219 59 3251
9217 65 1292
9319 75 1897
9119 19 270
9220 19 5560
9218 19 1385
9320 27 81
9120 62 1034
9221 10 2042
9219 85 1142
9321 79 2928
9121 77 5760
9222 60 2177
9220 79 3035
9322 24 3851
9122 80 559
9223 17 5285
9221 12 5104
9323 95 5626
9123 40 3024
9224 76 3098
9222 49 5072
9324 42 1244
9124 64 3306
9225 25 2298
9223 35 3797
9325 17 923
9125 68 4502
9226 77 2956
9224 31 5567
9326 74 221
9126 81 1050
9227 82 395
9225 72 3630
9327 29 2160
9127 87 634
9228 64 859
9226 10 4425
9328 89 2507
9128 57 5415
9229 56 4694
9227 29 576
9329 100 373
9129 15 3108
9230 38 5891
9228 87 3835
9330 69 4848
9130 59 4035
9231 12 5188
9229 47 3368
9331 92 1061
9131 21 1542
9232 28 1282
9230 31 893
9332 10 2814
9132 67 2601
9233 20 4927
9231 26 2017
9333 14 2105
9133 70 4379
9234 43 4378
9232 45 1447
9334 99 2939
9134 81 1985
9235 53 4681
9233 86 3732
9335 30 2567
9135 33 2138
9236 30 347
9234 22 914
9336 32 4640
9136 15 545
9237 47 1628
9235 90 4693
9337 84 545
9137 81 644
9238 19 4847
9236 36 2880
9338 89 3215
9138 98 4533
9239 33 4082
9237 77 5648
9339 54 4857
9139 42 239
9240 79 2637
9238 77 5523
9340 43 266
9140 14 2643
9241 38 815
9239 11 3705
9341 24 2530
9141 67 5214
9242 46 2940
9240 98 4370
9342 19 2599
9142 21 1249
9243 20 1339
9241 29 3556
9343 46 3455
9143 85 4828
9244 43 5425
9242 63 2030
9344 65 884
9144 62 1622
9245 98 4929
9243 53 4104
9345 85 1940
9145 47 1027
9246 53 5027
9244 22 4815
9346 72 5373
9146 26 257
9247 74 4653
9245 23 1370
9347 91 1234
9147 55 1279
9248 96 1792
9246 93 2397
9348 83 1524
9148 21 2427
9249 98 4211
9247 93 3531
9349 30 1748
9149 92 918
9250 48 2873
9248 68 4316
9350 78 4044
9150 76 638
9251 46 4877
9249 62 2482
9351 25 3109
9151 18 1383
9252 11 796
9250 20 4490
9352 69 3208
9152 72 3214
9253 23 749
9251 41 1246
9353 25 3952
9153 75 5308
9254 41 2112
9252 61 3543
9354 95 4921
9154 96 2556
9255 20 3077
9253 37 5754
9355 93 99
9155 44 4687
9256 47 5456
9254 96 4133
9356 61 1790
9156 11 4718
9257 39 1842
9255 60 5891
9357 71 4213
9157 49 5384
9258 13 1250
9256 68 1059
9358 22 2944
9158 10 1161
9259 88 485
9257 52 5570
9359 11 5498
9159 40 3264
9260 11 5907
9258 96 2120
9360 34 268
9160 13 5208
9261 60 4970
9259 81 1865
9361 96 3394
9161 97 4586
9262 62 3783
9260 38 833
9362 13 3003
9162 35 4908
9263 27 4115
9261 46 2656
9363 65 3953
9163 55 3473
9264 16 4739
9262 76 5722
9364 26 2115
9164 43 3505
9265 54 1929
9263 21 3196
9365 17 1925
9165 50 457
9266 68 938
9264 64 969
9366 39 599
9166 47 5220
9267 60 934
9265 38 794
9367 15 4942
9167 60 1650
9268 69 5509
9266 28 5909
9368 38 3370
9168 18 2624
9269 39 1759
9267 11 1610
9369 24 5502
9169 54 1855
9270 27 4921
9268 75 5715
9370 26 3086
9170 36 570
9271 77 2542
9269 91 4594
9371 37 4713
9171 36 1703
9272 34 330
9270 98 2420
9372 26 1328
9172 19 4765
9273 97 2890
9271 50 3837
9373 30 1061
9173 22 2705
9274 27 1154
9272 46 2820
9374 38 4176
9174 80 5017
9275 13 4917
9273 73 3966
9375 54 5249
9175 23 3202
9276 14 3249
9274 10 2452
9376 25 4695
9176 91 5656
9277 93 927
9275 20 4858
9377 31 1219
9177 34 4342
9278 89 4523
9276 39 4030
9378 25 4389
9178 96 1791
9279 71 5366
9277 72 5515
9379 97 4019
9179 39 5817
9280 39 4586
9278 24 1118
9380 30 3884
9180 73 3827
9281 82 3496
9279 64 4910
9381 77 5039
9181 26 3979
9282 85 5391
9280 82 2110
9382 93 2931
9182 61 1737
9283 61 1248
9281 43 5371
9383 34 981
9183 98 1328
9284 84 5382
9282 15 4581
9384 34 1318
9184 56 2260
9285 83 2232
9283 75 742
9385 71 730
9185 82 1790
9286 47 4890
9284 66 3158
9386 24 776
9186 36 1487
9287 53 3076
9285 68 4104
9387 43 5831
9187 53 5747
9288 85 4778
9286 61 3089
9388 13 2316
9188 66 2915
9289 48 3955
9287 96 1885
9389 53 1024
9189 58 4528
9290 30 4402
9288 40 477
9390 93 5411
9190 30 653
9291 23 4236
9289 94 2195
9391 28 3320
9191 63 3478
9292 61 1631
9290 59 3150
9392 20 5148
9192 44 2901
9293 13 1657
9291 78 701
9393 14 1701
9193 29 2939
9294 46 5708
9292 43 1063
9394 87 4082
9194 28 3487
9295 100 1800
9293 28 4240
9395 42 991
9195 67 5420
9296 78 4386
9294 64 2974
9396 59 5563
9196 73 5605
9297 16 3997
9295 51 4663
9397 89 2452
9197 11 5169
9298 10 1709
9296 81 4253
9398 84 3227
9198 29 2999
9299 97 4483
9297 64 3102
9399 83 972
9199 49 5562
9300 35 3510
9298 80 1686
9400 14 5119
9200 88 4286
9299 37 5226
9401 94 1665
9201 24 2391
9302 13 4467
9402 99 4454
9202 15 4558
9303 23 4655
9301 40 734
9403 79 4812
9203 68 5527
9304 39 954
9302 57 2951
9404 73 1836
9204 36 2133
9305 88 3619
9303 23 2918
9405 13 1533
9205 58 684
9306 73 5294
9304 16 1735
9406 66 539
9206 48 1387
9307 47 5489
9305 56 1651
9407 29 5932
9207 58 1025
9308 39 1712
9306 98 2980
9408 60 3668
9208 92 3788
9309 63 4580
9307 76 1741
9409 57 869
9209 51 4482
9310 93 4015
9308 37 3217
9410 52 2710
9210 30 4621
9311 50 5906
9309 77 5628
9411 77 763
9211 44 2073
9312 20 565
9310 76 3884
9412 74 158
9212 96 224
9313 96 466
9311 49 4051
9413 69 515
9213 47 1397
9314 35 3908
9312 30 2387
9414 19 1393
9214 63 2643
9315 97 5360
9313 70 576
9415 76 39
9215 57 1123
9316 40 4436
9314 25 3722
9416 26 2528
9216 43 1231
9317 43 3938
9315 62 4406
9417 28 3411
9217 88 2819
9318 15 2438
9316 57 4474
9418 59 5772
9218 67 5736
9319 40 2217
9317 87 5634
9419 26 4069
9219 83 5072
9320 77 44
9318 89 3754
9420 90 5731
9220 42 3017
9321 99 3229
9319 18 156
9421 53 5232
9221 52 1236
9322 63 3795
9320 56 3752
9422 26 4219
9222 85 2409
9323 77 2679
9321 84 1791
9423 61 3520
9223 42 5652
9324 18 2727
9322 95 2085
9424 58 5099
9224 41 3673
9325 36 2862
9323 73 5126
9425 94 5740
9225 66 4259
9326 41 2385
9324 11 726
9426 37 2082
9226 18 2164
9327 47 1664
9325 55 4574
9427 45 1932
9227 15 2522
9328 89 5271
9326 74 3116
9428 66 2497
9228 23 1585
9329 72 4980
9327 65 1721
9429 15 4658
9229 97 3958
9330 41 2163
9328 59 4963
9430 61 2872
9230 90 2724
9331 87 5204
9329 45 2282
9431 41 2470
9231 30 5308
9332 88 5631
9330 24 659
9432 68 2745
9232 25 5325
9333 59 5827
9331 52 4135
9433 43 4953
9233 43 869
9334 69 5363
9332 21 3550
9434 31 2502
9234 14 1717
9335 88 3022
9333 55 375
9435 10 625
9235 76 4407
9336 53 1419
9334 97 411
9436 14 1905
9236 80 2567
9337 34 131
9335 72 44
9437 71 723
9237 91 3022
9338 82 4285
9336 65 1911
9438 45 4690
9238 21 5177
9339 93 4128
9337 51 1102
9439 40 3616
9239 45 4728
9340 36 5900
9338 55 1527
9440 20 1871
9240 93 5689
9341 56 5064
9339 22 2011
9441 48 2610
9241 92 2601
9342 55 4541
9340 19 1419
9442 90 2803
9242 47 5850
9343 90 679
9341 70 5924
9443 76 447
9243 45 4950
9344 54 928
9342 84 1040
9444 72 1752
9244 84 4118
9345 26 2639
9343 54 2066
9445 51 4117
9245 25 5764
9346 91 2676
9344 42 1917
9446 81 4338
9246 10 1137
9347 16 4385
9345 25 4829
9447 76 626
9247 66 5201
9348 34 1474
9346 53 3056
9448 30 5581
9248 71 4091
9349 71 3123
9347 28 5542
9449 69 2877
9249 33 5103
9350 13 1320
9348 98 2139
9450 43 1300
9250 59 5144
9351 12 1655
9349 10 3401
9451 95 3906
9251 99 1377
9352 94 1017
9350 38 3668
9452 49 5346
9252 56 2683
9353 33 2189
9351 100 2702
9453 59 1184
9253 62 755
9354 17 5387
9352 27 1337
9454 50 5121
9254 23 5137
9355 49 1097
9353 21 4377
9455 94 4076
9255 66 3470
9356 16 5145
9354 88 3403
9456 80 1466
9256 36 2838
9357 69 5365
9355 44 4941
9457 98 1798
9257 21 5429
9358 59 2375
9356 12 2868
9458 96 1708
9258 100 5311
9359 57 2413
9357 70 2621
9459 70 93
9259 72 1326
9360 49 4675
9358 56 157
9460 79 4160
9260 41 4435
9361 12 1158
9359 66 1255
9461 90 5532
9261 81 2741
9362 17 3767
9360 81 4377
9462 82 4606
9262 96 5612
9363 51 5334
9361 55 4592
9463 39 3795
9263 25 1791
9364 79 523
9362 94 5206
9464 14 2753
9264 62 606
9365 59 38
9363 61 3879
9465 10 4529
9265 82 5920
9366 19 1508
9364 84 5170
9466 55 4176
9266 49 4774
9367 56 5561
9365 84 3927
9467 59 3427
9267 95 5455
9368 66 145
9366 79 3297
9468 71 3702
9268 42 5426
9369 61 457
9367 79 4449
9469 33 1615
9269 27 1251
9370 12 89
9368 70 388
9470 79 5152
9270 18 3553
9371 92 3323
9369 37 1638
9471 38 1481
9271 47 598
9372 71 1076
9370 10 4911
9472 67 895
9272 72 482
9373 81 3216
9371 16 5921
9473 64 4106
9273 25 1931
9374 71 723
9372 29 5335
9474 56 1459
9274 50 4021
9375 57 3554
9373 46 4846
9475 47 1439
9275 35 4279
9376 15 4730
9374 79 3631
9476 88 5688
9276 65 2766
9377 69 3385
9375 20 2638
9477 47 2115
9277 99 2042
9378 28 3014
9376 47 4546
9478 44 1855
9278 11 424
9379 20 4380
9377 33 5542
9479 10 4308
9279 21 3770
9380 22 1656
9378 76 3311
9480 99 2513
9280 32 3511
9381 14 4676
9379 64 3778
9481 61 4231
9281 82 1247
9382 53 269
9380 52 5897
9482 29 1433
9282 88 5503
9383 31 329
9381 90 4063
9483 86 4261
9283 56 440
9384 36 618
9382 62 746
9484 94 3072
9284 54 2301
9385 11 5637
9383 38 5858
9485 99 3556
9285 94 222
9386 12 892
9384 25 2597
9486 34 5169
9286 57 5311
9387 55 1785
9385 32 2864
9487 79 990
9287 18 249
9388 63 483
9386 91 5367
9488 86 4557
9288 94 5888
9389 82 5602
9387 21 1893
9489 47 4741
9289 64 4928
9390 64 1954
9388 75 4678
9490 20 5355
9290 26 4228
9391 55 4133
9389 70 709
9491 76 2349
9291 19 1651
9392 48 1772
9390 56 1083
9492 61 5571
9292 41 3333
9393 35 4664
9391 91 261
9493 63 2846
9293 14 5135
9394 55 4591
9392 43 163
9494 11 667
9294 36 4245
9395 20 3388
9393 84 3034
9495 17 3646
9295 27 4738
9396 70 2419
9394 54 4238
9496 56 5888
9296 98 1916
9397 57 1850
9395 35 3989
9497 15 215
9297 89 727
9398 91 3169
9396 61 367
9498 58 2942
9298 53 1396
9399 75 408
9397 86 2050
9499 48 2759
9299 33 1984
9400 18 2192
9398 13 2921
9500 17 3039
9300 80 1728
9399 62 2578
9501 46 2217
9301 38 5077
9402 13 3480
9502 100 5171
9302 31 3068
9403 64 3673
9401 71 5497
9503 13 2022
9303 53 5585
9404 18 3050
9402 13 807
9504 39 3118
9304 28 5130
9405 49 1977
9403 30 2650
9505 99 2840
9305 88 402
9406 92 3171
9404 41 5011
9506 20 2924
9306 44 3854
9407 44 5369
9405 93 3531
9507 22 278
9307 97 1841
9408 43 680
9406 62 3297
9508 90 4335
9308 89 1164
9409 65 5137
9407 58 5348
9509 28 3418
9309 16 1300
9410 87 3156
9408 29 5934
9510 54 3653
9310 18 3652
9411 60 684
9409 68 5716
9511 96 236
9311 51 3459
9412 95 3573
9410 19 5582
9512 23 3772
9312 86 3817
9413 87 1794
9411 32 4073
9513 39 5426
9313 100 3651
9414 42 5788
9412 46 5463
9514 44 2640
9314 46 3703
9415 66 5160
9413 67 5281
9515 16 3074
9315 42 3775
9416 93 658
9414 61 4731
9516 74 1288
9316 50 2601
9417 100 2481
9415 85 5212
9517 12 2243
9317 63 822
9418 16 2575
9416 50 1751
9518 50 2944
9318 94 43
9419 57 4648
9417 95 5169
9519 37 5521
9319 78 259
9420 76 828
9418 82 2643
9520 80 2086
9320 51 163
9421 34 3732
9419 84 3385
9521 64 307
9321 87 2497
9422 75 3590
9420 52 151
9522 13 5520
9322 51 5591
9423 57 2264
9421 86 3254
9523 20 3108
9323 61 5652
9424 16 90
9422 57 4777
9524 39 2056
9324 23 2167
9425 67 4534
9423 20 2792
9525 24 885
9325 45 4955
9426 67 582
9424 51 1696
9526 36 2905
9326 20 664
9427 44 1210
9425 82 3967
9527 12 1343
9327 74 5542
9428 34 2702
9426 60 849
9528 34 5428
9328 34 3887
9429 22 5096
9427 55 4009
9529 95 133
9329 79 3200
9430 46 2175
9428 65 5324
9530 41 1620
9330 81 5593
9431 45 5367
9429 21 72
9531 71 1973
9331 55 2538
9432 95 3001
9430 59 3188
9532 45 2996
9332 44 3698
9433 94 782
9431 74 5737
9533 43 1632
9333 65 2531
9434 95 2412
9432 94 2636
9534 97 4646
9334 65 4216
9435 77 2513
9433 30 1039
9535 34 2965
9335 10 4263
9436 62 4496
9434 84 1974
9536 59 1296
9336 67 461
9437 70 167
9435 81 1088
9537 70 5401
9337 86 4998
9438 24 2384
9436 29 5712
9538 23 5514
9338 98 2615
9439 52 4302
9437 61 3611
9539 26 3089
9339 59 3126
9440 38 958
9438 54 3879
9540 37 4782
9340 63 4853
9441 50 1185
9439 86 2148
9541 56 5706
9341 94 3032
9442 61 3960
9440 76 347
9542 41 3771
9342 96 5727
9443 13 832
9441 84 2853
9543 10 5260
9343 93 795
9444 56 2799
9442 100 2703
9544 91 975
9344 24 2093
9445 27 22
9443 24 1313
9545 65 903
9345 56 5583
9446 29 1065
9444 64 4563
9546 41 542
9346 40 5195
9447 19 5490
9445 60 2272
9547 12 4243
9347 40 4210
9448 93 5580
9446 86 2814
9548 97 1201
9348 100 5029
9449 65 5241
9447 96 5810
9549 19 1614
9349 49 4081
9450 64 3945
9448 87 3259
9550 94 4907
9350 78 2940
9451 77 2998
9449 20 725
9551 78 2382
9351 12 2972
9452 16 3183
9450 14 937
9552 68 4247
9352 85 4439
9453 100 4974
9451 46 1809
9553 69 2658
9353 64 2357
9454 65 4777
9452 17 4192
9554 65 1829
9354 100 5018
9455 61 1543
9453 100 3485
9555 56 4296
9355 35 2056
9456 23 1164
9454 65 4540
9556 34 2019
9356 45 725
9457 80 4408
9455 16 5135
9557 92 561
9357 93 3851
9458 76 2194
9456 49 579
9558 11 830
9358 55 4850
9459 45 5074
9457 98 1257
9559 91 822
9359 79 3531
9460 23 1697
9458 98 5300
9560 49 1942
9360 75 5746
9461 83 3053
9459 67 2723
9561 42 4162
9361 69 2276
9462 81 5149
9460 48 5386
9562 85 798
9362 49 1726
9463 98 4198
9461 24 5122
9563 16 5008
9363 91 969
9464 50 3607
9462 21 496
9564 12 2255
9364 27 336
9465 38 565
9463 42 2107
9565 45 520
9365 73 4659
9466 26 1632
9464 76 635
9566 20 1499
9366 48 2628
9467 82 1818
9465 17 2050
9567 76 3905
9367 100 1224
9468 89 468
9466 67 31
9568 83 5935
9368 93 1630
9469 87 2562
9467 73 4503
9569 43 1104
9369 96 1536
9470 12 1173
9468 61 5572
9570 95 2546
9370 27 952
9471 30 4265
9469 34 4737
9571 72 4727
9371 12 2079
9472 76 1845
9470 30 5753
9572 26 4026
9372 75 4427
9473 58 2910
9471 85 4440
9573 28 4528
9373 81 5387
9474 67 4678
9472 76 5471
9574 90 3258
9374 32 5627
9475 73 605
9473 37 4239
9575 64 3004
9375 44 621
9476 13 1474
9474 68 5350
9576 67 3645
9376 34 4234
9477 86 2329
9475 97 1543
9577 13 1069
9377 94 4989
9478 79 5045
9476 33 4648
9578 21 4438
9378 92 1229
9479 14 2122
9477 100 4870
9579 69 226
9379 50 4964
9480 92 2097
9478 66 2262
9580 41 5878
9380 83 3656
9481 10 3693
9479 43 1462
9581 54 5686
9381 56 4693
9482 59 3723
9480 60 88
9582 62 337
9382 41 2385
9483 99 5482
9481 26 2827
9583 58 1528
9383 81 2336
9484 37 4416
9482 28 5099
9584 29 5775
9384 29 4592
9485 66 5936
9483 74 1696
9585 57 1327
9385 58 692
9486 73 1516
9484 16 1226
9586 58 5640
9386 63 1133
9487 56 3774
9485 98 4337
9587 53 3037
9387 100 1964
9488 28 1394
9486 17 3928
9588 52 3712
9388 13 5447
9489 24 1279
9487 91 3955
9589 18 3799
9389 30 1280
9490 84 1023
9488 80 3594
9590 68 3094
9390 90 4186
9491 87 2905
9489 96 701
9591 100 2451
9391 89 4364
9492 59 5229
9490 30 2878
9592 30 4410
9392 58 5835
9493 31 2863
9491 63 2658
9593 90 1274
9393 38 194
9494 34 303
9492 18 5440
9594 19 4043
9394 46 4099
9495 28 4154
9493 98 2535
9595 67 1047
9395 81 1462
9496 19 5656
9494 44 1496
9596 91 5871
9396 87 5912
9497 33 4209
9495 58 479
9597 75 5747
9397 16 2185
9498 54 438
9496 22 5347
9598 99 1356
9398 94 4851
9499 62 5547
9497 49 3646
9599 96 1840
9399 32 123
9500 66 509
9498 44 5766
9600 96 3925
9400 35 2505
9499 28 898
9601 12 1957
9401 12 4984
9502 31 5817
9602 15 3159
9402 46 1444
9503 80 1275
9501 25 5849
9603 41 3871
9403 85 2821
9504 20 1967
9502 94 3121
9604 91 5382
9404 45 1026
9505 41 5861
9503 91 765
9605 31 3717
9405 56 277
9506 81 74
9504 23 2226
9606 81 15
9406 78 1344
9507 44 5459
9505 90 1822
9607 56 974
9407 38 2190
9508 42 5763
9506 64 5165
9608 43 3122
9408 84 3278
9509 23 4614
9507 67 1348
9609 50 5201
9409 57 2128
9510 41 1765
9508 60 3620
9610 81 4317
9410 81 93
9511 49 3794
9509 94 1318
9611 47 4386
9411 41 1899
9512 33 4655
9510 61 4003
9612 98 733
9412 58 1423
9513 98 3277
9511 34 5314
9613 58 175
9413 24 4825
9514 55 623
9512 78 4871
9614 70 3769
9414 21 5577
9515 92 1612
9513 77 4735
9615 25 31
9415 38 5633
9516 50 4753
9514 60 3285
9616 11 2108
9416 41 3284
9517 37 3541
9515 71 5014
9617 56 2758
9417 56 4815
9518 27 3893
9516 15 2428
9618 30 5201
9418 85 1776
9519 34 2724
9517 34 1287
9619 25 1098
9419 89 3520
9520 88 2417
9518 74 592
9620 10 5020
9420 43 2630
9521 38 845
9519 53 5010
9621 71 5476
9421 89 1590
9522 21 1557
9520 15 3170
9622 93 1136
9422 35 582
9523 57 2278
9521 87 3019
9623 95 78
9423 40 5805
9524 78 7
9522 42 1001
9624 52 3114
9424 41 376
9525 16 4416
9523 34 3378
9625 24 3148
9425 60 2183
9526 24 3598
9524 14 2683
9626 39 2898
9426 39 4595
9527 21 5161
9525 11 5631
9627 11 469
9427 46 2781
9528 85 1418
9526 88 3151
9628 20 2093
9428 14 1074
9529 28 4958
9527 89 742
9629 15 142
9429 86 5025
9530 85 1456
9528 81 191
9630 48 1207
9430 17 4547
9531 96 1961
9529 58 41
9631 72 888
9431 19 4223
9532 16 1944
9530 89 3330
9632 15 5318
9432 58 46
9533 72 3937
9531 86 3083
9633 64 1145
9433 98 4454
9534 93 3302
9532 27 3934
9634 56 1487
9434 100 2222
9535 60 3229
9533 44 2256
9635 91 4381
9435 17 5561
9536 59 1099
9534 66 5746
9636 88 3422
9436 58 4044
9537 71 1357
9535 31 4052
9637 97 4112
9437 47 4079
9538 20 241
9536 87 4451
9638 63 2308
9438 79 5261
9539 51 1716
9537 28 2636
9639 15 1382
9439 95 2124
9540 22 4937
9538 17 3461
9640 58 681
9440 86 3649
9541 16 931
9539 76 5888
9641 40 1286
9441 50 1479
9542 57 5709
9540 42 5494
9642 87 1022
9442 72 3841
9543 58 3162
9541 73 3081
9643 28 1187
9443 18 2236
9544 72 3128
9542 42 4357
9644 92 5205
9444 77 2041
9545 47 3722
9543 90 4662
9645 49 1078
9445 35 3556
9546 44 5432
9544 83 5901
9646 60 1018
9446 87 1160
9547 78 3752
9545 47 1288
9647 96 1746
9447 74 517
9548 49 4579
9546 81 5532
9648 47 2451
9448 82 5083
9549 32 443
9547 48 5723
9649 83 1829
9449 55 5444
9550 56 2395
9548 78 5013
9650 81 1920
9450 16 3895
9551 48 2088
9549 96 4862
9651 20 3457
9451 95 2063
9552 19 5063
9550 71 1047
9652 73 774
9452 48 4059
9553 52 4825
9551 75 4892
9653 98 3119
9453 15 890
9554 80 5634
9552 39 4914
9654 70 4685
9454 54 3629
9555 53 2322
9553 94 2867
9655 83 4947
9455 64 682
9556 21 5408
9554 86 4807
9656 12 1017
9456 32 2452
9557 33 4440
9555 34 2823
9657 74 4213
9457 37 4335
9558 35 4433
9556 19 4653
9658 39 2951
9458 28 726
9559 30 2709
9557 62 3485
9659 34 3242
9459 90 3796
9560 38 5622
9558 76 4529
9660 13 3028
9460 28 5512
9561 95 2257
9559 18 773
9661 89 1313
9461 53 5329
9562 71 1423
9560 30 5193
9662 63 4101
9462 30 667
9563 96 2964
9561 60 4882
9663 88 1382
9463 32 3284
9564 80 1090
9562 64 4493
9664 44 1249
9464 41 1781
9565 54 4894
9563 77 4076
9665 41 1141
9465 47 3889
9566 62 43
9564 19 5859
9666 29 223
9466 52 2475
9567 30 3922
9565 23 2255
9667 22 1851
9467 38 2246
9568 28 3144
9566 41 1900
9668 81 3035
9468 43 925
9569 39 1492
9567 77 4744
9669 63 1918
9469 25 3696
9570 35 632
9568 72 2047
9670 30 4658
9470 65 4020
9571 55 2794
9569 22 4692
9671 57 3075
9471 74 4957
9572 17 4124
9570 68 4375
9672 75 2691
9472 38 5806
9573 62 1295
9571 69 3740
9673 20 3799
9473 95 36
9574 86 2169
9572 59 2222
9674 16 2447
9474 98 1934
9575 13 534
9573 40 2306
9675 90 1191
9475 10 487
9576 77 3865
9574 87 717
9676 30 3913
9476 63 3904
9577 85 1752
9575 97 3971
9677 87 2815
9477 15 671
9578 21 726
9576 32 698
9678 11 2421
9478 57 638
9579 100 4526
9577 26 5668
9679 34 2659
9479 98 3413
9580 79 1593
9578 13 5883
9680 40 1550
9480 30 4462
9581 91 2462
9579 74 5449
9681 83 3991
9481 39 1159
9582 77 5849
9580 57 1021
9682 90 1608
9482 17 5756
9583 50 1565
9581 37 1871
9683 15 1654
9483 51 47
9584 43 4018
9582 70 5774
9684 13 3636
9484 88 576
9585 77 5534
9583 82 1113
9685 75 959
9485 86 5572
9586 91 40
9584 66 2989
9686 55 2792
9486 39 5891
9587 49 1710
9585 35 4656
9687 66 1837
9487 32 3774
9588 10 58
9586 95 5757
9688 78 4208
9488 36 5455
9589 63 1881
9587 38 583
9689 74 3084
9489 48 3060
9590 57 1611
9588 28 4985
9690 41 480
9490 23 3724
9591 67 3336
9589 63 1425
9691 82 5184
9491 24 4509
9592 95 3350
9590 61 286
9692 71 4808
9492 59 1292
9593 19 5423
9591 76 3269
9693 46 2442
9493 16 3169
9594 67 143
9592 21 4580
9694 35 552
9494 14 1611
9595 50 4336
9593 32 3820
9695 52 5155
9495 80 5924
9596 38 4755
9594 61 2676
9696 27 5919
9496 78 3776
9597 71 936
9595 15 1616
9697 58 874
9497 79 4700
9598 78 3579
9596 54 68
9698 75 4840
9498 88 1333
9599 46 3341
9597 64 5716
9699 97 4162
9499 76 5784
9600 68 1214
9598 60 2068
9700 15 4831
9500 95 5101
9599 45 5230
9701 34 4937
9501 25 4148
9602 91 3134
9702 49 3833
9502 11 1051
9603 41 2989
9601 35 4666
9703 54 274
9503 52 1100
9604 60 513
9602 76 5918
9704 38 4815
9504 59 1688
9605 60 138
9603 14 4467
9705 26 3229
9505 27 5073
9606 51 3982
9604 93 5338
9706 34 2447
9506 11 2715
9607 98 5513
9605 59 521
9707 55 4004
9507 45 1225
9608 58 5883
9606 19 4332
9708 22 1154
9508 33 5628
9609 90 3282
9607 21 531
9709 63 5590
9509 36 3945
9610 69 4468
9608 36 1140
9710 78 3392
9510 17 1205
9611 27 1421
9609 36 4519
9711 86 992
9511 15 5473
9612 49 305
9610 24 4344
9712 32 2592
9512 87 5679
9613 74 1403
9611 19 619
9713 76 4831
9513 13 989
9614 74 93
9612 81 1075
9714 85 2306
9514 97 1714
9615 66 1043
9613 19 631
9715 20 4744
9515 79 31
9616 90 802
9614 58 2801
9716 79 4546
9516 16 3786
9617 46 5505
9615 55 3406
9717 99 960
9517 62 3976
9618 54 5817
9616 39 3348
9718 39 2698
9518 32 3209
9619 93 3447
9617 87 3985
9719 24 2224
9519 16 643
9620 71 629
9618 70 4932
9720 51 695
9520 40 2650
9621 77 2523
9619 26 2489
9721 79 4524
9521 63 3417
9622 12 1169
9620 71 5749
9722 35 1454
9522 91 3181
9623 33 262
9621 21 2024
9723 68 5191
9523 24 2283
9624 22 2050
9622 53 5420
9724 42 4956
9524 58 2344
9625 67 3361
9623 37 3286
9725 20 3790
9525 14 5387
9626 56 2402
9624 30 4049
9726 98 143
9526 48 2942
9627 86 4864
9625 27 1591
9727 10 3287
9527 44 3733
9628 40 3783
9626 93 4731
9728 11 5555
9528 36 5198
9629 95 1192
9627 94 2226
9729 53 537
9529 36 2323
9630 65 1378
9628 94 4780
9730 10 2801
9530 99 1767
9631 49 5842
9629 47 2611
9731 11 5849
9531 14 2811
9632 50 3611
9630 15 931
9732 23 4036
9532 40 2964
9633 78 717
9631 94 2119
9733 15 5805
9533 66 876
9634 18 1011
9632 69 2877
9734 52 345
9534 91 132
9635 42 5185
9633 42 4410
9735 22 46
9535 98 2659
9636 38 2570
9634 10 2877
9736 42 593
9536 11 2680
9637 64 1188
9635 19 5285
9737 12 1630
9537 52 2808
9638 83 1182
9636 77 1381
9738 16 2138
9538 77 5126
9639 59 3902
9637 82 4528
9739 18 5877
9539 57 4695
9640 60 636
9638 99 3136
9740 92 4238
9540 65 1983
9641 62 3333
9639 24 3580
9741 95 5058
9541 73 4145
9642 69 1017
9640 17 253
9742 81 4678
9542 43 3160
9643 96 5846
9641 22 5671
9743 31 4536
9543 14 3146
9644 90 2036
9642 89 1741
9744 66 112
9544 97 4003
9645 71 2794
9643 43 2978
9745 45 2219
9545 95 5627
9646 39 5125
9644 78 5598
9746 34 3967
9546 98 548
9647 42 1834
9645 37 1307
9747 57 2012
9547 96 3542
9648 17 2968
9646 96 2194
9748 16 4998
9548 16 4895
9649 43 367
9647 67 2529
9749 85 5139
9549 87 5051
9650 73 4302
9648 97 3941
9750 64 3858
9550 96 1428
9651 22 3920
9649 72 629
9751 33 3716
9551 66 1889
9652 94 3675
9650 95 2401
9752 47 5395
9552 33 1218
9653 90 3076
9651 76 2854
9753 91 902
9553 84 5643
9654 70 3543
9652 10 2492
9754 40 2021
9554 77 2904
9655 76 2990
9653 35 3205
9755 34 1265
9555 76 784
9656 19 4085
9654 90 2406
9756 30 4827
9556 14 4712
9657 48 4043
9655 84 2910
9757 12 2479
9557 72 3138
9658 54 2548
9656 69 505
9758 91 2900
9558 82 2129
9659 14 3638
9657 22 1508
9759 79 5082
9559 39 5547
9660 76 1726
9658 45 2221
9760 44 3913
9560 100 4094
9661 77 3298
9659 15 1605
9761 34 5637
9561 12 2526
9662 43 4745
9660 49 2051
9762 21 1735
9562 51 1994
9663 12 2834
9661 21 1792
9763 80 621
9563 93 4221
9664 27 4334
9662 30 2581
9764 81 2772
9564 88 2634
9665 33 3908
9663 71 4574
9765 90 4024
9565 98 5453
9666 98 97
9664 71 2676
9766 45 5730
9566 91 2533
9667 34 821
9665 98 2684
9767 43 262
9567 69 4966
9668 48 3878
9666 21 1373
9768 50 4446
9568 91 3093
9669 38 609
9667 70 1183
9769 12 3992
9569 27 5087
9670 43 2592
9668 52 4276
9770 32 3673
9570 77 2138
9671 80 5729
9669 25 5169
9771 33 5324
9571 39 4664
9672 18 5670
9670 75 4281
9772 80 3506
9572 62 4911
9673 37 179
9671 34 358
9773 63 3416
9573 49 3572
9674 76 3656
9672 37 2309
9774 35 2736
9574 81 825
9675 89 5827
9673 72 3913
9775 79 529
9575 48 4308
9676 50 4098
9674 67 3452
9776 100 1769
9576 19 2082
9677 77 5322
9675 60 1717
9777 84 2279
9577 41 146
9678 41 1566
9676 71 5217
9778 64 4208
9578 59 4642
9679 28 4930
9677 38 2917
9779 75 2466
9579 18 1186
9680 10 3811
9678 78 2649
9780 63 3254
9580 64 290
9681 28 1283
9679 29 2755
9781 88 2572
9581 32 859
9682 70 3207
9680 63 1282
9782 99 3819
9582 70 3238
9683 21 1420
9681 42 3924
9783 46 4671
9583 29 4317
9684 32 1078
9682 29 3983
9784 43 1874
9584 61 186
9685 82 1048
9683 89 3729
9785 90 2966
9585 97 357
9686 61 2095
9684 57 1156
9786 66 3262
9586 35 2371
9687 57 2300
9685 58 4186
9787 26 2805
9587 18 1782
9688 29 1770
9686 54 5307
9788 77 5068
9588 44 4591
9689 64 1632
9687 99 596
9789 97 2996
9589 51 4220
9690 89 1408
9688 83 769
9790 14 2746
9590 46 4766
9691 72 1136
9689 94 4202
9791 90 5865
9591 10 872
9692 44 4466
9690 53 798
9792 30 3499
9592 24 1129
9693 49 890
9691 56 4109
9793 60 1645
9593 44 5597
9694 85 1476
9692 38 3937
9794 50 1191
9594 78 3500
9695 81 653
9693 40 4548
9795 16 524
9595 52 98
9696 33 3504
9694 32 1186
9796 73 5113
9596 11 576
9697 58 4861
9695 12 5095
9797 50 5505
9597 61 2096
9698 45 2848
9696 36 756
9798 44 1368
9598 65 2384
9699 25 4926
9697 64 4747
9799 16 3329
9599 39 3210
9700 15 5542
9698 20 267
9800 56 5810
9600 61 2738
9699 47 1825
9801 82 487
9601 35 908
9702 32 3308
9802 54 1467
9602 52 1218
9703 17 3815
9701 100 4327
9803 91 3560
9603 49 5815
9704 98 983
9702 17 2868
9804 92 1217
9604 98 2240
9705 27 5378
9703 42 2183
9805 72 4220
9605 20 4879
9706 89 78
9704 83 4018
9806 80 1640
9606 74 359
9707 63 2107
9705 41 1499
9807 89 546
9607 43 673
9708 65 5903
9706 17 1042
9808 92 2412
9608 48 1250
9709 90 4376
9707 53 3235
9809 44 962
9609 67 4612
9710 21 5476
9708 28 5193
9810 10 1234
9610 56 1941
9711 51 1882
9709 80 479
9811 80 2512
9611 45 5706
9712 69 1128
9710 40 5076
9812 100 1862
9612 15 1235
9713 71 2417
9711 29 4162
9813 60 1760
9613 70 5318
9714 76 4623
9712 85 3840
9814 13 499
9614 35 5009
9715 61 1818
9713 68 566
9815 68 4455
9615 21 289
9716 93 5816
9714 48 3934
9816 100 3178
9616 100 2400
9717 93 3538
9715 64 2657
9817 47 568
9617 77 1028
9718 62 2675
9716 34 144
9818 48 3679
9618 48 5401
9719 21 2969
9717 15 4226
9819 21 448
9619 77 5147
9720 60 3894
9718 26 1570
9820 27 3487
9620 91 5818
9721 63 5644
9719 12 604
9821 46 3313
9621 73 1443
9722 85 2880
9720 67 361
9822 97 3773
9622 19 4596
9723 34 577
9721 22 1754
9823 82 4896
9623 52 1926
9724 45 3492
9722 86 4841
9824 10 4669
9624 61 2671
9725 92 4229
9723 91 636
9825 81 476
9625 81 2206
9726 40 2371
9724 83 2772
9826 59 85
9626 76 2636
9727 85 5894
9725 77 695
9827 19 603
9627 32 4979
9728 77 558
9726 30 4503
9828 67 5201
9628 32 4366
9729 88 5265
9727 17 1961
9829 72 853
9629 86 1495
9730 20 5275
9728 84 3600
9830 11 1126
9630 17 828
9731 11 5040
9729 97 5555
9831 56 769
9631 94 763
9732 26 4184
9730 95 5300
9832 18 2036
9632 83 4681
9733 12 3944
9731 68 1674
9833 57 3207
9633 23 5154
9734 33 959
9732 68 5757
9834 90 3276
9634 75 3242
9735 48 1830
9733 30 3572
9835 61 2561
9635 14 905
9736 44 4040
9734 32 1883
9836 41 1959
9636 33 2706
9737 16 5428
9735 22 356
9837 32 3763
9637 65 3623
9738 23 2862
9736 12 3199
9838 69 2820
9638 71 3289
9739 74 498
9737 65 945
9839 43 3652
9639 49 3266
9740 71 3984
9738 60 2877
9840 39 1837
9640 51 3951
9741 42 358
9739 20 4852
9841 11 5373
9641 73 2805
9742 67 2161
9740 43 5026
9842 50 3213
9642 71 5713
9743 30 2708
9741 99 2836
9843 97 857
9643 34 2468
9744 96 4174
9742 51 2730
9844 85 2617
9644 27 5031
9745 97 5117
9743 38 4276
9845 26 3298
9645 95 3114
9746 30 2697
9744 88 1396
9846 55 2006
9646 23 5897
9747 23 1978
9745 63 5771
9847 25 1597
9647 94 4775
9748 58 773
9746 29 5886
9848 33 4293
9648 84 5564
9749 74 3522
9747 82 4614
9849 10 791
9649 30 4461
9750 29 907
9748 15 5545
9850 26 5784
9650 84 5699
9751 84 2856
9749 44 3088
9851 37 5228
9651 65 2303
9752 20 3968
9750 89 5566
9852 86 5753
9652 71 5121
9753 91 265
9751 14 3238
9853 73 4318
9653 30 275
9754 80 4196
9752 49 4049
9854 32 2540
9654 11 2071
9755 31 3893
9753 73 987
9855 80 5294
9655 79 61
9756 51 3229
9754 51 1309
9856 100 4347
9656 17 4276
9757 66 37
9755 89 1341
9857 46 4188
9657 54 5498
9758 43 802
9756 57 117
9858 42 2833
9658 79 168
9759 29 1099
9757 46 2294
9859 51 5035
9659 49 4679
9760 53 2178
9758 72 5052
9860 53 2789
9660 81 1244
9761 57 873
9759 12 1121
9861 21 4283
9661 61 268
9762 26 3004
9760 63 2416
9862 33 1424
9662 70 73
9763 44 2207
9761 75 2799
9863 18 1432
9663 78 4099
9764 76 633
9762 96 5192
9864 71 4155
9664 99 2583
9765 90 3722
9763 56 1204
9865 57 530
9665 45 293
9766 93 3362
9764 73 4379
9866 38 5130
9666 94 5366
9767 26 2767
9765 50 2772
9867 70 2923
9667 96 2013
9768 76 1813
9766 78 4642
9868 65 795
9668 30 2171
9769 49 4755
9767 50 5676
9869 60 734
9669 80 4468
9770 98 4057
9768 53 1111
9870 42 2188
9670 24 4398
9771 35 400
9769 30 852
9871 34 4808
9671 53 1752
9772 86 4895
9770 13 3442
9872 96 5325
9672 20 4930
9773 69 4335
9771 28 817
9873 43 848
9673 97 822
9774 77 3589
9772 34 3251
9874 47 1259
9674 59 5709
9775 39 3634
9773 29 488
9875 22 3017
9675 80 1563
9776 60 225
9774 41 226
9876 58 1054
9676 80 5857
9777 27 915
9775 89 1845
9877 52 2073
9677 36 4303
9778 81 5839
9776 65 4576
9878 24 3416
9678 61 3608
9779 11 4697
9777 13 1355
9879 52 1165
9679 96 4812
9780 67 3412
9778 58 744
9880 15 279
9680 38 2280
9781 96 755
9779 40 840
9881 18 3154
9681 97 5255
9782 50 4311
9780 85 1552
9882 34 4796
9682 99 4636
9783 86 514
9781 73 1207
9883 18 5695
9683 86 3635
9784 87 253
9782 70 2425
9884 61 4846
9684 84 3481
9785 74 5305
9783 20 4719
9885 13 2843
9685 81 3167
9786 87 2717
9784 94 3826
9886 80 5788
9686 34 2961
9787 32 4063
9785 39 4377
9887 95 4051
9687 12 3990
9788 93 499
9786 75 1072
9888 15 1942
9688 80 4613
9789 22 784
9787 72 5005
9889 75 5727
9689 59 1267
9790 92 4851
9788 50 45
9890 47 2946
9690 36 1234
9791 86 625
9789 54 2693
9891 27 3410
9691 16 1265
9792 43 1951
9790 84 530
9892 97 2259
9692 48 2546
9793 50 1066
9791 83 4707
9893 86 1720
9693 10 2241
9794 11 4970
9792 98 4740
9894 75 1903
9694 70 96
9795 60 5532
9793 37 187
9895 77 3832
9695 18 1743
9796 97 1982
9794 85 564
9896 18 656
9696 25 506
9797 20 4203
9795 62 3987
9897 49 2260
9697 99 2343
9798 54 2283
9796 97 995
9898 34 3540
9698 46 3386
9799 86 3778
9797 44 311
9899 71 3397
9699 46 396
9800 97 3963
9798 15 1659
9900 43 3848
9700 59 3462
9799 26 798
9901 62 4578
9701 82 1108
9802 17 1747
9902 42 5694
9702 19 794
9803 74 1111
9801 54 5873
9903 39 361
9703 88 3068
9804 96 1040
9802 68 5700
9904 84 3058
9704 37 4807
9805 25 4527
9803 34 1621
9905 21 1849
9705 61 440
9806 67 916
9804 23 2333
9906 39 1601
9706 99 1728
9807 25 4861
9805 29 2452
9907 61 3593
9707 13 5521
9808 28 3041
9806 57 3164
9908 28 1444
9708 64 2783
9809 55 3683
9807 88 4535
9909 97 924
9709 41 1802
9810 53 3164
9808 29 52
9910 46 2169
9710 48 4685
9811 60 2190
9809 91 162
9911 23 5081
9711 44 2434
9812 13 2662
9810 83 1302
9912 29 3308
9712 39 4038
9813 89 4579
9811 50 4434
9913 17 1930
9713 54 1502
9814 36 2630
9812 34 955
9914 87 2408
9714 88 4831
9815 95 4774
9813 80 135
9915 72 5903
9715 67 4314
9816 78 5756
9814 47 3329
9916 54 1733
9716 66 238
9817 16 3147
9815 89 5650
9917 82 4996
9717 10 841
9818 44 2484
9816 14 109
9918 62 4811
9718 32 4143
9819 36 4108
9817 37 1748
9919 20 1029
9719 78 5926
9820 79 2405
9818 35 253
9920 88 2935
9720 14 5197
9821 11 3820
9819 79 5930
9921 19 925
9721 27 4532
9822 11 1289
9820 82 4020
9922 13 3769
9722 95 5463
9823 32 270
9821 37 3583
9923 59 5321
9723 50 1405
9824 89 1678
9822 81 2129
9924 41 4284
9724 59 2713
9825 17 3802
9823 16 2352
9925 79 55
9725 39 3748
9826 16 5198
9824 78 1249
9926 55 2191
9726 33 4178
9827 89 3103
9825 54 111
9927 14 3910
9727 63 5832
9828 59 4380
9826 81 766
9928 41 4789
9728 16 4401
9829 81 3579
9827 68 4789
9929 80 4225
9729 70 2506
9830 49 4742
9828 61 432
9930 37 2812
9730 82 3078
9831 69 659
9829 81 3093
9931 45 5110
9731 91 5666
9832 14 4921
9830 44 2653
9932 91 477
9732 96 4781
9833 45 400
9831 51 446
9933 46 683
9733 62 863
9834 18 835
9832 79 766
9934 73 341
9734 77 2097
9835 63 4272
9833 13 783
9935 98 2039
9735 30 5933
9836 58 1341
9834 13 4895
9936 11 2570
9736 99 5154
9837 60 4966
9835 56 4332
9937 49 4731
9737 49 4509
9838 45 1282
9836 46 2301
9938 72 5275
9738 24 2075
9839 50 1336
9837 20 5834
9939 40 2590
9739 93 4564
9840 91 2054
9838 70 3698
9940 71 1924
9740 27 5486
9841 57 3143
9839 36 2587
9941 62 1446
9741 79 1788
9842 91 4260
9840 33 4413
9942 45 3778
9742 17 5308
9843 18 1538
9841 84 3478
9943 45 5694
9743 100 3668
9844 99 4153
9842 30 2123
9944 84 3663
9744 88 503
9845 84 2523
9843 89 5013
9945 21 3149
9745 97 5188
9846 57 3778
9844 58 3191
9946 49 4559
9746 38 3158
9847 26 4153
9845 86 507
9947 59 368
9747 33 2646
9848 86 935
9846 16 1085
9948 96 2385
9748 67 1193
9849 98 5788
9847 63 5935
9949 14 2242
9749 95 4858
9850 83 3960
9848 87 3933
9950 83 3476
9750 66 4874
9851 82 5406
9849 48 2680
9951 53 270
9751 66 57
9852 53 1052
9850 23 4251
9952 25 4495
9752 68 198
9853 62 3583
9851 18 2626
9953 57 4977
9753 42 1791
9854 55 251
9852 13 5238
9954 46 1886
9754 32 3129
9855 87 1592
9853 50 420
9955 85 5794
9755 71 5473
9856 79 5119
9854 11 1691
9956 20 5542
9756 11 4659
9857 75 5358
9855 64 3782
9957 30 4578
9757 87 4679
9858 28 5171
9856 11 551
9958 48 3194
9758 27 5936
9859 37 4240
9857 51 5448
9959 69 1838
9759 56 1489
9860 25 728
9858 54 1782
9960 23 4310
9760 18 3603
9861 61 370
9859 33 2988
9961 67 3266
9761 10 5602
9862 73 2419
9860 26 1690
9962 97 4026
9762 63 1313
9863 13 3054
9861 97 728
9963 49 5894
9763 45 3837
9864 19 1425
9862 81 5426
9964 24 3252
9764 12 2683
9865 55 4492
9863 24 1699
9965 73 3868
9765 40 4224
9866 94 4216
9864 94 5664
9966 93 471
9766 33 702
9867 57 626
9865 80 235
9967 10 347
9767 55 667
9868 54 2302
9866 87 4998
9968 72 4206
9768 76 3579
9869 36 5570
9867 16 4033
9969 89 2915
9769 19 2045
9870 54 1242
9868 56 3388
9970 13 928
9770 99 5206
9871 61 3827
9869 46 1081
9971 83 442
9771 40 4676
9872 83 2228
9870 10 3887
9972 41 5238
9772 21 979
9873 55 3619
9871 73 5911
9973 94 2576
9773 60 1283
9874 31 1621
9872 84 3296
9974 19 2469
9774 41 3068
9875 91 5767
9873 92 5140
9975 90 4959
9775 90 5294
9876 37 5184
9874 96 1885
9976 22 2958
9776 76 5545
9877 92 795
9875 78 2056
9977 34 2913
9777 70 2052
9878 75 4868
9876 86 3587
9978 55 4563
9778 93 3678
9879 62 3302
9877 96 1291
9979 53 3468
9779 74 118
9880 40 1774
9878 30 2118
9980 89 2969
9780 76 5203
9881 30 4212
9879 19 5775
9981 16 3706
9781 66 1547
9882 29 1228
9880 13 1195
9982 55 2126
9782 20 5557
9883 20 5688
9881 59 2283
9983 44 4273
9783 71 4758
9884 80 3604
9882 50 2583
9984 21 4572
9784 20 702
9885 98 5137
9883 12 2376
9985 74 1537
9785 39 3260
9886 67 4682
9884 100 300
9986 42 5338
9786 84 1320
9887 44 4384
9885 20 4813
9987 72 607
9787 87 1355
9888 35 4704
9886 88 4336
9988 88 3374
9788 42 4369
9889 48 160
9887 21 555
9989 42 4227
9789 93 3976
9890 17 111
9888 95 2813
9990 92 1095
9790 96 3900
9891 27 3383
9889 59 1800
9991 100 3046
9791 88 2712
9892 93 5456
9890 91 3824
9992 64 2064
9792 29 2777
9893 29 738
9891 62 1636
9993 74 3501
9793 13 1483
9894 19 4895
9892 69 3487
9994 68 5075
9794 68 4251
9895 73 150
9893 32 3227
9995 86 3388
9795 22 2068
9896 47 4245
9894 44 4373
9996 74 4087
9796 93 5201
9897 24 2243
9895 61 634
9997 58 2606
9797 83 3494
9898 47 4431
9896 95 673
9998 11 4546
9798 53 3289
9899 63 5512
9897 91 4049
9999 95 4507
9799 26 1597
9900 87 2939
9898 41 5222
10000 49 3999
9800 65 1908
9899 10 4394
9801 37 5202
9902 68 5260
9802 30 1256
9903 49 5569
9901 42 1354
9803 52 1320
9904 51 5769
9902 61 12
9804 78 2634
9905 73 3097
9903 96 1897
9805 90 884
9906 67 3859
9904 64 108
9806 58 879
9907 61 3352
9905 96 2884
9807 41 308
9908 56 72
9906 99 2038
9808 87 5679
9909 80 4535
9907 49 735
9809 41 5096
9910 84 3303
9908 43 5210
9810 62 4947
9911 64 4528
9909 37 3986
9811 17 4231
9912 90 1758
9910 19 5278
9812 77 289
9913 92 5165
9911 63 4096
9813 26 4591
9914 80 4003
9912 15 2552
9814 97 5625
9915 48 590
9913 51 447
9815 35 4067
9916 58 1655
9914 30 5714
9816 52 4387
9917 93 4563
9915 33 3210
9817 31 7
9918 29 3382
9916 66 4436
9818 34 1909
9919 64 3390
9917 15 1188
9819 95 5544
9920 88 2900
9918 61 5607
9820 79 1075
9921 33 265
9919 65 986
9821 20 5815
9922 57 4305
9920 68 41
9822 58 108
9923 87 637
9921 23 1030
9823 38 5667
9924 62 3112
9922 46 2099
9824 33 1829
9925 18 4773
9923 24 4412
9825 29 4381
9926 27 5206
9924 59 5890
9826 97 5462
9927 38 5864
9925 45 2354
9827 13 1886
9928 22 3641
9926 76 5085
9828 43 4026
9929 75 2566
9927 48 532
9829 100 2528
9930 18 417
9928 70 1169
9830 52 4827
9931 77 5221
9929 42 3901
9831 56 632
9932 35 5697
9930 65 1532
9832 13 1772
9933 81 4981
9931 86 3190
9833 93 442
9934 65 3873
9932 89 3726
9834 97 1931
9935 98 5266
9933 48 809
9835 16 518
9936 37 5293
9934 79 4620
9836 17 4968
9937 30 2207
9935 77 2270
9837 95 1437
9938 40 3190
9936 83 4813
9838 52 5115
9939 20 1403
9937 46 4671
9839 20 8
9940 91 942
9938 66 5243
9840 18 3481
9941 77 1165
9939 77 4002
9841 70 2895
9942 31 2465
9940 77 3123
9842 57 4909
9943 13 2564
9941 24 1813
9843 45 4075
9944 64 968
9942 92 961
9844 15 5280
9945 26 1539
9943 10 4373
9845 41 1689
9946 67 1663
9944 71 4946
9846 40 4287
9947 39 5609
9945 36 5916
9847 49 4183
9948 54 3943
9946 53 37
9848 31 50
9949 45 993
9947 64 3998
9849 33 1058
9950 71 5183
9948 25 222
9850 88 3306
9951 74 5006
9949 70 5495
9851 46 5670
9952 75 89
9950 44 3518
9852 29 3826
9953 24 4504
9951 76 2679
9853 82 4638
9954 89 1021
9952 52 2684
9854 59 4210
9955 96 1538
9953 23 1552
9855 18 5086
9956 41 2266
9954 84 2342
9856 54 2668
9957 17 4844
9955 93 3315
9857 66 2062
9958 10 4805
9956 94 4927
9858 54 3398
9959 21 1333
9957 65 3812
9859 18 1817
9960 74 1479
9958 56 4898
9860 19 5405
9961 16 4758
9959 68 443
9861 90 1809
9962 91 3446
9960 10 1611
9862 48 5595
9963 53 2276
9961 84 5881
9863 16 1033
9964 99 3607
9962 66 533
9864 70 563
9965 32 1334
9963 82 2197
9865 24 286
9966 76 2353
9964 89 3501
9866 90 1926
9967 82 2368
9965 83 5920
9867 37 4830
9968 81 3690
9966 81 2867
9868 34 836
9969 93 5199
9967 11 2306
9869 13 2243
9970 82 5476
9968 61 2261
9870 35 414
9971 61 3372
9969 78 1546
9871 60 2679
9972 92 79
9970 17 1350
9872 84 1070
9973 21 2921
9971 14 4312
9873 18 2318
9974 85 1528
9972 32 1991
9874 36 3372
9975 30 1216
9973 99 4719
9875 84 2550
9976 48 5788
9974 86 5803
9876 45 1810
9977 92 2285
9975 71 1921
9877 41 19
9978 25 3615
9976 53 3730
9878 19 5569
9979 12 508
9977 23 3049
9879 19 2692
9980 85 3188
9978 65 5657
9880 28 5440
9981 99 4547
9979 12 5825
9881 81 5143
9982 49 3946
9980 74 924
9882 36 1378
9983 30 5001
9981 19 2758
9883 71 1824
9984 93 5549
9982 33 5322
9884 99 1316
9985 82 4335
9983 39 236
9885 74 4724
9986 64 1232
9984 45 5569
9886 47 1434
9987 29 4458
9985 100 1310
9887 71 2743
9988 14 3209
9986 23 5809
9888 14 2269
9989 30 3277
9987 20 2877
9889 70 3467
9990 95 4528
9988 59 4247
9890 14 2847
9991 36 5732
9989 65 3287
9891 61 5606
9992 62 1641
9990 69 4169
9892 60 423
9993 39 5043
9991 96 1409
9893 55 1974
9994 68 1621
9992 99 3774
9894 57 77
9995 42 5550
9993 64 2980
9895 11 2385
9996 71 853
9994 70 4709
9896 64 2093
9997 18 2988
9995 76 5133
9897 68 4025
9998 97 5292
9996 61 3783
9898 32 969
9999 33 2298
9997 26 1916
9899 92 3572
10000 18 5129
9998 91 5155
9900 17 4378
9999 54 1342
