528 9667 1 2 8 999
1 3 500 999
3 4 500 999
4 5 500 999
5 6 500 999
6 7 500 999
7 8 500 999
8 9 500 999
9 10 500 999
10 11 500 999
11 12 500 999
12 13 500 999
13 14 500 999
14 15 500 999
15 16 500 999
16 17 500 999
17 18 500 999
18 19 500 999
19 20 500 999
20 21 500 999
21 22 500 999
22 23 500 999
23 24 500 999
24 25 500 999
25 26 500 999
26 27 500 999
27 28 500 999
28 2 500 999
1 29 10 2
1 30 10 3
1 31 10 4
1 32 10 5
1 33 10 6
1 34 10 7
1 35 10 8
1 36 10 1
1 37 10 2
1 38 10 3
1 39 10 4
1 40 10 5
1 41 10 6
1 42 10 7
1 43 10 8
1 44 10 1
1 45 10 2
1 46 10 3
1 47 10 4
1 48 10 5
29 49 10 3
29 50 10 4
29 51 10 5
29 52 10 6
29 53 10 7
29 54 10 8
29 55 10 9
29 56 10 2
29 57 10 3
29 58 10 4
29 59 10 5
29 60 10 6
29 61 10 7
29 62 10 8
29 63 10 9
29 64 10 2
29 65 10 3
29 66 10 4
29 67 10 5
29 68 10 6
30 49 10 3
30 50 10 4
30 51 10 5
30 52 10 6
30 53 10 7
30 54 10 8
30 55 10 9
30 56 10 2
30 57 10 3
30 58 10 4
30 59 10 5
30 60 10 6
30 61 10 7
30 62 10 8
30 63 10 9
30 64 10 2
30 65 10 3
30 66 10 4
30 67 10 5
30 68 10 6
31 49 10 3
31 50 10 4
31 51 10 5
31 52 10 6
31 53 10 7
31 54 10 8
31 55 10 9
31 56 10 2
31 57 10 3
31 58 10 4
31 59 10 5
31 60 10 6
31 61 10 7
31 62 10 8
31 63 10 9
31 64 10 2
31 65 10 3
31 66 10 4
31 67 10 5
31 68 10 6
32 49 10 3
32 50 10 4
32 51 10 5
32 52 10 6
32 53 10 7
32 54 10 8
32 55 10 9
32 56 10 2
32 57 10 3
32 58 10 4
32 59 10 5
32 60 10 6
32 61 10 7
32 62 10 8
32 63 10 9
32 64 10 2
32 65 10 3
32 66 10 4
32 67 10 5
32 68 10 6
33 49 10 3
33 50 10 4
33 51 10 5
33 52 10 6
33 53 10 7
33 54 10 8
33 55 10 9
33 56 10 2
33 57 10 3
33 58 10 4
33 59 10 5
33 60 10 6
33 61 10 7
33 62 10 8
33 63 10 9
33 64 10 2
33 65 10 3
33 66 10 4
33 67 10 5
33 68 10 6
34 49 10 3
34 50 10 4
34 51 10 5
34 52 10 6
34 53 10 7
34 54 10 8
34 55 10 9
34 56 10 2
34 57 10 3
34 58 10 4
34 59 10 5
34 60 10 6
34 61 10 7
34 62 10 8
34 63 10 9
34 64 10 2
34 65 10 3
34 66 10 4
34 67 10 5
34 68 10 6
35 49 10 3
35 50 10 4
35 51 10 5
35 52 10 6
35 53 10 7
35 54 10 8
35 55 10 9
35 56 10 2
35 57 10 3
35 58 10 4
35 59 10 5
35 60 10 6
35 61 10 7
35 62 10 8
35 63 10 9
35 64 10 2
35 65 10 3
35 66 10 4
35 67 10 5
35 68 10 6
36 49 10 3
36 50 10 4
36 51 10 5
36 52 10 6
36 53 10 7
36 54 10 8
36 55 10 9
36 56 10 2
36 57 10 3
36 58 10 4
36 59 10 5
36 60 10 6
36 61 10 7
36 62 10 8
36 63 10 9
36 64 10 2
36 65 10 3
36 66 10 4
36 67 10 5
36 68 10 6
37 49 10 3
37 50 10 4
37 51 10 5
37 52 10 6
37 53 10 7
37 54 10 8
37 55 10 9
37 56 10 2
37 57 10 3
37 58 10 4
37 59 10 5
37 60 10 6
37 61 10 7
37 62 10 8
37 63 10 9
37 64 10 2
37 65 10 3
37 66 10 4
37 67 10 5
37 68 10 6
38 49 10 3
38 50 10 4
38 51 10 5
38 52 10 6
38 53 10 7
38 54 10 8
38 55 10 9
38 56 10 2
38 57 10 3
38 58 10 4
38 59 10 5
38 60 10 6
38 61 10 7
38 62 10 8
38 63 10 9
38 64 10 2
38 65 10 3
38 66 10 4
38 67 10 5
38 68 10 6
39 49 10 3
39 50 10 4
39 51 10 5
39 52 10 6
39 53 10 7
39 54 10 8
39 55 10 9
39 56 10 2
39 57 10 3
39 58 10 4
39 59 10 5
39 60 10 6
39 61 10 7
39 62 10 8
39 63 10 9
39 64 10 2
39 65 10 3
39 66 10 4
39 67 10 5
39 68 10 6
40 49 10 3
40 50 10 4
40 51 10 5
40 52 10 6
40 53 10 7
40 54 10 8
40 55 10 9
40 56 10 2
40 57 10 3
40 58 10 4
40 59 10 5
40 60 10 6
40 61 10 7
40 62 10 8
40 63 10 9
40 64 10 2
40 65 10 3
40 66 10 4
40 67 10 5
40 68 10 6
41 49 10 3
41 50 10 4
41 51 10 5
41 52 10 6
41 53 10 7
41 54 10 8
41 55 10 9
41 56 10 2
41 57 10 3
41 58 10 4
41 59 10 5
41 60 10 6
41 61 10 7
41 62 10 8
41 63 10 9
41 64 10 2
41 65 10 3
41 66 10 4
41 67 10 5
41 68 10 6
42 49 10 3
42 50 10 4
42 51 10 5
42 52 10 6
42 53 10 7
42 54 10 8
42 55 10 9
42 56 10 2
42 57 10 3
42 58 10 4
42 59 10 5
42 60 10 6
42 61 10 7
42 62 10 8
42 63 10 9
42 64 10 2
42 65 10 3
42 66 10 4
42 67 10 5
42 68 10 6
43 49 10 3
43 50 10 4
43 51 10 5
43 52 10 6
43 53 10 7
43 54 10 8
43 55 10 9
43 56 10 2
43 57 10 3
43 58 10 4
43 59 10 5
43 60 10 6
43 61 10 7
43 62 10 8
43 63 10 9
43 64 10 2
43 65 10 3
43 66 10 4
43 67 10 5
43 68 10 6
44 49 10 3
44 50 10 4
44 51 10 5
44 52 10 6
44 53 10 7
44 54 10 8
44 55 10 9
44 56 10 2
44 57 10 3
44 58 10 4
44 59 10 5
44 60 10 6
44 61 10 7
44 62 10 8
44 63 10 9
44 64 10 2
44 65 10 3
44 66 10 4
44 67 10 5
44 68 10 6
45 49 10 3
45 50 10 4
45 51 10 5
45 52 10 6
45 53 10 7
45 54 10 8
45 55 10 9
45 56 10 2
45 57 10 3
45 58 10 4
45 59 10 5
45 60 10 6
45 61 10 7
45 62 10 8
45 63 10 9
45 64 10 2
45 65 10 3
45 66 10 4
45 67 10 5
45 68 10 6
46 49 10 3
46 50 10 4
46 51 10 5
46 52 10 6
46 53 10 7
46 54 10 8
46 55 10 9
46 56 10 2
46 57 10 3
46 58 10 4
46 59 10 5
46 60 10 6
46 61 10 7
46 62 10 8
46 63 10 9
46 64 10 2
46 65 10 3
46 66 10 4
46 67 10 5
46 68 10 6
47 49 10 3
47 50 10 4
47 51 10 5
47 52 10 6
47 53 10 7
47 54 10 8
47 55 10 9
47 56 10 2
47 57 10 3
47 58 10 4
47 59 10 5
47 60 10 6
47 61 10 7
47 62 10 8
47 63 10 9
47 64 10 2
47 65 10 3
47 66 10 4
47 67 10 5
47 68 10 6
48 49 10 3
48 50 10 4
48 51 10 5
48 52 10 6
48 53 10 7
48 54 10 8
48 55 10 9
48 56 10 2
48 57 10 3
48 58 10 4
48 59 10 5
48 60 10 6
48 61 10 7
48 62 10 8
48 63 10 9
48 64 10 2
48 65 10 3
48 66 10 4
48 67 10 5
48 68 10 6
49 69 10 4
49 70 10 5
49 71 10 6
49 72 10 7
49 73 10 8
49 74 10 9
49 75 10 10
49 76 10 3
49 77 10 4
49 78 10 5
49 79 10 6
49 80 10 7
49 81 10 8
49 82 10 9
49 83 10 10
49 84 10 3
49 85 10 4
49 86 10 5
49 87 10 6
49 88 10 7
50 69 10 4
50 70 10 5
50 71 10 6
50 72 10 7
50 73 10 8
50 74 10 9
50 75 10 10
50 76 10 3
50 77 10 4
50 78 10 5
50 79 10 6
50 80 10 7
50 81 10 8
50 82 10 9
50 83 10 10
50 84 10 3
50 85 10 4
50 86 10 5
50 87 10 6
50 88 10 7
51 69 10 4
51 70 10 5
51 71 10 6
51 72 10 7
51 73 10 8
51 74 10 9
51 75 10 10
51 76 10 3
51 77 10 4
51 78 10 5
51 79 10 6
51 80 10 7
51 81 10 8
51 82 10 9
51 83 10 10
51 84 10 3
51 85 10 4
51 86 10 5
51 87 10 6
51 88 10 7
52 69 10 4
52 70 10 5
52 71 10 6
52 72 10 7
52 73 10 8
52 74 10 9
52 75 10 10
52 76 10 3
52 77 10 4
52 78 10 5
52 79 10 6
52 80 10 7
52 81 10 8
52 82 10 9
52 83 10 10
52 84 10 3
52 85 10 4
52 86 10 5
52 87 10 6
52 88 10 7
53 69 10 4
53 70 10 5
53 71 10 6
53 72 10 7
53 73 10 8
53 74 10 9
53 75 10 10
53 76 10 3
53 77 10 4
53 78 10 5
53 79 10 6
53 80 10 7
53 81 10 8
53 82 10 9
53 83 10 10
53 84 10 3
53 85 10 4
53 86 10 5
53 87 10 6
53 88 10 7
54 69 10 4
54 70 10 5
54 71 10 6
54 72 10 7
54 73 10 8
54 74 10 9
54 75 10 10
54 76 10 3
54 77 10 4
54 78 10 5
54 79 10 6
54 80 10 7
54 81 10 8
54 82 10 9
54 83 10 10
54 84 10 3
54 85 10 4
54 86 10 5
54 87 10 6
54 88 10 7
55 69 10 4
55 70 10 5
55 71 10 6
55 72 10 7
55 73 10 8
55 74 10 9
55 75 10 10
55 76 10 3
55 77 10 4
55 78 10 5
55 79 10 6
55 80 10 7
55 81 10 8
55 82 10 9
55 83 10 10
55 84 10 3
55 85 10 4
55 86 10 5
55 87 10 6
55 88 10 7
56 69 10 4
56 70 10 5
56 71 10 6
56 72 10 7
56 73 10 8
56 74 10 9
56 75 10 10
56 76 10 3
56 77 10 4
56 78 10 5
56 79 10 6
56 80 10 7
56 81 10 8
56 82 10 9
56 83 10 10
56 84 10 3
56 85 10 4
56 86 10 5
56 87 10 6
56 88 10 7
57 69 10 4
57 70 10 5
57 71 10 6
57 72 10 7
57 73 10 8
57 74 10 9
57 75 10 10
57 76 10 3
57 77 10 4
57 78 10 5
57 79 10 6
57 80 10 7
57 81 10 8
57 82 10 9
57 83 10 10
57 84 10 3
57 85 10 4
57 86 10 5
57 87 10 6
57 88 10 7
58 69 10 4
58 70 10 5
58 71 10 6
58 72 10 7
58 73 10 8
58 74 10 9
58 75 10 10
58 76 10 3
58 77 10 4
58 78 10 5
58 79 10 6
58 80 10 7
58 81 10 8
58 82 10 9
58 83 10 10
58 84 10 3
58 85 10 4
58 86 10 5
58 87 10 6
58 88 10 7
59 69 10 4
59 70 10 5
59 71 10 6
59 72 10 7
59 73 10 8
59 74 10 9
59 75 10 10
59 76 10 3
59 77 10 4
59 78 10 5
59 79 10 6
59 80 10 7
59 81 10 8
59 82 10 9
59 83 10 10
59 84 10 3
59 85 10 4
59 86 10 5
59 87 10 6
59 88 10 7
60 69 10 4
60 70 10 5
60 71 10 6
60 72 10 7
60 73 10 8
60 74 10 9
60 75 10 10
60 76 10 3
60 77 10 4
60 78 10 5
60 79 10 6
60 80 10 7
60 81 10 8
60 82 10 9
60 83 10 10
60 84 10 3
60 85 10 4
60 86 10 5
60 87 10 6
60 88 10 7
61 69 10 4
61 70 10 5
61 71 10 6
61 72 10 7
61 73 10 8
61 74 10 9
61 75 10 10
61 76 10 3
61 77 10 4
61 78 10 5
61 79 10 6
61 80 10 7
61 81 10 8
61 82 10 9
61 83 10 10
61 84 10 3
61 85 10 4
61 86 10 5
61 87 10 6
61 88 10 7
62 69 10 4
62 70 10 5
62 71 10 6
62 72 10 7
62 73 10 8
62 74 10 9
62 75 10 10
62 76 10 3
62 77 10 4
62 78 10 5
62 79 10 6
62 80 10 7
62 81 10 8
62 82 10 9
62 83 10 10
62 84 10 3
62 85 10 4
62 86 10 5
62 87 10 6
62 88 10 7
63 69 10 4
63 70 10 5
63 71 10 6
63 72 10 7
63 73 10 8
63 74 10 9
63 75 10 10
63 76 10 3
63 77 10 4
63 78 10 5
63 79 10 6
63 80 10 7
63 81 10 8
63 82 10 9
63 83 10 10
63 84 10 3
63 85 10 4
63 86 10 5
63 87 10 6
63 88 10 7
64 69 10 4
64 70 10 5
64 71 10 6
64 72 10 7
64 73 10 8
64 74 10 9
64 75 10 10
64 76 10 3
64 77 10 4
64 78 10 5
64 79 10 6
64 80 10 7
64 81 10 8
64 82 10 9
64 83 10 10
64 84 10 3
64 85 10 4
64 86 10 5
64 87 10 6
64 88 10 7
65 69 10 4
65 70 10 5
65 71 10 6
65 72 10 7
65 73 10 8
65 74 10 9
65 75 10 10
65 76 10 3
65 77 10 4
65 78 10 5
65 79 10 6
65 80 10 7
65 81 10 8
65 82 10 9
65 83 10 10
65 84 10 3
65 85 10 4
65 86 10 5
65 87 10 6
65 88 10 7
66 69 10 4
66 70 10 5
66 71 10 6
66 72 10 7
66 73 10 8
66 74 10 9
66 75 10 10
66 76 10 3
66 77 10 4
66 78 10 5
66 79 10 6
66 80 10 7
66 81 10 8
66 82 10 9
66 83 10 10
66 84 10 3
66 85 10 4
66 86 10 5
66 87 10 6
66 88 10 7
67 69 10 4
67 70 10 5
67 71 10 6
67 72 10 7
67 73 10 8
67 74 10 9
67 75 10 10
67 76 10 3
67 77 10 4
67 78 10 5
67 79 10 6
67 80 10 7
67 81 10 8
67 82 10 9
67 83 10 10
67 84 10 3
67 85 10 4
67 86 10 5
67 87 10 6
67 88 10 7
68 69 10 4
68 70 10 5
68 71 10 6
68 72 10 7
68 73 10 8
68 74 10 9
68 75 10 10
68 76 10 3
68 77 10 4
68 78 10 5
68 79 10 6
68 80 10 7
68 81 10 8
68 82 10 9
68 83 10 10
68 84 10 3
68 85 10 4
68 86 10 5
68 87 10 6
68 88 10 7
69 89 10 5
69 90 10 6
69 91 10 7
69 92 10 8
69 93 10 9
69 94 10 10
69 95 10 11
69 96 10 4
69 97 10 5
69 98 10 6
69 99 10 7
69 100 10 8
69 101 10 9
69 102 10 10
69 103 10 11
69 104 10 4
69 105 10 5
69 106 10 6
69 107 10 7
69 108 10 8
70 89 10 5
70 90 10 6
70 91 10 7
70 92 10 8
70 93 10 9
70 94 10 10
70 95 10 11
70 96 10 4
70 97 10 5
70 98 10 6
70 99 10 7
70 100 10 8
70 101 10 9
70 102 10 10
70 103 10 11
70 104 10 4
70 105 10 5
70 106 10 6
70 107 10 7
70 108 10 8
71 89 10 5
71 90 10 6
71 91 10 7
71 92 10 8
71 93 10 9
71 94 10 10
71 95 10 11
71 96 10 4
71 97 10 5
71 98 10 6
71 99 10 7
71 100 10 8
71 101 10 9
71 102 10 10
71 103 10 11
71 104 10 4
71 105 10 5
71 106 10 6
71 107 10 7
71 108 10 8
72 89 10 5
72 90 10 6
72 91 10 7
72 92 10 8
72 93 10 9
72 94 10 10
72 95 10 11
72 96 10 4
72 97 10 5
72 98 10 6
72 99 10 7
72 100 10 8
72 101 10 9
72 102 10 10
72 103 10 11
72 104 10 4
72 105 10 5
72 106 10 6
72 107 10 7
72 108 10 8
73 89 10 5
73 90 10 6
73 91 10 7
73 92 10 8
73 93 10 9
73 94 10 10
73 95 10 11
73 96 10 4
73 97 10 5
73 98 10 6
73 99 10 7
73 100 10 8
73 101 10 9
73 102 10 10
73 103 10 11
73 104 10 4
73 105 10 5
73 106 10 6
73 107 10 7
73 108 10 8
74 89 10 5
74 90 10 6
74 91 10 7
74 92 10 8
74 93 10 9
74 94 10 10
74 95 10 11
74 96 10 4
74 97 10 5
74 98 10 6
74 99 10 7
74 100 10 8
74 101 10 9
74 102 10 10
74 103 10 11
74 104 10 4
74 105 10 5
74 106 10 6
74 107 10 7
74 108 10 8
75 89 10 5
75 90 10 6
75 91 10 7
75 92 10 8
75 93 10 9
75 94 10 10
75 95 10 11
75 96 10 4
75 97 10 5
75 98 10 6
75 99 10 7
75 100 10 8
75 101 10 9
75 102 10 10
75 103 10 11
75 104 10 4
75 105 10 5
75 106 10 6
75 107 10 7
75 108 10 8
76 89 10 5
76 90 10 6
76 91 10 7
76 92 10 8
76 93 10 9
76 94 10 10
76 95 10 11
76 96 10 4
76 97 10 5
76 98 10 6
76 99 10 7
76 100 10 8
76 101 10 9
76 102 10 10
76 103 10 11
76 104 10 4
76 105 10 5
76 106 10 6
76 107 10 7
76 108 10 8
77 89 10 5
77 90 10 6
77 91 10 7
77 92 10 8
77 93 10 9
77 94 10 10
77 95 10 11
77 96 10 4
77 97 10 5
77 98 10 6
77 99 10 7
77 100 10 8
77 101 10 9
77 102 10 10
77 103 10 11
77 104 10 4
77 105 10 5
77 106 10 6
77 107 10 7
77 108 10 8
78 89 10 5
78 90 10 6
78 91 10 7
78 92 10 8
78 93 10 9
78 94 10 10
78 95 10 11
78 96 10 4
78 97 10 5
78 98 10 6
78 99 10 7
78 100 10 8
78 101 10 9
78 102 10 10
78 103 10 11
78 104 10 4
78 105 10 5
78 106 10 6
78 107 10 7
78 108 10 8
79 89 10 5
79 90 10 6
79 91 10 7
79 92 10 8
79 93 10 9
79 94 10 10
79 95 10 11
79 96 10 4
79 97 10 5
79 98 10 6
79 99 10 7
79 100 10 8
79 101 10 9
79 102 10 10
79 103 10 11
79 104 10 4
79 105 10 5
79 106 10 6
79 107 10 7
79 108 10 8
80 89 10 5
80 90 10 6
80 91 10 7
80 92 10 8
80 93 10 9
80 94 10 10
80 95 10 11
80 96 10 4
80 97 10 5
80 98 10 6
80 99 10 7
80 100 10 8
80 101 10 9
80 102 10 10
80 103 10 11
80 104 10 4
80 105 10 5
80 106 10 6
80 107 10 7
80 108 10 8
81 89 10 5
81 90 10 6
81 91 10 7
81 92 10 8
81 93 10 9
81 94 10 10
81 95 10 11
81 96 10 4
81 97 10 5
81 98 10 6
81 99 10 7
81 100 10 8
81 101 10 9
81 102 10 10
81 103 10 11
81 104 10 4
81 105 10 5
81 106 10 6
81 107 10 7
81 108 10 8
82 89 10 5
82 90 10 6
82 91 10 7
82 92 10 8
82 93 10 9
82 94 10 10
82 95 10 11
82 96 10 4
82 97 10 5
82 98 10 6
82 99 10 7
82 100 10 8
82 101 10 9
82 102 10 10
82 103 10 11
82 104 10 4
82 105 10 5
82 106 10 6
82 107 10 7
82 108 10 8
83 89 10 5
83 90 10 6
83 91 10 7
83 92 10 8
83 93 10 9
83 94 10 10
83 95 10 11
83 96 10 4
83 97 10 5
83 98 10 6
83 99 10 7
83 100 10 8
83 101 10 9
83 102 10 10
83 103 10 11
83 104 10 4
83 105 10 5
83 106 10 6
83 107 10 7
83 108 10 8
84 89 10 5
84 90 10 6
84 91 10 7
84 92 10 8
84 93 10 9
84 94 10 10
84 95 10 11
84 96 10 4
84 97 10 5
84 98 10 6
84 99 10 7
84 100 10 8
84 101 10 9
84 102 10 10
84 103 10 11
84 104 10 4
84 105 10 5
84 106 10 6
84 107 10 7
84 108 10 8
85 89 10 5
85 90 10 6
85 91 10 7
85 92 10 8
85 93 10 9
85 94 10 10
85 95 10 11
85 96 10 4
85 97 10 5
85 98 10 6
85 99 10 7
85 100 10 8
85 101 10 9
85 102 10 10
85 103 10 11
85 104 10 4
85 105 10 5
85 106 10 6
85 107 10 7
85 108 10 8
86 89 10 5
86 90 10 6
86 91 10 7
86 92 10 8
86 93 10 9
86 94 10 10
86 95 10 11
86 96 10 4
86 97 10 5
86 98 10 6
86 99 10 7
86 100 10 8
86 101 10 9
86 102 10 10
86 103 10 11
86 104 10 4
86 105 10 5
86 106 10 6
86 107 10 7
86 108 10 8
87 89 10 5
87 90 10 6
87 91 10 7
87 92 10 8
87 93 10 9
87 94 10 10
87 95 10 11
87 96 10 4
87 97 10 5
87 98 10 6
87 99 10 7
87 100 10 8
87 101 10 9
87 102 10 10
87 103 10 11
87 104 10 4
87 105 10 5
87 106 10 6
87 107 10 7
87 108 10 8
88 89 10 5
88 90 10 6
88 91 10 7
88 92 10 8
88 93 10 9
88 94 10 10
88 95 10 11
88 96 10 4
88 97 10 5
88 98 10 6
88 99 10 7
88 100 10 8
88 101 10 9
88 102 10 10
88 103 10 11
88 104 10 4
88 105 10 5
88 106 10 6
88 107 10 7
88 108 10 8
89 109 10 6
89 110 10 7
89 111 10 8
89 112 10 9
89 113 10 10
89 114 10 11
89 115 10 12
89 116 10 5
89 117 10 6
89 118 10 7
89 119 10 8
89 120 10 9
89 121 10 10
89 122 10 11
89 123 10 12
89 124 10 5
89 125 10 6
89 126 10 7
89 127 10 8
89 128 10 9
90 109 10 6
90 110 10 7
90 111 10 8
90 112 10 9
90 113 10 10
90 114 10 11
90 115 10 12
90 116 10 5
90 117 10 6
90 118 10 7
90 119 10 8
90 120 10 9
90 121 10 10
90 122 10 11
90 123 10 12
90 124 10 5
90 125 10 6
90 126 10 7
90 127 10 8
90 128 10 9
91 109 10 6
91 110 10 7
91 111 10 8
91 112 10 9
91 113 10 10
91 114 10 11
91 115 10 12
91 116 10 5
91 117 10 6
91 118 10 7
91 119 10 8
91 120 10 9
91 121 10 10
91 122 10 11
91 123 10 12
91 124 10 5
91 125 10 6
91 126 10 7
91 127 10 8
91 128 10 9
92 109 10 6
92 110 10 7
92 111 10 8
92 112 10 9
92 113 10 10
92 114 10 11
92 115 10 12
92 116 10 5
92 117 10 6
92 118 10 7
92 119 10 8
92 120 10 9
92 121 10 10
92 122 10 11
92 123 10 12
92 124 10 5
92 125 10 6
92 126 10 7
92 127 10 8
92 128 10 9
93 109 10 6
93 110 10 7
93 111 10 8
93 112 10 9
93 113 10 10
93 114 10 11
93 115 10 12
93 116 10 5
93 117 10 6
93 118 10 7
93 119 10 8
93 120 10 9
93 121 10 10
93 122 10 11
93 123 10 12
93 124 10 5
93 125 10 6
93 126 10 7
93 127 10 8
93 128 10 9
94 109 10 6
94 110 10 7
94 111 10 8
94 112 10 9
94 113 10 10
94 114 10 11
94 115 10 12
94 116 10 5
94 117 10 6
94 118 10 7
94 119 10 8
94 120 10 9
94 121 10 10
94 122 10 11
94 123 10 12
94 124 10 5
94 125 10 6
94 126 10 7
94 127 10 8
94 128 10 9
95 109 10 6
95 110 10 7
95 111 10 8
95 112 10 9
95 113 10 10
95 114 10 11
95 115 10 12
95 116 10 5
95 117 10 6
95 118 10 7
95 119 10 8
95 120 10 9
95 121 10 10
95 122 10 11
95 123 10 12
95 124 10 5
95 125 10 6
95 126 10 7
95 127 10 8
95 128 10 9
96 109 10 6
96 110 10 7
96 111 10 8
96 112 10 9
96 113 10 10
96 114 10 11
96 115 10 12
96 116 10 5
96 117 10 6
96 118 10 7
96 119 10 8
96 120 10 9
96 121 10 10
96 122 10 11
96 123 10 12
96 124 10 5
96 125 10 6
96 126 10 7
96 127 10 8
96 128 10 9
97 109 10 6
97 110 10 7
97 111 10 8
97 112 10 9
97 113 10 10
97 114 10 11
97 115 10 12
97 116 10 5
97 117 10 6
97 118 10 7
97 119 10 8
97 120 10 9
97 121 10 10
97 122 10 11
97 123 10 12
97 124 10 5
97 125 10 6
97 126 10 7
97 127 10 8
97 128 10 9
98 109 10 6
98 110 10 7
98 111 10 8
98 112 10 9
98 113 10 10
98 114 10 11
98 115 10 12
98 116 10 5
98 117 10 6
98 118 10 7
98 119 10 8
98 120 10 9
98 121 10 10
98 122 10 11
98 123 10 12
98 124 10 5
98 125 10 6
98 126 10 7
98 127 10 8
98 128 10 9
99 109 10 6
99 110 10 7
99 111 10 8
99 112 10 9
99 113 10 10
99 114 10 11
99 115 10 12
99 116 10 5
99 117 10 6
99 118 10 7
99 119 10 8
99 120 10 9
99 121 10 10
99 122 10 11
99 123 10 12
99 124 10 5
99 125 10 6
99 126 10 7
99 127 10 8
99 128 10 9
100 109 10 6
100 110 10 7
100 111 10 8
100 112 10 9
100 113 10 10
100 114 10 11
100 115 10 12
100 116 10 5
100 117 10 6
100 118 10 7
100 119 10 8
100 120 10 9
100 121 10 10
100 122 10 11
100 123 10 12
100 124 10 5
100 125 10 6
100 126 10 7
100 127 10 8
100 128 10 9
101 109 10 6
101 110 10 7
101 111 10 8
101 112 10 9
101 113 10 10
101 114 10 11
101 115 10 12
101 116 10 5
101 117 10 6
101 118 10 7
101 119 10 8
101 120 10 9
101 121 10 10
101 122 10 11
101 123 10 12
101 124 10 5
101 125 10 6
101 126 10 7
101 127 10 8
101 128 10 9
102 109 10 6
102 110 10 7
102 111 10 8
102 112 10 9
102 113 10 10
102 114 10 11
102 115 10 12
102 116 10 5
102 117 10 6
102 118 10 7
102 119 10 8
102 120 10 9
102 121 10 10
102 122 10 11
102 123 10 12
102 124 10 5
102 125 10 6
102 126 10 7
102 127 10 8
102 128 10 9
103 109 10 6
103 110 10 7
103 111 10 8
103 112 10 9
103 113 10 10
103 114 10 11
103 115 10 12
103 116 10 5
103 117 10 6
103 118 10 7
103 119 10 8
103 120 10 9
103 121 10 10
103 122 10 11
103 123 10 12
103 124 10 5
103 125 10 6
103 126 10 7
103 127 10 8
103 128 10 9
104 109 10 6
104 110 10 7
104 111 10 8
104 112 10 9
104 113 10 10
104 114 10 11
104 115 10 12
104 116 10 5
104 117 10 6
104 118 10 7
104 119 10 8
104 120 10 9
104 121 10 10
104 122 10 11
104 123 10 12
104 124 10 5
104 125 10 6
104 126 10 7
104 127 10 8
104 128 10 9
105 109 10 6
105 110 10 7
105 111 10 8
105 112 10 9
105 113 10 10
105 114 10 11
105 115 10 12
105 116 10 5
105 117 10 6
105 118 10 7
105 119 10 8
105 120 10 9
105 121 10 10
105 122 10 11
105 123 10 12
105 124 10 5
105 125 10 6
105 126 10 7
105 127 10 8
105 128 10 9
106 109 10 6
106 110 10 7
106 111 10 8
106 112 10 9
106 113 10 10
106 114 10 11
106 115 10 12
106 116 10 5
106 117 10 6
106 118 10 7
106 119 10 8
106 120 10 9
106 121 10 10
106 122 10 11
106 123 10 12
106 124 10 5
106 125 10 6
106 126 10 7
106 127 10 8
106 128 10 9
107 109 10 6
107 110 10 7
107 111 10 8
107 112 10 9
107 113 10 10
107 114 10 11
107 115 10 12
107 116 10 5
107 117 10 6
107 118 10 7
107 119 10 8
107 120 10 9
107 121 10 10
107 122 10 11
107 123 10 12
107 124 10 5
107 125 10 6
107 126 10 7
107 127 10 8
107 128 10 9
108 109 10 6
108 110 10 7
108 111 10 8
108 112 10 9
108 113 10 10
108 114 10 11
108 115 10 12
108 116 10 5
108 117 10 6
108 118 10 7
108 119 10 8
108 120 10 9
108 121 10 10
108 122 10 11
108 123 10 12
108 124 10 5
108 125 10 6
108 126 10 7
108 127 10 8
108 128 10 9
109 129 10 7
109 130 10 8
109 131 10 9
109 132 10 10
109 133 10 11
109 134 10 12
109 135 10 13
109 136 10 6
109 137 10 7
109 138 10 8
109 139 10 9
109 140 10 10
109 141 10 11
109 142 10 12
109 143 10 13
109 144 10 6
109 145 10 7
109 146 10 8
109 147 10 9
109 148 10 10
110 129 10 7
110 130 10 8
110 131 10 9
110 132 10 10
110 133 10 11
110 134 10 12
110 135 10 13
110 136 10 6
110 137 10 7
110 138 10 8
110 139 10 9
110 140 10 10
110 141 10 11
110 142 10 12
110 143 10 13
110 144 10 6
110 145 10 7
110 146 10 8
110 147 10 9
110 148 10 10
111 129 10 7
111 130 10 8
111 131 10 9
111 132 10 10
111 133 10 11
111 134 10 12
111 135 10 13
111 136 10 6
111 137 10 7
111 138 10 8
111 139 10 9
111 140 10 10
111 141 10 11
111 142 10 12
111 143 10 13
111 144 10 6
111 145 10 7
111 146 10 8
111 147 10 9
111 148 10 10
112 129 10 7
112 130 10 8
112 131 10 9
112 132 10 10
112 133 10 11
112 134 10 12
112 135 10 13
112 136 10 6
112 137 10 7
112 138 10 8
112 139 10 9
112 140 10 10
112 141 10 11
112 142 10 12
112 143 10 13
112 144 10 6
112 145 10 7
112 146 10 8
112 147 10 9
112 148 10 10
113 129 10 7
113 130 10 8
113 131 10 9
113 132 10 10
113 133 10 11
113 134 10 12
113 135 10 13
113 136 10 6
113 137 10 7
113 138 10 8
113 139 10 9
113 140 10 10
113 141 10 11
113 142 10 12
113 143 10 13
113 144 10 6
113 145 10 7
113 146 10 8
113 147 10 9
113 148 10 10
114 129 10 7
114 130 10 8
114 131 10 9
114 132 10 10
114 133 10 11
114 134 10 12
114 135 10 13
114 136 10 6
114 137 10 7
114 138 10 8
114 139 10 9
114 140 10 10
114 141 10 11
114 142 10 12
114 143 10 13
114 144 10 6
114 145 10 7
114 146 10 8
114 147 10 9
114 148 10 10
115 129 10 7
115 130 10 8
115 131 10 9
115 132 10 10
115 133 10 11
115 134 10 12
115 135 10 13
115 136 10 6
115 137 10 7
115 138 10 8
115 139 10 9
115 140 10 10
115 141 10 11
115 142 10 12
115 143 10 13
115 144 10 6
115 145 10 7
115 146 10 8
115 147 10 9
115 148 10 10
116 129 10 7
116 130 10 8
116 131 10 9
116 132 10 10
116 133 10 11
116 134 10 12
116 135 10 13
116 136 10 6
116 137 10 7
116 138 10 8
116 139 10 9
116 140 10 10
116 141 10 11
116 142 10 12
116 143 10 13
116 144 10 6
116 145 10 7
116 146 10 8
116 147 10 9
116 148 10 10
117 129 10 7
117 130 10 8
117 131 10 9
117 132 10 10
117 133 10 11
117 134 10 12
117 135 10 13
117 136 10 6
117 137 10 7
117 138 10 8
117 139 10 9
117 140 10 10
117 141 10 11
117 142 10 12
117 143 10 13
117 144 10 6
117 145 10 7
117 146 10 8
117 147 10 9
117 148 10 10
118 129 10 7
118 130 10 8
118 131 10 9
118 132 10 10
118 133 10 11
118 134 10 12
118 135 10 13
118 136 10 6
118 137 10 7
118 138 10 8
118 139 10 9
118 140 10 10
118 141 10 11
118 142 10 12
118 143 10 13
118 144 10 6
118 145 10 7
118 146 10 8
118 147 10 9
118 148 10 10
119 129 10 7
119 130 10 8
119 131 10 9
119 132 10 10
119 133 10 11
119 134 10 12
119 135 10 13
119 136 10 6
119 137 10 7
119 138 10 8
119 139 10 9
119 140 10 10
119 141 10 11
119 142 10 12
119 143 10 13
119 144 10 6
119 145 10 7
119 146 10 8
119 147 10 9
119 148 10 10
120 129 10 7
120 130 10 8
120 131 10 9
120 132 10 10
120 133 10 11
120 134 10 12
120 135 10 13
120 136 10 6
120 137 10 7
120 138 10 8
120 139 10 9
120 140 10 10
120 141 10 11
120 142 10 12
120 143 10 13
120 144 10 6
120 145 10 7
120 146 10 8
120 147 10 9
120 148 10 10
121 129 10 7
121 130 10 8
121 131 10 9
121 132 10 10
121 133 10 11
121 134 10 12
121 135 10 13
121 136 10 6
121 137 10 7
121 138 10 8
121 139 10 9
121 140 10 10
121 141 10 11
121 142 10 12
121 143 10 13
121 144 10 6
121 145 10 7
121 146 10 8
121 147 10 9
121 148 10 10
122 129 10 7
122 130 10 8
122 131 10 9
122 132 10 10
122 133 10 11
122 134 10 12
122 135 10 13
122 136 10 6
122 137 10 7
122 138 10 8
122 139 10 9
122 140 10 10
122 141 10 11
122 142 10 12
122 143 10 13
122 144 10 6
122 145 10 7
122 146 10 8
122 147 10 9
122 148 10 10
123 129 10 7
123 130 10 8
123 131 10 9
123 132 10 10
123 133 10 11
123 134 10 12
123 135 10 13
123 136 10 6
123 137 10 7
123 138 10 8
123 139 10 9
123 140 10 10
123 141 10 11
123 142 10 12
123 143 10 13
123 144 10 6
123 145 10 7
123 146 10 8
123 147 10 9
123 148 10 10
124 129 10 7
124 130 10 8
124 131 10 9
124 132 10 10
124 133 10 11
124 134 10 12
124 135 10 13
124 136 10 6
124 137 10 7
124 138 10 8
124 139 10 9
124 140 10 10
124 141 10 11
124 142 10 12
124 143 10 13
124 144 10 6
124 145 10 7
124 146 10 8
124 147 10 9
124 148 10 10
125 129 10 7
125 130 10 8
125 131 10 9
125 132 10 10
125 133 10 11
125 134 10 12
125 135 10 13
125 136 10 6
125 137 10 7
125 138 10 8
125 139 10 9
125 140 10 10
125 141 10 11
125 142 10 12
125 143 10 13
125 144 10 6
125 145 10 7
125 146 10 8
125 147 10 9
125 148 10 10
126 129 10 7
126 130 10 8
126 131 10 9
126 132 10 10
126 133 10 11
126 134 10 12
126 135 10 13
126 136 10 6
126 137 10 7
126 138 10 8
126 139 10 9
126 140 10 10
126 141 10 11
126 142 10 12
126 143 10 13
126 144 10 6
126 145 10 7
126 146 10 8
126 147 10 9
126 148 10 10
127 129 10 7
127 130 10 8
127 131 10 9
127 132 10 10
127 133 10 11
127 134 10 12
127 135 10 13
127 136 10 6
127 137 10 7
127 138 10 8
127 139 10 9
127 140 10 10
127 141 10 11
127 142 10 12
127 143 10 13
127 144 10 6
127 145 10 7
127 146 10 8
127 147 10 9
127 148 10 10
128 129 10 7
128 130 10 8
128 131 10 9
128 132 10 10
128 133 10 11
128 134 10 12
128 135 10 13
128 136 10 6
128 137 10 7
128 138 10 8
128 139 10 9
128 140 10 10
128 141 10 11
128 142 10 12
128 143 10 13
128 144 10 6
128 145 10 7
128 146 10 8
128 147 10 9
128 148 10 10
129 149 10 8
129 150 10 9
129 151 10 10
129 152 10 11
129 153 10 12
129 154 10 13
129 155 10 14
129 156 10 7
129 157 10 8
129 158 10 9
129 159 10 10
129 160 10 11
129 161 10 12
129 162 10 13
129 163 10 14
129 164 10 7
129 165 10 8
129 166 10 9
129 167 10 10
129 168 10 11
130 149 10 8
130 150 10 9
130 151 10 10
130 152 10 11
130 153 10 12
130 154 10 13
130 155 10 14
130 156 10 7
130 157 10 8
130 158 10 9
130 159 10 10
130 160 10 11
130 161 10 12
130 162 10 13
130 163 10 14
130 164 10 7
130 165 10 8
130 166 10 9
130 167 10 10
130 168 10 11
131 149 10 8
131 150 10 9
131 151 10 10
131 152 10 11
131 153 10 12
131 154 10 13
131 155 10 14
131 156 10 7
131 157 10 8
131 158 10 9
131 159 10 10
131 160 10 11
131 161 10 12
131 162 10 13
131 163 10 14
131 164 10 7
131 165 10 8
131 166 10 9
131 167 10 10
131 168 10 11
132 149 10 8
132 150 10 9
132 151 10 10
132 152 10 11
132 153 10 12
132 154 10 13
132 155 10 14
132 156 10 7
132 157 10 8
132 158 10 9
132 159 10 10
132 160 10 11
132 161 10 12
132 162 10 13
132 163 10 14
132 164 10 7
132 165 10 8
132 166 10 9
132 167 10 10
132 168 10 11
133 149 10 8
133 150 10 9
133 151 10 10
133 152 10 11
133 153 10 12
133 154 10 13
133 155 10 14
133 156 10 7
133 157 10 8
133 158 10 9
133 159 10 10
133 160 10 11
133 161 10 12
133 162 10 13
133 163 10 14
133 164 10 7
133 165 10 8
133 166 10 9
133 167 10 10
133 168 10 11
134 149 10 8
134 150 10 9
134 151 10 10
134 152 10 11
134 153 10 12
134 154 10 13
134 155 10 14
134 156 10 7
134 157 10 8
134 158 10 9
134 159 10 10
134 160 10 11
134 161 10 12
134 162 10 13
134 163 10 14
134 164 10 7
134 165 10 8
134 166 10 9
134 167 10 10
134 168 10 11
135 149 10 8
135 150 10 9
135 151 10 10
135 152 10 11
135 153 10 12
135 154 10 13
135 155 10 14
135 156 10 7
135 157 10 8
135 158 10 9
135 159 10 10
135 160 10 11
135 161 10 12
135 162 10 13
135 163 10 14
135 164 10 7
135 165 10 8
135 166 10 9
135 167 10 10
135 168 10 11
136 149 10 8
136 150 10 9
136 151 10 10
136 152 10 11
136 153 10 12
136 154 10 13
136 155 10 14
136 156 10 7
136 157 10 8
136 158 10 9
136 159 10 10
136 160 10 11
136 161 10 12
136 162 10 13
136 163 10 14
136 164 10 7
136 165 10 8
136 166 10 9
136 167 10 10
136 168 10 11
137 149 10 8
137 150 10 9
137 151 10 10
137 152 10 11
137 153 10 12
137 154 10 13
137 155 10 14
137 156 10 7
137 157 10 8
137 158 10 9
137 159 10 10
137 160 10 11
137 161 10 12
137 162 10 13
137 163 10 14
137 164 10 7
137 165 10 8
137 166 10 9
137 167 10 10
137 168 10 11
138 149 10 8
138 150 10 9
138 151 10 10
138 152 10 11
138 153 10 12
138 154 10 13
138 155 10 14
138 156 10 7
138 157 10 8
138 158 10 9
138 159 10 10
138 160 10 11
138 161 10 12
138 162 10 13
138 163 10 14
138 164 10 7
138 165 10 8
138 166 10 9
138 167 10 10
138 168 10 11
139 149 10 8
139 150 10 9
139 151 10 10
139 152 10 11
139 153 10 12
139 154 10 13
139 155 10 14
139 156 10 7
139 157 10 8
139 158 10 9
139 159 10 10
139 160 10 11
139 161 10 12
139 162 10 13
139 163 10 14
139 164 10 7
139 165 10 8
139 166 10 9
139 167 10 10
139 168 10 11
140 149 10 8
140 150 10 9
140 151 10 10
140 152 10 11
140 153 10 12
140 154 10 13
140 155 10 14
140 156 10 7
140 157 10 8
140 158 10 9
140 159 10 10
140 160 10 11
140 161 10 12
140 162 10 13
140 163 10 14
140 164 10 7
140 165 10 8
140 166 10 9
140 167 10 10
140 168 10 11
141 149 10 8
141 150 10 9
141 151 10 10
141 152 10 11
141 153 10 12
141 154 10 13
141 155 10 14
141 156 10 7
141 157 10 8
141 158 10 9
141 159 10 10
141 160 10 11
141 161 10 12
141 162 10 13
141 163 10 14
141 164 10 7
141 165 10 8
141 166 10 9
141 167 10 10
141 168 10 11
142 149 10 8
142 150 10 9
142 151 10 10
142 152 10 11
142 153 10 12
142 154 10 13
142 155 10 14
142 156 10 7
142 157 10 8
142 158 10 9
142 159 10 10
142 160 10 11
142 161 10 12
142 162 10 13
142 163 10 14
142 164 10 7
142 165 10 8
142 166 10 9
142 167 10 10
142 168 10 11
143 149 10 8
143 150 10 9
143 151 10 10
143 152 10 11
143 153 10 12
143 154 10 13
143 155 10 14
143 156 10 7
143 157 10 8
143 158 10 9
143 159 10 10
143 160 10 11
143 161 10 12
143 162 10 13
143 163 10 14
143 164 10 7
143 165 10 8
143 166 10 9
143 167 10 10
143 168 10 11
144 149 10 8
144 150 10 9
144 151 10 10
144 152 10 11
144 153 10 12
144 154 10 13
144 155 10 14
144 156 10 7
144 157 10 8
144 158 10 9
144 159 10 10
144 160 10 11
144 161 10 12
144 162 10 13
144 163 10 14
144 164 10 7
144 165 10 8
144 166 10 9
144 167 10 10
144 168 10 11
145 149 10 8
145 150 10 9
145 151 10 10
145 152 10 11
145 153 10 12
145 154 10 13
145 155 10 14
145 156 10 7
145 157 10 8
145 158 10 9
145 159 10 10
145 160 10 11
145 161 10 12
145 162 10 13
145 163 10 14
145 164 10 7
145 165 10 8
145 166 10 9
145 167 10 10
145 168 10 11
146 149 10 8
146 150 10 9
146 151 10 10
146 152 10 11
146 153 10 12
146 154 10 13
146 155 10 14
146 156 10 7
146 157 10 8
146 158 10 9
146 159 10 10
146 160 10 11
146 161 10 12
146 162 10 13
146 163 10 14
146 164 10 7
146 165 10 8
146 166 10 9
146 167 10 10
146 168 10 11
147 149 10 8
147 150 10 9
147 151 10 10
147 152 10 11
147 153 10 12
147 154 10 13
147 155 10 14
147 156 10 7
147 157 10 8
147 158 10 9
147 159 10 10
147 160 10 11
147 161 10 12
147 162 10 13
147 163 10 14
147 164 10 7
147 165 10 8
147 166 10 9
147 167 10 10
147 168 10 11
148 149 10 8
148 150 10 9
148 151 10 10
148 152 10 11
148 153 10 12
148 154 10 13
148 155 10 14
148 156 10 7
148 157 10 8
148 158 10 9
148 159 10 10
148 160 10 11
148 161 10 12
148 162 10 13
148 163 10 14
148 164 10 7
148 165 10 8
148 166 10 9
148 167 10 10
148 168 10 11
149 169 10 9
149 170 10 10
149 171 10 11
149 172 10 12
149 173 10 13
149 174 10 14
149 175 10 15
149 176 10 8
149 177 10 9
149 178 10 10
149 179 10 11
149 180 10 12
149 181 10 13
149 182 10 14
149 183 10 15
149 184 10 8
149 185 10 9
149 186 10 10
149 187 10 11
149 188 10 12
150 169 10 9
150 170 10 10
150 171 10 11
150 172 10 12
150 173 10 13
150 174 10 14
150 175 10 15
150 176 10 8
150 177 10 9
150 178 10 10
150 179 10 11
150 180 10 12
150 181 10 13
150 182 10 14
150 183 10 15
150 184 10 8
150 185 10 9
150 186 10 10
150 187 10 11
150 188 10 12
151 169 10 9
151 170 10 10
151 171 10 11
151 172 10 12
151 173 10 13
151 174 10 14
151 175 10 15
151 176 10 8
151 177 10 9
151 178 10 10
151 179 10 11
151 180 10 12
151 181 10 13
151 182 10 14
151 183 10 15
151 184 10 8
151 185 10 9
151 186 10 10
151 187 10 11
151 188 10 12
152 169 10 9
152 170 10 10
152 171 10 11
152 172 10 12
152 173 10 13
152 174 10 14
152 175 10 15
152 176 10 8
152 177 10 9
152 178 10 10
152 179 10 11
152 180 10 12
152 181 10 13
152 182 10 14
152 183 10 15
152 184 10 8
152 185 10 9
152 186 10 10
152 187 10 11
152 188 10 12
153 169 10 9
153 170 10 10
153 171 10 11
153 172 10 12
153 173 10 13
153 174 10 14
153 175 10 15
153 176 10 8
153 177 10 9
153 178 10 10
153 179 10 11
153 180 10 12
153 181 10 13
153 182 10 14
153 183 10 15
153 184 10 8
153 185 10 9
153 186 10 10
153 187 10 11
153 188 10 12
154 169 10 9
154 170 10 10
154 171 10 11
154 172 10 12
154 173 10 13
154 174 10 14
154 175 10 15
154 176 10 8
154 177 10 9
154 178 10 10
154 179 10 11
154 180 10 12
154 181 10 13
154 182 10 14
154 183 10 15
154 184 10 8
154 185 10 9
154 186 10 10
154 187 10 11
154 188 10 12
155 169 10 9
155 170 10 10
155 171 10 11
155 172 10 12
155 173 10 13
155 174 10 14
155 175 10 15
155 176 10 8
155 177 10 9
155 178 10 10
155 179 10 11
155 180 10 12
155 181 10 13
155 182 10 14
155 183 10 15
155 184 10 8
155 185 10 9
155 186 10 10
155 187 10 11
155 188 10 12
156 169 10 9
156 170 10 10
156 171 10 11
156 172 10 12
156 173 10 13
156 174 10 14
156 175 10 15
156 176 10 8
156 177 10 9
156 178 10 10
156 179 10 11
156 180 10 12
156 181 10 13
156 182 10 14
156 183 10 15
156 184 10 8
156 185 10 9
156 186 10 10
156 187 10 11
156 188 10 12
157 169 10 9
157 170 10 10
157 171 10 11
157 172 10 12
157 173 10 13
157 174 10 14
157 175 10 15
157 176 10 8
157 177 10 9
157 178 10 10
157 179 10 11
157 180 10 12
157 181 10 13
157 182 10 14
157 183 10 15
157 184 10 8
157 185 10 9
157 186 10 10
157 187 10 11
157 188 10 12
158 169 10 9
158 170 10 10
158 171 10 11
158 172 10 12
158 173 10 13
158 174 10 14
158 175 10 15
158 176 10 8
158 177 10 9
158 178 10 10
158 179 10 11
158 180 10 12
158 181 10 13
158 182 10 14
158 183 10 15
158 184 10 8
158 185 10 9
158 186 10 10
158 187 10 11
158 188 10 12
159 169 10 9
159 170 10 10
159 171 10 11
159 172 10 12
159 173 10 13
159 174 10 14
159 175 10 15
159 176 10 8
159 177 10 9
159 178 10 10
159 179 10 11
159 180 10 12
159 181 10 13
159 182 10 14
159 183 10 15
159 184 10 8
159 185 10 9
159 186 10 10
159 187 10 11
159 188 10 12
160 169 10 9
160 170 10 10
160 171 10 11
160 172 10 12
160 173 10 13
160 174 10 14
160 175 10 15
160 176 10 8
160 177 10 9
160 178 10 10
160 179 10 11
160 180 10 12
160 181 10 13
160 182 10 14
160 183 10 15
160 184 10 8
160 185 10 9
160 186 10 10
160 187 10 11
160 188 10 12
161 169 10 9
161 170 10 10
161 171 10 11
161 172 10 12
161 173 10 13
161 174 10 14
161 175 10 15
161 176 10 8
161 177 10 9
161 178 10 10
161 179 10 11
161 180 10 12
161 181 10 13
161 182 10 14
161 183 10 15
161 184 10 8
161 185 10 9
161 186 10 10
161 187 10 11
161 188 10 12
162 169 10 9
162 170 10 10
162 171 10 11
162 172 10 12
162 173 10 13
162 174 10 14
162 175 10 15
162 176 10 8
162 177 10 9
162 178 10 10
162 179 10 11
162 180 10 12
162 181 10 13
162 182 10 14
162 183 10 15
162 184 10 8
162 185 10 9
162 186 10 10
162 187 10 11
162 188 10 12
163 169 10 9
163 170 10 10
163 171 10 11
163 172 10 12
163 173 10 13
163 174 10 14
163 175 10 15
163 176 10 8
163 177 10 9
163 178 10 10
163 179 10 11
163 180 10 12
163 181 10 13
163 182 10 14
163 183 10 15
163 184 10 8
163 185 10 9
163 186 10 10
163 187 10 11
163 188 10 12
164 169 10 9
164 170 10 10
164 171 10 11
164 172 10 12
164 173 10 13
164 174 10 14
164 175 10 15
164 176 10 8
164 177 10 9
164 178 10 10
164 179 10 11
164 180 10 12
164 181 10 13
164 182 10 14
164 183 10 15
164 184 10 8
164 185 10 9
164 186 10 10
164 187 10 11
164 188 10 12
165 169 10 9
165 170 10 10
165 171 10 11
165 172 10 12
165 173 10 13
165 174 10 14
165 175 10 15
165 176 10 8
165 177 10 9
165 178 10 10
165 179 10 11
165 180 10 12
165 181 10 13
165 182 10 14
165 183 10 15
165 184 10 8
165 185 10 9
165 186 10 10
165 187 10 11
165 188 10 12
166 169 10 9
166 170 10 10
166 171 10 11
166 172 10 12
166 173 10 13
166 174 10 14
166 175 10 15
166 176 10 8
166 177 10 9
166 178 10 10
166 179 10 11
166 180 10 12
166 181 10 13
166 182 10 14
166 183 10 15
166 184 10 8
166 185 10 9
166 186 10 10
166 187 10 11
166 188 10 12
167 169 10 9
167 170 10 10
167 171 10 11
167 172 10 12
167 173 10 13
167 174 10 14
167 175 10 15
167 176 10 8
167 177 10 9
167 178 10 10
167 179 10 11
167 180 10 12
167 181 10 13
167 182 10 14
167 183 10 15
167 184 10 8
167 185 10 9
167 186 10 10
167 187 10 11
167 188 10 12
168 169 10 9
168 170 10 10
168 171 10 11
168 172 10 12
168 173 10 13
168 174 10 14
168 175 10 15
168 176 10 8
168 177 10 9
168 178 10 10
168 179 10 11
168 180 10 12
168 181 10 13
168 182 10 14
168 183 10 15
168 184 10 8
168 185 10 9
168 186 10 10
168 187 10 11
168 188 10 12
169 189 10 10
169 190 10 11
169 191 10 12
169 192 10 13
169 193 10 14
169 194 10 15
169 195 10 16
169 196 10 9
169 197 10 10
169 198 10 11
169 199 10 12
169 200 10 13
169 201 10 14
169 202 10 15
169 203 10 16
169 204 10 9
169 205 10 10
169 206 10 11
169 207 10 12
169 208 10 13
170 189 10 10
170 190 10 11
170 191 10 12
170 192 10 13
170 193 10 14
170 194 10 15
170 195 10 16
170 196 10 9
170 197 10 10
170 198 10 11
170 199 10 12
170 200 10 13
170 201 10 14
170 202 10 15
170 203 10 16
170 204 10 9
170 205 10 10
170 206 10 11
170 207 10 12
170 208 10 13
171 189 10 10
171 190 10 11
171 191 10 12
171 192 10 13
171 193 10 14
171 194 10 15
171 195 10 16
171 196 10 9
171 197 10 10
171 198 10 11
171 199 10 12
171 200 10 13
171 201 10 14
171 202 10 15
171 203 10 16
171 204 10 9
171 205 10 10
171 206 10 11
171 207 10 12
171 208 10 13
172 189 10 10
172 190 10 11
172 191 10 12
172 192 10 13
172 193 10 14
172 194 10 15
172 195 10 16
172 196 10 9
172 197 10 10
172 198 10 11
172 199 10 12
172 200 10 13
172 201 10 14
172 202 10 15
172 203 10 16
172 204 10 9
172 205 10 10
172 206 10 11
172 207 10 12
172 208 10 13
173 189 10 10
173 190 10 11
173 191 10 12
173 192 10 13
173 193 10 14
173 194 10 15
173 195 10 16
173 196 10 9
173 197 10 10
173 198 10 11
173 199 10 12
173 200 10 13
173 201 10 14
173 202 10 15
173 203 10 16
173 204 10 9
173 205 10 10
173 206 10 11
173 207 10 12
173 208 10 13
174 189 10 10
174 190 10 11
174 191 10 12
174 192 10 13
174 193 10 14
174 194 10 15
174 195 10 16
174 196 10 9
174 197 10 10
174 198 10 11
174 199 10 12
174 200 10 13
174 201 10 14
174 202 10 15
174 203 10 16
174 204 10 9
174 205 10 10
174 206 10 11
174 207 10 12
174 208 10 13
175 189 10 10
175 190 10 11
175 191 10 12
175 192 10 13
175 193 10 14
175 194 10 15
175 195 10 16
175 196 10 9
175 197 10 10
175 198 10 11
175 199 10 12
175 200 10 13
175 201 10 14
175 202 10 15
175 203 10 16
175 204 10 9
175 205 10 10
175 206 10 11
175 207 10 12
175 208 10 13
176 189 10 10
176 190 10 11
176 191 10 12
176 192 10 13
176 193 10 14
176 194 10 15
176 195 10 16
176 196 10 9
176 197 10 10
176 198 10 11
176 199 10 12
176 200 10 13
176 201 10 14
176 202 10 15
176 203 10 16
176 204 10 9
176 205 10 10
176 206 10 11
176 207 10 12
176 208 10 13
177 189 10 10
177 190 10 11
177 191 10 12
177 192 10 13
177 193 10 14
177 194 10 15
177 195 10 16
177 196 10 9
177 197 10 10
177 198 10 11
177 199 10 12
177 200 10 13
177 201 10 14
177 202 10 15
177 203 10 16
177 204 10 9
177 205 10 10
177 206 10 11
177 207 10 12
177 208 10 13
178 189 10 10
178 190 10 11
178 191 10 12
178 192 10 13
178 193 10 14
178 194 10 15
178 195 10 16
178 196 10 9
178 197 10 10
178 198 10 11
178 199 10 12
178 200 10 13
178 201 10 14
178 202 10 15
178 203 10 16
178 204 10 9
178 205 10 10
178 206 10 11
178 207 10 12
178 208 10 13
179 189 10 10
179 190 10 11
179 191 10 12
179 192 10 13
179 193 10 14
179 194 10 15
179 195 10 16
179 196 10 9
179 197 10 10
179 198 10 11
179 199 10 12
179 200 10 13
179 201 10 14
179 202 10 15
179 203 10 16
179 204 10 9
179 205 10 10
179 206 10 11
179 207 10 12
179 208 10 13
180 189 10 10
180 190 10 11
180 191 10 12
180 192 10 13
180 193 10 14
180 194 10 15
180 195 10 16
180 196 10 9
180 197 10 10
180 198 10 11
180 199 10 12
180 200 10 13
180 201 10 14
180 202 10 15
180 203 10 16
180 204 10 9
180 205 10 10
180 206 10 11
180 207 10 12
180 208 10 13
181 189 10 10
181 190 10 11
181 191 10 12
181 192 10 13
181 193 10 14
181 194 10 15
181 195 10 16
181 196 10 9
181 197 10 10
181 198 10 11
181 199 10 12
181 200 10 13
181 201 10 14
181 202 10 15
181 203 10 16
181 204 10 9
181 205 10 10
181 206 10 11
181 207 10 12
181 208 10 13
182 189 10 10
182 190 10 11
182 191 10 12
182 192 10 13
182 193 10 14
182 194 10 15
182 195 10 16
182 196 10 9
182 197 10 10
182 198 10 11
182 199 10 12
182 200 10 13
182 201 10 14
182 202 10 15
182 203 10 16
182 204 10 9
182 205 10 10
182 206 10 11
182 207 10 12
182 208 10 13
183 189 10 10
183 190 10 11
183 191 10 12
183 192 10 13
183 193 10 14
183 194 10 15
183 195 10 16
183 196 10 9
183 197 10 10
183 198 10 11
183 199 10 12
183 200 10 13
183 201 10 14
183 202 10 15
183 203 10 16
183 204 10 9
183 205 10 10
183 206 10 11
183 207 10 12
183 208 10 13
184 189 10 10
184 190 10 11
184 191 10 12
184 192 10 13
184 193 10 14
184 194 10 15
184 195 10 16
184 196 10 9
184 197 10 10
184 198 10 11
184 199 10 12
184 200 10 13
184 201 10 14
184 202 10 15
184 203 10 16
184 204 10 9
184 205 10 10
184 206 10 11
184 207 10 12
184 208 10 13
185 189 10 10
185 190 10 11
185 191 10 12
185 192 10 13
185 193 10 14
185 194 10 15
185 195 10 16
185 196 10 9
185 197 10 10
185 198 10 11
185 199 10 12
185 200 10 13
185 201 10 14
185 202 10 15
185 203 10 16
185 204 10 9
185 205 10 10
185 206 10 11
185 207 10 12
185 208 10 13
186 189 10 10
186 190 10 11
186 191 10 12
186 192 10 13
186 193 10 14
186 194 10 15
186 195 10 16
186 196 10 9
186 197 10 10
186 198 10 11
186 199 10 12
186 200 10 13
186 201 10 14
186 202 10 15
186 203 10 16
186 204 10 9
186 205 10 10
186 206 10 11
186 207 10 12
186 208 10 13
187 189 10 10
187 190 10 11
187 191 10 12
187 192 10 13
187 193 10 14
187 194 10 15
187 195 10 16
187 196 10 9
187 197 10 10
187 198 10 11
187 199 10 12
187 200 10 13
187 201 10 14
187 202 10 15
187 203 10 16
187 204 10 9
187 205 10 10
187 206 10 11
187 207 10 12
187 208 10 13
188 189 10 10
188 190 10 11
188 191 10 12
188 192 10 13
188 193 10 14
188 194 10 15
188 195 10 16
188 196 10 9
188 197 10 10
188 198 10 11
188 199 10 12
188 200 10 13
188 201 10 14
188 202 10 15
188 203 10 16
188 204 10 9
188 205 10 10
188 206 10 11
188 207 10 12
188 208 10 13
189 209 10 11
189 210 10 12
189 211 10 13
189 212 10 14
189 213 10 15
189 214 10 16
189 215 10 1
189 216 10 10
189 217 10 11
189 218 10 12
189 219 10 13
189 220 10 14
189 221 10 15
189 222 10 16
189 223 10 1
189 224 10 10
189 225 10 11
189 226 10 12
189 227 10 13
189 228 10 14
190 209 10 11
190 210 10 12
190 211 10 13
190 212 10 14
190 213 10 15
190 214 10 16
190 215 10 1
190 216 10 10
190 217 10 11
190 218 10 12
190 219 10 13
190 220 10 14
190 221 10 15
190 222 10 16
190 223 10 1
190 224 10 10
190 225 10 11
190 226 10 12
190 227 10 13
190 228 10 14
191 209 10 11
191 210 10 12
191 211 10 13
191 212 10 14
191 213 10 15
191 214 10 16
191 215 10 1
191 216 10 10
191 217 10 11
191 218 10 12
191 219 10 13
191 220 10 14
191 221 10 15
191 222 10 16
191 223 10 1
191 224 10 10
191 225 10 11
191 226 10 12
191 227 10 13
191 228 10 14
192 209 10 11
192 210 10 12
192 211 10 13
192 212 10 14
192 213 10 15
192 214 10 16
192 215 10 1
192 216 10 10
192 217 10 11
192 218 10 12
192 219 10 13
192 220 10 14
192 221 10 15
192 222 10 16
192 223 10 1
192 224 10 10
192 225 10 11
192 226 10 12
192 227 10 13
192 228 10 14
193 209 10 11
193 210 10 12
193 211 10 13
193 212 10 14
193 213 10 15
193 214 10 16
193 215 10 1
193 216 10 10
193 217 10 11
193 218 10 12
193 219 10 13
193 220 10 14
193 221 10 15
193 222 10 16
193 223 10 1
193 224 10 10
193 225 10 11
193 226 10 12
193 227 10 13
193 228 10 14
194 209 10 11
194 210 10 12
194 211 10 13
194 212 10 14
194 213 10 15
194 214 10 16
194 215 10 1
194 216 10 10
194 217 10 11
194 218 10 12
194 219 10 13
194 220 10 14
194 221 10 15
194 222 10 16
194 223 10 1
194 224 10 10
194 225 10 11
194 226 10 12
194 227 10 13
194 228 10 14
195 209 10 11
195 210 10 12
195 211 10 13
195 212 10 14
195 213 10 15
195 214 10 16
195 215 10 1
195 216 10 10
195 217 10 11
195 218 10 12
195 219 10 13
195 220 10 14
195 221 10 15
195 222 10 16
195 223 10 1
195 224 10 10
195 225 10 11
195 226 10 12
195 227 10 13
195 228 10 14
196 209 10 11
196 210 10 12
196 211 10 13
196 212 10 14
196 213 10 15
196 214 10 16
196 215 10 1
196 216 10 10
196 217 10 11
196 218 10 12
196 219 10 13
196 220 10 14
196 221 10 15
196 222 10 16
196 223 10 1
196 224 10 10
196 225 10 11
196 226 10 12
196 227 10 13
196 228 10 14
197 209 10 11
197 210 10 12
197 211 10 13
197 212 10 14
197 213 10 15
197 214 10 16
197 215 10 1
197 216 10 10
197 217 10 11
197 218 10 12
197 219 10 13
197 220 10 14
197 221 10 15
197 222 10 16
197 223 10 1
197 224 10 10
197 225 10 11
197 226 10 12
197 227 10 13
197 228 10 14
198 209 10 11
198 210 10 12
198 211 10 13
198 212 10 14
198 213 10 15
198 214 10 16
198 215 10 1
198 216 10 10
198 217 10 11
198 218 10 12
198 219 10 13
198 220 10 14
198 221 10 15
198 222 10 16
198 223 10 1
198 224 10 10
198 225 10 11
198 226 10 12
198 227 10 13
198 228 10 14
199 209 10 11
199 210 10 12
199 211 10 13
199 212 10 14
199 213 10 15
199 214 10 16
199 215 10 1
199 216 10 10
199 217 10 11
199 218 10 12
199 219 10 13
199 220 10 14
199 221 10 15
199 222 10 16
199 223 10 1
199 224 10 10
199 225 10 11
199 226 10 12
199 227 10 13
199 228 10 14
200 209 10 11
200 210 10 12
200 211 10 13
200 212 10 14
200 213 10 15
200 214 10 16
200 215 10 1
200 216 10 10
200 217 10 11
200 218 10 12
200 219 10 13
200 220 10 14
200 221 10 15
200 222 10 16
200 223 10 1
200 224 10 10
200 225 10 11
200 226 10 12
200 227 10 13
200 228 10 14
201 209 10 11
201 210 10 12
201 211 10 13
201 212 10 14
201 213 10 15
201 214 10 16
201 215 10 1
201 216 10 10
201 217 10 11
201 218 10 12
201 219 10 13
201 220 10 14
201 221 10 15
201 222 10 16
201 223 10 1
201 224 10 10
201 225 10 11
201 226 10 12
201 227 10 13
201 228 10 14
202 209 10 11
202 210 10 12
202 211 10 13
202 212 10 14
202 213 10 15
202 214 10 16
202 215 10 1
202 216 10 10
202 217 10 11
202 218 10 12
202 219 10 13
202 220 10 14
202 221 10 15
202 222 10 16
202 223 10 1
202 224 10 10
202 225 10 11
202 226 10 12
202 227 10 13
202 228 10 14
203 209 10 11
203 210 10 12
203 211 10 13
203 212 10 14
203 213 10 15
203 214 10 16
203 215 10 1
203 216 10 10
203 217 10 11
203 218 10 12
203 219 10 13
203 220 10 14
203 221 10 15
203 222 10 16
203 223 10 1
203 224 10 10
203 225 10 11
203 226 10 12
203 227 10 13
203 228 10 14
204 209 10 11
204 210 10 12
204 211 10 13
204 212 10 14
204 213 10 15
204 214 10 16
204 215 10 1
204 216 10 10
204 217 10 11
204 218 10 12
204 219 10 13
204 220 10 14
204 221 10 15
204 222 10 16
204 223 10 1
204 224 10 10
204 225 10 11
204 226 10 12
204 227 10 13
204 228 10 14
205 209 10 11
205 210 10 12
205 211 10 13
205 212 10 14
205 213 10 15
205 214 10 16
205 215 10 1
205 216 10 10
205 217 10 11
205 218 10 12
205 219 10 13
205 220 10 14
205 221 10 15
205 222 10 16
205 223 10 1
205 224 10 10
205 225 10 11
205 226 10 12
205 227 10 13
205 228 10 14
206 209 10 11
206 210 10 12
206 211 10 13
206 212 10 14
206 213 10 15
206 214 10 16
206 215 10 1
206 216 10 10
206 217 10 11
206 218 10 12
206 219 10 13
206 220 10 14
206 221 10 15
206 222 10 16
206 223 10 1
206 224 10 10
206 225 10 11
206 226 10 12
206 227 10 13
206 228 10 14
207 209 10 11
207 210 10 12
207 211 10 13
207 212 10 14
207 213 10 15
207 214 10 16
207 215 10 1
207 216 10 10
207 217 10 11
207 218 10 12
207 219 10 13
207 220 10 14
207 221 10 15
207 222 10 16
207 223 10 1
207 224 10 10
207 225 10 11
207 226 10 12
207 227 10 13
207 228 10 14
208 209 10 11
208 210 10 12
208 211 10 13
208 212 10 14
208 213 10 15
208 214 10 16
208 215 10 1
208 216 10 10
208 217 10 11
208 218 10 12
208 219 10 13
208 220 10 14
208 221 10 15
208 222 10 16
208 223 10 1
208 224 10 10
208 225 10 11
208 226 10 12
208 227 10 13
208 228 10 14
209 229 10 12
209 230 10 13
209 231 10 14
209 232 10 15
209 233 10 16
209 234 10 1
209 235 10 2
209 236 10 11
209 237 10 12
209 238 10 13
209 239 10 14
209 240 10 15
209 241 10 16
209 242 10 1
209 243 10 2
209 244 10 11
209 245 10 12
209 246 10 13
209 247 10 14
209 248 10 15
210 229 10 12
210 230 10 13
210 231 10 14
210 232 10 15
210 233 10 16
210 234 10 1
210 235 10 2
210 236 10 11
210 237 10 12
210 238 10 13
210 239 10 14
210 240 10 15
210 241 10 16
210 242 10 1
210 243 10 2
210 244 10 11
210 245 10 12
210 246 10 13
210 247 10 14
210 248 10 15
211 229 10 12
211 230 10 13
211 231 10 14
211 232 10 15
211 233 10 16
211 234 10 1
211 235 10 2
211 236 10 11
211 237 10 12
211 238 10 13
211 239 10 14
211 240 10 15
211 241 10 16
211 242 10 1
211 243 10 2
211 244 10 11
211 245 10 12
211 246 10 13
211 247 10 14
211 248 10 15
212 229 10 12
212 230 10 13
212 231 10 14
212 232 10 15
212 233 10 16
212 234 10 1
212 235 10 2
212 236 10 11
212 237 10 12
212 238 10 13
212 239 10 14
212 240 10 15
212 241 10 16
212 242 10 1
212 243 10 2
212 244 10 11
212 245 10 12
212 246 10 13
212 247 10 14
212 248 10 15
213 229 10 12
213 230 10 13
213 231 10 14
213 232 10 15
213 233 10 16
213 234 10 1
213 235 10 2
213 236 10 11
213 237 10 12
213 238 10 13
213 239 10 14
213 240 10 15
213 241 10 16
213 242 10 1
213 243 10 2
213 244 10 11
213 245 10 12
213 246 10 13
213 247 10 14
213 248 10 15
214 229 10 12
214 230 10 13
214 231 10 14
214 232 10 15
214 233 10 16
214 234 10 1
214 235 10 2
214 236 10 11
214 237 10 12
214 238 10 13
214 239 10 14
214 240 10 15
214 241 10 16
214 242 10 1
214 243 10 2
214 244 10 11
214 245 10 12
214 246 10 13
214 247 10 14
214 248 10 15
215 229 10 12
215 230 10 13
215 231 10 14
215 232 10 15
215 233 10 16
215 234 10 1
215 235 10 2
215 236 10 11
215 237 10 12
215 238 10 13
215 239 10 14
215 240 10 15
215 241 10 16
215 242 10 1
215 243 10 2
215 244 10 11
215 245 10 12
215 246 10 13
215 247 10 14
215 248 10 15
216 229 10 12
216 230 10 13
216 231 10 14
216 232 10 15
216 233 10 16
216 234 10 1
216 235 10 2
216 236 10 11
216 237 10 12
216 238 10 13
216 239 10 14
216 240 10 15
216 241 10 16
216 242 10 1
216 243 10 2
216 244 10 11
216 245 10 12
216 246 10 13
216 247 10 14
216 248 10 15
217 229 10 12
217 230 10 13
217 231 10 14
217 232 10 15
217 233 10 16
217 234 10 1
217 235 10 2
217 236 10 11
217 237 10 12
217 238 10 13
217 239 10 14
217 240 10 15
217 241 10 16
217 242 10 1
217 243 10 2
217 244 10 11
217 245 10 12
217 246 10 13
217 247 10 14
217 248 10 15
218 229 10 12
218 230 10 13
218 231 10 14
218 232 10 15
218 233 10 16
218 234 10 1
218 235 10 2
218 236 10 11
218 237 10 12
218 238 10 13
218 239 10 14
218 240 10 15
218 241 10 16
218 242 10 1
218 243 10 2
218 244 10 11
218 245 10 12
218 246 10 13
218 247 10 14
218 248 10 15
219 229 10 12
219 230 10 13
219 231 10 14
219 232 10 15
219 233 10 16
219 234 10 1
219 235 10 2
219 236 10 11
219 237 10 12
219 238 10 13
219 239 10 14
219 240 10 15
219 241 10 16
219 242 10 1
219 243 10 2
219 244 10 11
219 245 10 12
219 246 10 13
219 247 10 14
219 248 10 15
220 229 10 12
220 230 10 13
220 231 10 14
220 232 10 15
220 233 10 16
220 234 10 1
220 235 10 2
220 236 10 11
220 237 10 12
220 238 10 13
220 239 10 14
220 240 10 15
220 241 10 16
220 242 10 1
220 243 10 2
220 244 10 11
220 245 10 12
220 246 10 13
220 247 10 14
220 248 10 15
221 229 10 12
221 230 10 13
221 231 10 14
221 232 10 15
221 233 10 16
221 234 10 1
221 235 10 2
221 236 10 11
221 237 10 12
221 238 10 13
221 239 10 14
221 240 10 15
221 241 10 16
221 242 10 1
221 243 10 2
221 244 10 11
221 245 10 12
221 246 10 13
221 247 10 14
221 248 10 15
222 229 10 12
222 230 10 13
222 231 10 14
222 232 10 15
222 233 10 16
222 234 10 1
222 235 10 2
222 236 10 11
222 237 10 12
222 238 10 13
222 239 10 14
222 240 10 15
222 241 10 16
222 242 10 1
222 243 10 2
222 244 10 11
222 245 10 12
222 246 10 13
222 247 10 14
222 248 10 15
223 229 10 12
223 230 10 13
223 231 10 14
223 232 10 15
223 233 10 16
223 234 10 1
223 235 10 2
223 236 10 11
223 237 10 12
223 238 10 13
223 239 10 14
223 240 10 15
223 241 10 16
223 242 10 1
223 243 10 2
223 244 10 11
223 245 10 12
223 246 10 13
223 247 10 14
223 248 10 15
224 229 10 12
224 230 10 13
224 231 10 14
224 232 10 15
224 233 10 16
224 234 10 1
224 235 10 2
224 236 10 11
224 237 10 12
224 238 10 13
224 239 10 14
224 240 10 15
224 241 10 16
224 242 10 1
224 243 10 2
224 244 10 11
224 245 10 12
224 246 10 13
224 247 10 14
224 248 10 15
225 229 10 12
225 230 10 13
225 231 10 14
225 232 10 15
225 233 10 16
225 234 10 1
225 235 10 2
225 236 10 11
225 237 10 12
225 238 10 13
225 239 10 14
225 240 10 15
225 241 10 16
225 242 10 1
225 243 10 2
225 244 10 11
225 245 10 12
225 246 10 13
225 247 10 14
225 248 10 15
226 229 10 12
226 230 10 13
226 231 10 14
226 232 10 15
226 233 10 16
226 234 10 1
226 235 10 2
226 236 10 11
226 237 10 12
226 238 10 13
226 239 10 14
226 240 10 15
226 241 10 16
226 242 10 1
226 243 10 2
226 244 10 11
226 245 10 12
226 246 10 13
226 247 10 14
226 248 10 15
227 229 10 12
227 230 10 13
227 231 10 14
227 232 10 15
227 233 10 16
227 234 10 1
227 235 10 2
227 236 10 11
227 237 10 12
227 238 10 13
227 239 10 14
227 240 10 15
227 241 10 16
227 242 10 1
227 243 10 2
227 244 10 11
227 245 10 12
227 246 10 13
227 247 10 14
227 248 10 15
228 229 10 12
228 230 10 13
228 231 10 14
228 232 10 15
228 233 10 16
228 234 10 1
228 235 10 2
228 236 10 11
228 237 10 12
228 238 10 13
228 239 10 14
228 240 10 15
228 241 10 16
228 242 10 1
228 243 10 2
228 244 10 11
228 245 10 12
228 246 10 13
228 247 10 14
228 248 10 15
229 249 10 13
229 250 10 14
229 251 10 15
229 252 10 16
229 253 10 1
229 254 10 2
229 255 10 3
229 256 10 12
229 257 10 13
229 258 10 14
229 259 10 15
229 260 10 16
229 261 10 1
229 262 10 2
229 263 10 3
229 264 10 12
229 265 10 13
229 266 10 14
229 267 10 15
229 268 10 16
230 249 10 13
230 250 10 14
230 251 10 15
230 252 10 16
230 253 10 1
230 254 10 2
230 255 10 3
230 256 10 12
230 257 10 13
230 258 10 14
230 259 10 15
230 260 10 16
230 261 10 1
230 262 10 2
230 263 10 3
230 264 10 12
230 265 10 13
230 266 10 14
230 267 10 15
230 268 10 16
231 249 10 13
231 250 10 14
231 251 10 15
231 252 10 16
231 253 10 1
231 254 10 2
231 255 10 3
231 256 10 12
231 257 10 13
231 258 10 14
231 259 10 15
231 260 10 16
231 261 10 1
231 262 10 2
231 263 10 3
231 264 10 12
231 265 10 13
231 266 10 14
231 267 10 15
231 268 10 16
232 249 10 13
232 250 10 14
232 251 10 15
232 252 10 16
232 253 10 1
232 254 10 2
232 255 10 3
232 256 10 12
232 257 10 13
232 258 10 14
232 259 10 15
232 260 10 16
232 261 10 1
232 262 10 2
232 263 10 3
232 264 10 12
232 265 10 13
232 266 10 14
232 267 10 15
232 268 10 16
233 249 10 13
233 250 10 14
233 251 10 15
233 252 10 16
233 253 10 1
233 254 10 2
233 255 10 3
233 256 10 12
233 257 10 13
233 258 10 14
233 259 10 15
233 260 10 16
233 261 10 1
233 262 10 2
233 263 10 3
233 264 10 12
233 265 10 13
233 266 10 14
233 267 10 15
233 268 10 16
234 249 10 13
234 250 10 14
234 251 10 15
234 252 10 16
234 253 10 1
234 254 10 2
234 255 10 3
234 256 10 12
234 257 10 13
234 258 10 14
234 259 10 15
234 260 10 16
234 261 10 1
234 262 10 2
234 263 10 3
234 264 10 12
234 265 10 13
234 266 10 14
234 267 10 15
234 268 10 16
235 249 10 13
235 250 10 14
235 251 10 15
235 252 10 16
235 253 10 1
235 254 10 2
235 255 10 3
235 256 10 12
235 257 10 13
235 258 10 14
235 259 10 15
235 260 10 16
235 261 10 1
235 262 10 2
235 263 10 3
235 264 10 12
235 265 10 13
235 266 10 14
235 267 10 15
235 268 10 16
236 249 10 13
236 250 10 14
236 251 10 15
236 252 10 16
236 253 10 1
236 254 10 2
236 255 10 3
236 256 10 12
236 257 10 13
236 258 10 14
236 259 10 15
236 260 10 16
236 261 10 1
236 262 10 2
236 263 10 3
236 264 10 12
236 265 10 13
236 266 10 14
236 267 10 15
236 268 10 16
237 249 10 13
237 250 10 14
237 251 10 15
237 252 10 16
237 253 10 1
237 254 10 2
237 255 10 3
237 256 10 12
237 257 10 13
237 258 10 14
237 259 10 15
237 260 10 16
237 261 10 1
237 262 10 2
237 263 10 3
237 264 10 12
237 265 10 13
237 266 10 14
237 267 10 15
237 268 10 16
238 249 10 13
238 250 10 14
238 251 10 15
238 252 10 16
238 253 10 1
238 254 10 2
238 255 10 3
238 256 10 12
238 257 10 13
238 258 10 14
238 259 10 15
238 260 10 16
238 261 10 1
238 262 10 2
238 263 10 3
238 264 10 12
238 265 10 13
238 266 10 14
238 267 10 15
238 268 10 16
239 249 10 13
239 250 10 14
239 251 10 15
239 252 10 16
239 253 10 1
239 254 10 2
239 255 10 3
239 256 10 12
239 257 10 13
239 258 10 14
239 259 10 15
239 260 10 16
239 261 10 1
239 262 10 2
239 263 10 3
239 264 10 12
239 265 10 13
239 266 10 14
239 267 10 15
239 268 10 16
240 249 10 13
240 250 10 14
240 251 10 15
240 252 10 16
240 253 10 1
240 254 10 2
240 255 10 3
240 256 10 12
240 257 10 13
240 258 10 14
240 259 10 15
240 260 10 16
240 261 10 1
240 262 10 2
240 263 10 3
240 264 10 12
240 265 10 13
240 266 10 14
240 267 10 15
240 268 10 16
241 249 10 13
241 250 10 14
241 251 10 15
241 252 10 16
241 253 10 1
241 254 10 2
241 255 10 3
241 256 10 12
241 257 10 13
241 258 10 14
241 259 10 15
241 260 10 16
241 261 10 1
241 262 10 2
241 263 10 3
241 264 10 12
241 265 10 13
241 266 10 14
241 267 10 15
241 268 10 16
242 249 10 13
242 250 10 14
242 251 10 15
242 252 10 16
242 253 10 1
242 254 10 2
242 255 10 3
242 256 10 12
242 257 10 13
242 258 10 14
242 259 10 15
242 260 10 16
242 261 10 1
242 262 10 2
242 263 10 3
242 264 10 12
242 265 10 13
242 266 10 14
242 267 10 15
242 268 10 16
243 249 10 13
243 250 10 14
243 251 10 15
243 252 10 16
243 253 10 1
243 254 10 2
243 255 10 3
243 256 10 12
243 257 10 13
243 258 10 14
243 259 10 15
243 260 10 16
243 261 10 1
243 262 10 2
243 263 10 3
243 264 10 12
243 265 10 13
243 266 10 14
243 267 10 15
243 268 10 16
244 249 10 13
244 250 10 14
244 251 10 15
244 252 10 16
244 253 10 1
244 254 10 2
244 255 10 3
244 256 10 12
244 257 10 13
244 258 10 14
244 259 10 15
244 260 10 16
244 261 10 1
244 262 10 2
244 263 10 3
244 264 10 12
244 265 10 13
244 266 10 14
244 267 10 15
244 268 10 16
245 249 10 13
245 250 10 14
245 251 10 15
245 252 10 16
245 253 10 1
245 254 10 2
245 255 10 3
245 256 10 12
245 257 10 13
245 258 10 14
245 259 10 15
245 260 10 16
245 261 10 1
245 262 10 2
245 263 10 3
245 264 10 12
245 265 10 13
245 266 10 14
245 267 10 15
245 268 10 16
246 249 10 13
246 250 10 14
246 251 10 15
246 252 10 16
246 253 10 1
246 254 10 2
246 255 10 3
246 256 10 12
246 257 10 13
246 258 10 14
246 259 10 15
246 260 10 16
246 261 10 1
246 262 10 2
246 263 10 3
246 264 10 12
246 265 10 13
246 266 10 14
246 267 10 15
246 268 10 16
247 249 10 13
247 250 10 14
247 251 10 15
247 252 10 16
247 253 10 1
247 254 10 2
247 255 10 3
247 256 10 12
247 257 10 13
247 258 10 14
247 259 10 15
247 260 10 16
247 261 10 1
247 262 10 2
247 263 10 3
247 264 10 12
247 265 10 13
247 266 10 14
247 267 10 15
247 268 10 16
248 249 10 13
248 250 10 14
248 251 10 15
248 252 10 16
248 253 10 1
248 254 10 2
248 255 10 3
248 256 10 12
248 257 10 13
248 258 10 14
248 259 10 15
248 260 10 16
248 261 10 1
248 262 10 2
248 263 10 3
248 264 10 12
248 265 10 13
248 266 10 14
248 267 10 15
248 268 10 16
249 269 10 14
249 270 10 15
249 271 10 16
249 272 10 1
249 273 10 2
249 274 10 3
249 275 10 4
249 276 10 13
249 277 10 14
249 278 10 15
249 279 10 16
249 280 10 1
249 281 10 2
249 282 10 3
249 283 10 4
249 284 10 13
249 285 10 14
249 286 10 15
249 287 10 16
249 288 10 1
250 269 10 14
250 270 10 15
250 271 10 16
250 272 10 1
250 273 10 2
250 274 10 3
250 275 10 4
250 276 10 13
250 277 10 14
250 278 10 15
250 279 10 16
250 280 10 1
250 281 10 2
250 282 10 3
250 283 10 4
250 284 10 13
250 285 10 14
250 286 10 15
250 287 10 16
250 288 10 1
251 269 10 14
251 270 10 15
251 271 10 16
251 272 10 1
251 273 10 2
251 274 10 3
251 275 10 4
251 276 10 13
251 277 10 14
251 278 10 15
251 279 10 16
251 280 10 1
251 281 10 2
251 282 10 3
251 283 10 4
251 284 10 13
251 285 10 14
251 286 10 15
251 287 10 16
251 288 10 1
252 269 10 14
252 270 10 15
252 271 10 16
252 272 10 1
252 273 10 2
252 274 10 3
252 275 10 4
252 276 10 13
252 277 10 14
252 278 10 15
252 279 10 16
252 280 10 1
252 281 10 2
252 282 10 3
252 283 10 4
252 284 10 13
252 285 10 14
252 286 10 15
252 287 10 16
252 288 10 1
253 269 10 14
253 270 10 15
253 271 10 16
253 272 10 1
253 273 10 2
253 274 10 3
253 275 10 4
253 276 10 13
253 277 10 14
253 278 10 15
253 279 10 16
253 280 10 1
253 281 10 2
253 282 10 3
253 283 10 4
253 284 10 13
253 285 10 14
253 286 10 15
253 287 10 16
253 288 10 1
254 269 10 14
254 270 10 15
254 271 10 16
254 272 10 1
254 273 10 2
254 274 10 3
254 275 10 4
254 276 10 13
254 277 10 14
254 278 10 15
254 279 10 16
254 280 10 1
254 281 10 2
254 282 10 3
254 283 10 4
254 284 10 13
254 285 10 14
254 286 10 15
254 287 10 16
254 288 10 1
255 269 10 14
255 270 10 15
255 271 10 16
255 272 10 1
255 273 10 2
255 274 10 3
255 275 10 4
255 276 10 13
255 277 10 14
255 278 10 15
255 279 10 16
255 280 10 1
255 281 10 2
255 282 10 3
255 283 10 4
255 284 10 13
255 285 10 14
255 286 10 15
255 287 10 16
255 288 10 1
256 269 10 14
256 270 10 15
256 271 10 16
256 272 10 1
256 273 10 2
256 274 10 3
256 275 10 4
256 276 10 13
256 277 10 14
256 278 10 15
256 279 10 16
256 280 10 1
256 281 10 2
256 282 10 3
256 283 10 4
256 284 10 13
256 285 10 14
256 286 10 15
256 287 10 16
256 288 10 1
257 269 10 14
257 270 10 15
257 271 10 16
257 272 10 1
257 273 10 2
257 274 10 3
257 275 10 4
257 276 10 13
257 277 10 14
257 278 10 15
257 279 10 16
257 280 10 1
257 281 10 2
257 282 10 3
257 283 10 4
257 284 10 13
257 285 10 14
257 286 10 15
257 287 10 16
257 288 10 1
258 269 10 14
258 270 10 15
258 271 10 16
258 272 10 1
258 273 10 2
258 274 10 3
258 275 10 4
258 276 10 13
258 277 10 14
258 278 10 15
258 279 10 16
258 280 10 1
258 281 10 2
258 282 10 3
258 283 10 4
258 284 10 13
258 285 10 14
258 286 10 15
258 287 10 16
258 288 10 1
259 269 10 14
259 270 10 15
259 271 10 16
259 272 10 1
259 273 10 2
259 274 10 3
259 275 10 4
259 276 10 13
259 277 10 14
259 278 10 15
259 279 10 16
259 280 10 1
259 281 10 2
259 282 10 3
259 283 10 4
259 284 10 13
259 285 10 14
259 286 10 15
259 287 10 16
259 288 10 1
260 269 10 14
260 270 10 15
260 271 10 16
260 272 10 1
260 273 10 2
260 274 10 3
260 275 10 4
260 276 10 13
260 277 10 14
260 278 10 15
260 279 10 16
260 280 10 1
260 281 10 2
260 282 10 3
260 283 10 4
260 284 10 13
260 285 10 14
260 286 10 15
260 287 10 16
260 288 10 1
261 269 10 14
261 270 10 15
261 271 10 16
261 272 10 1
261 273 10 2
261 274 10 3
261 275 10 4
261 276 10 13
261 277 10 14
261 278 10 15
261 279 10 16
261 280 10 1
261 281 10 2
261 282 10 3
261 283 10 4
261 284 10 13
261 285 10 14
261 286 10 15
261 287 10 16
261 288 10 1
262 269 10 14
262 270 10 15
262 271 10 16
262 272 10 1
262 273 10 2
262 274 10 3
262 275 10 4
262 276 10 13
262 277 10 14
262 278 10 15
262 279 10 16
262 280 10 1
262 281 10 2
262 282 10 3
262 283 10 4
262 284 10 13
262 285 10 14
262 286 10 15
262 287 10 16
262 288 10 1
263 269 10 14
263 270 10 15
263 271 10 16
263 272 10 1
263 273 10 2
263 274 10 3
263 275 10 4
263 276 10 13
263 277 10 14
263 278 10 15
263 279 10 16
263 280 10 1
263 281 10 2
263 282 10 3
263 283 10 4
263 284 10 13
263 285 10 14
263 286 10 15
263 287 10 16
263 288 10 1
264 269 10 14
264 270 10 15
264 271 10 16
264 272 10 1
264 273 10 2
264 274 10 3
264 275 10 4
264 276 10 13
264 277 10 14
264 278 10 15
264 279 10 16
264 280 10 1
264 281 10 2
264 282 10 3
264 283 10 4
264 284 10 13
264 285 10 14
264 286 10 15
264 287 10 16
264 288 10 1
265 269 10 14
265 270 10 15
265 271 10 16
265 272 10 1
265 273 10 2
265 274 10 3
265 275 10 4
265 276 10 13
265 277 10 14
265 278 10 15
265 279 10 16
265 280 10 1
265 281 10 2
265 282 10 3
265 283 10 4
265 284 10 13
265 285 10 14
265 286 10 15
265 287 10 16
265 288 10 1
266 269 10 14
266 270 10 15
266 271 10 16
266 272 10 1
266 273 10 2
266 274 10 3
266 275 10 4
266 276 10 13
266 277 10 14
266 278 10 15
266 279 10 16
266 280 10 1
266 281 10 2
266 282 10 3
266 283 10 4
266 284 10 13
266 285 10 14
266 286 10 15
266 287 10 16
266 288 10 1
267 269 10 14
267 270 10 15
267 271 10 16
267 272 10 1
267 273 10 2
267 274 10 3
267 275 10 4
267 276 10 13
267 277 10 14
267 278 10 15
267 279 10 16
267 280 10 1
267 281 10 2
267 282 10 3
267 283 10 4
267 284 10 13
267 285 10 14
267 286 10 15
267 287 10 16
267 288 10 1
268 269 10 14
268 270 10 15
268 271 10 16
268 272 10 1
268 273 10 2
268 274 10 3
268 275 10 4
268 276 10 13
268 277 10 14
268 278 10 15
268 279 10 16
268 280 10 1
268 281 10 2
268 282 10 3
268 283 10 4
268 284 10 13
268 285 10 14
268 286 10 15
268 287 10 16
268 288 10 1
269 289 10 15
269 290 10 16
269 291 10 1
269 292 10 2
269 293 10 3
269 294 10 4
269 295 10 5
269 296 10 14
269 297 10 15
269 298 10 16
269 299 10 1
269 300 10 2
269 301 10 3
269 302 10 4
269 303 10 5
269 304 10 14
269 305 10 15
269 306 10 16
269 307 10 1
269 308 10 2
270 289 10 15
270 290 10 16
270 291 10 1
270 292 10 2
270 293 10 3
270 294 10 4
270 295 10 5
270 296 10 14
270 297 10 15
270 298 10 16
270 299 10 1
270 300 10 2
270 301 10 3
270 302 10 4
270 303 10 5
270 304 10 14
270 305 10 15
270 306 10 16
270 307 10 1
270 308 10 2
271 289 10 15
271 290 10 16
271 291 10 1
271 292 10 2
271 293 10 3
271 294 10 4
271 295 10 5
271 296 10 14
271 297 10 15
271 298 10 16
271 299 10 1
271 300 10 2
271 301 10 3
271 302 10 4
271 303 10 5
271 304 10 14
271 305 10 15
271 306 10 16
271 307 10 1
271 308 10 2
272 289 10 15
272 290 10 16
272 291 10 1
272 292 10 2
272 293 10 3
272 294 10 4
272 295 10 5
272 296 10 14
272 297 10 15
272 298 10 16
272 299 10 1
272 300 10 2
272 301 10 3
272 302 10 4
272 303 10 5
272 304 10 14
272 305 10 15
272 306 10 16
272 307 10 1
272 308 10 2
273 289 10 15
273 290 10 16
273 291 10 1
273 292 10 2
273 293 10 3
273 294 10 4
273 295 10 5
273 296 10 14
273 297 10 15
273 298 10 16
273 299 10 1
273 300 10 2
273 301 10 3
273 302 10 4
273 303 10 5
273 304 10 14
273 305 10 15
273 306 10 16
273 307 10 1
273 308 10 2
274 289 10 15
274 290 10 16
274 291 10 1
274 292 10 2
274 293 10 3
274 294 10 4
274 295 10 5
274 296 10 14
274 297 10 15
274 298 10 16
274 299 10 1
274 300 10 2
274 301 10 3
274 302 10 4
274 303 10 5
274 304 10 14
274 305 10 15
274 306 10 16
274 307 10 1
274 308 10 2
275 289 10 15
275 290 10 16
275 291 10 1
275 292 10 2
275 293 10 3
275 294 10 4
275 295 10 5
275 296 10 14
275 297 10 15
275 298 10 16
275 299 10 1
275 300 10 2
275 301 10 3
275 302 10 4
275 303 10 5
275 304 10 14
275 305 10 15
275 306 10 16
275 307 10 1
275 308 10 2
276 289 10 15
276 290 10 16
276 291 10 1
276 292 10 2
276 293 10 3
276 294 10 4
276 295 10 5
276 296 10 14
276 297 10 15
276 298 10 16
276 299 10 1
276 300 10 2
276 301 10 3
276 302 10 4
276 303 10 5
276 304 10 14
276 305 10 15
276 306 10 16
276 307 10 1
276 308 10 2
277 289 10 15
277 290 10 16
277 291 10 1
277 292 10 2
277 293 10 3
277 294 10 4
277 295 10 5
277 296 10 14
277 297 10 15
277 298 10 16
277 299 10 1
277 300 10 2
277 301 10 3
277 302 10 4
277 303 10 5
277 304 10 14
277 305 10 15
277 306 10 16
277 307 10 1
277 308 10 2
278 289 10 15
278 290 10 16
278 291 10 1
278 292 10 2
278 293 10 3
278 294 10 4
278 295 10 5
278 296 10 14
278 297 10 15
278 298 10 16
278 299 10 1
278 300 10 2
278 301 10 3
278 302 10 4
278 303 10 5
278 304 10 14
278 305 10 15
278 306 10 16
278 307 10 1
278 308 10 2
279 289 10 15
279 290 10 16
279 291 10 1
279 292 10 2
279 293 10 3
279 294 10 4
279 295 10 5
279 296 10 14
279 297 10 15
279 298 10 16
279 299 10 1
279 300 10 2
279 301 10 3
279 302 10 4
279 303 10 5
279 304 10 14
279 305 10 15
279 306 10 16
279 307 10 1
279 308 10 2
280 289 10 15
280 290 10 16
280 291 10 1
280 292 10 2
280 293 10 3
280 294 10 4
280 295 10 5
280 296 10 14
280 297 10 15
280 298 10 16
280 299 10 1
280 300 10 2
280 301 10 3
280 302 10 4
280 303 10 5
280 304 10 14
280 305 10 15
280 306 10 16
280 307 10 1
280 308 10 2
281 289 10 15
281 290 10 16
281 291 10 1
281 292 10 2
281 293 10 3
281 294 10 4
281 295 10 5
281 296 10 14
281 297 10 15
281 298 10 16
281 299 10 1
281 300 10 2
281 301 10 3
281 302 10 4
281 303 10 5
281 304 10 14
281 305 10 15
281 306 10 16
281 307 10 1
281 308 10 2
282 289 10 15
282 290 10 16
282 291 10 1
282 292 10 2
282 293 10 3
282 294 10 4
282 295 10 5
282 296 10 14
282 297 10 15
282 298 10 16
282 299 10 1
282 300 10 2
282 301 10 3
282 302 10 4
282 303 10 5
282 304 10 14
282 305 10 15
282 306 10 16
282 307 10 1
282 308 10 2
283 289 10 15
283 290 10 16
283 291 10 1
283 292 10 2
283 293 10 3
283 294 10 4
283 295 10 5
283 296 10 14
283 297 10 15
283 298 10 16
283 299 10 1
283 300 10 2
283 301 10 3
283 302 10 4
283 303 10 5
283 304 10 14
283 305 10 15
283 306 10 16
283 307 10 1
283 308 10 2
284 289 10 15
284 290 10 16
284 291 10 1
284 292 10 2
284 293 10 3
284 294 10 4
284 295 10 5
284 296 10 14
284 297 10 15
284 298 10 16
284 299 10 1
284 300 10 2
284 301 10 3
284 302 10 4
284 303 10 5
284 304 10 14
284 305 10 15
284 306 10 16
284 307 10 1
284 308 10 2
285 289 10 15
285 290 10 16
285 291 10 1
285 292 10 2
285 293 10 3
285 294 10 4
285 295 10 5
285 296 10 14
285 297 10 15
285 298 10 16
285 299 10 1
285 300 10 2
285 301 10 3
285 302 10 4
285 303 10 5
285 304 10 14
285 305 10 15
285 306 10 16
285 307 10 1
285 308 10 2
286 289 10 15
286 290 10 16
286 291 10 1
286 292 10 2
286 293 10 3
286 294 10 4
286 295 10 5
286 296 10 14
286 297 10 15
286 298 10 16
286 299 10 1
286 300 10 2
286 301 10 3
286 302 10 4
286 303 10 5
286 304 10 14
286 305 10 15
286 306 10 16
286 307 10 1
286 308 10 2
287 289 10 15
287 290 10 16
287 291 10 1
287 292 10 2
287 293 10 3
287 294 10 4
287 295 10 5
287 296 10 14
287 297 10 15
287 298 10 16
287 299 10 1
287 300 10 2
287 301 10 3
287 302 10 4
287 303 10 5
287 304 10 14
287 305 10 15
287 306 10 16
287 307 10 1
287 308 10 2
288 289 10 15
288 290 10 16
288 291 10 1
288 292 10 2
288 293 10 3
288 294 10 4
288 295 10 5
288 296 10 14
288 297 10 15
288 298 10 16
288 299 10 1
288 300 10 2
288 301 10 3
288 302 10 4
288 303 10 5
288 304 10 14
288 305 10 15
288 306 10 16
288 307 10 1
288 308 10 2
289 309 10 16
289 310 10 1
289 311 10 2
289 312 10 3
289 313 10 4
289 314 10 5
289 315 10 6
289 316 10 15
289 317 10 16
289 318 10 1
289 319 10 2
289 320 10 3
289 321 10 4
289 322 10 5
289 323 10 6
289 324 10 15
289 325 10 16
289 326 10 1
289 327 10 2
289 328 10 3
290 309 10 16
290 310 10 1
290 311 10 2
290 312 10 3
290 313 10 4
290 314 10 5
290 315 10 6
290 316 10 15
290 317 10 16
290 318 10 1
290 319 10 2
290 320 10 3
290 321 10 4
290 322 10 5
290 323 10 6
290 324 10 15
290 325 10 16
290 326 10 1
290 327 10 2
290 328 10 3
291 309 10 16
291 310 10 1
291 311 10 2
291 312 10 3
291 313 10 4
291 314 10 5
291 315 10 6
291 316 10 15
291 317 10 16
291 318 10 1
291 319 10 2
291 320 10 3
291 321 10 4
291 322 10 5
291 323 10 6
291 324 10 15
291 325 10 16
291 326 10 1
291 327 10 2
291 328 10 3
292 309 10 16
292 310 10 1
292 311 10 2
292 312 10 3
292 313 10 4
292 314 10 5
292 315 10 6
292 316 10 15
292 317 10 16
292 318 10 1
292 319 10 2
292 320 10 3
292 321 10 4
292 322 10 5
292 323 10 6
292 324 10 15
292 325 10 16
292 326 10 1
292 327 10 2
292 328 10 3
293 309 10 16
293 310 10 1
293 311 10 2
293 312 10 3
293 313 10 4
293 314 10 5
293 315 10 6
293 316 10 15
293 317 10 16
293 318 10 1
293 319 10 2
293 320 10 3
293 321 10 4
293 322 10 5
293 323 10 6
293 324 10 15
293 325 10 16
293 326 10 1
293 327 10 2
293 328 10 3
294 309 10 16
294 310 10 1
294 311 10 2
294 312 10 3
294 313 10 4
294 314 10 5
294 315 10 6
294 316 10 15
294 317 10 16
294 318 10 1
294 319 10 2
294 320 10 3
294 321 10 4
294 322 10 5
294 323 10 6
294 324 10 15
294 325 10 16
294 326 10 1
294 327 10 2
294 328 10 3
295 309 10 16
295 310 10 1
295 311 10 2
295 312 10 3
295 313 10 4
295 314 10 5
295 315 10 6
295 316 10 15
295 317 10 16
295 318 10 1
295 319 10 2
295 320 10 3
295 321 10 4
295 322 10 5
295 323 10 6
295 324 10 15
295 325 10 16
295 326 10 1
295 327 10 2
295 328 10 3
296 309 10 16
296 310 10 1
296 311 10 2
296 312 10 3
296 313 10 4
296 314 10 5
296 315 10 6
296 316 10 15
296 317 10 16
296 318 10 1
296 319 10 2
296 320 10 3
296 321 10 4
296 322 10 5
296 323 10 6
296 324 10 15
296 325 10 16
296 326 10 1
296 327 10 2
296 328 10 3
297 309 10 16
297 310 10 1
297 311 10 2
297 312 10 3
297 313 10 4
297 314 10 5
297 315 10 6
297 316 10 15
297 317 10 16
297 318 10 1
297 319 10 2
297 320 10 3
297 321 10 4
297 322 10 5
297 323 10 6
297 324 10 15
297 325 10 16
297 326 10 1
297 327 10 2
297 328 10 3
298 309 10 16
298 310 10 1
298 311 10 2
298 312 10 3
298 313 10 4
298 314 10 5
298 315 10 6
298 316 10 15
298 317 10 16
298 318 10 1
298 319 10 2
298 320 10 3
298 321 10 4
298 322 10 5
298 323 10 6
298 324 10 15
298 325 10 16
298 326 10 1
298 327 10 2
298 328 10 3
299 309 10 16
299 310 10 1
299 311 10 2
299 312 10 3
299 313 10 4
299 314 10 5
299 315 10 6
299 316 10 15
299 317 10 16
299 318 10 1
299 319 10 2
299 320 10 3
299 321 10 4
299 322 10 5
299 323 10 6
299 324 10 15
299 325 10 16
299 326 10 1
299 327 10 2
299 328 10 3
300 309 10 16
300 310 10 1
300 311 10 2
300 312 10 3
300 313 10 4
300 314 10 5
300 315 10 6
300 316 10 15
300 317 10 16
300 318 10 1
300 319 10 2
300 320 10 3
300 321 10 4
300 322 10 5
300 323 10 6
300 324 10 15
300 325 10 16
300 326 10 1
300 327 10 2
300 328 10 3
301 309 10 16
301 310 10 1
301 311 10 2
301 312 10 3
301 313 10 4
301 314 10 5
301 315 10 6
301 316 10 15
301 317 10 16
301 318 10 1
301 319 10 2
301 320 10 3
301 321 10 4
301 322 10 5
301 323 10 6
301 324 10 15
301 325 10 16
301 326 10 1
301 327 10 2
301 328 10 3
302 309 10 16
302 310 10 1
302 311 10 2
302 312 10 3
302 313 10 4
302 314 10 5
302 315 10 6
302 316 10 15
302 317 10 16
302 318 10 1
302 319 10 2
302 320 10 3
302 321 10 4
302 322 10 5
302 323 10 6
302 324 10 15
302 325 10 16
302 326 10 1
302 327 10 2
302 328 10 3
303 309 10 16
303 310 10 1
303 311 10 2
303 312 10 3
303 313 10 4
303 314 10 5
303 315 10 6
303 316 10 15
303 317 10 16
303 318 10 1
303 319 10 2
303 320 10 3
303 321 10 4
303 322 10 5
303 323 10 6
303 324 10 15
303 325 10 16
303 326 10 1
303 327 10 2
303 328 10 3
304 309 10 16
304 310 10 1
304 311 10 2
304 312 10 3
304 313 10 4
304 314 10 5
304 315 10 6
304 316 10 15
304 317 10 16
304 318 10 1
304 319 10 2
304 320 10 3
304 321 10 4
304 322 10 5
304 323 10 6
304 324 10 15
304 325 10 16
304 326 10 1
304 327 10 2
304 328 10 3
305 309 10 16
305 310 10 1
305 311 10 2
305 312 10 3
305 313 10 4
305 314 10 5
305 315 10 6
305 316 10 15
305 317 10 16
305 318 10 1
305 319 10 2
305 320 10 3
305 321 10 4
305 322 10 5
305 323 10 6
305 324 10 15
305 325 10 16
305 326 10 1
305 327 10 2
305 328 10 3
306 309 10 16
306 310 10 1
306 311 10 2
306 312 10 3
306 313 10 4
306 314 10 5
306 315 10 6
306 316 10 15
306 317 10 16
306 318 10 1
306 319 10 2
306 320 10 3
306 321 10 4
306 322 10 5
306 323 10 6
306 324 10 15
306 325 10 16
306 326 10 1
306 327 10 2
306 328 10 3
307 309 10 16
307 310 10 1
307 311 10 2
307 312 10 3
307 313 10 4
307 314 10 5
307 315 10 6
307 316 10 15
307 317 10 16
307 318 10 1
307 319 10 2
307 320 10 3
307 321 10 4
307 322 10 5
307 323 10 6
307 324 10 15
307 325 10 16
307 326 10 1
307 327 10 2
307 328 10 3
308 309 10 16
308 310 10 1
308 311 10 2
308 312 10 3
308 313 10 4
308 314 10 5
308 315 10 6
308 316 10 15
308 317 10 16
308 318 10 1
308 319 10 2
308 320 10 3
308 321 10 4
308 322 10 5
308 323 10 6
308 324 10 15
308 325 10 16
308 326 10 1
308 327 10 2
308 328 10 3
309 329 10 1
309 330 10 2
309 331 10 3
309 332 10 4
309 333 10 5
309 334 10 6
309 335 10 7
309 336 10 16
309 337 10 1
309 338 10 2
309 339 10 3
309 340 10 4
309 341 10 5
309 342 10 6
309 343 10 7
309 344 10 16
309 345 10 1
309 346 10 2
309 347 10 3
309 348 10 4
310 329 10 1
310 330 10 2
310 331 10 3
310 332 10 4
310 333 10 5
310 334 10 6
310 335 10 7
310 336 10 16
310 337 10 1
310 338 10 2
310 339 10 3
310 340 10 4
310 341 10 5
310 342 10 6
310 343 10 7
310 344 10 16
310 345 10 1
310 346 10 2
310 347 10 3
310 348 10 4
311 329 10 1
311 330 10 2
311 331 10 3
311 332 10 4
311 333 10 5
311 334 10 6
311 335 10 7
311 336 10 16
311 337 10 1
311 338 10 2
311 339 10 3
311 340 10 4
311 341 10 5
311 342 10 6
311 343 10 7
311 344 10 16
311 345 10 1
311 346 10 2
311 347 10 3
311 348 10 4
312 329 10 1
312 330 10 2
312 331 10 3
312 332 10 4
312 333 10 5
312 334 10 6
312 335 10 7
312 336 10 16
312 337 10 1
312 338 10 2
312 339 10 3
312 340 10 4
312 341 10 5
312 342 10 6
312 343 10 7
312 344 10 16
312 345 10 1
312 346 10 2
312 347 10 3
312 348 10 4
313 329 10 1
313 330 10 2
313 331 10 3
313 332 10 4
313 333 10 5
313 334 10 6
313 335 10 7
313 336 10 16
313 337 10 1
313 338 10 2
313 339 10 3
313 340 10 4
313 341 10 5
313 342 10 6
313 343 10 7
313 344 10 16
313 345 10 1
313 346 10 2
313 347 10 3
313 348 10 4
314 329 10 1
314 330 10 2
314 331 10 3
314 332 10 4
314 333 10 5
314 334 10 6
314 335 10 7
314 336 10 16
314 337 10 1
314 338 10 2
314 339 10 3
314 340 10 4
314 341 10 5
314 342 10 6
314 343 10 7
314 344 10 16
314 345 10 1
314 346 10 2
314 347 10 3
314 348 10 4
315 329 10 1
315 330 10 2
315 331 10 3
315 332 10 4
315 333 10 5
315 334 10 6
315 335 10 7
315 336 10 16
315 337 10 1
315 338 10 2
315 339 10 3
315 340 10 4
315 341 10 5
315 342 10 6
315 343 10 7
315 344 10 16
315 345 10 1
315 346 10 2
315 347 10 3
315 348 10 4
316 329 10 1
316 330 10 2
316 331 10 3
316 332 10 4
316 333 10 5
316 334 10 6
316 335 10 7
316 336 10 16
316 337 10 1
316 338 10 2
316 339 10 3
316 340 10 4
316 341 10 5
316 342 10 6
316 343 10 7
316 344 10 16
316 345 10 1
316 346 10 2
316 347 10 3
316 348 10 4
317 329 10 1
317 330 10 2
317 331 10 3
317 332 10 4
317 333 10 5
317 334 10 6
317 335 10 7
317 336 10 16
317 337 10 1
317 338 10 2
317 339 10 3
317 340 10 4
317 341 10 5
317 342 10 6
317 343 10 7
317 344 10 16
317 345 10 1
317 346 10 2
317 347 10 3
317 348 10 4
318 329 10 1
318 330 10 2
318 331 10 3
318 332 10 4
318 333 10 5
318 334 10 6
318 335 10 7
318 336 10 16
318 337 10 1
318 338 10 2
318 339 10 3
318 340 10 4
318 341 10 5
318 342 10 6
318 343 10 7
318 344 10 16
318 345 10 1
318 346 10 2
318 347 10 3
318 348 10 4
319 329 10 1
319 330 10 2
319 331 10 3
319 332 10 4
319 333 10 5
319 334 10 6
319 335 10 7
319 336 10 16
319 337 10 1
319 338 10 2
319 339 10 3
319 340 10 4
319 341 10 5
319 342 10 6
319 343 10 7
319 344 10 16
319 345 10 1
319 346 10 2
319 347 10 3
319 348 10 4
320 329 10 1
320 330 10 2
320 331 10 3
320 332 10 4
320 333 10 5
320 334 10 6
320 335 10 7
320 336 10 16
320 337 10 1
320 338 10 2
320 339 10 3
320 340 10 4
320 341 10 5
320 342 10 6
320 343 10 7
320 344 10 16
320 345 10 1
320 346 10 2
320 347 10 3
320 348 10 4
321 329 10 1
321 330 10 2
321 331 10 3
321 332 10 4
321 333 10 5
321 334 10 6
321 335 10 7
321 336 10 16
321 337 10 1
321 338 10 2
321 339 10 3
321 340 10 4
321 341 10 5
321 342 10 6
321 343 10 7
321 344 10 16
321 345 10 1
321 346 10 2
321 347 10 3
321 348 10 4
322 329 10 1
322 330 10 2
322 331 10 3
322 332 10 4
322 333 10 5
322 334 10 6
322 335 10 7
322 336 10 16
322 337 10 1
322 338 10 2
322 339 10 3
322 340 10 4
322 341 10 5
322 342 10 6
322 343 10 7
322 344 10 16
322 345 10 1
322 346 10 2
322 347 10 3
322 348 10 4
323 329 10 1
323 330 10 2
323 331 10 3
323 332 10 4
323 333 10 5
323 334 10 6
323 335 10 7
323 336 10 16
323 337 10 1
323 338 10 2
323 339 10 3
323 340 10 4
323 341 10 5
323 342 10 6
323 343 10 7
323 344 10 16
323 345 10 1
323 346 10 2
323 347 10 3
323 348 10 4
324 329 10 1
324 330 10 2
324 331 10 3
324 332 10 4
324 333 10 5
324 334 10 6
324 335 10 7
324 336 10 16
324 337 10 1
324 338 10 2
324 339 10 3
324 340 10 4
324 341 10 5
324 342 10 6
324 343 10 7
324 344 10 16
324 345 10 1
324 346 10 2
324 347 10 3
324 348 10 4
325 329 10 1
325 330 10 2
325 331 10 3
325 332 10 4
325 333 10 5
325 334 10 6
325 335 10 7
325 336 10 16
325 337 10 1
325 338 10 2
325 339 10 3
325 340 10 4
325 341 10 5
325 342 10 6
325 343 10 7
325 344 10 16
325 345 10 1
325 346 10 2
325 347 10 3
325 348 10 4
326 329 10 1
326 330 10 2
326 331 10 3
326 332 10 4
326 333 10 5
326 334 10 6
326 335 10 7
326 336 10 16
326 337 10 1
326 338 10 2
326 339 10 3
326 340 10 4
326 341 10 5
326 342 10 6
326 343 10 7
326 344 10 16
326 345 10 1
326 346 10 2
326 347 10 3
326 348 10 4
327 329 10 1
327 330 10 2
327 331 10 3
327 332 10 4
327 333 10 5
327 334 10 6
327 335 10 7
327 336 10 16
327 337 10 1
327 338 10 2
327 339 10 3
327 340 10 4
327 341 10 5
327 342 10 6
327 343 10 7
327 344 10 16
327 345 10 1
327 346 10 2
327 347 10 3
327 348 10 4
328 329 10 1
328 330 10 2
328 331 10 3
328 332 10 4
328 333 10 5
328 334 10 6
328 335 10 7
328 336 10 16
328 337 10 1
328 338 10 2
328 339 10 3
328 340 10 4
328 341 10 5
328 342 10 6
328 343 10 7
328 344 10 16
328 345 10 1
328 346 10 2
328 347 10 3
328 348 10 4
329 349 10 2
329 350 10 3
329 351 10 4
329 352 10 5
329 353 10 6
329 354 10 7
329 355 10 8
329 356 10 1
329 357 10 2
329 358 10 3
329 359 10 4
329 360 10 5
329 361 10 6
329 362 10 7
329 363 10 8
329 364 10 1
329 365 10 2
329 366 10 3
329 367 10 4
329 368 10 5
330 349 10 2
330 350 10 3
330 351 10 4
330 352 10 5
330 353 10 6
330 354 10 7
330 355 10 8
330 356 10 1
330 357 10 2
330 358 10 3
330 359 10 4
330 360 10 5
330 361 10 6
330 362 10 7
330 363 10 8
330 364 10 1
330 365 10 2
330 366 10 3
330 367 10 4
330 368 10 5
331 349 10 2
331 350 10 3
331 351 10 4
331 352 10 5
331 353 10 6
331 354 10 7
331 355 10 8
331 356 10 1
331 357 10 2
331 358 10 3
331 359 10 4
331 360 10 5
331 361 10 6
331 362 10 7
331 363 10 8
331 364 10 1
331 365 10 2
331 366 10 3
331 367 10 4
331 368 10 5
332 349 10 2
332 350 10 3
332 351 10 4
332 352 10 5
332 353 10 6
332 354 10 7
332 355 10 8
332 356 10 1
332 357 10 2
332 358 10 3
332 359 10 4
332 360 10 5
332 361 10 6
332 362 10 7
332 363 10 8
332 364 10 1
332 365 10 2
332 366 10 3
332 367 10 4
332 368 10 5
333 349 10 2
333 350 10 3
333 351 10 4
333 352 10 5
333 353 10 6
333 354 10 7
333 355 10 8
333 356 10 1
333 357 10 2
333 358 10 3
333 359 10 4
333 360 10 5
333 361 10 6
333 362 10 7
333 363 10 8
333 364 10 1
333 365 10 2
333 366 10 3
333 367 10 4
333 368 10 5
334 349 10 2
334 350 10 3
334 351 10 4
334 352 10 5
334 353 10 6
334 354 10 7
334 355 10 8
334 356 10 1
334 357 10 2
334 358 10 3
334 359 10 4
334 360 10 5
334 361 10 6
334 362 10 7
334 363 10 8
334 364 10 1
334 365 10 2
334 366 10 3
334 367 10 4
334 368 10 5
335 349 10 2
335 350 10 3
335 351 10 4
335 352 10 5
335 353 10 6
335 354 10 7
335 355 10 8
335 356 10 1
335 357 10 2
335 358 10 3
335 359 10 4
335 360 10 5
335 361 10 6
335 362 10 7
335 363 10 8
335 364 10 1
335 365 10 2
335 366 10 3
335 367 10 4
335 368 10 5
336 349 10 2
336 350 10 3
336 351 10 4
336 352 10 5
336 353 10 6
336 354 10 7
336 355 10 8
336 356 10 1
336 357 10 2
336 358 10 3
336 359 10 4
336 360 10 5
336 361 10 6
336 362 10 7
336 363 10 8
336 364 10 1
336 365 10 2
336 366 10 3
336 367 10 4
336 368 10 5
337 349 10 2
337 350 10 3
337 351 10 4
337 352 10 5
337 353 10 6
337 354 10 7
337 355 10 8
337 356 10 1
337 357 10 2
337 358 10 3
337 359 10 4
337 360 10 5
337 361 10 6
337 362 10 7
337 363 10 8
337 364 10 1
337 365 10 2
337 366 10 3
337 367 10 4
337 368 10 5
338 349 10 2
338 350 10 3
338 351 10 4
338 352 10 5
338 353 10 6
338 354 10 7
338 355 10 8
338 356 10 1
338 357 10 2
338 358 10 3
338 359 10 4
338 360 10 5
338 361 10 6
338 362 10 7
338 363 10 8
338 364 10 1
338 365 10 2
338 366 10 3
338 367 10 4
338 368 10 5
339 349 10 2
339 350 10 3
339 351 10 4
339 352 10 5
339 353 10 6
339 354 10 7
339 355 10 8
339 356 10 1
339 357 10 2
339 358 10 3
339 359 10 4
339 360 10 5
339 361 10 6
339 362 10 7
339 363 10 8
339 364 10 1
339 365 10 2
339 366 10 3
339 367 10 4
339 368 10 5
340 349 10 2
340 350 10 3
340 351 10 4
340 352 10 5
340 353 10 6
340 354 10 7
340 355 10 8
340 356 10 1
340 357 10 2
340 358 10 3
340 359 10 4
340 360 10 5
340 361 10 6
340 362 10 7
340 363 10 8
340 364 10 1
340 365 10 2
340 366 10 3
340 367 10 4
340 368 10 5
341 349 10 2
341 350 10 3
341 351 10 4
341 352 10 5
341 353 10 6
341 354 10 7
341 355 10 8
341 356 10 1
341 357 10 2
341 358 10 3
341 359 10 4
341 360 10 5
341 361 10 6
341 362 10 7
341 363 10 8
341 364 10 1
341 365 10 2
341 366 10 3
341 367 10 4
341 368 10 5
342 349 10 2
342 350 10 3
342 351 10 4
342 352 10 5
342 353 10 6
342 354 10 7
342 355 10 8
342 356 10 1
342 357 10 2
342 358 10 3
342 359 10 4
342 360 10 5
342 361 10 6
342 362 10 7
342 363 10 8
342 364 10 1
342 365 10 2
342 366 10 3
342 367 10 4
342 368 10 5
343 349 10 2
343 350 10 3
343 351 10 4
343 352 10 5
343 353 10 6
343 354 10 7
343 355 10 8
343 356 10 1
343 357 10 2
343 358 10 3
343 359 10 4
343 360 10 5
343 361 10 6
343 362 10 7
343 363 10 8
343 364 10 1
343 365 10 2
343 366 10 3
343 367 10 4
343 368 10 5
344 349 10 2
344 350 10 3
344 351 10 4
344 352 10 5
344 353 10 6
344 354 10 7
344 355 10 8
344 356 10 1
344 357 10 2
344 358 10 3
344 359 10 4
344 360 10 5
344 361 10 6
344 362 10 7
344 363 10 8
344 364 10 1
344 365 10 2
344 366 10 3
344 367 10 4
344 368 10 5
345 349 10 2
345 350 10 3
345 351 10 4
345 352 10 5
345 353 10 6
345 354 10 7
345 355 10 8
345 356 10 1
345 357 10 2
345 358 10 3
345 359 10 4
345 360 10 5
345 361 10 6
345 362 10 7
345 363 10 8
345 364 10 1
345 365 10 2
345 366 10 3
345 367 10 4
345 368 10 5
346 349 10 2
346 350 10 3
346 351 10 4
346 352 10 5
346 353 10 6
346 354 10 7
346 355 10 8
346 356 10 1
346 357 10 2
346 358 10 3
346 359 10 4
346 360 10 5
346 361 10 6
346 362 10 7
346 363 10 8
346 364 10 1
346 365 10 2
346 366 10 3
346 367 10 4
346 368 10 5
347 349 10 2
347 350 10 3
347 351 10 4
347 352 10 5
347 353 10 6
347 354 10 7
347 355 10 8
347 356 10 1
347 357 10 2
347 358 10 3
347 359 10 4
347 360 10 5
347 361 10 6
347 362 10 7
347 363 10 8
347 364 10 1
347 365 10 2
347 366 10 3
347 367 10 4
347 368 10 5
348 349 10 2
348 350 10 3
348 351 10 4
348 352 10 5
348 353 10 6
348 354 10 7
348 355 10 8
348 356 10 1
348 357 10 2
348 358 10 3
348 359 10 4
348 360 10 5
348 361 10 6
348 362 10 7
348 363 10 8
348 364 10 1
348 365 10 2
348 366 10 3
348 367 10 4
348 368 10 5
349 369 10 3
349 370 10 4
349 371 10 5
349 372 10 6
349 373 10 7
349 374 10 8
349 375 10 9
349 376 10 2
349 377 10 3
349 378 10 4
349 379 10 5
349 380 10 6
349 381 10 7
349 382 10 8
349 383 10 9
349 384 10 2
349 385 10 3
349 386 10 4
349 387 10 5
349 388 10 6
350 369 10 3
350 370 10 4
350 371 10 5
350 372 10 6
350 373 10 7
350 374 10 8
350 375 10 9
350 376 10 2
350 377 10 3
350 378 10 4
350 379 10 5
350 380 10 6
350 381 10 7
350 382 10 8
350 383 10 9
350 384 10 2
350 385 10 3
350 386 10 4
350 387 10 5
350 388 10 6
351 369 10 3
351 370 10 4
351 371 10 5
351 372 10 6
351 373 10 7
351 374 10 8
351 375 10 9
351 376 10 2
351 377 10 3
351 378 10 4
351 379 10 5
351 380 10 6
351 381 10 7
351 382 10 8
351 383 10 9
351 384 10 2
351 385 10 3
351 386 10 4
351 387 10 5
351 388 10 6
352 369 10 3
352 370 10 4
352 371 10 5
352 372 10 6
352 373 10 7
352 374 10 8
352 375 10 9
352 376 10 2
352 377 10 3
352 378 10 4
352 379 10 5
352 380 10 6
352 381 10 7
352 382 10 8
352 383 10 9
352 384 10 2
352 385 10 3
352 386 10 4
352 387 10 5
352 388 10 6
353 369 10 3
353 370 10 4
353 371 10 5
353 372 10 6
353 373 10 7
353 374 10 8
353 375 10 9
353 376 10 2
353 377 10 3
353 378 10 4
353 379 10 5
353 380 10 6
353 381 10 7
353 382 10 8
353 383 10 9
353 384 10 2
353 385 10 3
353 386 10 4
353 387 10 5
353 388 10 6
354 369 10 3
354 370 10 4
354 371 10 5
354 372 10 6
354 373 10 7
354 374 10 8
354 375 10 9
354 376 10 2
354 377 10 3
354 378 10 4
354 379 10 5
354 380 10 6
354 381 10 7
354 382 10 8
354 383 10 9
354 384 10 2
354 385 10 3
354 386 10 4
354 387 10 5
354 388 10 6
355 369 10 3
355 370 10 4
355 371 10 5
355 372 10 6
355 373 10 7
355 374 10 8
355 375 10 9
355 376 10 2
355 377 10 3
355 378 10 4
355 379 10 5
355 380 10 6
355 381 10 7
355 382 10 8
355 383 10 9
355 384 10 2
355 385 10 3
355 386 10 4
355 387 10 5
355 388 10 6
356 369 10 3
356 370 10 4
356 371 10 5
356 372 10 6
356 373 10 7
356 374 10 8
356 375 10 9
356 376 10 2
356 377 10 3
356 378 10 4
356 379 10 5
356 380 10 6
356 381 10 7
356 382 10 8
356 383 10 9
356 384 10 2
356 385 10 3
356 386 10 4
356 387 10 5
356 388 10 6
357 369 10 3
357 370 10 4
357 371 10 5
357 372 10 6
357 373 10 7
357 374 10 8
357 375 10 9
357 376 10 2
357 377 10 3
357 378 10 4
357 379 10 5
357 380 10 6
357 381 10 7
357 382 10 8
357 383 10 9
357 384 10 2
357 385 10 3
357 386 10 4
357 387 10 5
357 388 10 6
358 369 10 3
358 370 10 4
358 371 10 5
358 372 10 6
358 373 10 7
358 374 10 8
358 375 10 9
358 376 10 2
358 377 10 3
358 378 10 4
358 379 10 5
358 380 10 6
358 381 10 7
358 382 10 8
358 383 10 9
358 384 10 2
358 385 10 3
358 386 10 4
358 387 10 5
358 388 10 6
359 369 10 3
359 370 10 4
359 371 10 5
359 372 10 6
359 373 10 7
359 374 10 8
359 375 10 9
359 376 10 2
359 377 10 3
359 378 10 4
359 379 10 5
359 380 10 6
359 381 10 7
359 382 10 8
359 383 10 9
359 384 10 2
359 385 10 3
359 386 10 4
359 387 10 5
359 388 10 6
360 369 10 3
360 370 10 4
360 371 10 5
360 372 10 6
360 373 10 7
360 374 10 8
360 375 10 9
360 376 10 2
360 377 10 3
360 378 10 4
360 379 10 5
360 380 10 6
360 381 10 7
360 382 10 8
360 383 10 9
360 384 10 2
360 385 10 3
360 386 10 4
360 387 10 5
360 388 10 6
361 369 10 3
361 370 10 4
361 371 10 5
361 372 10 6
361 373 10 7
361 374 10 8
361 375 10 9
361 376 10 2
361 377 10 3
361 378 10 4
361 379 10 5
361 380 10 6
361 381 10 7
361 382 10 8
361 383 10 9
361 384 10 2
361 385 10 3
361 386 10 4
361 387 10 5
361 388 10 6
362 369 10 3
362 370 10 4
362 371 10 5
362 372 10 6
362 373 10 7
362 374 10 8
362 375 10 9
362 376 10 2
362 377 10 3
362 378 10 4
362 379 10 5
362 380 10 6
362 381 10 7
362 382 10 8
362 383 10 9
362 384 10 2
362 385 10 3
362 386 10 4
362 387 10 5
362 388 10 6
363 369 10 3
363 370 10 4
363 371 10 5
363 372 10 6
363 373 10 7
363 374 10 8
363 375 10 9
363 376 10 2
363 377 10 3
363 378 10 4
363 379 10 5
363 380 10 6
363 381 10 7
363 382 10 8
363 383 10 9
363 384 10 2
363 385 10 3
363 386 10 4
363 387 10 5
363 388 10 6
364 369 10 3
364 370 10 4
364 371 10 5
364 372 10 6
364 373 10 7
364 374 10 8
364 375 10 9
364 376 10 2
364 377 10 3
364 378 10 4
364 379 10 5
364 380 10 6
364 381 10 7
364 382 10 8
364 383 10 9
364 384 10 2
364 385 10 3
364 386 10 4
364 387 10 5
364 388 10 6
365 369 10 3
365 370 10 4
365 371 10 5
365 372 10 6
365 373 10 7
365 374 10 8
365 375 10 9
365 376 10 2
365 377 10 3
365 378 10 4
365 379 10 5
365 380 10 6
365 381 10 7
365 382 10 8
365 383 10 9
365 384 10 2
365 385 10 3
365 386 10 4
365 387 10 5
365 388 10 6
366 369 10 3
366 370 10 4
366 371 10 5
366 372 10 6
366 373 10 7
366 374 10 8
366 375 10 9
366 376 10 2
366 377 10 3
366 378 10 4
366 379 10 5
366 380 10 6
366 381 10 7
366 382 10 8
366 383 10 9
366 384 10 2
366 385 10 3
366 386 10 4
366 387 10 5
366 388 10 6
367 369 10 3
367 370 10 4
367 371 10 5
367 372 10 6
367 373 10 7
367 374 10 8
367 375 10 9
367 376 10 2
367 377 10 3
367 378 10 4
367 379 10 5
367 380 10 6
367 381 10 7
367 382 10 8
367 383 10 9
367 384 10 2
367 385 10 3
367 386 10 4
367 387 10 5
367 388 10 6
368 369 10 3
368 370 10 4
368 371 10 5
368 372 10 6
368 373 10 7
368 374 10 8
368 375 10 9
368 376 10 2
368 377 10 3
368 378 10 4
368 379 10 5
368 380 10 6
368 381 10 7
368 382 10 8
368 383 10 9
368 384 10 2
368 385 10 3
368 386 10 4
368 387 10 5
368 388 10 6
369 389 10 4
369 390 10 5
369 391 10 6
369 392 10 7
369 393 10 8
369 394 10 9
369 395 10 10
369 396 10 3
369 397 10 4
369 398 10 5
369 399 10 6
369 400 10 7
369 401 10 8
369 402 10 9
369 403 10 10
369 404 10 3
369 405 10 4
369 406 10 5
369 407 10 6
369 408 10 7
370 389 10 4
370 390 10 5
370 391 10 6
370 392 10 7
370 393 10 8
370 394 10 9
370 395 10 10
370 396 10 3
370 397 10 4
370 398 10 5
370 399 10 6
370 400 10 7
370 401 10 8
370 402 10 9
370 403 10 10
370 404 10 3
370 405 10 4
370 406 10 5
370 407 10 6
370 408 10 7
371 389 10 4
371 390 10 5
371 391 10 6
371 392 10 7
371 393 10 8
371 394 10 9
371 395 10 10
371 396 10 3
371 397 10 4
371 398 10 5
371 399 10 6
371 400 10 7
371 401 10 8
371 402 10 9
371 403 10 10
371 404 10 3
371 405 10 4
371 406 10 5
371 407 10 6
371 408 10 7
372 389 10 4
372 390 10 5
372 391 10 6
372 392 10 7
372 393 10 8
372 394 10 9
372 395 10 10
372 396 10 3
372 397 10 4
372 398 10 5
372 399 10 6
372 400 10 7
372 401 10 8
372 402 10 9
372 403 10 10
372 404 10 3
372 405 10 4
372 406 10 5
372 407 10 6
372 408 10 7
373 389 10 4
373 390 10 5
373 391 10 6
373 392 10 7
373 393 10 8
373 394 10 9
373 395 10 10
373 396 10 3
373 397 10 4
373 398 10 5
373 399 10 6
373 400 10 7
373 401 10 8
373 402 10 9
373 403 10 10
373 404 10 3
373 405 10 4
373 406 10 5
373 407 10 6
373 408 10 7
374 389 10 4
374 390 10 5
374 391 10 6
374 392 10 7
374 393 10 8
374 394 10 9
374 395 10 10
374 396 10 3
374 397 10 4
374 398 10 5
374 399 10 6
374 400 10 7
374 401 10 8
374 402 10 9
374 403 10 10
374 404 10 3
374 405 10 4
374 406 10 5
374 407 10 6
374 408 10 7
375 389 10 4
375 390 10 5
375 391 10 6
375 392 10 7
375 393 10 8
375 394 10 9
375 395 10 10
375 396 10 3
375 397 10 4
375 398 10 5
375 399 10 6
375 400 10 7
375 401 10 8
375 402 10 9
375 403 10 10
375 404 10 3
375 405 10 4
375 406 10 5
375 407 10 6
375 408 10 7
376 389 10 4
376 390 10 5
376 391 10 6
376 392 10 7
376 393 10 8
376 394 10 9
376 395 10 10
376 396 10 3
376 397 10 4
376 398 10 5
376 399 10 6
376 400 10 7
376 401 10 8
376 402 10 9
376 403 10 10
376 404 10 3
376 405 10 4
376 406 10 5
376 407 10 6
376 408 10 7
377 389 10 4
377 390 10 5
377 391 10 6
377 392 10 7
377 393 10 8
377 394 10 9
377 395 10 10
377 396 10 3
377 397 10 4
377 398 10 5
377 399 10 6
377 400 10 7
377 401 10 8
377 402 10 9
377 403 10 10
377 404 10 3
377 405 10 4
377 406 10 5
377 407 10 6
377 408 10 7
378 389 10 4
378 390 10 5
378 391 10 6
378 392 10 7
378 393 10 8
378 394 10 9
378 395 10 10
378 396 10 3
378 397 10 4
378 398 10 5
378 399 10 6
378 400 10 7
378 401 10 8
378 402 10 9
378 403 10 10
378 404 10 3
378 405 10 4
378 406 10 5
378 407 10 6
378 408 10 7
379 389 10 4
379 390 10 5
379 391 10 6
379 392 10 7
379 393 10 8
379 394 10 9
379 395 10 10
379 396 10 3
379 397 10 4
379 398 10 5
379 399 10 6
379 400 10 7
379 401 10 8
379 402 10 9
379 403 10 10
379 404 10 3
379 405 10 4
379 406 10 5
379 407 10 6
379 408 10 7
380 389 10 4
380 390 10 5
380 391 10 6
380 392 10 7
380 393 10 8
380 394 10 9
380 395 10 10
380 396 10 3
380 397 10 4
380 398 10 5
380 399 10 6
380 400 10 7
380 401 10 8
380 402 10 9
380 403 10 10
380 404 10 3
380 405 10 4
380 406 10 5
380 407 10 6
380 408 10 7
381 389 10 4
381 390 10 5
381 391 10 6
381 392 10 7
381 393 10 8
381 394 10 9
381 395 10 10
381 396 10 3
381 397 10 4
381 398 10 5
381 399 10 6
381 400 10 7
381 401 10 8
381 402 10 9
381 403 10 10
381 404 10 3
381 405 10 4
381 406 10 5
381 407 10 6
381 408 10 7
382 389 10 4
382 390 10 5
382 391 10 6
382 392 10 7
382 393 10 8
382 394 10 9
382 395 10 10
382 396 10 3
382 397 10 4
382 398 10 5
382 399 10 6
382 400 10 7
382 401 10 8
382 402 10 9
382 403 10 10
382 404 10 3
382 405 10 4
382 406 10 5
382 407 10 6
382 408 10 7
383 389 10 4
383 390 10 5
383 391 10 6
383 392 10 7
383 393 10 8
383 394 10 9
383 395 10 10
383 396 10 3
383 397 10 4
383 398 10 5
383 399 10 6
383 400 10 7
383 401 10 8
383 402 10 9
383 403 10 10
383 404 10 3
383 405 10 4
383 406 10 5
383 407 10 6
383 408 10 7
384 389 10 4
384 390 10 5
384 391 10 6
384 392 10 7
384 393 10 8
384 394 10 9
384 395 10 10
384 396 10 3
384 397 10 4
384 398 10 5
384 399 10 6
384 400 10 7
384 401 10 8
384 402 10 9
384 403 10 10
384 404 10 3
384 405 10 4
384 406 10 5
384 407 10 6
384 408 10 7
385 389 10 4
385 390 10 5
385 391 10 6
385 392 10 7
385 393 10 8
385 394 10 9
385 395 10 10
385 396 10 3
385 397 10 4
385 398 10 5
385 399 10 6
385 400 10 7
385 401 10 8
385 402 10 9
385 403 10 10
385 404 10 3
385 405 10 4
385 406 10 5
385 407 10 6
385 408 10 7
386 389 10 4
386 390 10 5
386 391 10 6
386 392 10 7
386 393 10 8
386 394 10 9
386 395 10 10
386 396 10 3
386 397 10 4
386 398 10 5
386 399 10 6
386 400 10 7
386 401 10 8
386 402 10 9
386 403 10 10
386 404 10 3
386 405 10 4
386 406 10 5
386 407 10 6
386 408 10 7
387 389 10 4
387 390 10 5
387 391 10 6
387 392 10 7
387 393 10 8
387 394 10 9
387 395 10 10
387 396 10 3
387 397 10 4
387 398 10 5
387 399 10 6
387 400 10 7
387 401 10 8
387 402 10 9
387 403 10 10
387 404 10 3
387 405 10 4
387 406 10 5
387 407 10 6
387 408 10 7
388 389 10 4
388 390 10 5
388 391 10 6
388 392 10 7
388 393 10 8
388 394 10 9
388 395 10 10
388 396 10 3
388 397 10 4
388 398 10 5
388 399 10 6
388 400 10 7
388 401 10 8
388 402 10 9
388 403 10 10
388 404 10 3
388 405 10 4
388 406 10 5
388 407 10 6
388 408 10 7
389 409 10 5
389 410 10 6
389 411 10 7
389 412 10 8
389 413 10 9
389 414 10 10
389 415 10 11
389 416 10 4
389 417 10 5
389 418 10 6
389 419 10 7
389 420 10 8
389 421 10 9
389 422 10 10
389 423 10 11
389 424 10 4
389 425 10 5
389 426 10 6
389 427 10 7
389 428 10 8
390 409 10 5
390 410 10 6
390 411 10 7
390 412 10 8
390 413 10 9
390 414 10 10
390 415 10 11
390 416 10 4
390 417 10 5
390 418 10 6
390 419 10 7
390 420 10 8
390 421 10 9
390 422 10 10
390 423 10 11
390 424 10 4
390 425 10 5
390 426 10 6
390 427 10 7
390 428 10 8
391 409 10 5
391 410 10 6
391 411 10 7
391 412 10 8
391 413 10 9
391 414 10 10
391 415 10 11
391 416 10 4
391 417 10 5
391 418 10 6
391 419 10 7
391 420 10 8
391 421 10 9
391 422 10 10
391 423 10 11
391 424 10 4
391 425 10 5
391 426 10 6
391 427 10 7
391 428 10 8
392 409 10 5
392 410 10 6
392 411 10 7
392 412 10 8
392 413 10 9
392 414 10 10
392 415 10 11
392 416 10 4
392 417 10 5
392 418 10 6
392 419 10 7
392 420 10 8
392 421 10 9
392 422 10 10
392 423 10 11
392 424 10 4
392 425 10 5
392 426 10 6
392 427 10 7
392 428 10 8
393 409 10 5
393 410 10 6
393 411 10 7
393 412 10 8
393 413 10 9
393 414 10 10
393 415 10 11
393 416 10 4
393 417 10 5
393 418 10 6
393 419 10 7
393 420 10 8
393 421 10 9
393 422 10 10
393 423 10 11
393 424 10 4
393 425 10 5
393 426 10 6
393 427 10 7
393 428 10 8
394 409 10 5
394 410 10 6
394 411 10 7
394 412 10 8
394 413 10 9
394 414 10 10
394 415 10 11
394 416 10 4
394 417 10 5
394 418 10 6
394 419 10 7
394 420 10 8
394 421 10 9
394 422 10 10
394 423 10 11
394 424 10 4
394 425 10 5
394 426 10 6
394 427 10 7
394 428 10 8
395 409 10 5
395 410 10 6
395 411 10 7
395 412 10 8
395 413 10 9
395 414 10 10
395 415 10 11
395 416 10 4
395 417 10 5
395 418 10 6
395 419 10 7
395 420 10 8
395 421 10 9
395 422 10 10
395 423 10 11
395 424 10 4
395 425 10 5
395 426 10 6
395 427 10 7
395 428 10 8
396 409 10 5
396 410 10 6
396 411 10 7
396 412 10 8
396 413 10 9
396 414 10 10
396 415 10 11
396 416 10 4
396 417 10 5
396 418 10 6
396 419 10 7
396 420 10 8
396 421 10 9
396 422 10 10
396 423 10 11
396 424 10 4
396 425 10 5
396 426 10 6
396 427 10 7
396 428 10 8
397 409 10 5
397 410 10 6
397 411 10 7
397 412 10 8
397 413 10 9
397 414 10 10
397 415 10 11
397 416 10 4
397 417 10 5
397 418 10 6
397 419 10 7
397 420 10 8
397 421 10 9
397 422 10 10
397 423 10 11
397 424 10 4
397 425 10 5
397 426 10 6
397 427 10 7
397 428 10 8
398 409 10 5
398 410 10 6
398 411 10 7
398 412 10 8
398 413 10 9
398 414 10 10
398 415 10 11
398 416 10 4
398 417 10 5
398 418 10 6
398 419 10 7
398 420 10 8
398 421 10 9
398 422 10 10
398 423 10 11
398 424 10 4
398 425 10 5
398 426 10 6
398 427 10 7
398 428 10 8
399 409 10 5
399 410 10 6
399 411 10 7
399 412 10 8
399 413 10 9
399 414 10 10
399 415 10 11
399 416 10 4
399 417 10 5
399 418 10 6
399 419 10 7
399 420 10 8
399 421 10 9
399 422 10 10
399 423 10 11
399 424 10 4
399 425 10 5
399 426 10 6
399 427 10 7
399 428 10 8
400 409 10 5
400 410 10 6
400 411 10 7
400 412 10 8
400 413 10 9
400 414 10 10
400 415 10 11
400 416 10 4
400 417 10 5
400 418 10 6
400 419 10 7
400 420 10 8
400 421 10 9
400 422 10 10
400 423 10 11
400 424 10 4
400 425 10 5
400 426 10 6
400 427 10 7
400 428 10 8
401 409 10 5
401 410 10 6
401 411 10 7
401 412 10 8
401 413 10 9
401 414 10 10
401 415 10 11
401 416 10 4
401 417 10 5
401 418 10 6
401 419 10 7
401 420 10 8
401 421 10 9
401 422 10 10
401 423 10 11
401 424 10 4
401 425 10 5
401 426 10 6
401 427 10 7
401 428 10 8
402 409 10 5
402 410 10 6
402 411 10 7
402 412 10 8
402 413 10 9
402 414 10 10
402 415 10 11
402 416 10 4
402 417 10 5
402 418 10 6
402 419 10 7
402 420 10 8
402 421 10 9
402 422 10 10
402 423 10 11
402 424 10 4
402 425 10 5
402 426 10 6
402 427 10 7
402 428 10 8
403 409 10 5
403 410 10 6
403 411 10 7
403 412 10 8
403 413 10 9
403 414 10 10
403 415 10 11
403 416 10 4
403 417 10 5
403 418 10 6
403 419 10 7
403 420 10 8
403 421 10 9
403 422 10 10
403 423 10 11
403 424 10 4
403 425 10 5
403 426 10 6
403 427 10 7
403 428 10 8
404 409 10 5
404 410 10 6
404 411 10 7
404 412 10 8
404 413 10 9
404 414 10 10
404 415 10 11
404 416 10 4
404 417 10 5
404 418 10 6
404 419 10 7
404 420 10 8
404 421 10 9
404 422 10 10
404 423 10 11
404 424 10 4
404 425 10 5
404 426 10 6
404 427 10 7
404 428 10 8
405 409 10 5
405 410 10 6
405 411 10 7
405 412 10 8
405 413 10 9
405 414 10 10
405 415 10 11
405 416 10 4
405 417 10 5
405 418 10 6
405 419 10 7
405 420 10 8
405 421 10 9
405 422 10 10
405 423 10 11
405 424 10 4
405 425 10 5
405 426 10 6
405 427 10 7
405 428 10 8
406 409 10 5
406 410 10 6
406 411 10 7
406 412 10 8
406 413 10 9
406 414 10 10
406 415 10 11
406 416 10 4
406 417 10 5
406 418 10 6
406 419 10 7
406 420 10 8
406 421 10 9
406 422 10 10
406 423 10 11
406 424 10 4
406 425 10 5
406 426 10 6
406 427 10 7
406 428 10 8
407 409 10 5
407 410 10 6
407 411 10 7
407 412 10 8
407 413 10 9
407 414 10 10
407 415 10 11
407 416 10 4
407 417 10 5
407 418 10 6
407 419 10 7
407 420 10 8
407 421 10 9
407 422 10 10
407 423 10 11
407 424 10 4
407 425 10 5
407 426 10 6
407 427 10 7
407 428 10 8
408 409 10 5
408 410 10 6
408 411 10 7
408 412 10 8
408 413 10 9
408 414 10 10
408 415 10 11
408 416 10 4
408 417 10 5
408 418 10 6
408 419 10 7
408 420 10 8
408 421 10 9
408 422 10 10
408 423 10 11
408 424 10 4
408 425 10 5
408 426 10 6
408 427 10 7
408 428 10 8
409 429 10 6
409 430 10 7
409 431 10 8
409 432 10 9
409 433 10 10
409 434 10 11
409 435 10 12
409 436 10 5
409 437 10 6
409 438 10 7
409 439 10 8
409 440 10 9
409 441 10 10
409 442 10 11
409 443 10 12
409 444 10 5
409 445 10 6
409 446 10 7
409 447 10 8
409 448 10 9
410 429 10 6
410 430 10 7
410 431 10 8
410 432 10 9
410 433 10 10
410 434 10 11
410 435 10 12
410 436 10 5
410 437 10 6
410 438 10 7
410 439 10 8
410 440 10 9
410 441 10 10
410 442 10 11
410 443 10 12
410 444 10 5
410 445 10 6
410 446 10 7
410 447 10 8
410 448 10 9
411 429 10 6
411 430 10 7
411 431 10 8
411 432 10 9
411 433 10 10
411 434 10 11
411 435 10 12
411 436 10 5
411 437 10 6
411 438 10 7
411 439 10 8
411 440 10 9
411 441 10 10
411 442 10 11
411 443 10 12
411 444 10 5
411 445 10 6
411 446 10 7
411 447 10 8
411 448 10 9
412 429 10 6
412 430 10 7
412 431 10 8
412 432 10 9
412 433 10 10
412 434 10 11
412 435 10 12
412 436 10 5
412 437 10 6
412 438 10 7
412 439 10 8
412 440 10 9
412 441 10 10
412 442 10 11
412 443 10 12
412 444 10 5
412 445 10 6
412 446 10 7
412 447 10 8
412 448 10 9
413 429 10 6
413 430 10 7
413 431 10 8
413 432 10 9
413 433 10 10
413 434 10 11
413 435 10 12
413 436 10 5
413 437 10 6
413 438 10 7
413 439 10 8
413 440 10 9
413 441 10 10
413 442 10 11
413 443 10 12
413 444 10 5
413 445 10 6
413 446 10 7
413 447 10 8
413 448 10 9
414 429 10 6
414 430 10 7
414 431 10 8
414 432 10 9
414 433 10 10
414 434 10 11
414 435 10 12
414 436 10 5
414 437 10 6
414 438 10 7
414 439 10 8
414 440 10 9
414 441 10 10
414 442 10 11
414 443 10 12
414 444 10 5
414 445 10 6
414 446 10 7
414 447 10 8
414 448 10 9
415 429 10 6
415 430 10 7
415 431 10 8
415 432 10 9
415 433 10 10
415 434 10 11
415 435 10 12
415 436 10 5
415 437 10 6
415 438 10 7
415 439 10 8
415 440 10 9
415 441 10 10
415 442 10 11
415 443 10 12
415 444 10 5
415 445 10 6
415 446 10 7
415 447 10 8
415 448 10 9
416 429 10 6
416 430 10 7
416 431 10 8
416 432 10 9
416 433 10 10
416 434 10 11
416 435 10 12
416 436 10 5
416 437 10 6
416 438 10 7
416 439 10 8
416 440 10 9
416 441 10 10
416 442 10 11
416 443 10 12
416 444 10 5
416 445 10 6
416 446 10 7
416 447 10 8
416 448 10 9
417 429 10 6
417 430 10 7
417 431 10 8
417 432 10 9
417 433 10 10
417 434 10 11
417 435 10 12
417 436 10 5
417 437 10 6
417 438 10 7
417 439 10 8
417 440 10 9
417 441 10 10
417 442 10 11
417 443 10 12
417 444 10 5
417 445 10 6
417 446 10 7
417 447 10 8
417 448 10 9
418 429 10 6
418 430 10 7
418 431 10 8
418 432 10 9
418 433 10 10
418 434 10 11
418 435 10 12
418 436 10 5
418 437 10 6
418 438 10 7
418 439 10 8
418 440 10 9
418 441 10 10
418 442 10 11
418 443 10 12
418 444 10 5
418 445 10 6
418 446 10 7
418 447 10 8
418 448 10 9
419 429 10 6
419 430 10 7
419 431 10 8
419 432 10 9
419 433 10 10
419 434 10 11
419 435 10 12
419 436 10 5
419 437 10 6
419 438 10 7
419 439 10 8
419 440 10 9
419 441 10 10
419 442 10 11
419 443 10 12
419 444 10 5
419 445 10 6
419 446 10 7
419 447 10 8
419 448 10 9
420 429 10 6
420 430 10 7
420 431 10 8
420 432 10 9
420 433 10 10
420 434 10 11
420 435 10 12
420 436 10 5
420 437 10 6
420 438 10 7
420 439 10 8
420 440 10 9
420 441 10 10
420 442 10 11
420 443 10 12
420 444 10 5
420 445 10 6
420 446 10 7
420 447 10 8
420 448 10 9
421 429 10 6
421 430 10 7
421 431 10 8
421 432 10 9
421 433 10 10
421 434 10 11
421 435 10 12
421 436 10 5
421 437 10 6
421 438 10 7
421 439 10 8
421 440 10 9
421 441 10 10
421 442 10 11
421 443 10 12
421 444 10 5
421 445 10 6
421 446 10 7
421 447 10 8
421 448 10 9
422 429 10 6
422 430 10 7
422 431 10 8
422 432 10 9
422 433 10 10
422 434 10 11
422 435 10 12
422 436 10 5
422 437 10 6
422 438 10 7
422 439 10 8
422 440 10 9
422 441 10 10
422 442 10 11
422 443 10 12
422 444 10 5
422 445 10 6
422 446 10 7
422 447 10 8
422 448 10 9
423 429 10 6
423 430 10 7
423 431 10 8
423 432 10 9
423 433 10 10
423 434 10 11
423 435 10 12
423 436 10 5
423 437 10 6
423 438 10 7
423 439 10 8
423 440 10 9
423 441 10 10
423 442 10 11
423 443 10 12
423 444 10 5
423 445 10 6
423 446 10 7
423 447 10 8
423 448 10 9
424 429 10 6
424 430 10 7
424 431 10 8
424 432 10 9
424 433 10 10
424 434 10 11
424 435 10 12
424 436 10 5
424 437 10 6
424 438 10 7
424 439 10 8
424 440 10 9
424 441 10 10
424 442 10 11
424 443 10 12
424 444 10 5
424 445 10 6
424 446 10 7
424 447 10 8
424 448 10 9
425 429 10 6
425 430 10 7
425 431 10 8
425 432 10 9
425 433 10 10
425 434 10 11
425 435 10 12
425 436 10 5
425 437 10 6
425 438 10 7
425 439 10 8
425 440 10 9
425 441 10 10
425 442 10 11
425 443 10 12
425 444 10 5
425 445 10 6
425 446 10 7
425 447 10 8
425 448 10 9
426 429 10 6
426 430 10 7
426 431 10 8
426 432 10 9
426 433 10 10
426 434 10 11
426 435 10 12
426 436 10 5
426 437 10 6
426 438 10 7
426 439 10 8
426 440 10 9
426 441 10 10
426 442 10 11
426 443 10 12
426 444 10 5
426 445 10 6
426 446 10 7
426 447 10 8
426 448 10 9
427 429 10 6
427 430 10 7
427 431 10 8
427 432 10 9
427 433 10 10
427 434 10 11
427 435 10 12
427 436 10 5
427 437 10 6
427 438 10 7
427 439 10 8
427 440 10 9
427 441 10 10
427 442 10 11
427 443 10 12
427 444 10 5
427 445 10 6
427 446 10 7
427 447 10 8
427 448 10 9
428 429 10 6
428 430 10 7
428 431 10 8
428 432 10 9
428 433 10 10
428 434 10 11
428 435 10 12
428 436 10 5
428 437 10 6
428 438 10 7
428 439 10 8
428 440 10 9
428 441 10 10
428 442 10 11
428 443 10 12
428 444 10 5
428 445 10 6
428 446 10 7
428 447 10 8
428 448 10 9
429 449 10 7
429 450 10 8
429 451 10 9
429 452 10 10
429 453 10 11
429 454 10 12
429 455 10 13
429 456 10 6
429 457 10 7
429 458 10 8
429 459 10 9
429 460 10 10
429 461 10 11
429 462 10 12
429 463 10 13
429 464 10 6
429 465 10 7
429 466 10 8
429 467 10 9
429 468 10 10
430 449 10 7
430 450 10 8
430 451 10 9
430 452 10 10
430 453 10 11
430 454 10 12
430 455 10 13
430 456 10 6
430 457 10 7
430 458 10 8
430 459 10 9
430 460 10 10
430 461 10 11
430 462 10 12
430 463 10 13
430 464 10 6
430 465 10 7
430 466 10 8
430 467 10 9
430 468 10 10
431 449 10 7
431 450 10 8
431 451 10 9
431 452 10 10
431 453 10 11
431 454 10 12
431 455 10 13
431 456 10 6
431 457 10 7
431 458 10 8
431 459 10 9
431 460 10 10
431 461 10 11
431 462 10 12
431 463 10 13
431 464 10 6
431 465 10 7
431 466 10 8
431 467 10 9
431 468 10 10
432 449 10 7
432 450 10 8
432 451 10 9
432 452 10 10
432 453 10 11
432 454 10 12
432 455 10 13
432 456 10 6
432 457 10 7
432 458 10 8
432 459 10 9
432 460 10 10
432 461 10 11
432 462 10 12
432 463 10 13
432 464 10 6
432 465 10 7
432 466 10 8
432 467 10 9
432 468 10 10
433 449 10 7
433 450 10 8
433 451 10 9
433 452 10 10
433 453 10 11
433 454 10 12
433 455 10 13
433 456 10 6
433 457 10 7
433 458 10 8
433 459 10 9
433 460 10 10
433 461 10 11
433 462 10 12
433 463 10 13
433 464 10 6
433 465 10 7
433 466 10 8
433 467 10 9
433 468 10 10
434 449 10 7
434 450 10 8
434 451 10 9
434 452 10 10
434 453 10 11
434 454 10 12
434 455 10 13
434 456 10 6
434 457 10 7
434 458 10 8
434 459 10 9
434 460 10 10
434 461 10 11
434 462 10 12
434 463 10 13
434 464 10 6
434 465 10 7
434 466 10 8
434 467 10 9
434 468 10 10
435 449 10 7
435 450 10 8
435 451 10 9
435 452 10 10
435 453 10 11
435 454 10 12
435 455 10 13
435 456 10 6
435 457 10 7
435 458 10 8
435 459 10 9
435 460 10 10
435 461 10 11
435 462 10 12
435 463 10 13
435 464 10 6
435 465 10 7
435 466 10 8
435 467 10 9
435 468 10 10
436 449 10 7
436 450 10 8
436 451 10 9
436 452 10 10
436 453 10 11
436 454 10 12
436 455 10 13
436 456 10 6
436 457 10 7
436 458 10 8
436 459 10 9
436 460 10 10
436 461 10 11
436 462 10 12
436 463 10 13
436 464 10 6
436 465 10 7
436 466 10 8
436 467 10 9
436 468 10 10
437 449 10 7
437 450 10 8
437 451 10 9
437 452 10 10
437 453 10 11
437 454 10 12
437 455 10 13
437 456 10 6
437 457 10 7
437 458 10 8
437 459 10 9
437 460 10 10
437 461 10 11
437 462 10 12
437 463 10 13
437 464 10 6
437 465 10 7
437 466 10 8
437 467 10 9
437 468 10 10
438 449 10 7
438 450 10 8
438 451 10 9
438 452 10 10
438 453 10 11
438 454 10 12
438 455 10 13
438 456 10 6
438 457 10 7
438 458 10 8
438 459 10 9
438 460 10 10
438 461 10 11
438 462 10 12
438 463 10 13
438 464 10 6
438 465 10 7
438 466 10 8
438 467 10 9
438 468 10 10
439 449 10 7
439 450 10 8
439 451 10 9
439 452 10 10
439 453 10 11
439 454 10 12
439 455 10 13
439 456 10 6
439 457 10 7
439 458 10 8
439 459 10 9
439 460 10 10
439 461 10 11
439 462 10 12
439 463 10 13
439 464 10 6
439 465 10 7
439 466 10 8
439 467 10 9
439 468 10 10
440 449 10 7
440 450 10 8
440 451 10 9
440 452 10 10
440 453 10 11
440 454 10 12
440 455 10 13
440 456 10 6
440 457 10 7
440 458 10 8
440 459 10 9
440 460 10 10
440 461 10 11
440 462 10 12
440 463 10 13
440 464 10 6
440 465 10 7
440 466 10 8
440 467 10 9
440 468 10 10
441 449 10 7
441 450 10 8
441 451 10 9
441 452 10 10
441 453 10 11
441 454 10 12
441 455 10 13
441 456 10 6
441 457 10 7
441 458 10 8
441 459 10 9
441 460 10 10
441 461 10 11
441 462 10 12
441 463 10 13
441 464 10 6
441 465 10 7
441 466 10 8
441 467 10 9
441 468 10 10
442 449 10 7
442 450 10 8
442 451 10 9
442 452 10 10
442 453 10 11
442 454 10 12
442 455 10 13
442 456 10 6
442 457 10 7
442 458 10 8
442 459 10 9
442 460 10 10
442 461 10 11
442 462 10 12
442 463 10 13
442 464 10 6
442 465 10 7
442 466 10 8
442 467 10 9
442 468 10 10
443 449 10 7
443 450 10 8
443 451 10 9
443 452 10 10
443 453 10 11
443 454 10 12
443 455 10 13
443 456 10 6
443 457 10 7
443 458 10 8
443 459 10 9
443 460 10 10
443 461 10 11
443 462 10 12
443 463 10 13
443 464 10 6
443 465 10 7
443 466 10 8
443 467 10 9
443 468 10 10
444 449 10 7
444 450 10 8
444 451 10 9
444 452 10 10
444 453 10 11
444 454 10 12
444 455 10 13
444 456 10 6
444 457 10 7
444 458 10 8
444 459 10 9
444 460 10 10
444 461 10 11
444 462 10 12
444 463 10 13
444 464 10 6
444 465 10 7
444 466 10 8
444 467 10 9
444 468 10 10
445 449 10 7
445 450 10 8
445 451 10 9
445 452 10 10
445 453 10 11
445 454 10 12
445 455 10 13
445 456 10 6
445 457 10 7
445 458 10 8
445 459 10 9
445 460 10 10
445 461 10 11
445 462 10 12
445 463 10 13
445 464 10 6
445 465 10 7
445 466 10 8
445 467 10 9
445 468 10 10
446 449 10 7
446 450 10 8
446 451 10 9
446 452 10 10
446 453 10 11
446 454 10 12
446 455 10 13
446 456 10 6
446 457 10 7
446 458 10 8
446 459 10 9
446 460 10 10
446 461 10 11
446 462 10 12
446 463 10 13
446 464 10 6
446 465 10 7
446 466 10 8
446 467 10 9
446 468 10 10
447 449 10 7
447 450 10 8
447 451 10 9
447 452 10 10
447 453 10 11
447 454 10 12
447 455 10 13
447 456 10 6
447 457 10 7
447 458 10 8
447 459 10 9
447 460 10 10
447 461 10 11
447 462 10 12
447 463 10 13
447 464 10 6
447 465 10 7
447 466 10 8
447 467 10 9
447 468 10 10
448 449 10 7
448 450 10 8
448 451 10 9
448 452 10 10
448 453 10 11
448 454 10 12
448 455 10 13
448 456 10 6
448 457 10 7
448 458 10 8
448 459 10 9
448 460 10 10
448 461 10 11
448 462 10 12
448 463 10 13
448 464 10 6
448 465 10 7
448 466 10 8
448 467 10 9
448 468 10 10
449 469 10 8
449 470 10 9
449 471 10 10
449 472 10 11
449 473 10 12
449 474 10 13
449 475 10 14
449 476 10 7
449 477 10 8
449 478 10 9
449 479 10 10
449 480 10 11
449 481 10 12
449 482 10 13
449 483 10 14
449 484 10 7
449 485 10 8
449 486 10 9
449 487 10 10
449 488 10 11
450 469 10 8
450 470 10 9
450 471 10 10
450 472 10 11
450 473 10 12
450 474 10 13
450 475 10 14
450 476 10 7
450 477 10 8
450 478 10 9
450 479 10 10
450 480 10 11
450 481 10 12
450 482 10 13
450 483 10 14
450 484 10 7
450 485 10 8
450 486 10 9
450 487 10 10
450 488 10 11
451 469 10 8
451 470 10 9
451 471 10 10
451 472 10 11
451 473 10 12
451 474 10 13
451 475 10 14
451 476 10 7
451 477 10 8
451 478 10 9
451 479 10 10
451 480 10 11
451 481 10 12
451 482 10 13
451 483 10 14
451 484 10 7
451 485 10 8
451 486 10 9
451 487 10 10
451 488 10 11
452 469 10 8
452 470 10 9
452 471 10 10
452 472 10 11
452 473 10 12
452 474 10 13
452 475 10 14
452 476 10 7
452 477 10 8
452 478 10 9
452 479 10 10
452 480 10 11
452 481 10 12
452 482 10 13
452 483 10 14
452 484 10 7
452 485 10 8
452 486 10 9
452 487 10 10
452 488 10 11
453 469 10 8
453 470 10 9
453 471 10 10
453 472 10 11
453 473 10 12
453 474 10 13
453 475 10 14
453 476 10 7
453 477 10 8
453 478 10 9
453 479 10 10
453 480 10 11
453 481 10 12
453 482 10 13
453 483 10 14
453 484 10 7
453 485 10 8
453 486 10 9
453 487 10 10
453 488 10 11
454 469 10 8
454 470 10 9
454 471 10 10
454 472 10 11
454 473 10 12
454 474 10 13
454 475 10 14
454 476 10 7
454 477 10 8
454 478 10 9
454 479 10 10
454 480 10 11
454 481 10 12
454 482 10 13
454 483 10 14
454 484 10 7
454 485 10 8
454 486 10 9
454 487 10 10
454 488 10 11
455 469 10 8
455 470 10 9
455 471 10 10
455 472 10 11
455 473 10 12
455 474 10 13
455 475 10 14
455 476 10 7
455 477 10 8
455 478 10 9
455 479 10 10
455 480 10 11
455 481 10 12
455 482 10 13
455 483 10 14
455 484 10 7
455 485 10 8
455 486 10 9
455 487 10 10
455 488 10 11
456 469 10 8
456 470 10 9
456 471 10 10
456 472 10 11
456 473 10 12
456 474 10 13
456 475 10 14
456 476 10 7
456 477 10 8
456 478 10 9
456 479 10 10
456 480 10 11
456 481 10 12
456 482 10 13
456 483 10 14
456 484 10 7
456 485 10 8
456 486 10 9
456 487 10 10
456 488 10 11
457 469 10 8
457 470 10 9
457 471 10 10
457 472 10 11
457 473 10 12
457 474 10 13
457 475 10 14
457 476 10 7
457 477 10 8
457 478 10 9
457 479 10 10
457 480 10 11
457 481 10 12
457 482 10 13
457 483 10 14
457 484 10 7
457 485 10 8
457 486 10 9
457 487 10 10
457 488 10 11
458 469 10 8
458 470 10 9
458 471 10 10
458 472 10 11
458 473 10 12
458 474 10 13
458 475 10 14
458 476 10 7
458 477 10 8
458 478 10 9
458 479 10 10
458 480 10 11
458 481 10 12
458 482 10 13
458 483 10 14
458 484 10 7
458 485 10 8
458 486 10 9
458 487 10 10
458 488 10 11
459 469 10 8
459 470 10 9
459 471 10 10
459 472 10 11
459 473 10 12
459 474 10 13
459 475 10 14
459 476 10 7
459 477 10 8
459 478 10 9
459 479 10 10
459 480 10 11
459 481 10 12
459 482 10 13
459 483 10 14
459 484 10 7
459 485 10 8
459 486 10 9
459 487 10 10
459 488 10 11
460 469 10 8
460 470 10 9
460 471 10 10
460 472 10 11
460 473 10 12
460 474 10 13
460 475 10 14
460 476 10 7
460 477 10 8
460 478 10 9
460 479 10 10
460 480 10 11
460 481 10 12
460 482 10 13
460 483 10 14
460 484 10 7
460 485 10 8
460 486 10 9
460 487 10 10
460 488 10 11
461 469 10 8
461 470 10 9
461 471 10 10
461 472 10 11
461 473 10 12
461 474 10 13
461 475 10 14
461 476 10 7
461 477 10 8
461 478 10 9
461 479 10 10
461 480 10 11
461 481 10 12
461 482 10 13
461 483 10 14
461 484 10 7
461 485 10 8
461 486 10 9
461 487 10 10
461 488 10 11
462 469 10 8
462 470 10 9
462 471 10 10
462 472 10 11
462 473 10 12
462 474 10 13
462 475 10 14
462 476 10 7
462 477 10 8
462 478 10 9
462 479 10 10
462 480 10 11
462 481 10 12
462 482 10 13
462 483 10 14
462 484 10 7
462 485 10 8
462 486 10 9
462 487 10 10
462 488 10 11
463 469 10 8
463 470 10 9
463 471 10 10
463 472 10 11
463 473 10 12
463 474 10 13
463 475 10 14
463 476 10 7
463 477 10 8
463 478 10 9
463 479 10 10
463 480 10 11
463 481 10 12
463 482 10 13
463 483 10 14
463 484 10 7
463 485 10 8
463 486 10 9
463 487 10 10
463 488 10 11
464 469 10 8
464 470 10 9
464 471 10 10
464 472 10 11
464 473 10 12
464 474 10 13
464 475 10 14
464 476 10 7
464 477 10 8
464 478 10 9
464 479 10 10
464 480 10 11
464 481 10 12
464 482 10 13
464 483 10 14
464 484 10 7
464 485 10 8
464 486 10 9
464 487 10 10
464 488 10 11
465 469 10 8
465 470 10 9
465 471 10 10
465 472 10 11
465 473 10 12
465 474 10 13
465 475 10 14
465 476 10 7
465 477 10 8
465 478 10 9
465 479 10 10
465 480 10 11
465 481 10 12
465 482 10 13
465 483 10 14
465 484 10 7
465 485 10 8
465 486 10 9
465 487 10 10
465 488 10 11
466 469 10 8
466 470 10 9
466 471 10 10
466 472 10 11
466 473 10 12
466 474 10 13
466 475 10 14
466 476 10 7
466 477 10 8
466 478 10 9
466 479 10 10
466 480 10 11
466 481 10 12
466 482 10 13
466 483 10 14
466 484 10 7
466 485 10 8
466 486 10 9
466 487 10 10
466 488 10 11
467 469 10 8
467 470 10 9
467 471 10 10
467 472 10 11
467 473 10 12
467 474 10 13
467 475 10 14
467 476 10 7
467 477 10 8
467 478 10 9
467 479 10 10
467 480 10 11
467 481 10 12
467 482 10 13
467 483 10 14
467 484 10 7
467 485 10 8
467 486 10 9
467 487 10 10
467 488 10 11
468 469 10 8
468 470 10 9
468 471 10 10
468 472 10 11
468 473 10 12
468 474 10 13
468 475 10 14
468 476 10 7
468 477 10 8
468 478 10 9
468 479 10 10
468 480 10 11
468 481 10 12
468 482 10 13
468 483 10 14
468 484 10 7
468 485 10 8
468 486 10 9
468 487 10 10
468 488 10 11
469 489 10 9
469 490 10 10
469 491 10 11
469 492 10 12
469 493 10 13
469 494 10 14
469 495 10 15
469 496 10 8
469 497 10 9
469 498 10 10
469 499 10 11
469 500 10 12
469 501 10 13
469 502 10 14
469 503 10 15
469 504 10 8
469 505 10 9
469 506 10 10
469 507 10 11
469 508 10 12
470 489 10 9
470 490 10 10
470 491 10 11
470 492 10 12
470 493 10 13
470 494 10 14
470 495 10 15
470 496 10 8
470 497 10 9
470 498 10 10
470 499 10 11
470 500 10 12
470 501 10 13
470 502 10 14
470 503 10 15
470 504 10 8
470 505 10 9
470 506 10 10
470 507 10 11
470 508 10 12
471 489 10 9
471 490 10 10
471 491 10 11
471 492 10 12
471 493 10 13
471 494 10 14
471 495 10 15
471 496 10 8
471 497 10 9
471 498 10 10
471 499 10 11
471 500 10 12
471 501 10 13
471 502 10 14
471 503 10 15
471 504 10 8
471 505 10 9
471 506 10 10
471 507 10 11
471 508 10 12
472 489 10 9
472 490 10 10
472 491 10 11
472 492 10 12
472 493 10 13
472 494 10 14
472 495 10 15
472 496 10 8
472 497 10 9
472 498 10 10
472 499 10 11
472 500 10 12
472 501 10 13
472 502 10 14
472 503 10 15
472 504 10 8
472 505 10 9
472 506 10 10
472 507 10 11
472 508 10 12
473 489 10 9
473 490 10 10
473 491 10 11
473 492 10 12
473 493 10 13
473 494 10 14
473 495 10 15
473 496 10 8
473 497 10 9
473 498 10 10
473 499 10 11
473 500 10 12
473 501 10 13
473 502 10 14
473 503 10 15
473 504 10 8
473 505 10 9
473 506 10 10
473 507 10 11
473 508 10 12
474 489 10 9
474 490 10 10
474 491 10 11
474 492 10 12
474 493 10 13
474 494 10 14
474 495 10 15
474 496 10 8
474 497 10 9
474 498 10 10
474 499 10 11
474 500 10 12
474 501 10 13
474 502 10 14
474 503 10 15
474 504 10 8
474 505 10 9
474 506 10 10
474 507 10 11
474 508 10 12
475 489 10 9
475 490 10 10
475 491 10 11
475 492 10 12
475 493 10 13
475 494 10 14
475 495 10 15
475 496 10 8
475 497 10 9
475 498 10 10
475 499 10 11
475 500 10 12
475 501 10 13
475 502 10 14
475 503 10 15
475 504 10 8
475 505 10 9
475 506 10 10
475 507 10 11
475 508 10 12
476 489 10 9
476 490 10 10
476 491 10 11
476 492 10 12
476 493 10 13
476 494 10 14
476 495 10 15
476 496 10 8
476 497 10 9
476 498 10 10
476 499 10 11
476 500 10 12
476 501 10 13
476 502 10 14
476 503 10 15
476 504 10 8
476 505 10 9
476 506 10 10
476 507 10 11
476 508 10 12
477 489 10 9
477 490 10 10
477 491 10 11
477 492 10 12
477 493 10 13
477 494 10 14
477 495 10 15
477 496 10 8
477 497 10 9
477 498 10 10
477 499 10 11
477 500 10 12
477 501 10 13
477 502 10 14
477 503 10 15
477 504 10 8
477 505 10 9
477 506 10 10
477 507 10 11
477 508 10 12
478 489 10 9
478 490 10 10
478 491 10 11
478 492 10 12
478 493 10 13
478 494 10 14
478 495 10 15
478 496 10 8
478 497 10 9
478 498 10 10
478 499 10 11
478 500 10 12
478 501 10 13
478 502 10 14
478 503 10 15
478 504 10 8
478 505 10 9
478 506 10 10
478 507 10 11
478 508 10 12
479 489 10 9
479 490 10 10
479 491 10 11
479 492 10 12
479 493 10 13
479 494 10 14
479 495 10 15
479 496 10 8
479 497 10 9
479 498 10 10
479 499 10 11
479 500 10 12
479 501 10 13
479 502 10 14
479 503 10 15
479 504 10 8
479 505 10 9
479 506 10 10
479 507 10 11
479 508 10 12
480 489 10 9
480 490 10 10
480 491 10 11
480 492 10 12
480 493 10 13
480 494 10 14
480 495 10 15
480 496 10 8
480 497 10 9
480 498 10 10
480 499 10 11
480 500 10 12
480 501 10 13
480 502 10 14
480 503 10 15
480 504 10 8
480 505 10 9
480 506 10 10
480 507 10 11
480 508 10 12
481 489 10 9
481 490 10 10
481 491 10 11
481 492 10 12
481 493 10 13
481 494 10 14
481 495 10 15
481 496 10 8
481 497 10 9
481 498 10 10
481 499 10 11
481 500 10 12
481 501 10 13
481 502 10 14
481 503 10 15
481 504 10 8
481 505 10 9
481 506 10 10
481 507 10 11
481 508 10 12
482 489 10 9
482 490 10 10
482 491 10 11
482 492 10 12
482 493 10 13
482 494 10 14
482 495 10 15
482 496 10 8
482 497 10 9
482 498 10 10
482 499 10 11
482 500 10 12
482 501 10 13
482 502 10 14
482 503 10 15
482 504 10 8
482 505 10 9
482 506 10 10
482 507 10 11
482 508 10 12
483 489 10 9
483 490 10 10
483 491 10 11
483 492 10 12
483 493 10 13
483 494 10 14
483 495 10 15
483 496 10 8
483 497 10 9
483 498 10 10
483 499 10 11
483 500 10 12
483 501 10 13
483 502 10 14
483 503 10 15
483 504 10 8
483 505 10 9
483 506 10 10
483 507 10 11
483 508 10 12
484 489 10 9
484 490 10 10
484 491 10 11
484 492 10 12
484 493 10 13
484 494 10 14
484 495 10 15
484 496 10 8
484 497 10 9
484 498 10 10
484 499 10 11
484 500 10 12
484 501 10 13
484 502 10 14
484 503 10 15
484 504 10 8
484 505 10 9
484 506 10 10
484 507 10 11
484 508 10 12
485 489 10 9
485 490 10 10
485 491 10 11
485 492 10 12
485 493 10 13
485 494 10 14
485 495 10 15
485 496 10 8
485 497 10 9
485 498 10 10
485 499 10 11
485 500 10 12
485 501 10 13
485 502 10 14
485 503 10 15
485 504 10 8
485 505 10 9
485 506 10 10
485 507 10 11
485 508 10 12
486 489 10 9
486 490 10 10
486 491 10 11
486 492 10 12
486 493 10 13
486 494 10 14
486 495 10 15
486 496 10 8
486 497 10 9
486 498 10 10
486 499 10 11
486 500 10 12
486 501 10 13
486 502 10 14
486 503 10 15
486 504 10 8
486 505 10 9
486 506 10 10
486 507 10 11
486 508 10 12
487 489 10 9
487 490 10 10
487 491 10 11
487 492 10 12
487 493 10 13
487 494 10 14
487 495 10 15
487 496 10 8
487 497 10 9
487 498 10 10
487 499 10 11
487 500 10 12
487 501 10 13
487 502 10 14
487 503 10 15
487 504 10 8
487 505 10 9
487 506 10 10
487 507 10 11
487 508 10 12
488 489 10 9
488 490 10 10
488 491 10 11
488 492 10 12
488 493 10 13
488 494 10 14
488 495 10 15
488 496 10 8
488 497 10 9
488 498 10 10
488 499 10 11
488 500 10 12
488 501 10 13
488 502 10 14
488 503 10 15
488 504 10 8
488 505 10 9
488 506 10 10
488 507 10 11
488 508 10 12
489 509 10 10
489 510 10 11
489 511 10 12
489 512 10 13
489 513 10 14
489 514 10 15
489 515 10 16
489 516 10 9
489 517 10 10
489 518 10 11
489 519 10 12
489 520 10 13
489 521 10 14
489 522 10 15
489 523 10 16
489 524 10 9
489 525 10 10
489 526 10 11
489 527 10 12
489 528 10 13
490 509 10 10
490 510 10 11
490 511 10 12
490 512 10 13
490 513 10 14
490 514 10 15
490 515 10 16
490 516 10 9
490 517 10 10
490 518 10 11
490 519 10 12
490 520 10 13
490 521 10 14
490 522 10 15
490 523 10 16
490 524 10 9
490 525 10 10
490 526 10 11
490 527 10 12
490 528 10 13
491 509 10 10
491 510 10 11
491 511 10 12
491 512 10 13
491 513 10 14
491 514 10 15
491 515 10 16
491 516 10 9
491 517 10 10
491 518 10 11
491 519 10 12
491 520 10 13
491 521 10 14
491 522 10 15
491 523 10 16
491 524 10 9
491 525 10 10
491 526 10 11
491 527 10 12
491 528 10 13
492 509 10 10
492 510 10 11
492 511 10 12
492 512 10 13
492 513 10 14
492 514 10 15
492 515 10 16
492 516 10 9
492 517 10 10
492 518 10 11
492 519 10 12
492 520 10 13
492 521 10 14
492 522 10 15
492 523 10 16
492 524 10 9
492 525 10 10
492 526 10 11
492 527 10 12
492 528 10 13
493 509 10 10
493 510 10 11
493 511 10 12
493 512 10 13
493 513 10 14
493 514 10 15
493 515 10 16
493 516 10 9
493 517 10 10
493 518 10 11
493 519 10 12
493 520 10 13
493 521 10 14
493 522 10 15
493 523 10 16
493 524 10 9
493 525 10 10
493 526 10 11
493 527 10 12
493 528 10 13
494 509 10 10
494 510 10 11
494 511 10 12
494 512 10 13
494 513 10 14
494 514 10 15
494 515 10 16
494 516 10 9
494 517 10 10
494 518 10 11
494 519 10 12
494 520 10 13
494 521 10 14
494 522 10 15
494 523 10 16
494 524 10 9
494 525 10 10
494 526 10 11
494 527 10 12
494 528 10 13
495 509 10 10
495 510 10 11
495 511 10 12
495 512 10 13
495 513 10 14
495 514 10 15
495 515 10 16
495 516 10 9
495 517 10 10
495 518 10 11
495 519 10 12
495 520 10 13
495 521 10 14
495 522 10 15
495 523 10 16
495 524 10 9
495 525 10 10
495 526 10 11
495 527 10 12
495 528 10 13
496 509 10 10
496 510 10 11
496 511 10 12
496 512 10 13
496 513 10 14
496 514 10 15
496 515 10 16
496 516 10 9
496 517 10 10
496 518 10 11
496 519 10 12
496 520 10 13
496 521 10 14
496 522 10 15
496 523 10 16
496 524 10 9
496 525 10 10
496 526 10 11
496 527 10 12
496 528 10 13
497 509 10 10
497 510 10 11
497 511 10 12
497 512 10 13
497 513 10 14
497 514 10 15
497 515 10 16
497 516 10 9
497 517 10 10
497 518 10 11
497 519 10 12
497 520 10 13
497 521 10 14
497 522 10 15
497 523 10 16
497 524 10 9
497 525 10 10
497 526 10 11
497 527 10 12
497 528 10 13
498 509 10 10
498 510 10 11
498 511 10 12
498 512 10 13
498 513 10 14
498 514 10 15
498 515 10 16
498 516 10 9
498 517 10 10
498 518 10 11
498 519 10 12
498 520 10 13
498 521 10 14
498 522 10 15
498 523 10 16
498 524 10 9
498 525 10 10
498 526 10 11
498 527 10 12
498 528 10 13
499 509 10 10
499 510 10 11
499 511 10 12
499 512 10 13
499 513 10 14
499 514 10 15
499 515 10 16
499 516 10 9
499 517 10 10
499 518 10 11
499 519 10 12
499 520 10 13
499 521 10 14
499 522 10 15
499 523 10 16
499 524 10 9
499 525 10 10
499 526 10 11
499 527 10 12
499 528 10 13
500 509 10 10
500 510 10 11
500 511 10 12
500 512 10 13
500 513 10 14
500 514 10 15
500 515 10 16
500 516 10 9
500 517 10 10
500 518 10 11
500 519 10 12
500 520 10 13
500 521 10 14
500 522 10 15
500 523 10 16
500 524 10 9
500 525 10 10
500 526 10 11
500 527 10 12
500 528 10 13
501 509 10 10
501 510 10 11
501 511 10 12
501 512 10 13
501 513 10 14
501 514 10 15
501 515 10 16
501 516 10 9
501 517 10 10
501 518 10 11
501 519 10 12
501 520 10 13
501 521 10 14
501 522 10 15
501 523 10 16
501 524 10 9
501 525 10 10
501 526 10 11
501 527 10 12
501 528 10 13
502 509 10 10
502 510 10 11
502 511 10 12
502 512 10 13
502 513 10 14
502 514 10 15
502 515 10 16
502 516 10 9
502 517 10 10
502 518 10 11
502 519 10 12
502 520 10 13
502 521 10 14
502 522 10 15
502 523 10 16
502 524 10 9
502 525 10 10
502 526 10 11
502 527 10 12
502 528 10 13
503 509 10 10
503 510 10 11
503 511 10 12
503 512 10 13
503 513 10 14
503 514 10 15
503 515 10 16
503 516 10 9
503 517 10 10
503 518 10 11
503 519 10 12
503 520 10 13
503 521 10 14
503 522 10 15
503 523 10 16
503 524 10 9
503 525 10 10
503 526 10 11
503 527 10 12
503 528 10 13
504 509 10 10
504 510 10 11
504 511 10 12
504 512 10 13
504 513 10 14
504 514 10 15
504 515 10 16
504 516 10 9
504 517 10 10
504 518 10 11
504 519 10 12
504 520 10 13
504 521 10 14
504 522 10 15
504 523 10 16
504 524 10 9
504 525 10 10
504 526 10 11
504 527 10 12
504 528 10 13
505 509 10 10
505 510 10 11
505 511 10 12
505 512 10 13
505 513 10 14
505 514 10 15
505 515 10 16
505 516 10 9
505 517 10 10
505 518 10 11
505 519 10 12
505 520 10 13
505 521 10 14
505 522 10 15
505 523 10 16
505 524 10 9
505 525 10 10
505 526 10 11
505 527 10 12
505 528 10 13
506 509 10 10
506 510 10 11
506 511 10 12
506 512 10 13
506 513 10 14
506 514 10 15
506 515 10 16
506 516 10 9
506 517 10 10
506 518 10 11
506 519 10 12
506 520 10 13
506 521 10 14
506 522 10 15
506 523 10 16
506 524 10 9
506 525 10 10
506 526 10 11
506 527 10 12
506 528 10 13
507 509 10 10
507 510 10 11
507 511 10 12
507 512 10 13
507 513 10 14
507 514 10 15
507 515 10 16
507 516 10 9
507 517 10 10
507 518 10 11
507 519 10 12
507 520 10 13
507 521 10 14
507 522 10 15
507 523 10 16
507 524 10 9
507 525 10 10
507 526 10 11
507 527 10 12
507 528 10 13
508 509 10 10
508 510 10 11
508 511 10 12
508 512 10 13
508 513 10 14
508 514 10 15
508 515 10 16
508 516 10 9
508 517 10 10
508 518 10 11
508 519 10 12
508 520 10 13
508 521 10 14
508 522 10 15
508 523 10 16
508 524 10 9
508 525 10 10
508 526 10 11
508 527 10 12
508 528 10 13
509 2 10 1
510 2 10 1
511 2 10 1
512 2 10 1
513 2 10 1
514 2 10 1
515 2 10 1
516 2 10 1
517 2 10 1
518 2 10 1
519 2 10 1
520 2 10 1
521 2 10 1
522 2 10 1
523 2 10 1
524 2 10 1
525 2 10 1
526 2 10 1
527 2 10 1
528 2 10 1
