528 9667 1 2 15 999
1 3 500 999
3 4 500 999
4 5 500 999
5 6 500 999
6 7 500 999
7 8 500 999
8 9 500 999
9 10 500 999
10 11 500 999
11 12 500 999
12 13 500 999
13 14 500 999
14 15 500 999
15 16 500 999
16 17 500 999
17 18 500 999
18 19 500 999
19 20 500 999
20 21 500 999
21 22 500 999
22 23 500 999
23 24 500 999
24 25 500 999
25 26 500 999
26 27 500 999
27 28 500 999
28 2 500 999
1 29 10 2
1 30 10 3
1 31 10 4
1 32 10 5
1 33 10 6
1 34 10 7
1 35 10 8
1 36 10 9
1 37 10 10
1 38 10 11
1 39 10 12
1 40 10 13
1 41 10 14
1 42 10 15
1 43 10 1
1 44 10 2
1 45 10 3
1 46 10 4
1 47 10 5
1 48 10 6
29 49 10 3
29 50 10 4
29 51 10 5
29 52 10 6
29 53 10 7
29 54 10 8
29 55 10 9
29 56 10 10
29 57 10 11
29 58 10 12
29 59 10 13
29 60 10 14
29 61 10 15
29 62 10 16
29 63 10 2
29 64 10 3
29 65 10 4
29 66 10 5
29 67 10 6
29 68 10 7
30 49 10 3
30 50 10 4
30 51 10 5
30 52 10 6
30 53 10 7
30 54 10 8
30 55 10 9
30 56 10 10
30 57 10 11
30 58 10 12
30 59 10 13
30 60 10 14
30 61 10 15
30 62 10 16
30 63 10 2
30 64 10 3
30 65 10 4
30 66 10 5
30 67 10 6
30 68 10 7
31 49 10 3
31 50 10 4
31 51 10 5
31 52 10 6
31 53 10 7
31 54 10 8
31 55 10 9
31 56 10 10
31 57 10 11
31 58 10 12
31 59 10 13
31 60 10 14
31 61 10 15
31 62 10 16
31 63 10 2
31 64 10 3
31 65 10 4
31 66 10 5
31 67 10 6
31 68 10 7
32 49 10 3
32 50 10 4
32 51 10 5
32 52 10 6
32 53 10 7
32 54 10 8
32 55 10 9
32 56 10 10
32 57 10 11
32 58 10 12
32 59 10 13
32 60 10 14
32 61 10 15
32 62 10 16
32 63 10 2
32 64 10 3
32 65 10 4
32 66 10 5
32 67 10 6
32 68 10 7
33 49 10 3
33 50 10 4
33 51 10 5
33 52 10 6
33 53 10 7
33 54 10 8
33 55 10 9
33 56 10 10
33 57 10 11
33 58 10 12
33 59 10 13
33 60 10 14
33 61 10 15
33 62 10 16
33 63 10 2
33 64 10 3
33 65 10 4
33 66 10 5
33 67 10 6
33 68 10 7
34 49 10 3
34 50 10 4
34 51 10 5
34 52 10 6
34 53 10 7
34 54 10 8
34 55 10 9
34 56 10 10
34 57 10 11
34 58 10 12
34 59 10 13
34 60 10 14
34 61 10 15
34 62 10 16
34 63 10 2
34 64 10 3
34 65 10 4
34 66 10 5
34 67 10 6
34 68 10 7
35 49 10 3
35 50 10 4
35 51 10 5
35 52 10 6
35 53 10 7
35 54 10 8
35 55 10 9
35 56 10 10
35 57 10 11
35 58 10 12
35 59 10 13
35 60 10 14
35 61 10 15
35 62 10 16
35 63 10 2
35 64 10 3
35 65 10 4
35 66 10 5
35 67 10 6
35 68 10 7
36 49 10 3
36 50 10 4
36 51 10 5
36 52 10 6
36 53 10 7
36 54 10 8
36 55 10 9
36 56 10 10
36 57 10 11
36 58 10 12
36 59 10 13
36 60 10 14
36 61 10 15
36 62 10 16
36 63 10 2
36 64 10 3
36 65 10 4
36 66 10 5
36 67 10 6
36 68 10 7
37 49 10 3
37 50 10 4
37 51 10 5
37 52 10 6
37 53 10 7
37 54 10 8
37 55 10 9
37 56 10 10
37 57 10 11
37 58 10 12
37 59 10 13
37 60 10 14
37 61 10 15
37 62 10 16
37 63 10 2
37 64 10 3
37 65 10 4
37 66 10 5
37 67 10 6
37 68 10 7
38 49 10 3
38 50 10 4
38 51 10 5
38 52 10 6
38 53 10 7
38 54 10 8
38 55 10 9
38 56 10 10
38 57 10 11
38 58 10 12
38 59 10 13
38 60 10 14
38 61 10 15
38 62 10 16
38 63 10 2
38 64 10 3
38 65 10 4
38 66 10 5
38 67 10 6
38 68 10 7
39 49 10 3
39 50 10 4
39 51 10 5
39 52 10 6
39 53 10 7
39 54 10 8
39 55 10 9
39 56 10 10
39 57 10 11
39 58 10 12
39 59 10 13
39 60 10 14
39 61 10 15
39 62 10 16
39 63 10 2
39 64 10 3
39 65 10 4
39 66 10 5
39 67 10 6
39 68 10 7
40 49 10 3
40 50 10 4
40 51 10 5
40 52 10 6
40 53 10 7
40 54 10 8
40 55 10 9
40 56 10 10
40 57 10 11
40 58 10 12
40 59 10 13
40 60 10 14
40 61 10 15
40 62 10 16
40 63 10 2
40 64 10 3
40 65 10 4
40 66 10 5
40 67 10 6
40 68 10 7
41 49 10 3
41 50 10 4
41 51 10 5
41 52 10 6
41 53 10 7
41 54 10 8
41 55 10 9
41 56 10 10
41 57 10 11
41 58 10 12
41 59 10 13
41 60 10 14
41 61 10 15
41 62 10 16
41 63 10 2
41 64 10 3
41 65 10 4
41 66 10 5
41 67 10 6
41 68 10 7
42 49 10 3
42 50 10 4
42 51 10 5
42 52 10 6
42 53 10 7
42 54 10 8
42 55 10 9
42 56 10 10
42 57 10 11
42 58 10 12
42 59 10 13
42 60 10 14
42 61 10 15
42 62 10 16
42 63 10 2
42 64 10 3
42 65 10 4
42 66 10 5
42 67 10 6
42 68 10 7
43 49 10 3
43 50 10 4
43 51 10 5
43 52 10 6
43 53 10 7
43 54 10 8
43 55 10 9
43 56 10 10
43 57 10 11
43 58 10 12
43 59 10 13
43 60 10 14
43 61 10 15
43 62 10 16
43 63 10 2
43 64 10 3
43 65 10 4
43 66 10 5
43 67 10 6
43 68 10 7
44 49 10 3
44 50 10 4
44 51 10 5
44 52 10 6
44 53 10 7
44 54 10 8
44 55 10 9
44 56 10 10
44 57 10 11
44 58 10 12
44 59 10 13
44 60 10 14
44 61 10 15
44 62 10 16
44 63 10 2
44 64 10 3
44 65 10 4
44 66 10 5
44 67 10 6
44 68 10 7
45 49 10 3
45 50 10 4
45 51 10 5
45 52 10 6
45 53 10 7
45 54 10 8
45 55 10 9
45 56 10 10
45 57 10 11
45 58 10 12
45 59 10 13
45 60 10 14
45 61 10 15
45 62 10 16
45 63 10 2
45 64 10 3
45 65 10 4
45 66 10 5
45 67 10 6
45 68 10 7
46 49 10 3
46 50 10 4
46 51 10 5
46 52 10 6
46 53 10 7
46 54 10 8
46 55 10 9
46 56 10 10
46 57 10 11
46 58 10 12
46 59 10 13
46 60 10 14
46 61 10 15
46 62 10 16
46 63 10 2
46 64 10 3
46 65 10 4
46 66 10 5
46 67 10 6
46 68 10 7
47 49 10 3
47 50 10 4
47 51 10 5
47 52 10 6
47 53 10 7
47 54 10 8
47 55 10 9
47 56 10 10
47 57 10 11
47 58 10 12
47 59 10 13
47 60 10 14
47 61 10 15
47 62 10 16
47 63 10 2
47 64 10 3
47 65 10 4
47 66 10 5
47 67 10 6
47 68 10 7
48 49 10 3
48 50 10 4
48 51 10 5
48 52 10 6
48 53 10 7
48 54 10 8
48 55 10 9
48 56 10 10
48 57 10 11
48 58 10 12
48 59 10 13
48 60 10 14
48 61 10 15
48 62 10 16
48 63 10 2
48 64 10 3
48 65 10 4
48 66 10 5
48 67 10 6
48 68 10 7
49 69 10 4
49 70 10 5
49 71 10 6
49 72 10 7
49 73 10 8
49 74 10 9
49 75 10 10
49 76 10 11
49 77 10 12
49 78 10 13
49 79 10 14
49 80 10 15
49 81 10 16
49 82 10 17
49 83 10 3
49 84 10 4
49 85 10 5
49 86 10 6
49 87 10 7
49 88 10 8
50 69 10 4
50 70 10 5
50 71 10 6
50 72 10 7
50 73 10 8
50 74 10 9
50 75 10 10
50 76 10 11
50 77 10 12
50 78 10 13
50 79 10 14
50 80 10 15
50 81 10 16
50 82 10 17
50 83 10 3
50 84 10 4
50 85 10 5
50 86 10 6
50 87 10 7
50 88 10 8
51 69 10 4
51 70 10 5
51 71 10 6
51 72 10 7
51 73 10 8
51 74 10 9
51 75 10 10
51 76 10 11
51 77 10 12
51 78 10 13
51 79 10 14
51 80 10 15
51 81 10 16
51 82 10 17
51 83 10 3
51 84 10 4
51 85 10 5
51 86 10 6
51 87 10 7
51 88 10 8
52 69 10 4
52 70 10 5
52 71 10 6
52 72 10 7
52 73 10 8
52 74 10 9
52 75 10 10
52 76 10 11
52 77 10 12
52 78 10 13
52 79 10 14
52 80 10 15
52 81 10 16
52 82 10 17
52 83 10 3
52 84 10 4
52 85 10 5
52 86 10 6
52 87 10 7
52 88 10 8
53 69 10 4
53 70 10 5
53 71 10 6
53 72 10 7
53 73 10 8
53 74 10 9
53 75 10 10
53 76 10 11
53 77 10 12
53 78 10 13
53 79 10 14
53 80 10 15
53 81 10 16
53 82 10 17
53 83 10 3
53 84 10 4
53 85 10 5
53 86 10 6
53 87 10 7
53 88 10 8
54 69 10 4
54 70 10 5
54 71 10 6
54 72 10 7
54 73 10 8
54 74 10 9
54 75 10 10
54 76 10 11
54 77 10 12
54 78 10 13
54 79 10 14
54 80 10 15
54 81 10 16
54 82 10 17
54 83 10 3
54 84 10 4
54 85 10 5
54 86 10 6
54 87 10 7
54 88 10 8
55 69 10 4
55 70 10 5
55 71 10 6
55 72 10 7
55 73 10 8
55 74 10 9
55 75 10 10
55 76 10 11
55 77 10 12
55 78 10 13
55 79 10 14
55 80 10 15
55 81 10 16
55 82 10 17
55 83 10 3
55 84 10 4
55 85 10 5
55 86 10 6
55 87 10 7
55 88 10 8
56 69 10 4
56 70 10 5
56 71 10 6
56 72 10 7
56 73 10 8
56 74 10 9
56 75 10 10
56 76 10 11
56 77 10 12
56 78 10 13
56 79 10 14
56 80 10 15
56 81 10 16
56 82 10 17
56 83 10 3
56 84 10 4
56 85 10 5
56 86 10 6
56 87 10 7
56 88 10 8
57 69 10 4
57 70 10 5
57 71 10 6
57 72 10 7
57 73 10 8
57 74 10 9
57 75 10 10
57 76 10 11
57 77 10 12
57 78 10 13
57 79 10 14
57 80 10 15
57 81 10 16
57 82 10 17
57 83 10 3
57 84 10 4
57 85 10 5
57 86 10 6
57 87 10 7
57 88 10 8
58 69 10 4
58 70 10 5
58 71 10 6
58 72 10 7
58 73 10 8
58 74 10 9
58 75 10 10
58 76 10 11
58 77 10 12
58 78 10 13
58 79 10 14
58 80 10 15
58 81 10 16
58 82 10 17
58 83 10 3
58 84 10 4
58 85 10 5
58 86 10 6
58 87 10 7
58 88 10 8
59 69 10 4
59 70 10 5
59 71 10 6
59 72 10 7
59 73 10 8
59 74 10 9
59 75 10 10
59 76 10 11
59 77 10 12
59 78 10 13
59 79 10 14
59 80 10 15
59 81 10 16
59 82 10 17
59 83 10 3
59 84 10 4
59 85 10 5
59 86 10 6
59 87 10 7
59 88 10 8
60 69 10 4
60 70 10 5
60 71 10 6
60 72 10 7
60 73 10 8
60 74 10 9
60 75 10 10
60 76 10 11
60 77 10 12
60 78 10 13
60 79 10 14
60 80 10 15
60 81 10 16
60 82 10 17
60 83 10 3
60 84 10 4
60 85 10 5
60 86 10 6
60 87 10 7
60 88 10 8
61 69 10 4
61 70 10 5
61 71 10 6
61 72 10 7
61 73 10 8
61 74 10 9
61 75 10 10
61 76 10 11
61 77 10 12
61 78 10 13
61 79 10 14
61 80 10 15
61 81 10 16
61 82 10 17
61 83 10 3
61 84 10 4
61 85 10 5
61 86 10 6
61 87 10 7
61 88 10 8
62 69 10 4
62 70 10 5
62 71 10 6
62 72 10 7
62 73 10 8
62 74 10 9
62 75 10 10
62 76 10 11
62 77 10 12
62 78 10 13
62 79 10 14
62 80 10 15
62 81 10 16
62 82 10 17
62 83 10 3
62 84 10 4
62 85 10 5
62 86 10 6
62 87 10 7
62 88 10 8
63 69 10 4
63 70 10 5
63 71 10 6
63 72 10 7
63 73 10 8
63 74 10 9
63 75 10 10
63 76 10 11
63 77 10 12
63 78 10 13
63 79 10 14
63 80 10 15
63 81 10 16
63 82 10 17
63 83 10 3
63 84 10 4
63 85 10 5
63 86 10 6
63 87 10 7
63 88 10 8
64 69 10 4
64 70 10 5
64 71 10 6
64 72 10 7
64 73 10 8
64 74 10 9
64 75 10 10
64 76 10 11
64 77 10 12
64 78 10 13
64 79 10 14
64 80 10 15
64 81 10 16
64 82 10 17
64 83 10 3
64 84 10 4
64 85 10 5
64 86 10 6
64 87 10 7
64 88 10 8
65 69 10 4
65 70 10 5
65 71 10 6
65 72 10 7
65 73 10 8
65 74 10 9
65 75 10 10
65 76 10 11
65 77 10 12
65 78 10 13
65 79 10 14
65 80 10 15
65 81 10 16
65 82 10 17
65 83 10 3
65 84 10 4
65 85 10 5
65 86 10 6
65 87 10 7
65 88 10 8
66 69 10 4
66 70 10 5
66 71 10 6
66 72 10 7
66 73 10 8
66 74 10 9
66 75 10 10
66 76 10 11
66 77 10 12
66 78 10 13
66 79 10 14
66 80 10 15
66 81 10 16
66 82 10 17
66 83 10 3
66 84 10 4
66 85 10 5
66 86 10 6
66 87 10 7
66 88 10 8
67 69 10 4
67 70 10 5
67 71 10 6
67 72 10 7
67 73 10 8
67 74 10 9
67 75 10 10
67 76 10 11
67 77 10 12
67 78 10 13
67 79 10 14
67 80 10 15
67 81 10 16
67 82 10 17
67 83 10 3
67 84 10 4
67 85 10 5
67 86 10 6
67 87 10 7
67 88 10 8
68 69 10 4
68 70 10 5
68 71 10 6
68 72 10 7
68 73 10 8
68 74 10 9
68 75 10 10
68 76 10 11
68 77 10 12
68 78 10 13
68 79 10 14
68 80 10 15
68 81 10 16
68 82 10 17
68 83 10 3
68 84 10 4
68 85 10 5
68 86 10 6
68 87 10 7
68 88 10 8
69 89 10 5
69 90 10 6
69 91 10 7
69 92 10 8
69 93 10 9
69 94 10 10
69 95 10 11
69 96 10 12
69 97 10 13
69 98 10 14
69 99 10 15
69 100 10 16
69 101 10 17
69 102 10 18
69 103 10 4
69 104 10 5
69 105 10 6
69 106 10 7
69 107 10 8
69 108 10 9
70 89 10 5
70 90 10 6
70 91 10 7
70 92 10 8
70 93 10 9
70 94 10 10
70 95 10 11
70 96 10 12
70 97 10 13
70 98 10 14
70 99 10 15
70 100 10 16
70 101 10 17
70 102 10 18
70 103 10 4
70 104 10 5
70 105 10 6
70 106 10 7
70 107 10 8
70 108 10 9
71 89 10 5
71 90 10 6
71 91 10 7
71 92 10 8
71 93 10 9
71 94 10 10
71 95 10 11
71 96 10 12
71 97 10 13
71 98 10 14
71 99 10 15
71 100 10 16
71 101 10 17
71 102 10 18
71 103 10 4
71 104 10 5
71 105 10 6
71 106 10 7
71 107 10 8
71 108 10 9
72 89 10 5
72 90 10 6
72 91 10 7
72 92 10 8
72 93 10 9
72 94 10 10
72 95 10 11
72 96 10 12
72 97 10 13
72 98 10 14
72 99 10 15
72 100 10 16
72 101 10 17
72 102 10 18
72 103 10 4
72 104 10 5
72 105 10 6
72 106 10 7
72 107 10 8
72 108 10 9
73 89 10 5
73 90 10 6
73 91 10 7
73 92 10 8
73 93 10 9
73 94 10 10
73 95 10 11
73 96 10 12
73 97 10 13
73 98 10 14
73 99 10 15
73 100 10 16
73 101 10 17
73 102 10 18
73 103 10 4
73 104 10 5
73 105 10 6
73 106 10 7
73 107 10 8
73 108 10 9
74 89 10 5
74 90 10 6
74 91 10 7
74 92 10 8
74 93 10 9
74 94 10 10
74 95 10 11
74 96 10 12
74 97 10 13
74 98 10 14
74 99 10 15
74 100 10 16
74 101 10 17
74 102 10 18
74 103 10 4
74 104 10 5
74 105 10 6
74 106 10 7
74 107 10 8
74 108 10 9
75 89 10 5
75 90 10 6
75 91 10 7
75 92 10 8
75 93 10 9
75 94 10 10
75 95 10 11
75 96 10 12
75 97 10 13
75 98 10 14
75 99 10 15
75 100 10 16
75 101 10 17
75 102 10 18
75 103 10 4
75 104 10 5
75 105 10 6
75 106 10 7
75 107 10 8
75 108 10 9
76 89 10 5
76 90 10 6
76 91 10 7
76 92 10 8
76 93 10 9
76 94 10 10
76 95 10 11
76 96 10 12
76 97 10 13
76 98 10 14
76 99 10 15
76 100 10 16
76 101 10 17
76 102 10 18
76 103 10 4
76 104 10 5
76 105 10 6
76 106 10 7
76 107 10 8
76 108 10 9
77 89 10 5
77 90 10 6
77 91 10 7
77 92 10 8
77 93 10 9
77 94 10 10
77 95 10 11
77 96 10 12
77 97 10 13
77 98 10 14
77 99 10 15
77 100 10 16
77 101 10 17
77 102 10 18
77 103 10 4
77 104 10 5
77 105 10 6
77 106 10 7
77 107 10 8
77 108 10 9
78 89 10 5
78 90 10 6
78 91 10 7
78 92 10 8
78 93 10 9
78 94 10 10
78 95 10 11
78 96 10 12
78 97 10 13
78 98 10 14
78 99 10 15
78 100 10 16
78 101 10 17
78 102 10 18
78 103 10 4
78 104 10 5
78 105 10 6
78 106 10 7
78 107 10 8
78 108 10 9
79 89 10 5
79 90 10 6
79 91 10 7
79 92 10 8
79 93 10 9
79 94 10 10
79 95 10 11
79 96 10 12
79 97 10 13
79 98 10 14
79 99 10 15
79 100 10 16
79 101 10 17
79 102 10 18
79 103 10 4
79 104 10 5
79 105 10 6
79 106 10 7
79 107 10 8
79 108 10 9
80 89 10 5
80 90 10 6
80 91 10 7
80 92 10 8
80 93 10 9
80 94 10 10
80 95 10 11
80 96 10 12
80 97 10 13
80 98 10 14
80 99 10 15
80 100 10 16
80 101 10 17
80 102 10 18
80 103 10 4
80 104 10 5
80 105 10 6
80 106 10 7
80 107 10 8
80 108 10 9
81 89 10 5
81 90 10 6
81 91 10 7
81 92 10 8
81 93 10 9
81 94 10 10
81 95 10 11
81 96 10 12
81 97 10 13
81 98 10 14
81 99 10 15
81 100 10 16
81 101 10 17
81 102 10 18
81 103 10 4
81 104 10 5
81 105 10 6
81 106 10 7
81 107 10 8
81 108 10 9
82 89 10 5
82 90 10 6
82 91 10 7
82 92 10 8
82 93 10 9
82 94 10 10
82 95 10 11
82 96 10 12
82 97 10 13
82 98 10 14
82 99 10 15
82 100 10 16
82 101 10 17
82 102 10 18
82 103 10 4
82 104 10 5
82 105 10 6
82 106 10 7
82 107 10 8
82 108 10 9
83 89 10 5
83 90 10 6
83 91 10 7
83 92 10 8
83 93 10 9
83 94 10 10
83 95 10 11
83 96 10 12
83 97 10 13
83 98 10 14
83 99 10 15
83 100 10 16
83 101 10 17
83 102 10 18
83 103 10 4
83 104 10 5
83 105 10 6
83 106 10 7
83 107 10 8
83 108 10 9
84 89 10 5
84 90 10 6
84 91 10 7
84 92 10 8
84 93 10 9
84 94 10 10
84 95 10 11
84 96 10 12
84 97 10 13
84 98 10 14
84 99 10 15
84 100 10 16
84 101 10 17
84 102 10 18
84 103 10 4
84 104 10 5
84 105 10 6
84 106 10 7
84 107 10 8
84 108 10 9
85 89 10 5
85 90 10 6
85 91 10 7
85 92 10 8
85 93 10 9
85 94 10 10
85 95 10 11
85 96 10 12
85 97 10 13
85 98 10 14
85 99 10 15
85 100 10 16
85 101 10 17
85 102 10 18
85 103 10 4
85 104 10 5
85 105 10 6
85 106 10 7
85 107 10 8
85 108 10 9
86 89 10 5
86 90 10 6
86 91 10 7
86 92 10 8
86 93 10 9
86 94 10 10
86 95 10 11
86 96 10 12
86 97 10 13
86 98 10 14
86 99 10 15
86 100 10 16
86 101 10 17
86 102 10 18
86 103 10 4
86 104 10 5
86 105 10 6
86 106 10 7
86 107 10 8
86 108 10 9
87 89 10 5
87 90 10 6
87 91 10 7
87 92 10 8
87 93 10 9
87 94 10 10
87 95 10 11
87 96 10 12
87 97 10 13
87 98 10 14
87 99 10 15
87 100 10 16
87 101 10 17
87 102 10 18
87 103 10 4
87 104 10 5
87 105 10 6
87 106 10 7
87 107 10 8
87 108 10 9
88 89 10 5
88 90 10 6
88 91 10 7
88 92 10 8
88 93 10 9
88 94 10 10
88 95 10 11
88 96 10 12
88 97 10 13
88 98 10 14
88 99 10 15
88 100 10 16
88 101 10 17
88 102 10 18
88 103 10 4
88 104 10 5
88 105 10 6
88 106 10 7
88 107 10 8
88 108 10 9
89 109 10 6
89 110 10 7
89 111 10 8
89 112 10 9
89 113 10 10
89 114 10 11
89 115 10 12
89 116 10 13
89 117 10 14
89 118 10 15
89 119 10 16
89 120 10 17
89 121 10 18
89 122 10 19
89 123 10 5
89 124 10 6
89 125 10 7
89 126 10 8
89 127 10 9
89 128 10 10
90 109 10 6
90 110 10 7
90 111 10 8
90 112 10 9
90 113 10 10
90 114 10 11
90 115 10 12
90 116 10 13
90 117 10 14
90 118 10 15
90 119 10 16
90 120 10 17
90 121 10 18
90 122 10 19
90 123 10 5
90 124 10 6
90 125 10 7
90 126 10 8
90 127 10 9
90 128 10 10
91 109 10 6
91 110 10 7
91 111 10 8
91 112 10 9
91 113 10 10
91 114 10 11
91 115 10 12
91 116 10 13
91 117 10 14
91 118 10 15
91 119 10 16
91 120 10 17
91 121 10 18
91 122 10 19
91 123 10 5
91 124 10 6
91 125 10 7
91 126 10 8
91 127 10 9
91 128 10 10
92 109 10 6
92 110 10 7
92 111 10 8
92 112 10 9
92 113 10 10
92 114 10 11
92 115 10 12
92 116 10 13
92 117 10 14
92 118 10 15
92 119 10 16
92 120 10 17
92 121 10 18
92 122 10 19
92 123 10 5
92 124 10 6
92 125 10 7
92 126 10 8
92 127 10 9
92 128 10 10
93 109 10 6
93 110 10 7
93 111 10 8
93 112 10 9
93 113 10 10
93 114 10 11
93 115 10 12
93 116 10 13
93 117 10 14
93 118 10 15
93 119 10 16
93 120 10 17
93 121 10 18
93 122 10 19
93 123 10 5
93 124 10 6
93 125 10 7
93 126 10 8
93 127 10 9
93 128 10 10
94 109 10 6
94 110 10 7
94 111 10 8
94 112 10 9
94 113 10 10
94 114 10 11
94 115 10 12
94 116 10 13
94 117 10 14
94 118 10 15
94 119 10 16
94 120 10 17
94 121 10 18
94 122 10 19
94 123 10 5
94 124 10 6
94 125 10 7
94 126 10 8
94 127 10 9
94 128 10 10
95 109 10 6
95 110 10 7
95 111 10 8
95 112 10 9
95 113 10 10
95 114 10 11
95 115 10 12
95 116 10 13
95 117 10 14
95 118 10 15
95 119 10 16
95 120 10 17
95 121 10 18
95 122 10 19
95 123 10 5
95 124 10 6
95 125 10 7
95 126 10 8
95 127 10 9
95 128 10 10
96 109 10 6
96 110 10 7
96 111 10 8
96 112 10 9
96 113 10 10
96 114 10 11
96 115 10 12
96 116 10 13
96 117 10 14
96 118 10 15
96 119 10 16
96 120 10 17
96 121 10 18
96 122 10 19
96 123 10 5
96 124 10 6
96 125 10 7
96 126 10 8
96 127 10 9
96 128 10 10
97 109 10 6
97 110 10 7
97 111 10 8
97 112 10 9
97 113 10 10
97 114 10 11
97 115 10 12
97 116 10 13
97 117 10 14
97 118 10 15
97 119 10 16
97 120 10 17
97 121 10 18
97 122 10 19
97 123 10 5
97 124 10 6
97 125 10 7
97 126 10 8
97 127 10 9
97 128 10 10
98 109 10 6
98 110 10 7
98 111 10 8
98 112 10 9
98 113 10 10
98 114 10 11
98 115 10 12
98 116 10 13
98 117 10 14
98 118 10 15
98 119 10 16
98 120 10 17
98 121 10 18
98 122 10 19
98 123 10 5
98 124 10 6
98 125 10 7
98 126 10 8
98 127 10 9
98 128 10 10
99 109 10 6
99 110 10 7
99 111 10 8
99 112 10 9
99 113 10 10
99 114 10 11
99 115 10 12
99 116 10 13
99 117 10 14
99 118 10 15
99 119 10 16
99 120 10 17
99 121 10 18
99 122 10 19
99 123 10 5
99 124 10 6
99 125 10 7
99 126 10 8
99 127 10 9
99 128 10 10
100 109 10 6
100 110 10 7
100 111 10 8
100 112 10 9
100 113 10 10
100 114 10 11
100 115 10 12
100 116 10 13
100 117 10 14
100 118 10 15
100 119 10 16
100 120 10 17
100 121 10 18
100 122 10 19
100 123 10 5
100 124 10 6
100 125 10 7
100 126 10 8
100 127 10 9
100 128 10 10
101 109 10 6
101 110 10 7
101 111 10 8
101 112 10 9
101 113 10 10
101 114 10 11
101 115 10 12
101 116 10 13
101 117 10 14
101 118 10 15
101 119 10 16
101 120 10 17
101 121 10 18
101 122 10 19
101 123 10 5
101 124 10 6
101 125 10 7
101 126 10 8
101 127 10 9
101 128 10 10
102 109 10 6
102 110 10 7
102 111 10 8
102 112 10 9
102 113 10 10
102 114 10 11
102 115 10 12
102 116 10 13
102 117 10 14
102 118 10 15
102 119 10 16
102 120 10 17
102 121 10 18
102 122 10 19
102 123 10 5
102 124 10 6
102 125 10 7
102 126 10 8
102 127 10 9
102 128 10 10
103 109 10 6
103 110 10 7
103 111 10 8
103 112 10 9
103 113 10 10
103 114 10 11
103 115 10 12
103 116 10 13
103 117 10 14
103 118 10 15
103 119 10 16
103 120 10 17
103 121 10 18
103 122 10 19
103 123 10 5
103 124 10 6
103 125 10 7
103 126 10 8
103 127 10 9
103 128 10 10
104 109 10 6
104 110 10 7
104 111 10 8
104 112 10 9
104 113 10 10
104 114 10 11
104 115 10 12
104 116 10 13
104 117 10 14
104 118 10 15
104 119 10 16
104 120 10 17
104 121 10 18
104 122 10 19
104 123 10 5
104 124 10 6
104 125 10 7
104 126 10 8
104 127 10 9
104 128 10 10
105 109 10 6
105 110 10 7
105 111 10 8
105 112 10 9
105 113 10 10
105 114 10 11
105 115 10 12
105 116 10 13
105 117 10 14
105 118 10 15
105 119 10 16
105 120 10 17
105 121 10 18
105 122 10 19
105 123 10 5
105 124 10 6
105 125 10 7
105 126 10 8
105 127 10 9
105 128 10 10
106 109 10 6
106 110 10 7
106 111 10 8
106 112 10 9
106 113 10 10
106 114 10 11
106 115 10 12
106 116 10 13
106 117 10 14
106 118 10 15
106 119 10 16
106 120 10 17
106 121 10 18
106 122 10 19
106 123 10 5
106 124 10 6
106 125 10 7
106 126 10 8
106 127 10 9
106 128 10 10
107 109 10 6
107 110 10 7
107 111 10 8
107 112 10 9
107 113 10 10
107 114 10 11
107 115 10 12
107 116 10 13
107 117 10 14
107 118 10 15
107 119 10 16
107 120 10 17
107 121 10 18
107 122 10 19
107 123 10 5
107 124 10 6
107 125 10 7
107 126 10 8
107 127 10 9
107 128 10 10
108 109 10 6
108 110 10 7
108 111 10 8
108 112 10 9
108 113 10 10
108 114 10 11
108 115 10 12
108 116 10 13
108 117 10 14
108 118 10 15
108 119 10 16
108 120 10 17
108 121 10 18
108 122 10 19
108 123 10 5
108 124 10 6
108 125 10 7
108 126 10 8
108 127 10 9
108 128 10 10
109 129 10 7
109 130 10 8
109 131 10 9
109 132 10 10
109 133 10 11
109 134 10 12
109 135 10 13
109 136 10 14
109 137 10 15
109 138 10 16
109 139 10 17
109 140 10 18
109 141 10 19
109 142 10 20
109 143 10 6
109 144 10 7
109 145 10 8
109 146 10 9
109 147 10 10
109 148 10 11
110 129 10 7
110 130 10 8
110 131 10 9
110 132 10 10
110 133 10 11
110 134 10 12
110 135 10 13
110 136 10 14
110 137 10 15
110 138 10 16
110 139 10 17
110 140 10 18
110 141 10 19
110 142 10 20
110 143 10 6
110 144 10 7
110 145 10 8
110 146 10 9
110 147 10 10
110 148 10 11
111 129 10 7
111 130 10 8
111 131 10 9
111 132 10 10
111 133 10 11
111 134 10 12
111 135 10 13
111 136 10 14
111 137 10 15
111 138 10 16
111 139 10 17
111 140 10 18
111 141 10 19
111 142 10 20
111 143 10 6
111 144 10 7
111 145 10 8
111 146 10 9
111 147 10 10
111 148 10 11
112 129 10 7
112 130 10 8
112 131 10 9
112 132 10 10
112 133 10 11
112 134 10 12
112 135 10 13
112 136 10 14
112 137 10 15
112 138 10 16
112 139 10 17
112 140 10 18
112 141 10 19
112 142 10 20
112 143 10 6
112 144 10 7
112 145 10 8
112 146 10 9
112 147 10 10
112 148 10 11
113 129 10 7
113 130 10 8
113 131 10 9
113 132 10 10
113 133 10 11
113 134 10 12
113 135 10 13
113 136 10 14
113 137 10 15
113 138 10 16
113 139 10 17
113 140 10 18
113 141 10 19
113 142 10 20
113 143 10 6
113 144 10 7
113 145 10 8
113 146 10 9
113 147 10 10
113 148 10 11
114 129 10 7
114 130 10 8
114 131 10 9
114 132 10 10
114 133 10 11
114 134 10 12
114 135 10 13
114 136 10 14
114 137 10 15
114 138 10 16
114 139 10 17
114 140 10 18
114 141 10 19
114 142 10 20
114 143 10 6
114 144 10 7
114 145 10 8
114 146 10 9
114 147 10 10
114 148 10 11
115 129 10 7
115 130 10 8
115 131 10 9
115 132 10 10
115 133 10 11
115 134 10 12
115 135 10 13
115 136 10 14
115 137 10 15
115 138 10 16
115 139 10 17
115 140 10 18
115 141 10 19
115 142 10 20
115 143 10 6
115 144 10 7
115 145 10 8
115 146 10 9
115 147 10 10
115 148 10 11
116 129 10 7
116 130 10 8
116 131 10 9
116 132 10 10
116 133 10 11
116 134 10 12
116 135 10 13
116 136 10 14
116 137 10 15
116 138 10 16
116 139 10 17
116 140 10 18
116 141 10 19
116 142 10 20
116 143 10 6
116 144 10 7
116 145 10 8
116 146 10 9
116 147 10 10
116 148 10 11
117 129 10 7
117 130 10 8
117 131 10 9
117 132 10 10
117 133 10 11
117 134 10 12
117 135 10 13
117 136 10 14
117 137 10 15
117 138 10 16
117 139 10 17
117 140 10 18
117 141 10 19
117 142 10 20
117 143 10 6
117 144 10 7
117 145 10 8
117 146 10 9
117 147 10 10
117 148 10 11
118 129 10 7
118 130 10 8
118 131 10 9
118 132 10 10
118 133 10 11
118 134 10 12
118 135 10 13
118 136 10 14
118 137 10 15
118 138 10 16
118 139 10 17
118 140 10 18
118 141 10 19
118 142 10 20
118 143 10 6
118 144 10 7
118 145 10 8
118 146 10 9
118 147 10 10
118 148 10 11
119 129 10 7
119 130 10 8
119 131 10 9
119 132 10 10
119 133 10 11
119 134 10 12
119 135 10 13
119 136 10 14
119 137 10 15
119 138 10 16
119 139 10 17
119 140 10 18
119 141 10 19
119 142 10 20
119 143 10 6
119 144 10 7
119 145 10 8
119 146 10 9
119 147 10 10
119 148 10 11
120 129 10 7
120 130 10 8
120 131 10 9
120 132 10 10
120 133 10 11
120 134 10 12
120 135 10 13
120 136 10 14
120 137 10 15
120 138 10 16
120 139 10 17
120 140 10 18
120 141 10 19
120 142 10 20
120 143 10 6
120 144 10 7
120 145 10 8
120 146 10 9
120 147 10 10
120 148 10 11
121 129 10 7
121 130 10 8
121 131 10 9
121 132 10 10
121 133 10 11
121 134 10 12
121 135 10 13
121 136 10 14
121 137 10 15
121 138 10 16
121 139 10 17
121 140 10 18
121 141 10 19
121 142 10 20
121 143 10 6
121 144 10 7
121 145 10 8
121 146 10 9
121 147 10 10
121 148 10 11
122 129 10 7
122 130 10 8
122 131 10 9
122 132 10 10
122 133 10 11
122 134 10 12
122 135 10 13
122 136 10 14
122 137 10 15
122 138 10 16
122 139 10 17
122 140 10 18
122 141 10 19
122 142 10 20
122 143 10 6
122 144 10 7
122 145 10 8
122 146 10 9
122 147 10 10
122 148 10 11
123 129 10 7
123 130 10 8
123 131 10 9
123 132 10 10
123 133 10 11
123 134 10 12
123 135 10 13
123 136 10 14
123 137 10 15
123 138 10 16
123 139 10 17
123 140 10 18
123 141 10 19
123 142 10 20
123 143 10 6
123 144 10 7
123 145 10 8
123 146 10 9
123 147 10 10
123 148 10 11
124 129 10 7
124 130 10 8
124 131 10 9
124 132 10 10
124 133 10 11
124 134 10 12
124 135 10 13
124 136 10 14
124 137 10 15
124 138 10 16
124 139 10 17
124 140 10 18
124 141 10 19
124 142 10 20
124 143 10 6
124 144 10 7
124 145 10 8
124 146 10 9
124 147 10 10
124 148 10 11
125 129 10 7
125 130 10 8
125 131 10 9
125 132 10 10
125 133 10 11
125 134 10 12
125 135 10 13
125 136 10 14
125 137 10 15
125 138 10 16
125 139 10 17
125 140 10 18
125 141 10 19
125 142 10 20
125 143 10 6
125 144 10 7
125 145 10 8
125 146 10 9
125 147 10 10
125 148 10 11
126 129 10 7
126 130 10 8
126 131 10 9
126 132 10 10
126 133 10 11
126 134 10 12
126 135 10 13
126 136 10 14
126 137 10 15
126 138 10 16
126 139 10 17
126 140 10 18
126 141 10 19
126 142 10 20
126 143 10 6
126 144 10 7
126 145 10 8
126 146 10 9
126 147 10 10
126 148 10 11
127 129 10 7
127 130 10 8
127 131 10 9
127 132 10 10
127 133 10 11
127 134 10 12
127 135 10 13
127 136 10 14
127 137 10 15
127 138 10 16
127 139 10 17
127 140 10 18
127 141 10 19
127 142 10 20
127 143 10 6
127 144 10 7
127 145 10 8
127 146 10 9
127 147 10 10
127 148 10 11
128 129 10 7
128 130 10 8
128 131 10 9
128 132 10 10
128 133 10 11
128 134 10 12
128 135 10 13
128 136 10 14
128 137 10 15
128 138 10 16
128 139 10 17
128 140 10 18
128 141 10 19
128 142 10 20
128 143 10 6
128 144 10 7
128 145 10 8
128 146 10 9
128 147 10 10
128 148 10 11
129 149 10 8
129 150 10 9
129 151 10 10
129 152 10 11
129 153 10 12
129 154 10 13
129 155 10 14
129 156 10 15
129 157 10 16
129 158 10 17
129 159 10 18
129 160 10 19
129 161 10 20
129 162 10 21
129 163 10 7
129 164 10 8
129 165 10 9
129 166 10 10
129 167 10 11
129 168 10 12
130 149 10 8
130 150 10 9
130 151 10 10
130 152 10 11
130 153 10 12
130 154 10 13
130 155 10 14
130 156 10 15
130 157 10 16
130 158 10 17
130 159 10 18
130 160 10 19
130 161 10 20
130 162 10 21
130 163 10 7
130 164 10 8
130 165 10 9
130 166 10 10
130 167 10 11
130 168 10 12
131 149 10 8
131 150 10 9
131 151 10 10
131 152 10 11
131 153 10 12
131 154 10 13
131 155 10 14
131 156 10 15
131 157 10 16
131 158 10 17
131 159 10 18
131 160 10 19
131 161 10 20
131 162 10 21
131 163 10 7
131 164 10 8
131 165 10 9
131 166 10 10
131 167 10 11
131 168 10 12
132 149 10 8
132 150 10 9
132 151 10 10
132 152 10 11
132 153 10 12
132 154 10 13
132 155 10 14
132 156 10 15
132 157 10 16
132 158 10 17
132 159 10 18
132 160 10 19
132 161 10 20
132 162 10 21
132 163 10 7
132 164 10 8
132 165 10 9
132 166 10 10
132 167 10 11
132 168 10 12
133 149 10 8
133 150 10 9
133 151 10 10
133 152 10 11
133 153 10 12
133 154 10 13
133 155 10 14
133 156 10 15
133 157 10 16
133 158 10 17
133 159 10 18
133 160 10 19
133 161 10 20
133 162 10 21
133 163 10 7
133 164 10 8
133 165 10 9
133 166 10 10
133 167 10 11
133 168 10 12
134 149 10 8
134 150 10 9
134 151 10 10
134 152 10 11
134 153 10 12
134 154 10 13
134 155 10 14
134 156 10 15
134 157 10 16
134 158 10 17
134 159 10 18
134 160 10 19
134 161 10 20
134 162 10 21
134 163 10 7
134 164 10 8
134 165 10 9
134 166 10 10
134 167 10 11
134 168 10 12
135 149 10 8
135 150 10 9
135 151 10 10
135 152 10 11
135 153 10 12
135 154 10 13
135 155 10 14
135 156 10 15
135 157 10 16
135 158 10 17
135 159 10 18
135 160 10 19
135 161 10 20
135 162 10 21
135 163 10 7
135 164 10 8
135 165 10 9
135 166 10 10
135 167 10 11
135 168 10 12
136 149 10 8
136 150 10 9
136 151 10 10
136 152 10 11
136 153 10 12
136 154 10 13
136 155 10 14
136 156 10 15
136 157 10 16
136 158 10 17
136 159 10 18
136 160 10 19
136 161 10 20
136 162 10 21
136 163 10 7
136 164 10 8
136 165 10 9
136 166 10 10
136 167 10 11
136 168 10 12
137 149 10 8
137 150 10 9
137 151 10 10
137 152 10 11
137 153 10 12
137 154 10 13
137 155 10 14
137 156 10 15
137 157 10 16
137 158 10 17
137 159 10 18
137 160 10 19
137 161 10 20
137 162 10 21
137 163 10 7
137 164 10 8
137 165 10 9
137 166 10 10
137 167 10 11
137 168 10 12
138 149 10 8
138 150 10 9
138 151 10 10
138 152 10 11
138 153 10 12
138 154 10 13
138 155 10 14
138 156 10 15
138 157 10 16
138 158 10 17
138 159 10 18
138 160 10 19
138 161 10 20
138 162 10 21
138 163 10 7
138 164 10 8
138 165 10 9
138 166 10 10
138 167 10 11
138 168 10 12
139 149 10 8
139 150 10 9
139 151 10 10
139 152 10 11
139 153 10 12
139 154 10 13
139 155 10 14
139 156 10 15
139 157 10 16
139 158 10 17
139 159 10 18
139 160 10 19
139 161 10 20
139 162 10 21
139 163 10 7
139 164 10 8
139 165 10 9
139 166 10 10
139 167 10 11
139 168 10 12
140 149 10 8
140 150 10 9
140 151 10 10
140 152 10 11
140 153 10 12
140 154 10 13
140 155 10 14
140 156 10 15
140 157 10 16
140 158 10 17
140 159 10 18
140 160 10 19
140 161 10 20
140 162 10 21
140 163 10 7
140 164 10 8
140 165 10 9
140 166 10 10
140 167 10 11
140 168 10 12
141 149 10 8
141 150 10 9
141 151 10 10
141 152 10 11
141 153 10 12
141 154 10 13
141 155 10 14
141 156 10 15
141 157 10 16
141 158 10 17
141 159 10 18
141 160 10 19
141 161 10 20
141 162 10 21
141 163 10 7
141 164 10 8
141 165 10 9
141 166 10 10
141 167 10 11
141 168 10 12
142 149 10 8
142 150 10 9
142 151 10 10
142 152 10 11
142 153 10 12
142 154 10 13
142 155 10 14
142 156 10 15
142 157 10 16
142 158 10 17
142 159 10 18
142 160 10 19
142 161 10 20
142 162 10 21
142 163 10 7
142 164 10 8
142 165 10 9
142 166 10 10
142 167 10 11
142 168 10 12
143 149 10 8
143 150 10 9
143 151 10 10
143 152 10 11
143 153 10 12
143 154 10 13
143 155 10 14
143 156 10 15
143 157 10 16
143 158 10 17
143 159 10 18
143 160 10 19
143 161 10 20
143 162 10 21
143 163 10 7
143 164 10 8
143 165 10 9
143 166 10 10
143 167 10 11
143 168 10 12
144 149 10 8
144 150 10 9
144 151 10 10
144 152 10 11
144 153 10 12
144 154 10 13
144 155 10 14
144 156 10 15
144 157 10 16
144 158 10 17
144 159 10 18
144 160 10 19
144 161 10 20
144 162 10 21
144 163 10 7
144 164 10 8
144 165 10 9
144 166 10 10
144 167 10 11
144 168 10 12
145 149 10 8
145 150 10 9
145 151 10 10
145 152 10 11
145 153 10 12
145 154 10 13
145 155 10 14
145 156 10 15
145 157 10 16
145 158 10 17
145 159 10 18
145 160 10 19
145 161 10 20
145 162 10 21
145 163 10 7
145 164 10 8
145 165 10 9
145 166 10 10
145 167 10 11
145 168 10 12
146 149 10 8
146 150 10 9
146 151 10 10
146 152 10 11
146 153 10 12
146 154 10 13
146 155 10 14
146 156 10 15
146 157 10 16
146 158 10 17
146 159 10 18
146 160 10 19
146 161 10 20
146 162 10 21
146 163 10 7
146 164 10 8
146 165 10 9
146 166 10 10
146 167 10 11
146 168 10 12
147 149 10 8
147 150 10 9
147 151 10 10
147 152 10 11
147 153 10 12
147 154 10 13
147 155 10 14
147 156 10 15
147 157 10 16
147 158 10 17
147 159 10 18
147 160 10 19
147 161 10 20
147 162 10 21
147 163 10 7
147 164 10 8
147 165 10 9
147 166 10 10
147 167 10 11
147 168 10 12
148 149 10 8
148 150 10 9
148 151 10 10
148 152 10 11
148 153 10 12
148 154 10 13
148 155 10 14
148 156 10 15
148 157 10 16
148 158 10 17
148 159 10 18
148 160 10 19
148 161 10 20
148 162 10 21
148 163 10 7
148 164 10 8
148 165 10 9
148 166 10 10
148 167 10 11
148 168 10 12
149 169 10 9
149 170 10 10
149 171 10 11
149 172 10 12
149 173 10 13
149 174 10 14
149 175 10 15
149 176 10 16
149 177 10 17
149 178 10 18
149 179 10 19
149 180 10 20
149 181 10 21
149 182 10 22
149 183 10 8
149 184 10 9
149 185 10 10
149 186 10 11
149 187 10 12
149 188 10 13
150 169 10 9
150 170 10 10
150 171 10 11
150 172 10 12
150 173 10 13
150 174 10 14
150 175 10 15
150 176 10 16
150 177 10 17
150 178 10 18
150 179 10 19
150 180 10 20
150 181 10 21
150 182 10 22
150 183 10 8
150 184 10 9
150 185 10 10
150 186 10 11
150 187 10 12
150 188 10 13
151 169 10 9
151 170 10 10
151 171 10 11
151 172 10 12
151 173 10 13
151 174 10 14
151 175 10 15
151 176 10 16
151 177 10 17
151 178 10 18
151 179 10 19
151 180 10 20
151 181 10 21
151 182 10 22
151 183 10 8
151 184 10 9
151 185 10 10
151 186 10 11
151 187 10 12
151 188 10 13
152 169 10 9
152 170 10 10
152 171 10 11
152 172 10 12
152 173 10 13
152 174 10 14
152 175 10 15
152 176 10 16
152 177 10 17
152 178 10 18
152 179 10 19
152 180 10 20
152 181 10 21
152 182 10 22
152 183 10 8
152 184 10 9
152 185 10 10
152 186 10 11
152 187 10 12
152 188 10 13
153 169 10 9
153 170 10 10
153 171 10 11
153 172 10 12
153 173 10 13
153 174 10 14
153 175 10 15
153 176 10 16
153 177 10 17
153 178 10 18
153 179 10 19
153 180 10 20
153 181 10 21
153 182 10 22
153 183 10 8
153 184 10 9
153 185 10 10
153 186 10 11
153 187 10 12
153 188 10 13
154 169 10 9
154 170 10 10
154 171 10 11
154 172 10 12
154 173 10 13
154 174 10 14
154 175 10 15
154 176 10 16
154 177 10 17
154 178 10 18
154 179 10 19
154 180 10 20
154 181 10 21
154 182 10 22
154 183 10 8
154 184 10 9
154 185 10 10
154 186 10 11
154 187 10 12
154 188 10 13
155 169 10 9
155 170 10 10
155 171 10 11
155 172 10 12
155 173 10 13
155 174 10 14
155 175 10 15
155 176 10 16
155 177 10 17
155 178 10 18
155 179 10 19
155 180 10 20
155 181 10 21
155 182 10 22
155 183 10 8
155 184 10 9
155 185 10 10
155 186 10 11
155 187 10 12
155 188 10 13
156 169 10 9
156 170 10 10
156 171 10 11
156 172 10 12
156 173 10 13
156 174 10 14
156 175 10 15
156 176 10 16
156 177 10 17
156 178 10 18
156 179 10 19
156 180 10 20
156 181 10 21
156 182 10 22
156 183 10 8
156 184 10 9
156 185 10 10
156 186 10 11
156 187 10 12
156 188 10 13
157 169 10 9
157 170 10 10
157 171 10 11
157 172 10 12
157 173 10 13
157 174 10 14
157 175 10 15
157 176 10 16
157 177 10 17
157 178 10 18
157 179 10 19
157 180 10 20
157 181 10 21
157 182 10 22
157 183 10 8
157 184 10 9
157 185 10 10
157 186 10 11
157 187 10 12
157 188 10 13
158 169 10 9
158 170 10 10
158 171 10 11
158 172 10 12
158 173 10 13
158 174 10 14
158 175 10 15
158 176 10 16
158 177 10 17
158 178 10 18
158 179 10 19
158 180 10 20
158 181 10 21
158 182 10 22
158 183 10 8
158 184 10 9
158 185 10 10
158 186 10 11
158 187 10 12
158 188 10 13
159 169 10 9
159 170 10 10
159 171 10 11
159 172 10 12
159 173 10 13
159 174 10 14
159 175 10 15
159 176 10 16
159 177 10 17
159 178 10 18
159 179 10 19
159 180 10 20
159 181 10 21
159 182 10 22
159 183 10 8
159 184 10 9
159 185 10 10
159 186 10 11
159 187 10 12
159 188 10 13
160 169 10 9
160 170 10 10
160 171 10 11
160 172 10 12
160 173 10 13
160 174 10 14
160 175 10 15
160 176 10 16
160 177 10 17
160 178 10 18
160 179 10 19
160 180 10 20
160 181 10 21
160 182 10 22
160 183 10 8
160 184 10 9
160 185 10 10
160 186 10 11
160 187 10 12
160 188 10 13
161 169 10 9
161 170 10 10
161 171 10 11
161 172 10 12
161 173 10 13
161 174 10 14
161 175 10 15
161 176 10 16
161 177 10 17
161 178 10 18
161 179 10 19
161 180 10 20
161 181 10 21
161 182 10 22
161 183 10 8
161 184 10 9
161 185 10 10
161 186 10 11
161 187 10 12
161 188 10 13
162 169 10 9
162 170 10 10
162 171 10 11
162 172 10 12
162 173 10 13
162 174 10 14
162 175 10 15
162 176 10 16
162 177 10 17
162 178 10 18
162 179 10 19
162 180 10 20
162 181 10 21
162 182 10 22
162 183 10 8
162 184 10 9
162 185 10 10
162 186 10 11
162 187 10 12
162 188 10 13
163 169 10 9
163 170 10 10
163 171 10 11
163 172 10 12
163 173 10 13
163 174 10 14
163 175 10 15
163 176 10 16
163 177 10 17
163 178 10 18
163 179 10 19
163 180 10 20
163 181 10 21
163 182 10 22
163 183 10 8
163 184 10 9
163 185 10 10
163 186 10 11
163 187 10 12
163 188 10 13
164 169 10 9
164 170 10 10
164 171 10 11
164 172 10 12
164 173 10 13
164 174 10 14
164 175 10 15
164 176 10 16
164 177 10 17
164 178 10 18
164 179 10 19
164 180 10 20
164 181 10 21
164 182 10 22
164 183 10 8
164 184 10 9
164 185 10 10
164 186 10 11
164 187 10 12
164 188 10 13
165 169 10 9
165 170 10 10
165 171 10 11
165 172 10 12
165 173 10 13
165 174 10 14
165 175 10 15
165 176 10 16
165 177 10 17
165 178 10 18
165 179 10 19
165 180 10 20
165 181 10 21
165 182 10 22
165 183 10 8
165 184 10 9
165 185 10 10
165 186 10 11
165 187 10 12
165 188 10 13
166 169 10 9
166 170 10 10
166 171 10 11
166 172 10 12
166 173 10 13
166 174 10 14
166 175 10 15
166 176 10 16
166 177 10 17
166 178 10 18
166 179 10 19
166 180 10 20
166 181 10 21
166 182 10 22
166 183 10 8
166 184 10 9
166 185 10 10
166 186 10 11
166 187 10 12
166 188 10 13
167 169 10 9
167 170 10 10
167 171 10 11
167 172 10 12
167 173 10 13
167 174 10 14
167 175 10 15
167 176 10 16
167 177 10 17
167 178 10 18
167 179 10 19
167 180 10 20
167 181 10 21
167 182 10 22
167 183 10 8
167 184 10 9
167 185 10 10
167 186 10 11
167 187 10 12
167 188 10 13
168 169 10 9
168 170 10 10
168 171 10 11
168 172 10 12
168 173 10 13
168 174 10 14
168 175 10 15
168 176 10 16
168 177 10 17
168 178 10 18
168 179 10 19
168 180 10 20
168 181 10 21
168 182 10 22
168 183 10 8
168 184 10 9
168 185 10 10
168 186 10 11
168 187 10 12
168 188 10 13
169 189 10 10
169 190 10 11
169 191 10 12
169 192 10 13
169 193 10 14
169 194 10 15
169 195 10 16
169 196 10 17
169 197 10 18
169 198 10 19
169 199 10 20
169 200 10 21
169 201 10 22
169 202 10 23
169 203 10 9
169 204 10 10
169 205 10 11
169 206 10 12
169 207 10 13
169 208 10 14
170 189 10 10
170 190 10 11
170 191 10 12
170 192 10 13
170 193 10 14
170 194 10 15
170 195 10 16
170 196 10 17
170 197 10 18
170 198 10 19
170 199 10 20
170 200 10 21
170 201 10 22
170 202 10 23
170 203 10 9
170 204 10 10
170 205 10 11
170 206 10 12
170 207 10 13
170 208 10 14
171 189 10 10
171 190 10 11
171 191 10 12
171 192 10 13
171 193 10 14
171 194 10 15
171 195 10 16
171 196 10 17
171 197 10 18
171 198 10 19
171 199 10 20
171 200 10 21
171 201 10 22
171 202 10 23
171 203 10 9
171 204 10 10
171 205 10 11
171 206 10 12
171 207 10 13
171 208 10 14
172 189 10 10
172 190 10 11
172 191 10 12
172 192 10 13
172 193 10 14
172 194 10 15
172 195 10 16
172 196 10 17
172 197 10 18
172 198 10 19
172 199 10 20
172 200 10 21
172 201 10 22
172 202 10 23
172 203 10 9
172 204 10 10
172 205 10 11
172 206 10 12
172 207 10 13
172 208 10 14
173 189 10 10
173 190 10 11
173 191 10 12
173 192 10 13
173 193 10 14
173 194 10 15
173 195 10 16
173 196 10 17
173 197 10 18
173 198 10 19
173 199 10 20
173 200 10 21
173 201 10 22
173 202 10 23
173 203 10 9
173 204 10 10
173 205 10 11
173 206 10 12
173 207 10 13
173 208 10 14
174 189 10 10
174 190 10 11
174 191 10 12
174 192 10 13
174 193 10 14
174 194 10 15
174 195 10 16
174 196 10 17
174 197 10 18
174 198 10 19
174 199 10 20
174 200 10 21
174 201 10 22
174 202 10 23
174 203 10 9
174 204 10 10
174 205 10 11
174 206 10 12
174 207 10 13
174 208 10 14
175 189 10 10
175 190 10 11
175 191 10 12
175 192 10 13
175 193 10 14
175 194 10 15
175 195 10 16
175 196 10 17
175 197 10 18
175 198 10 19
175 199 10 20
175 200 10 21
175 201 10 22
175 202 10 23
175 203 10 9
175 204 10 10
175 205 10 11
175 206 10 12
175 207 10 13
175 208 10 14
176 189 10 10
176 190 10 11
176 191 10 12
176 192 10 13
176 193 10 14
176 194 10 15
176 195 10 16
176 196 10 17
176 197 10 18
176 198 10 19
176 199 10 20
176 200 10 21
176 201 10 22
176 202 10 23
176 203 10 9
176 204 10 10
176 205 10 11
176 206 10 12
176 207 10 13
176 208 10 14
177 189 10 10
177 190 10 11
177 191 10 12
177 192 10 13
177 193 10 14
177 194 10 15
177 195 10 16
177 196 10 17
177 197 10 18
177 198 10 19
177 199 10 20
177 200 10 21
177 201 10 22
177 202 10 23
177 203 10 9
177 204 10 10
177 205 10 11
177 206 10 12
177 207 10 13
177 208 10 14
178 189 10 10
178 190 10 11
178 191 10 12
178 192 10 13
178 193 10 14
178 194 10 15
178 195 10 16
178 196 10 17
178 197 10 18
178 198 10 19
178 199 10 20
178 200 10 21
178 201 10 22
178 202 10 23
178 203 10 9
178 204 10 10
178 205 10 11
178 206 10 12
178 207 10 13
178 208 10 14
179 189 10 10
179 190 10 11
179 191 10 12
179 192 10 13
179 193 10 14
179 194 10 15
179 195 10 16
179 196 10 17
179 197 10 18
179 198 10 19
179 199 10 20
179 200 10 21
179 201 10 22
179 202 10 23
179 203 10 9
179 204 10 10
179 205 10 11
179 206 10 12
179 207 10 13
179 208 10 14
180 189 10 10
180 190 10 11
180 191 10 12
180 192 10 13
180 193 10 14
180 194 10 15
180 195 10 16
180 196 10 17
180 197 10 18
180 198 10 19
180 199 10 20
180 200 10 21
180 201 10 22
180 202 10 23
180 203 10 9
180 204 10 10
180 205 10 11
180 206 10 12
180 207 10 13
180 208 10 14
181 189 10 10
181 190 10 11
181 191 10 12
181 192 10 13
181 193 10 14
181 194 10 15
181 195 10 16
181 196 10 17
181 197 10 18
181 198 10 19
181 199 10 20
181 200 10 21
181 201 10 22
181 202 10 23
181 203 10 9
181 204 10 10
181 205 10 11
181 206 10 12
181 207 10 13
181 208 10 14
182 189 10 10
182 190 10 11
182 191 10 12
182 192 10 13
182 193 10 14
182 194 10 15
182 195 10 16
182 196 10 17
182 197 10 18
182 198 10 19
182 199 10 20
182 200 10 21
182 201 10 22
182 202 10 23
182 203 10 9
182 204 10 10
182 205 10 11
182 206 10 12
182 207 10 13
182 208 10 14
183 189 10 10
183 190 10 11
183 191 10 12
183 192 10 13
183 193 10 14
183 194 10 15
183 195 10 16
183 196 10 17
183 197 10 18
183 198 10 19
183 199 10 20
183 200 10 21
183 201 10 22
183 202 10 23
183 203 10 9
183 204 10 10
183 205 10 11
183 206 10 12
183 207 10 13
183 208 10 14
184 189 10 10
184 190 10 11
184 191 10 12
184 192 10 13
184 193 10 14
184 194 10 15
184 195 10 16
184 196 10 17
184 197 10 18
184 198 10 19
184 199 10 20
184 200 10 21
184 201 10 22
184 202 10 23
184 203 10 9
184 204 10 10
184 205 10 11
184 206 10 12
184 207 10 13
184 208 10 14
185 189 10 10
185 190 10 11
185 191 10 12
185 192 10 13
185 193 10 14
185 194 10 15
185 195 10 16
185 196 10 17
185 197 10 18
185 198 10 19
185 199 10 20
185 200 10 21
185 201 10 22
185 202 10 23
185 203 10 9
185 204 10 10
185 205 10 11
185 206 10 12
185 207 10 13
185 208 10 14
186 189 10 10
186 190 10 11
186 191 10 12
186 192 10 13
186 193 10 14
186 194 10 15
186 195 10 16
186 196 10 17
186 197 10 18
186 198 10 19
186 199 10 20
186 200 10 21
186 201 10 22
186 202 10 23
186 203 10 9
186 204 10 10
186 205 10 11
186 206 10 12
186 207 10 13
186 208 10 14
187 189 10 10
187 190 10 11
187 191 10 12
187 192 10 13
187 193 10 14
187 194 10 15
187 195 10 16
187 196 10 17
187 197 10 18
187 198 10 19
187 199 10 20
187 200 10 21
187 201 10 22
187 202 10 23
187 203 10 9
187 204 10 10
187 205 10 11
187 206 10 12
187 207 10 13
187 208 10 14
188 189 10 10
188 190 10 11
188 191 10 12
188 192 10 13
188 193 10 14
188 194 10 15
188 195 10 16
188 196 10 17
188 197 10 18
188 198 10 19
188 199 10 20
188 200 10 21
188 201 10 22
188 202 10 23
188 203 10 9
188 204 10 10
188 205 10 11
188 206 10 12
188 207 10 13
188 208 10 14
189 209 10 11
189 210 10 12
189 211 10 13
189 212 10 14
189 213 10 15
189 214 10 16
189 215 10 17
189 216 10 18
189 217 10 19
189 218 10 20
189 219 10 21
189 220 10 22
189 221 10 23
189 222 10 24
189 223 10 10
189 224 10 11
189 225 10 12
189 226 10 13
189 227 10 14
189 228 10 15
190 209 10 11
190 210 10 12
190 211 10 13
190 212 10 14
190 213 10 15
190 214 10 16
190 215 10 17
190 216 10 18
190 217 10 19
190 218 10 20
190 219 10 21
190 220 10 22
190 221 10 23
190 222 10 24
190 223 10 10
190 224 10 11
190 225 10 12
190 226 10 13
190 227 10 14
190 228 10 15
191 209 10 11
191 210 10 12
191 211 10 13
191 212 10 14
191 213 10 15
191 214 10 16
191 215 10 17
191 216 10 18
191 217 10 19
191 218 10 20
191 219 10 21
191 220 10 22
191 221 10 23
191 222 10 24
191 223 10 10
191 224 10 11
191 225 10 12
191 226 10 13
191 227 10 14
191 228 10 15
192 209 10 11
192 210 10 12
192 211 10 13
192 212 10 14
192 213 10 15
192 214 10 16
192 215 10 17
192 216 10 18
192 217 10 19
192 218 10 20
192 219 10 21
192 220 10 22
192 221 10 23
192 222 10 24
192 223 10 10
192 224 10 11
192 225 10 12
192 226 10 13
192 227 10 14
192 228 10 15
193 209 10 11
193 210 10 12
193 211 10 13
193 212 10 14
193 213 10 15
193 214 10 16
193 215 10 17
193 216 10 18
193 217 10 19
193 218 10 20
193 219 10 21
193 220 10 22
193 221 10 23
193 222 10 24
193 223 10 10
193 224 10 11
193 225 10 12
193 226 10 13
193 227 10 14
193 228 10 15
194 209 10 11
194 210 10 12
194 211 10 13
194 212 10 14
194 213 10 15
194 214 10 16
194 215 10 17
194 216 10 18
194 217 10 19
194 218 10 20
194 219 10 21
194 220 10 22
194 221 10 23
194 222 10 24
194 223 10 10
194 224 10 11
194 225 10 12
194 226 10 13
194 227 10 14
194 228 10 15
195 209 10 11
195 210 10 12
195 211 10 13
195 212 10 14
195 213 10 15
195 214 10 16
195 215 10 17
195 216 10 18
195 217 10 19
195 218 10 20
195 219 10 21
195 220 10 22
195 221 10 23
195 222 10 24
195 223 10 10
195 224 10 11
195 225 10 12
195 226 10 13
195 227 10 14
195 228 10 15
196 209 10 11
196 210 10 12
196 211 10 13
196 212 10 14
196 213 10 15
196 214 10 16
196 215 10 17
196 216 10 18
196 217 10 19
196 218 10 20
196 219 10 21
196 220 10 22
196 221 10 23
196 222 10 24
196 223 10 10
196 224 10 11
196 225 10 12
196 226 10 13
196 227 10 14
196 228 10 15
197 209 10 11
197 210 10 12
197 211 10 13
197 212 10 14
197 213 10 15
197 214 10 16
197 215 10 17
197 216 10 18
197 217 10 19
197 218 10 20
197 219 10 21
197 220 10 22
197 221 10 23
197 222 10 24
197 223 10 10
197 224 10 11
197 225 10 12
197 226 10 13
197 227 10 14
197 228 10 15
198 209 10 11
198 210 10 12
198 211 10 13
198 212 10 14
198 213 10 15
198 214 10 16
198 215 10 17
198 216 10 18
198 217 10 19
198 218 10 20
198 219 10 21
198 220 10 22
198 221 10 23
198 222 10 24
198 223 10 10
198 224 10 11
198 225 10 12
198 226 10 13
198 227 10 14
198 228 10 15
199 209 10 11
199 210 10 12
199 211 10 13
199 212 10 14
199 213 10 15
199 214 10 16
199 215 10 17
199 216 10 18
199 217 10 19
199 218 10 20
199 219 10 21
199 220 10 22
199 221 10 23
199 222 10 24
199 223 10 10
199 224 10 11
199 225 10 12
199 226 10 13
199 227 10 14
199 228 10 15
200 209 10 11
200 210 10 12
200 211 10 13
200 212 10 14
200 213 10 15
200 214 10 16
200 215 10 17
200 216 10 18
200 217 10 19
200 218 10 20
200 219 10 21
200 220 10 22
200 221 10 23
200 222 10 24
200 223 10 10
200 224 10 11
200 225 10 12
200 226 10 13
200 227 10 14
200 228 10 15
201 209 10 11
201 210 10 12
201 211 10 13
201 212 10 14
201 213 10 15
201 214 10 16
201 215 10 17
201 216 10 18
201 217 10 19
201 218 10 20
201 219 10 21
201 220 10 22
201 221 10 23
201 222 10 24
201 223 10 10
201 224 10 11
201 225 10 12
201 226 10 13
201 227 10 14
201 228 10 15
202 209 10 11
202 210 10 12
202 211 10 13
202 212 10 14
202 213 10 15
202 214 10 16
202 215 10 17
202 216 10 18
202 217 10 19
202 218 10 20
202 219 10 21
202 220 10 22
202 221 10 23
202 222 10 24
202 223 10 10
202 224 10 11
202 225 10 12
202 226 10 13
202 227 10 14
202 228 10 15
203 209 10 11
203 210 10 12
203 211 10 13
203 212 10 14
203 213 10 15
203 214 10 16
203 215 10 17
203 216 10 18
203 217 10 19
203 218 10 20
203 219 10 21
203 220 10 22
203 221 10 23
203 222 10 24
203 223 10 10
203 224 10 11
203 225 10 12
203 226 10 13
203 227 10 14
203 228 10 15
204 209 10 11
204 210 10 12
204 211 10 13
204 212 10 14
204 213 10 15
204 214 10 16
204 215 10 17
204 216 10 18
204 217 10 19
204 218 10 20
204 219 10 21
204 220 10 22
204 221 10 23
204 222 10 24
204 223 10 10
204 224 10 11
204 225 10 12
204 226 10 13
204 227 10 14
204 228 10 15
205 209 10 11
205 210 10 12
205 211 10 13
205 212 10 14
205 213 10 15
205 214 10 16
205 215 10 17
205 216 10 18
205 217 10 19
205 218 10 20
205 219 10 21
205 220 10 22
205 221 10 23
205 222 10 24
205 223 10 10
205 224 10 11
205 225 10 12
205 226 10 13
205 227 10 14
205 228 10 15
206 209 10 11
206 210 10 12
206 211 10 13
206 212 10 14
206 213 10 15
206 214 10 16
206 215 10 17
206 216 10 18
206 217 10 19
206 218 10 20
206 219 10 21
206 220 10 22
206 221 10 23
206 222 10 24
206 223 10 10
206 224 10 11
206 225 10 12
206 226 10 13
206 227 10 14
206 228 10 15
207 209 10 11
207 210 10 12
207 211 10 13
207 212 10 14
207 213 10 15
207 214 10 16
207 215 10 17
207 216 10 18
207 217 10 19
207 218 10 20
207 219 10 21
207 220 10 22
207 221 10 23
207 222 10 24
207 223 10 10
207 224 10 11
207 225 10 12
207 226 10 13
207 227 10 14
207 228 10 15
208 209 10 11
208 210 10 12
208 211 10 13
208 212 10 14
208 213 10 15
208 214 10 16
208 215 10 17
208 216 10 18
208 217 10 19
208 218 10 20
208 219 10 21
208 220 10 22
208 221 10 23
208 222 10 24
208 223 10 10
208 224 10 11
208 225 10 12
208 226 10 13
208 227 10 14
208 228 10 15
209 229 10 12
209 230 10 13
209 231 10 14
209 232 10 15
209 233 10 16
209 234 10 17
209 235 10 18
209 236 10 19
209 237 10 20
209 238 10 21
209 239 10 22
209 240 10 23
209 241 10 24
209 242 10 25
209 243 10 11
209 244 10 12
209 245 10 13
209 246 10 14
209 247 10 15
209 248 10 16
210 229 10 12
210 230 10 13
210 231 10 14
210 232 10 15
210 233 10 16
210 234 10 17
210 235 10 18
210 236 10 19
210 237 10 20
210 238 10 21
210 239 10 22
210 240 10 23
210 241 10 24
210 242 10 25
210 243 10 11
210 244 10 12
210 245 10 13
210 246 10 14
210 247 10 15
210 248 10 16
211 229 10 12
211 230 10 13
211 231 10 14
211 232 10 15
211 233 10 16
211 234 10 17
211 235 10 18
211 236 10 19
211 237 10 20
211 238 10 21
211 239 10 22
211 240 10 23
211 241 10 24
211 242 10 25
211 243 10 11
211 244 10 12
211 245 10 13
211 246 10 14
211 247 10 15
211 248 10 16
212 229 10 12
212 230 10 13
212 231 10 14
212 232 10 15
212 233 10 16
212 234 10 17
212 235 10 18
212 236 10 19
212 237 10 20
212 238 10 21
212 239 10 22
212 240 10 23
212 241 10 24
212 242 10 25
212 243 10 11
212 244 10 12
212 245 10 13
212 246 10 14
212 247 10 15
212 248 10 16
213 229 10 12
213 230 10 13
213 231 10 14
213 232 10 15
213 233 10 16
213 234 10 17
213 235 10 18
213 236 10 19
213 237 10 20
213 238 10 21
213 239 10 22
213 240 10 23
213 241 10 24
213 242 10 25
213 243 10 11
213 244 10 12
213 245 10 13
213 246 10 14
213 247 10 15
213 248 10 16
214 229 10 12
214 230 10 13
214 231 10 14
214 232 10 15
214 233 10 16
214 234 10 17
214 235 10 18
214 236 10 19
214 237 10 20
214 238 10 21
214 239 10 22
214 240 10 23
214 241 10 24
214 242 10 25
214 243 10 11
214 244 10 12
214 245 10 13
214 246 10 14
214 247 10 15
214 248 10 16
215 229 10 12
215 230 10 13
215 231 10 14
215 232 10 15
215 233 10 16
215 234 10 17
215 235 10 18
215 236 10 19
215 237 10 20
215 238 10 21
215 239 10 22
215 240 10 23
215 241 10 24
215 242 10 25
215 243 10 11
215 244 10 12
215 245 10 13
215 246 10 14
215 247 10 15
215 248 10 16
216 229 10 12
216 230 10 13
216 231 10 14
216 232 10 15
216 233 10 16
216 234 10 17
216 235 10 18
216 236 10 19
216 237 10 20
216 238 10 21
216 239 10 22
216 240 10 23
216 241 10 24
216 242 10 25
216 243 10 11
216 244 10 12
216 245 10 13
216 246 10 14
216 247 10 15
216 248 10 16
217 229 10 12
217 230 10 13
217 231 10 14
217 232 10 15
217 233 10 16
217 234 10 17
217 235 10 18
217 236 10 19
217 237 10 20
217 238 10 21
217 239 10 22
217 240 10 23
217 241 10 24
217 242 10 25
217 243 10 11
217 244 10 12
217 245 10 13
217 246 10 14
217 247 10 15
217 248 10 16
218 229 10 12
218 230 10 13
218 231 10 14
218 232 10 15
218 233 10 16
218 234 10 17
218 235 10 18
218 236 10 19
218 237 10 20
218 238 10 21
218 239 10 22
218 240 10 23
218 241 10 24
218 242 10 25
218 243 10 11
218 244 10 12
218 245 10 13
218 246 10 14
218 247 10 15
218 248 10 16
219 229 10 12
219 230 10 13
219 231 10 14
219 232 10 15
219 233 10 16
219 234 10 17
219 235 10 18
219 236 10 19
219 237 10 20
219 238 10 21
219 239 10 22
219 240 10 23
219 241 10 24
219 242 10 25
219 243 10 11
219 244 10 12
219 245 10 13
219 246 10 14
219 247 10 15
219 248 10 16
220 229 10 12
220 230 10 13
220 231 10 14
220 232 10 15
220 233 10 16
220 234 10 17
220 235 10 18
220 236 10 19
220 237 10 20
220 238 10 21
220 239 10 22
220 240 10 23
220 241 10 24
220 242 10 25
220 243 10 11
220 244 10 12
220 245 10 13
220 246 10 14
220 247 10 15
220 248 10 16
221 229 10 12
221 230 10 13
221 231 10 14
221 232 10 15
221 233 10 16
221 234 10 17
221 235 10 18
221 236 10 19
221 237 10 20
221 238 10 21
221 239 10 22
221 240 10 23
221 241 10 24
221 242 10 25
221 243 10 11
221 244 10 12
221 245 10 13
221 246 10 14
221 247 10 15
221 248 10 16
222 229 10 12
222 230 10 13
222 231 10 14
222 232 10 15
222 233 10 16
222 234 10 17
222 235 10 18
222 236 10 19
222 237 10 20
222 238 10 21
222 239 10 22
222 240 10 23
222 241 10 24
222 242 10 25
222 243 10 11
222 244 10 12
222 245 10 13
222 246 10 14
222 247 10 15
222 248 10 16
223 229 10 12
223 230 10 13
223 231 10 14
223 232 10 15
223 233 10 16
223 234 10 17
223 235 10 18
223 236 10 19
223 237 10 20
223 238 10 21
223 239 10 22
223 240 10 23
223 241 10 24
223 242 10 25
223 243 10 11
223 244 10 12
223 245 10 13
223 246 10 14
223 247 10 15
223 248 10 16
224 229 10 12
224 230 10 13
224 231 10 14
224 232 10 15
224 233 10 16
224 234 10 17
224 235 10 18
224 236 10 19
224 237 10 20
224 238 10 21
224 239 10 22
224 240 10 23
224 241 10 24
224 242 10 25
224 243 10 11
224 244 10 12
224 245 10 13
224 246 10 14
224 247 10 15
224 248 10 16
225 229 10 12
225 230 10 13
225 231 10 14
225 232 10 15
225 233 10 16
225 234 10 17
225 235 10 18
225 236 10 19
225 237 10 20
225 238 10 21
225 239 10 22
225 240 10 23
225 241 10 24
225 242 10 25
225 243 10 11
225 244 10 12
225 245 10 13
225 246 10 14
225 247 10 15
225 248 10 16
226 229 10 12
226 230 10 13
226 231 10 14
226 232 10 15
226 233 10 16
226 234 10 17
226 235 10 18
226 236 10 19
226 237 10 20
226 238 10 21
226 239 10 22
226 240 10 23
226 241 10 24
226 242 10 25
226 243 10 11
226 244 10 12
226 245 10 13
226 246 10 14
226 247 10 15
226 248 10 16
227 229 10 12
227 230 10 13
227 231 10 14
227 232 10 15
227 233 10 16
227 234 10 17
227 235 10 18
227 236 10 19
227 237 10 20
227 238 10 21
227 239 10 22
227 240 10 23
227 241 10 24
227 242 10 25
227 243 10 11
227 244 10 12
227 245 10 13
227 246 10 14
227 247 10 15
227 248 10 16
228 229 10 12
228 230 10 13
228 231 10 14
228 232 10 15
228 233 10 16
228 234 10 17
228 235 10 18
228 236 10 19
228 237 10 20
228 238 10 21
228 239 10 22
228 240 10 23
228 241 10 24
228 242 10 25
228 243 10 11
228 244 10 12
228 245 10 13
228 246 10 14
228 247 10 15
228 248 10 16
229 249 10 13
229 250 10 14
229 251 10 15
229 252 10 16
229 253 10 17
229 254 10 18
229 255 10 19
229 256 10 20
229 257 10 21
229 258 10 22
229 259 10 23
229 260 10 24
229 261 10 25
229 262 10 26
229 263 10 12
229 264 10 13
229 265 10 14
229 266 10 15
229 267 10 16
229 268 10 17
230 249 10 13
230 250 10 14
230 251 10 15
230 252 10 16
230 253 10 17
230 254 10 18
230 255 10 19
230 256 10 20
230 257 10 21
230 258 10 22
230 259 10 23
230 260 10 24
230 261 10 25
230 262 10 26
230 263 10 12
230 264 10 13
230 265 10 14
230 266 10 15
230 267 10 16
230 268 10 17
231 249 10 13
231 250 10 14
231 251 10 15
231 252 10 16
231 253 10 17
231 254 10 18
231 255 10 19
231 256 10 20
231 257 10 21
231 258 10 22
231 259 10 23
231 260 10 24
231 261 10 25
231 262 10 26
231 263 10 12
231 264 10 13
231 265 10 14
231 266 10 15
231 267 10 16
231 268 10 17
232 249 10 13
232 250 10 14
232 251 10 15
232 252 10 16
232 253 10 17
232 254 10 18
232 255 10 19
232 256 10 20
232 257 10 21
232 258 10 22
232 259 10 23
232 260 10 24
232 261 10 25
232 262 10 26
232 263 10 12
232 264 10 13
232 265 10 14
232 266 10 15
232 267 10 16
232 268 10 17
233 249 10 13
233 250 10 14
233 251 10 15
233 252 10 16
233 253 10 17
233 254 10 18
233 255 10 19
233 256 10 20
233 257 10 21
233 258 10 22
233 259 10 23
233 260 10 24
233 261 10 25
233 262 10 26
233 263 10 12
233 264 10 13
233 265 10 14
233 266 10 15
233 267 10 16
233 268 10 17
234 249 10 13
234 250 10 14
234 251 10 15
234 252 10 16
234 253 10 17
234 254 10 18
234 255 10 19
234 256 10 20
234 257 10 21
234 258 10 22
234 259 10 23
234 260 10 24
234 261 10 25
234 262 10 26
234 263 10 12
234 264 10 13
234 265 10 14
234 266 10 15
234 267 10 16
234 268 10 17
235 249 10 13
235 250 10 14
235 251 10 15
235 252 10 16
235 253 10 17
235 254 10 18
235 255 10 19
235 256 10 20
235 257 10 21
235 258 10 22
235 259 10 23
235 260 10 24
235 261 10 25
235 262 10 26
235 263 10 12
235 264 10 13
235 265 10 14
235 266 10 15
235 267 10 16
235 268 10 17
236 249 10 13
236 250 10 14
236 251 10 15
236 252 10 16
236 253 10 17
236 254 10 18
236 255 10 19
236 256 10 20
236 257 10 21
236 258 10 22
236 259 10 23
236 260 10 24
236 261 10 25
236 262 10 26
236 263 10 12
236 264 10 13
236 265 10 14
236 266 10 15
236 267 10 16
236 268 10 17
237 249 10 13
237 250 10 14
237 251 10 15
237 252 10 16
237 253 10 17
237 254 10 18
237 255 10 19
237 256 10 20
237 257 10 21
237 258 10 22
237 259 10 23
237 260 10 24
237 261 10 25
237 262 10 26
237 263 10 12
237 264 10 13
237 265 10 14
237 266 10 15
237 267 10 16
237 268 10 17
238 249 10 13
238 250 10 14
238 251 10 15
238 252 10 16
238 253 10 17
238 254 10 18
238 255 10 19
238 256 10 20
238 257 10 21
238 258 10 22
238 259 10 23
238 260 10 24
238 261 10 25
238 262 10 26
238 263 10 12
238 264 10 13
238 265 10 14
238 266 10 15
238 267 10 16
238 268 10 17
239 249 10 13
239 250 10 14
239 251 10 15
239 252 10 16
239 253 10 17
239 254 10 18
239 255 10 19
239 256 10 20
239 257 10 21
239 258 10 22
239 259 10 23
239 260 10 24
239 261 10 25
239 262 10 26
239 263 10 12
239 264 10 13
239 265 10 14
239 266 10 15
239 267 10 16
239 268 10 17
240 249 10 13
240 250 10 14
240 251 10 15
240 252 10 16
240 253 10 17
240 254 10 18
240 255 10 19
240 256 10 20
240 257 10 21
240 258 10 22
240 259 10 23
240 260 10 24
240 261 10 25
240 262 10 26
240 263 10 12
240 264 10 13
240 265 10 14
240 266 10 15
240 267 10 16
240 268 10 17
241 249 10 13
241 250 10 14
241 251 10 15
241 252 10 16
241 253 10 17
241 254 10 18
241 255 10 19
241 256 10 20
241 257 10 21
241 258 10 22
241 259 10 23
241 260 10 24
241 261 10 25
241 262 10 26
241 263 10 12
241 264 10 13
241 265 10 14
241 266 10 15
241 267 10 16
241 268 10 17
242 249 10 13
242 250 10 14
242 251 10 15
242 252 10 16
242 253 10 17
242 254 10 18
242 255 10 19
242 256 10 20
242 257 10 21
242 258 10 22
242 259 10 23
242 260 10 24
242 261 10 25
242 262 10 26
242 263 10 12
242 264 10 13
242 265 10 14
242 266 10 15
242 267 10 16
242 268 10 17
243 249 10 13
243 250 10 14
243 251 10 15
243 252 10 16
243 253 10 17
243 254 10 18
243 255 10 19
243 256 10 20
243 257 10 21
243 258 10 22
243 259 10 23
243 260 10 24
243 261 10 25
243 262 10 26
243 263 10 12
243 264 10 13
243 265 10 14
243 266 10 15
243 267 10 16
243 268 10 17
244 249 10 13
244 250 10 14
244 251 10 15
244 252 10 16
244 253 10 17
244 254 10 18
244 255 10 19
244 256 10 20
244 257 10 21
244 258 10 22
244 259 10 23
244 260 10 24
244 261 10 25
244 262 10 26
244 263 10 12
244 264 10 13
244 265 10 14
244 266 10 15
244 267 10 16
244 268 10 17
245 249 10 13
245 250 10 14
245 251 10 15
245 252 10 16
245 253 10 17
245 254 10 18
245 255 10 19
245 256 10 20
245 257 10 21
245 258 10 22
245 259 10 23
245 260 10 24
245 261 10 25
245 262 10 26
245 263 10 12
245 264 10 13
245 265 10 14
245 266 10 15
245 267 10 16
245 268 10 17
246 249 10 13
246 250 10 14
246 251 10 15
246 252 10 16
246 253 10 17
246 254 10 18
246 255 10 19
246 256 10 20
246 257 10 21
246 258 10 22
246 259 10 23
246 260 10 24
246 261 10 25
246 262 10 26
246 263 10 12
246 264 10 13
246 265 10 14
246 266 10 15
246 267 10 16
246 268 10 17
247 249 10 13
247 250 10 14
247 251 10 15
247 252 10 16
247 253 10 17
247 254 10 18
247 255 10 19
247 256 10 20
247 257 10 21
247 258 10 22
247 259 10 23
247 260 10 24
247 261 10 25
247 262 10 26
247 263 10 12
247 264 10 13
247 265 10 14
247 266 10 15
247 267 10 16
247 268 10 17
248 249 10 13
248 250 10 14
248 251 10 15
248 252 10 16
248 253 10 17
248 254 10 18
248 255 10 19
248 256 10 20
248 257 10 21
248 258 10 22
248 259 10 23
248 260 10 24
248 261 10 25
248 262 10 26
248 263 10 12
248 264 10 13
248 265 10 14
248 266 10 15
248 267 10 16
248 268 10 17
249 269 10 14
249 270 10 15
249 271 10 16
249 272 10 17
249 273 10 18
249 274 10 19
249 275 10 20
249 276 10 21
249 277 10 22
249 278 10 23
249 279 10 24
249 280 10 25
249 281 10 26
249 282 10 27
249 283 10 13
249 284 10 14
249 285 10 15
249 286 10 16
249 287 10 17
249 288 10 18
250 269 10 14
250 270 10 15
250 271 10 16
250 272 10 17
250 273 10 18
250 274 10 19
250 275 10 20
250 276 10 21
250 277 10 22
250 278 10 23
250 279 10 24
250 280 10 25
250 281 10 26
250 282 10 27
250 283 10 13
250 284 10 14
250 285 10 15
250 286 10 16
250 287 10 17
250 288 10 18
251 269 10 14
251 270 10 15
251 271 10 16
251 272 10 17
251 273 10 18
251 274 10 19
251 275 10 20
251 276 10 21
251 277 10 22
251 278 10 23
251 279 10 24
251 280 10 25
251 281 10 26
251 282 10 27
251 283 10 13
251 284 10 14
251 285 10 15
251 286 10 16
251 287 10 17
251 288 10 18
252 269 10 14
252 270 10 15
252 271 10 16
252 272 10 17
252 273 10 18
252 274 10 19
252 275 10 20
252 276 10 21
252 277 10 22
252 278 10 23
252 279 10 24
252 280 10 25
252 281 10 26
252 282 10 27
252 283 10 13
252 284 10 14
252 285 10 15
252 286 10 16
252 287 10 17
252 288 10 18
253 269 10 14
253 270 10 15
253 271 10 16
253 272 10 17
253 273 10 18
253 274 10 19
253 275 10 20
253 276 10 21
253 277 10 22
253 278 10 23
253 279 10 24
253 280 10 25
253 281 10 26
253 282 10 27
253 283 10 13
253 284 10 14
253 285 10 15
253 286 10 16
253 287 10 17
253 288 10 18
254 269 10 14
254 270 10 15
254 271 10 16
254 272 10 17
254 273 10 18
254 274 10 19
254 275 10 20
254 276 10 21
254 277 10 22
254 278 10 23
254 279 10 24
254 280 10 25
254 281 10 26
254 282 10 27
254 283 10 13
254 284 10 14
254 285 10 15
254 286 10 16
254 287 10 17
254 288 10 18
255 269 10 14
255 270 10 15
255 271 10 16
255 272 10 17
255 273 10 18
255 274 10 19
255 275 10 20
255 276 10 21
255 277 10 22
255 278 10 23
255 279 10 24
255 280 10 25
255 281 10 26
255 282 10 27
255 283 10 13
255 284 10 14
255 285 10 15
255 286 10 16
255 287 10 17
255 288 10 18
256 269 10 14
256 270 10 15
256 271 10 16
256 272 10 17
256 273 10 18
256 274 10 19
256 275 10 20
256 276 10 21
256 277 10 22
256 278 10 23
256 279 10 24
256 280 10 25
256 281 10 26
256 282 10 27
256 283 10 13
256 284 10 14
256 285 10 15
256 286 10 16
256 287 10 17
256 288 10 18
257 269 10 14
257 270 10 15
257 271 10 16
257 272 10 17
257 273 10 18
257 274 10 19
257 275 10 20
257 276 10 21
257 277 10 22
257 278 10 23
257 279 10 24
257 280 10 25
257 281 10 26
257 282 10 27
257 283 10 13
257 284 10 14
257 285 10 15
257 286 10 16
257 287 10 17
257 288 10 18
258 269 10 14
258 270 10 15
258 271 10 16
258 272 10 17
258 273 10 18
258 274 10 19
258 275 10 20
258 276 10 21
258 277 10 22
258 278 10 23
258 279 10 24
258 280 10 25
258 281 10 26
258 282 10 27
258 283 10 13
258 284 10 14
258 285 10 15
258 286 10 16
258 287 10 17
258 288 10 18
259 269 10 14
259 270 10 15
259 271 10 16
259 272 10 17
259 273 10 18
259 274 10 19
259 275 10 20
259 276 10 21
259 277 10 22
259 278 10 23
259 279 10 24
259 280 10 25
259 281 10 26
259 282 10 27
259 283 10 13
259 284 10 14
259 285 10 15
259 286 10 16
259 287 10 17
259 288 10 18
260 269 10 14
260 270 10 15
260 271 10 16
260 272 10 17
260 273 10 18
260 274 10 19
260 275 10 20
260 276 10 21
260 277 10 22
260 278 10 23
260 279 10 24
260 280 10 25
260 281 10 26
260 282 10 27
260 283 10 13
260 284 10 14
260 285 10 15
260 286 10 16
260 287 10 17
260 288 10 18
261 269 10 14
261 270 10 15
261 271 10 16
261 272 10 17
261 273 10 18
261 274 10 19
261 275 10 20
261 276 10 21
261 277 10 22
261 278 10 23
261 279 10 24
261 280 10 25
261 281 10 26
261 282 10 27
261 283 10 13
261 284 10 14
261 285 10 15
261 286 10 16
261 287 10 17
261 288 10 18
262 269 10 14
262 270 10 15
262 271 10 16
262 272 10 17
262 273 10 18
262 274 10 19
262 275 10 20
262 276 10 21
262 277 10 22
262 278 10 23
262 279 10 24
262 280 10 25
262 281 10 26
262 282 10 27
262 283 10 13
262 284 10 14
262 285 10 15
262 286 10 16
262 287 10 17
262 288 10 18
263 269 10 14
263 270 10 15
263 271 10 16
263 272 10 17
263 273 10 18
263 274 10 19
263 275 10 20
263 276 10 21
263 277 10 22
263 278 10 23
263 279 10 24
263 280 10 25
263 281 10 26
263 282 10 27
263 283 10 13
263 284 10 14
263 285 10 15
263 286 10 16
263 287 10 17
263 288 10 18
264 269 10 14
264 270 10 15
264 271 10 16
264 272 10 17
264 273 10 18
264 274 10 19
264 275 10 20
264 276 10 21
264 277 10 22
264 278 10 23
264 279 10 24
264 280 10 25
264 281 10 26
264 282 10 27
264 283 10 13
264 284 10 14
264 285 10 15
264 286 10 16
264 287 10 17
264 288 10 18
265 269 10 14
265 270 10 15
265 271 10 16
265 272 10 17
265 273 10 18
265 274 10 19
265 275 10 20
265 276 10 21
265 277 10 22
265 278 10 23
265 279 10 24
265 280 10 25
265 281 10 26
265 282 10 27
265 283 10 13
265 284 10 14
265 285 10 15
265 286 10 16
265 287 10 17
265 288 10 18
266 269 10 14
266 270 10 15
266 271 10 16
266 272 10 17
266 273 10 18
266 274 10 19
266 275 10 20
266 276 10 21
266 277 10 22
266 278 10 23
266 279 10 24
266 280 10 25
266 281 10 26
266 282 10 27
266 283 10 13
266 284 10 14
266 285 10 15
266 286 10 16
266 287 10 17
266 288 10 18
267 269 10 14
267 270 10 15
267 271 10 16
267 272 10 17
267 273 10 18
267 274 10 19
267 275 10 20
267 276 10 21
267 277 10 22
267 278 10 23
267 279 10 24
267 280 10 25
267 281 10 26
267 282 10 27
267 283 10 13
267 284 10 14
267 285 10 15
267 286 10 16
267 287 10 17
267 288 10 18
268 269 10 14
268 270 10 15
268 271 10 16
268 272 10 17
268 273 10 18
268 274 10 19
268 275 10 20
268 276 10 21
268 277 10 22
268 278 10 23
268 279 10 24
268 280 10 25
268 281 10 26
268 282 10 27
268 283 10 13
268 284 10 14
268 285 10 15
268 286 10 16
268 287 10 17
268 288 10 18
269 289 10 15
269 290 10 16
269 291 10 17
269 292 10 18
269 293 10 19
269 294 10 20
269 295 10 21
269 296 10 22
269 297 10 23
269 298 10 24
269 299 10 25
269 300 10 26
269 301 10 27
269 302 10 28
269 303 10 14
269 304 10 15
269 305 10 16
269 306 10 17
269 307 10 18
269 308 10 19
270 289 10 15
270 290 10 16
270 291 10 17
270 292 10 18
270 293 10 19
270 294 10 20
270 295 10 21
270 296 10 22
270 297 10 23
270 298 10 24
270 299 10 25
270 300 10 26
270 301 10 27
270 302 10 28
270 303 10 14
270 304 10 15
270 305 10 16
270 306 10 17
270 307 10 18
270 308 10 19
271 289 10 15
271 290 10 16
271 291 10 17
271 292 10 18
271 293 10 19
271 294 10 20
271 295 10 21
271 296 10 22
271 297 10 23
271 298 10 24
271 299 10 25
271 300 10 26
271 301 10 27
271 302 10 28
271 303 10 14
271 304 10 15
271 305 10 16
271 306 10 17
271 307 10 18
271 308 10 19
272 289 10 15
272 290 10 16
272 291 10 17
272 292 10 18
272 293 10 19
272 294 10 20
272 295 10 21
272 296 10 22
272 297 10 23
272 298 10 24
272 299 10 25
272 300 10 26
272 301 10 27
272 302 10 28
272 303 10 14
272 304 10 15
272 305 10 16
272 306 10 17
272 307 10 18
272 308 10 19
273 289 10 15
273 290 10 16
273 291 10 17
273 292 10 18
273 293 10 19
273 294 10 20
273 295 10 21
273 296 10 22
273 297 10 23
273 298 10 24
273 299 10 25
273 300 10 26
273 301 10 27
273 302 10 28
273 303 10 14
273 304 10 15
273 305 10 16
273 306 10 17
273 307 10 18
273 308 10 19
274 289 10 15
274 290 10 16
274 291 10 17
274 292 10 18
274 293 10 19
274 294 10 20
274 295 10 21
274 296 10 22
274 297 10 23
274 298 10 24
274 299 10 25
274 300 10 26
274 301 10 27
274 302 10 28
274 303 10 14
274 304 10 15
274 305 10 16
274 306 10 17
274 307 10 18
274 308 10 19
275 289 10 15
275 290 10 16
275 291 10 17
275 292 10 18
275 293 10 19
275 294 10 20
275 295 10 21
275 296 10 22
275 297 10 23
275 298 10 24
275 299 10 25
275 300 10 26
275 301 10 27
275 302 10 28
275 303 10 14
275 304 10 15
275 305 10 16
275 306 10 17
275 307 10 18
275 308 10 19
276 289 10 15
276 290 10 16
276 291 10 17
276 292 10 18
276 293 10 19
276 294 10 20
276 295 10 21
276 296 10 22
276 297 10 23
276 298 10 24
276 299 10 25
276 300 10 26
276 301 10 27
276 302 10 28
276 303 10 14
276 304 10 15
276 305 10 16
276 306 10 17
276 307 10 18
276 308 10 19
277 289 10 15
277 290 10 16
277 291 10 17
277 292 10 18
277 293 10 19
277 294 10 20
277 295 10 21
277 296 10 22
277 297 10 23
277 298 10 24
277 299 10 25
277 300 10 26
277 301 10 27
277 302 10 28
277 303 10 14
277 304 10 15
277 305 10 16
277 306 10 17
277 307 10 18
277 308 10 19
278 289 10 15
278 290 10 16
278 291 10 17
278 292 10 18
278 293 10 19
278 294 10 20
278 295 10 21
278 296 10 22
278 297 10 23
278 298 10 24
278 299 10 25
278 300 10 26
278 301 10 27
278 302 10 28
278 303 10 14
278 304 10 15
278 305 10 16
278 306 10 17
278 307 10 18
278 308 10 19
279 289 10 15
279 290 10 16
279 291 10 17
279 292 10 18
279 293 10 19
279 294 10 20
279 295 10 21
279 296 10 22
279 297 10 23
279 298 10 24
279 299 10 25
279 300 10 26
279 301 10 27
279 302 10 28
279 303 10 14
279 304 10 15
279 305 10 16
279 306 10 17
279 307 10 18
279 308 10 19
280 289 10 15
280 290 10 16
280 291 10 17
280 292 10 18
280 293 10 19
280 294 10 20
280 295 10 21
280 296 10 22
280 297 10 23
280 298 10 24
280 299 10 25
280 300 10 26
280 301 10 27
280 302 10 28
280 303 10 14
280 304 10 15
280 305 10 16
280 306 10 17
280 307 10 18
280 308 10 19
281 289 10 15
281 290 10 16
281 291 10 17
281 292 10 18
281 293 10 19
281 294 10 20
281 295 10 21
281 296 10 22
281 297 10 23
281 298 10 24
281 299 10 25
281 300 10 26
281 301 10 27
281 302 10 28
281 303 10 14
281 304 10 15
281 305 10 16
281 306 10 17
281 307 10 18
281 308 10 19
282 289 10 15
282 290 10 16
282 291 10 17
282 292 10 18
282 293 10 19
282 294 10 20
282 295 10 21
282 296 10 22
282 297 10 23
282 298 10 24
282 299 10 25
282 300 10 26
282 301 10 27
282 302 10 28
282 303 10 14
282 304 10 15
282 305 10 16
282 306 10 17
282 307 10 18
282 308 10 19
283 289 10 15
283 290 10 16
283 291 10 17
283 292 10 18
283 293 10 19
283 294 10 20
283 295 10 21
283 296 10 22
283 297 10 23
283 298 10 24
283 299 10 25
283 300 10 26
283 301 10 27
283 302 10 28
283 303 10 14
283 304 10 15
283 305 10 16
283 306 10 17
283 307 10 18
283 308 10 19
284 289 10 15
284 290 10 16
284 291 10 17
284 292 10 18
284 293 10 19
284 294 10 20
284 295 10 21
284 296 10 22
284 297 10 23
284 298 10 24
284 299 10 25
284 300 10 26
284 301 10 27
284 302 10 28
284 303 10 14
284 304 10 15
284 305 10 16
284 306 10 17
284 307 10 18
284 308 10 19
285 289 10 15
285 290 10 16
285 291 10 17
285 292 10 18
285 293 10 19
285 294 10 20
285 295 10 21
285 296 10 22
285 297 10 23
285 298 10 24
285 299 10 25
285 300 10 26
285 301 10 27
285 302 10 28
285 303 10 14
285 304 10 15
285 305 10 16
285 306 10 17
285 307 10 18
285 308 10 19
286 289 10 15
286 290 10 16
286 291 10 17
286 292 10 18
286 293 10 19
286 294 10 20
286 295 10 21
286 296 10 22
286 297 10 23
286 298 10 24
286 299 10 25
286 300 10 26
286 301 10 27
286 302 10 28
286 303 10 14
286 304 10 15
286 305 10 16
286 306 10 17
286 307 10 18
286 308 10 19
287 289 10 15
287 290 10 16
287 291 10 17
287 292 10 18
287 293 10 19
287 294 10 20
287 295 10 21
287 296 10 22
287 297 10 23
287 298 10 24
287 299 10 25
287 300 10 26
287 301 10 27
287 302 10 28
287 303 10 14
287 304 10 15
287 305 10 16
287 306 10 17
287 307 10 18
287 308 10 19
288 289 10 15
288 290 10 16
288 291 10 17
288 292 10 18
288 293 10 19
288 294 10 20
288 295 10 21
288 296 10 22
288 297 10 23
288 298 10 24
288 299 10 25
288 300 10 26
288 301 10 27
288 302 10 28
288 303 10 14
288 304 10 15
288 305 10 16
288 306 10 17
288 307 10 18
288 308 10 19
289 309 10 16
289 310 10 17
289 311 10 18
289 312 10 19
289 313 10 20
289 314 10 21
289 315 10 22
289 316 10 23
289 317 10 24
289 318 10 25
289 319 10 26
289 320 10 27
289 321 10 28
289 322 10 29
289 323 10 15
289 324 10 16
289 325 10 17
289 326 10 18
289 327 10 19
289 328 10 20
290 309 10 16
290 310 10 17
290 311 10 18
290 312 10 19
290 313 10 20
290 314 10 21
290 315 10 22
290 316 10 23
290 317 10 24
290 318 10 25
290 319 10 26
290 320 10 27
290 321 10 28
290 322 10 29
290 323 10 15
290 324 10 16
290 325 10 17
290 326 10 18
290 327 10 19
290 328 10 20
291 309 10 16
291 310 10 17
291 311 10 18
291 312 10 19
291 313 10 20
291 314 10 21
291 315 10 22
291 316 10 23
291 317 10 24
291 318 10 25
291 319 10 26
291 320 10 27
291 321 10 28
291 322 10 29
291 323 10 15
291 324 10 16
291 325 10 17
291 326 10 18
291 327 10 19
291 328 10 20
292 309 10 16
292 310 10 17
292 311 10 18
292 312 10 19
292 313 10 20
292 314 10 21
292 315 10 22
292 316 10 23
292 317 10 24
292 318 10 25
292 319 10 26
292 320 10 27
292 321 10 28
292 322 10 29
292 323 10 15
292 324 10 16
292 325 10 17
292 326 10 18
292 327 10 19
292 328 10 20
293 309 10 16
293 310 10 17
293 311 10 18
293 312 10 19
293 313 10 20
293 314 10 21
293 315 10 22
293 316 10 23
293 317 10 24
293 318 10 25
293 319 10 26
293 320 10 27
293 321 10 28
293 322 10 29
293 323 10 15
293 324 10 16
293 325 10 17
293 326 10 18
293 327 10 19
293 328 10 20
294 309 10 16
294 310 10 17
294 311 10 18
294 312 10 19
294 313 10 20
294 314 10 21
294 315 10 22
294 316 10 23
294 317 10 24
294 318 10 25
294 319 10 26
294 320 10 27
294 321 10 28
294 322 10 29
294 323 10 15
294 324 10 16
294 325 10 17
294 326 10 18
294 327 10 19
294 328 10 20
295 309 10 16
295 310 10 17
295 311 10 18
295 312 10 19
295 313 10 20
295 314 10 21
295 315 10 22
295 316 10 23
295 317 10 24
295 318 10 25
295 319 10 26
295 320 10 27
295 321 10 28
295 322 10 29
295 323 10 15
295 324 10 16
295 325 10 17
295 326 10 18
295 327 10 19
295 328 10 20
296 309 10 16
296 310 10 17
296 311 10 18
296 312 10 19
296 313 10 20
296 314 10 21
296 315 10 22
296 316 10 23
296 317 10 24
296 318 10 25
296 319 10 26
296 320 10 27
296 321 10 28
296 322 10 29
296 323 10 15
296 324 10 16
296 325 10 17
296 326 10 18
296 327 10 19
296 328 10 20
297 309 10 16
297 310 10 17
297 311 10 18
297 312 10 19
297 313 10 20
297 314 10 21
297 315 10 22
297 316 10 23
297 317 10 24
297 318 10 25
297 319 10 26
297 320 10 27
297 321 10 28
297 322 10 29
297 323 10 15
297 324 10 16
297 325 10 17
297 326 10 18
297 327 10 19
297 328 10 20
298 309 10 16
298 310 10 17
298 311 10 18
298 312 10 19
298 313 10 20
298 314 10 21
298 315 10 22
298 316 10 23
298 317 10 24
298 318 10 25
298 319 10 26
298 320 10 27
298 321 10 28
298 322 10 29
298 323 10 15
298 324 10 16
298 325 10 17
298 326 10 18
298 327 10 19
298 328 10 20
299 309 10 16
299 310 10 17
299 311 10 18
299 312 10 19
299 313 10 20
299 314 10 21
299 315 10 22
299 316 10 23
299 317 10 24
299 318 10 25
299 319 10 26
299 320 10 27
299 321 10 28
299 322 10 29
299 323 10 15
299 324 10 16
299 325 10 17
299 326 10 18
299 327 10 19
299 328 10 20
300 309 10 16
300 310 10 17
300 311 10 18
300 312 10 19
300 313 10 20
300 314 10 21
300 315 10 22
300 316 10 23
300 317 10 24
300 318 10 25
300 319 10 26
300 320 10 27
300 321 10 28
300 322 10 29
300 323 10 15
300 324 10 16
300 325 10 17
300 326 10 18
300 327 10 19
300 328 10 20
301 309 10 16
301 310 10 17
301 311 10 18
301 312 10 19
301 313 10 20
301 314 10 21
301 315 10 22
301 316 10 23
301 317 10 24
301 318 10 25
301 319 10 26
301 320 10 27
301 321 10 28
301 322 10 29
301 323 10 15
301 324 10 16
301 325 10 17
301 326 10 18
301 327 10 19
301 328 10 20
302 309 10 16
302 310 10 17
302 311 10 18
302 312 10 19
302 313 10 20
302 314 10 21
302 315 10 22
302 316 10 23
302 317 10 24
302 318 10 25
302 319 10 26
302 320 10 27
302 321 10 28
302 322 10 29
302 323 10 15
302 324 10 16
302 325 10 17
302 326 10 18
302 327 10 19
302 328 10 20
303 309 10 16
303 310 10 17
303 311 10 18
303 312 10 19
303 313 10 20
303 314 10 21
303 315 10 22
303 316 10 23
303 317 10 24
303 318 10 25
303 319 10 26
303 320 10 27
303 321 10 28
303 322 10 29
303 323 10 15
303 324 10 16
303 325 10 17
303 326 10 18
303 327 10 19
303 328 10 20
304 309 10 16
304 310 10 17
304 311 10 18
304 312 10 19
304 313 10 20
304 314 10 21
304 315 10 22
304 316 10 23
304 317 10 24
304 318 10 25
304 319 10 26
304 320 10 27
304 321 10 28
304 322 10 29
304 323 10 15
304 324 10 16
304 325 10 17
304 326 10 18
304 327 10 19
304 328 10 20
305 309 10 16
305 310 10 17
305 311 10 18
305 312 10 19
305 313 10 20
305 314 10 21
305 315 10 22
305 316 10 23
305 317 10 24
305 318 10 25
305 319 10 26
305 320 10 27
305 321 10 28
305 322 10 29
305 323 10 15
305 324 10 16
305 325 10 17
305 326 10 18
305 327 10 19
305 328 10 20
306 309 10 16
306 310 10 17
306 311 10 18
306 312 10 19
306 313 10 20
306 314 10 21
306 315 10 22
306 316 10 23
306 317 10 24
306 318 10 25
306 319 10 26
306 320 10 27
306 321 10 28
306 322 10 29
306 323 10 15
306 324 10 16
306 325 10 17
306 326 10 18
306 327 10 19
306 328 10 20
307 309 10 16
307 310 10 17
307 311 10 18
307 312 10 19
307 313 10 20
307 314 10 21
307 315 10 22
307 316 10 23
307 317 10 24
307 318 10 25
307 319 10 26
307 320 10 27
307 321 10 28
307 322 10 29
307 323 10 15
307 324 10 16
307 325 10 17
307 326 10 18
307 327 10 19
307 328 10 20
308 309 10 16
308 310 10 17
308 311 10 18
308 312 10 19
308 313 10 20
308 314 10 21
308 315 10 22
308 316 10 23
308 317 10 24
308 318 10 25
308 319 10 26
308 320 10 27
308 321 10 28
308 322 10 29
308 323 10 15
308 324 10 16
308 325 10 17
308 326 10 18
308 327 10 19
308 328 10 20
309 329 10 17
309 330 10 18
309 331 10 19
309 332 10 20
309 333 10 21
309 334 10 22
309 335 10 23
309 336 10 24
309 337 10 25
309 338 10 26
309 339 10 27
309 340 10 28
309 341 10 29
309 342 10 30
309 343 10 16
309 344 10 17
309 345 10 18
309 346 10 19
309 347 10 20
309 348 10 21
310 329 10 17
310 330 10 18
310 331 10 19
310 332 10 20
310 333 10 21
310 334 10 22
310 335 10 23
310 336 10 24
310 337 10 25
310 338 10 26
310 339 10 27
310 340 10 28
310 341 10 29
310 342 10 30
310 343 10 16
310 344 10 17
310 345 10 18
310 346 10 19
310 347 10 20
310 348 10 21
311 329 10 17
311 330 10 18
311 331 10 19
311 332 10 20
311 333 10 21
311 334 10 22
311 335 10 23
311 336 10 24
311 337 10 25
311 338 10 26
311 339 10 27
311 340 10 28
311 341 10 29
311 342 10 30
311 343 10 16
311 344 10 17
311 345 10 18
311 346 10 19
311 347 10 20
311 348 10 21
312 329 10 17
312 330 10 18
312 331 10 19
312 332 10 20
312 333 10 21
312 334 10 22
312 335 10 23
312 336 10 24
312 337 10 25
312 338 10 26
312 339 10 27
312 340 10 28
312 341 10 29
312 342 10 30
312 343 10 16
312 344 10 17
312 345 10 18
312 346 10 19
312 347 10 20
312 348 10 21
313 329 10 17
313 330 10 18
313 331 10 19
313 332 10 20
313 333 10 21
313 334 10 22
313 335 10 23
313 336 10 24
313 337 10 25
313 338 10 26
313 339 10 27
313 340 10 28
313 341 10 29
313 342 10 30
313 343 10 16
313 344 10 17
313 345 10 18
313 346 10 19
313 347 10 20
313 348 10 21
314 329 10 17
314 330 10 18
314 331 10 19
314 332 10 20
314 333 10 21
314 334 10 22
314 335 10 23
314 336 10 24
314 337 10 25
314 338 10 26
314 339 10 27
314 340 10 28
314 341 10 29
314 342 10 30
314 343 10 16
314 344 10 17
314 345 10 18
314 346 10 19
314 347 10 20
314 348 10 21
315 329 10 17
315 330 10 18
315 331 10 19
315 332 10 20
315 333 10 21
315 334 10 22
315 335 10 23
315 336 10 24
315 337 10 25
315 338 10 26
315 339 10 27
315 340 10 28
315 341 10 29
315 342 10 30
315 343 10 16
315 344 10 17
315 345 10 18
315 346 10 19
315 347 10 20
315 348 10 21
316 329 10 17
316 330 10 18
316 331 10 19
316 332 10 20
316 333 10 21
316 334 10 22
316 335 10 23
316 336 10 24
316 337 10 25
316 338 10 26
316 339 10 27
316 340 10 28
316 341 10 29
316 342 10 30
316 343 10 16
316 344 10 17
316 345 10 18
316 346 10 19
316 347 10 20
316 348 10 21
317 329 10 17
317 330 10 18
317 331 10 19
317 332 10 20
317 333 10 21
317 334 10 22
317 335 10 23
317 336 10 24
317 337 10 25
317 338 10 26
317 339 10 27
317 340 10 28
317 341 10 29
317 342 10 30
317 343 10 16
317 344 10 17
317 345 10 18
317 346 10 19
317 347 10 20
317 348 10 21
318 329 10 17
318 330 10 18
318 331 10 19
318 332 10 20
318 333 10 21
318 334 10 22
318 335 10 23
318 336 10 24
318 337 10 25
318 338 10 26
318 339 10 27
318 340 10 28
318 341 10 29
318 342 10 30
318 343 10 16
318 344 10 17
318 345 10 18
318 346 10 19
318 347 10 20
318 348 10 21
319 329 10 17
319 330 10 18
319 331 10 19
319 332 10 20
319 333 10 21
319 334 10 22
319 335 10 23
319 336 10 24
319 337 10 25
319 338 10 26
319 339 10 27
319 340 10 28
319 341 10 29
319 342 10 30
319 343 10 16
319 344 10 17
319 345 10 18
319 346 10 19
319 347 10 20
319 348 10 21
320 329 10 17
320 330 10 18
320 331 10 19
320 332 10 20
320 333 10 21
320 334 10 22
320 335 10 23
320 336 10 24
320 337 10 25
320 338 10 26
320 339 10 27
320 340 10 28
320 341 10 29
320 342 10 30
320 343 10 16
320 344 10 17
320 345 10 18
320 346 10 19
320 347 10 20
320 348 10 21
321 329 10 17
321 330 10 18
321 331 10 19
321 332 10 20
321 333 10 21
321 334 10 22
321 335 10 23
321 336 10 24
321 337 10 25
321 338 10 26
321 339 10 27
321 340 10 28
321 341 10 29
321 342 10 30
321 343 10 16
321 344 10 17
321 345 10 18
321 346 10 19
321 347 10 20
321 348 10 21
322 329 10 17
322 330 10 18
322 331 10 19
322 332 10 20
322 333 10 21
322 334 10 22
322 335 10 23
322 336 10 24
322 337 10 25
322 338 10 26
322 339 10 27
322 340 10 28
322 341 10 29
322 342 10 30
322 343 10 16
322 344 10 17
322 345 10 18
322 346 10 19
322 347 10 20
322 348 10 21
323 329 10 17
323 330 10 18
323 331 10 19
323 332 10 20
323 333 10 21
323 334 10 22
323 335 10 23
323 336 10 24
323 337 10 25
323 338 10 26
323 339 10 27
323 340 10 28
323 341 10 29
323 342 10 30
323 343 10 16
323 344 10 17
323 345 10 18
323 346 10 19
323 347 10 20
323 348 10 21
324 329 10 17
324 330 10 18
324 331 10 19
324 332 10 20
324 333 10 21
324 334 10 22
324 335 10 23
324 336 10 24
324 337 10 25
324 338 10 26
324 339 10 27
324 340 10 28
324 341 10 29
324 342 10 30
324 343 10 16
324 344 10 17
324 345 10 18
324 346 10 19
324 347 10 20
324 348 10 21
325 329 10 17
325 330 10 18
325 331 10 19
325 332 10 20
325 333 10 21
325 334 10 22
325 335 10 23
325 336 10 24
325 337 10 25
325 338 10 26
325 339 10 27
325 340 10 28
325 341 10 29
325 342 10 30
325 343 10 16
325 344 10 17
325 345 10 18
325 346 10 19
325 347 10 20
325 348 10 21
326 329 10 17
326 330 10 18
326 331 10 19
326 332 10 20
326 333 10 21
326 334 10 22
326 335 10 23
326 336 10 24
326 337 10 25
326 338 10 26
326 339 10 27
326 340 10 28
326 341 10 29
326 342 10 30
326 343 10 16
326 344 10 17
326 345 10 18
326 346 10 19
326 347 10 20
326 348 10 21
327 329 10 17
327 330 10 18
327 331 10 19
327 332 10 20
327 333 10 21
327 334 10 22
327 335 10 23
327 336 10 24
327 337 10 25
327 338 10 26
327 339 10 27
327 340 10 28
327 341 10 29
327 342 10 30
327 343 10 16
327 344 10 17
327 345 10 18
327 346 10 19
327 347 10 20
327 348 10 21
328 329 10 17
328 330 10 18
328 331 10 19
328 332 10 20
328 333 10 21
328 334 10 22
328 335 10 23
328 336 10 24
328 337 10 25
328 338 10 26
328 339 10 27
328 340 10 28
328 341 10 29
328 342 10 30
328 343 10 16
328 344 10 17
328 345 10 18
328 346 10 19
328 347 10 20
328 348 10 21
329 349 10 18
329 350 10 19
329 351 10 20
329 352 10 21
329 353 10 22
329 354 10 23
329 355 10 24
329 356 10 25
329 357 10 26
329 358 10 27
329 359 10 28
329 360 10 29
329 361 10 30
329 362 10 1
329 363 10 17
329 364 10 18
329 365 10 19
329 366 10 20
329 367 10 21
329 368 10 22
330 349 10 18
330 350 10 19
330 351 10 20
330 352 10 21
330 353 10 22
330 354 10 23
330 355 10 24
330 356 10 25
330 357 10 26
330 358 10 27
330 359 10 28
330 360 10 29
330 361 10 30
330 362 10 1
330 363 10 17
330 364 10 18
330 365 10 19
330 366 10 20
330 367 10 21
330 368 10 22
331 349 10 18
331 350 10 19
331 351 10 20
331 352 10 21
331 353 10 22
331 354 10 23
331 355 10 24
331 356 10 25
331 357 10 26
331 358 10 27
331 359 10 28
331 360 10 29
331 361 10 30
331 362 10 1
331 363 10 17
331 364 10 18
331 365 10 19
331 366 10 20
331 367 10 21
331 368 10 22
332 349 10 18
332 350 10 19
332 351 10 20
332 352 10 21
332 353 10 22
332 354 10 23
332 355 10 24
332 356 10 25
332 357 10 26
332 358 10 27
332 359 10 28
332 360 10 29
332 361 10 30
332 362 10 1
332 363 10 17
332 364 10 18
332 365 10 19
332 366 10 20
332 367 10 21
332 368 10 22
333 349 10 18
333 350 10 19
333 351 10 20
333 352 10 21
333 353 10 22
333 354 10 23
333 355 10 24
333 356 10 25
333 357 10 26
333 358 10 27
333 359 10 28
333 360 10 29
333 361 10 30
333 362 10 1
333 363 10 17
333 364 10 18
333 365 10 19
333 366 10 20
333 367 10 21
333 368 10 22
334 349 10 18
334 350 10 19
334 351 10 20
334 352 10 21
334 353 10 22
334 354 10 23
334 355 10 24
334 356 10 25
334 357 10 26
334 358 10 27
334 359 10 28
334 360 10 29
334 361 10 30
334 362 10 1
334 363 10 17
334 364 10 18
334 365 10 19
334 366 10 20
334 367 10 21
334 368 10 22
335 349 10 18
335 350 10 19
335 351 10 20
335 352 10 21
335 353 10 22
335 354 10 23
335 355 10 24
335 356 10 25
335 357 10 26
335 358 10 27
335 359 10 28
335 360 10 29
335 361 10 30
335 362 10 1
335 363 10 17
335 364 10 18
335 365 10 19
335 366 10 20
335 367 10 21
335 368 10 22
336 349 10 18
336 350 10 19
336 351 10 20
336 352 10 21
336 353 10 22
336 354 10 23
336 355 10 24
336 356 10 25
336 357 10 26
336 358 10 27
336 359 10 28
336 360 10 29
336 361 10 30
336 362 10 1
336 363 10 17
336 364 10 18
336 365 10 19
336 366 10 20
336 367 10 21
336 368 10 22
337 349 10 18
337 350 10 19
337 351 10 20
337 352 10 21
337 353 10 22
337 354 10 23
337 355 10 24
337 356 10 25
337 357 10 26
337 358 10 27
337 359 10 28
337 360 10 29
337 361 10 30
337 362 10 1
337 363 10 17
337 364 10 18
337 365 10 19
337 366 10 20
337 367 10 21
337 368 10 22
338 349 10 18
338 350 10 19
338 351 10 20
338 352 10 21
338 353 10 22
338 354 10 23
338 355 10 24
338 356 10 25
338 357 10 26
338 358 10 27
338 359 10 28
338 360 10 29
338 361 10 30
338 362 10 1
338 363 10 17
338 364 10 18
338 365 10 19
338 366 10 20
338 367 10 21
338 368 10 22
339 349 10 18
339 350 10 19
339 351 10 20
339 352 10 21
339 353 10 22
339 354 10 23
339 355 10 24
339 356 10 25
339 357 10 26
339 358 10 27
339 359 10 28
339 360 10 29
339 361 10 30
339 362 10 1
339 363 10 17
339 364 10 18
339 365 10 19
339 366 10 20
339 367 10 21
339 368 10 22
340 349 10 18
340 350 10 19
340 351 10 20
340 352 10 21
340 353 10 22
340 354 10 23
340 355 10 24
340 356 10 25
340 357 10 26
340 358 10 27
340 359 10 28
340 360 10 29
340 361 10 30
340 362 10 1
340 363 10 17
340 364 10 18
340 365 10 19
340 366 10 20
340 367 10 21
340 368 10 22
341 349 10 18
341 350 10 19
341 351 10 20
341 352 10 21
341 353 10 22
341 354 10 23
341 355 10 24
341 356 10 25
341 357 10 26
341 358 10 27
341 359 10 28
341 360 10 29
341 361 10 30
341 362 10 1
341 363 10 17
341 364 10 18
341 365 10 19
341 366 10 20
341 367 10 21
341 368 10 22
342 349 10 18
342 350 10 19
342 351 10 20
342 352 10 21
342 353 10 22
342 354 10 23
342 355 10 24
342 356 10 25
342 357 10 26
342 358 10 27
342 359 10 28
342 360 10 29
342 361 10 30
342 362 10 1
342 363 10 17
342 364 10 18
342 365 10 19
342 366 10 20
342 367 10 21
342 368 10 22
343 349 10 18
343 350 10 19
343 351 10 20
343 352 10 21
343 353 10 22
343 354 10 23
343 355 10 24
343 356 10 25
343 357 10 26
343 358 10 27
343 359 10 28
343 360 10 29
343 361 10 30
343 362 10 1
343 363 10 17
343 364 10 18
343 365 10 19
343 366 10 20
343 367 10 21
343 368 10 22
344 349 10 18
344 350 10 19
344 351 10 20
344 352 10 21
344 353 10 22
344 354 10 23
344 355 10 24
344 356 10 25
344 357 10 26
344 358 10 27
344 359 10 28
344 360 10 29
344 361 10 30
344 362 10 1
344 363 10 17
344 364 10 18
344 365 10 19
344 366 10 20
344 367 10 21
344 368 10 22
345 349 10 18
345 350 10 19
345 351 10 20
345 352 10 21
345 353 10 22
345 354 10 23
345 355 10 24
345 356 10 25
345 357 10 26
345 358 10 27
345 359 10 28
345 360 10 29
345 361 10 30
345 362 10 1
345 363 10 17
345 364 10 18
345 365 10 19
345 366 10 20
345 367 10 21
345 368 10 22
346 349 10 18
346 350 10 19
346 351 10 20
346 352 10 21
346 353 10 22
346 354 10 23
346 355 10 24
346 356 10 25
346 357 10 26
346 358 10 27
346 359 10 28
346 360 10 29
346 361 10 30
346 362 10 1
346 363 10 17
346 364 10 18
346 365 10 19
346 366 10 20
346 367 10 21
346 368 10 22
347 349 10 18
347 350 10 19
347 351 10 20
347 352 10 21
347 353 10 22
347 354 10 23
347 355 10 24
347 356 10 25
347 357 10 26
347 358 10 27
347 359 10 28
347 360 10 29
347 361 10 30
347 362 10 1
347 363 10 17
347 364 10 18
347 365 10 19
347 366 10 20
347 367 10 21
347 368 10 22
348 349 10 18
348 350 10 19
348 351 10 20
348 352 10 21
348 353 10 22
348 354 10 23
348 355 10 24
348 356 10 25
348 357 10 26
348 358 10 27
348 359 10 28
348 360 10 29
348 361 10 30
348 362 10 1
348 363 10 17
348 364 10 18
348 365 10 19
348 366 10 20
348 367 10 21
348 368 10 22
349 369 10 19
349 370 10 20
349 371 10 21
349 372 10 22
349 373 10 23
349 374 10 24
349 375 10 25
349 376 10 26
349 377 10 27
349 378 10 28
349 379 10 29
349 380 10 30
349 381 10 1
349 382 10 2
349 383 10 18
349 384 10 19
349 385 10 20
349 386 10 21
349 387 10 22
349 388 10 23
350 369 10 19
350 370 10 20
350 371 10 21
350 372 10 22
350 373 10 23
350 374 10 24
350 375 10 25
350 376 10 26
350 377 10 27
350 378 10 28
350 379 10 29
350 380 10 30
350 381 10 1
350 382 10 2
350 383 10 18
350 384 10 19
350 385 10 20
350 386 10 21
350 387 10 22
350 388 10 23
351 369 10 19
351 370 10 20
351 371 10 21
351 372 10 22
351 373 10 23
351 374 10 24
351 375 10 25
351 376 10 26
351 377 10 27
351 378 10 28
351 379 10 29
351 380 10 30
351 381 10 1
351 382 10 2
351 383 10 18
351 384 10 19
351 385 10 20
351 386 10 21
351 387 10 22
351 388 10 23
352 369 10 19
352 370 10 20
352 371 10 21
352 372 10 22
352 373 10 23
352 374 10 24
352 375 10 25
352 376 10 26
352 377 10 27
352 378 10 28
352 379 10 29
352 380 10 30
352 381 10 1
352 382 10 2
352 383 10 18
352 384 10 19
352 385 10 20
352 386 10 21
352 387 10 22
352 388 10 23
353 369 10 19
353 370 10 20
353 371 10 21
353 372 10 22
353 373 10 23
353 374 10 24
353 375 10 25
353 376 10 26
353 377 10 27
353 378 10 28
353 379 10 29
353 380 10 30
353 381 10 1
353 382 10 2
353 383 10 18
353 384 10 19
353 385 10 20
353 386 10 21
353 387 10 22
353 388 10 23
354 369 10 19
354 370 10 20
354 371 10 21
354 372 10 22
354 373 10 23
354 374 10 24
354 375 10 25
354 376 10 26
354 377 10 27
354 378 10 28
354 379 10 29
354 380 10 30
354 381 10 1
354 382 10 2
354 383 10 18
354 384 10 19
354 385 10 20
354 386 10 21
354 387 10 22
354 388 10 23
355 369 10 19
355 370 10 20
355 371 10 21
355 372 10 22
355 373 10 23
355 374 10 24
355 375 10 25
355 376 10 26
355 377 10 27
355 378 10 28
355 379 10 29
355 380 10 30
355 381 10 1
355 382 10 2
355 383 10 18
355 384 10 19
355 385 10 20
355 386 10 21
355 387 10 22
355 388 10 23
356 369 10 19
356 370 10 20
356 371 10 21
356 372 10 22
356 373 10 23
356 374 10 24
356 375 10 25
356 376 10 26
356 377 10 27
356 378 10 28
356 379 10 29
356 380 10 30
356 381 10 1
356 382 10 2
356 383 10 18
356 384 10 19
356 385 10 20
356 386 10 21
356 387 10 22
356 388 10 23
357 369 10 19
357 370 10 20
357 371 10 21
357 372 10 22
357 373 10 23
357 374 10 24
357 375 10 25
357 376 10 26
357 377 10 27
357 378 10 28
357 379 10 29
357 380 10 30
357 381 10 1
357 382 10 2
357 383 10 18
357 384 10 19
357 385 10 20
357 386 10 21
357 387 10 22
357 388 10 23
358 369 10 19
358 370 10 20
358 371 10 21
358 372 10 22
358 373 10 23
358 374 10 24
358 375 10 25
358 376 10 26
358 377 10 27
358 378 10 28
358 379 10 29
358 380 10 30
358 381 10 1
358 382 10 2
358 383 10 18
358 384 10 19
358 385 10 20
358 386 10 21
358 387 10 22
358 388 10 23
359 369 10 19
359 370 10 20
359 371 10 21
359 372 10 22
359 373 10 23
359 374 10 24
359 375 10 25
359 376 10 26
359 377 10 27
359 378 10 28
359 379 10 29
359 380 10 30
359 381 10 1
359 382 10 2
359 383 10 18
359 384 10 19
359 385 10 20
359 386 10 21
359 387 10 22
359 388 10 23
360 369 10 19
360 370 10 20
360 371 10 21
360 372 10 22
360 373 10 23
360 374 10 24
360 375 10 25
360 376 10 26
360 377 10 27
360 378 10 28
360 379 10 29
360 380 10 30
360 381 10 1
360 382 10 2
360 383 10 18
360 384 10 19
360 385 10 20
360 386 10 21
360 387 10 22
360 388 10 23
361 369 10 19
361 370 10 20
361 371 10 21
361 372 10 22
361 373 10 23
361 374 10 24
361 375 10 25
361 376 10 26
361 377 10 27
361 378 10 28
361 379 10 29
361 380 10 30
361 381 10 1
361 382 10 2
361 383 10 18
361 384 10 19
361 385 10 20
361 386 10 21
361 387 10 22
361 388 10 23
362 369 10 19
362 370 10 20
362 371 10 21
362 372 10 22
362 373 10 23
362 374 10 24
362 375 10 25
362 376 10 26
362 377 10 27
362 378 10 28
362 379 10 29
362 380 10 30
362 381 10 1
362 382 10 2
362 383 10 18
362 384 10 19
362 385 10 20
362 386 10 21
362 387 10 22
362 388 10 23
363 369 10 19
363 370 10 20
363 371 10 21
363 372 10 22
363 373 10 23
363 374 10 24
363 375 10 25
363 376 10 26
363 377 10 27
363 378 10 28
363 379 10 29
363 380 10 30
363 381 10 1
363 382 10 2
363 383 10 18
363 384 10 19
363 385 10 20
363 386 10 21
363 387 10 22
363 388 10 23
364 369 10 19
364 370 10 20
364 371 10 21
364 372 10 22
364 373 10 23
364 374 10 24
364 375 10 25
364 376 10 26
364 377 10 27
364 378 10 28
364 379 10 29
364 380 10 30
364 381 10 1
364 382 10 2
364 383 10 18
364 384 10 19
364 385 10 20
364 386 10 21
364 387 10 22
364 388 10 23
365 369 10 19
365 370 10 20
365 371 10 21
365 372 10 22
365 373 10 23
365 374 10 24
365 375 10 25
365 376 10 26
365 377 10 27
365 378 10 28
365 379 10 29
365 380 10 30
365 381 10 1
365 382 10 2
365 383 10 18
365 384 10 19
365 385 10 20
365 386 10 21
365 387 10 22
365 388 10 23
366 369 10 19
366 370 10 20
366 371 10 21
366 372 10 22
366 373 10 23
366 374 10 24
366 375 10 25
366 376 10 26
366 377 10 27
366 378 10 28
366 379 10 29
366 380 10 30
366 381 10 1
366 382 10 2
366 383 10 18
366 384 10 19
366 385 10 20
366 386 10 21
366 387 10 22
366 388 10 23
367 369 10 19
367 370 10 20
367 371 10 21
367 372 10 22
367 373 10 23
367 374 10 24
367 375 10 25
367 376 10 26
367 377 10 27
367 378 10 28
367 379 10 29
367 380 10 30
367 381 10 1
367 382 10 2
367 383 10 18
367 384 10 19
367 385 10 20
367 386 10 21
367 387 10 22
367 388 10 23
368 369 10 19
368 370 10 20
368 371 10 21
368 372 10 22
368 373 10 23
368 374 10 24
368 375 10 25
368 376 10 26
368 377 10 27
368 378 10 28
368 379 10 29
368 380 10 30
368 381 10 1
368 382 10 2
368 383 10 18
368 384 10 19
368 385 10 20
368 386 10 21
368 387 10 22
368 388 10 23
369 389 10 20
369 390 10 21
369 391 10 22
369 392 10 23
369 393 10 24
369 394 10 25
369 395 10 26
369 396 10 27
369 397 10 28
369 398 10 29
369 399 10 30
369 400 10 1
369 401 10 2
369 402 10 3
369 403 10 19
369 404 10 20
369 405 10 21
369 406 10 22
369 407 10 23
369 408 10 24
370 389 10 20
370 390 10 21
370 391 10 22
370 392 10 23
370 393 10 24
370 394 10 25
370 395 10 26
370 396 10 27
370 397 10 28
370 398 10 29
370 399 10 30
370 400 10 1
370 401 10 2
370 402 10 3
370 403 10 19
370 404 10 20
370 405 10 21
370 406 10 22
370 407 10 23
370 408 10 24
371 389 10 20
371 390 10 21
371 391 10 22
371 392 10 23
371 393 10 24
371 394 10 25
371 395 10 26
371 396 10 27
371 397 10 28
371 398 10 29
371 399 10 30
371 400 10 1
371 401 10 2
371 402 10 3
371 403 10 19
371 404 10 20
371 405 10 21
371 406 10 22
371 407 10 23
371 408 10 24
372 389 10 20
372 390 10 21
372 391 10 22
372 392 10 23
372 393 10 24
372 394 10 25
372 395 10 26
372 396 10 27
372 397 10 28
372 398 10 29
372 399 10 30
372 400 10 1
372 401 10 2
372 402 10 3
372 403 10 19
372 404 10 20
372 405 10 21
372 406 10 22
372 407 10 23
372 408 10 24
373 389 10 20
373 390 10 21
373 391 10 22
373 392 10 23
373 393 10 24
373 394 10 25
373 395 10 26
373 396 10 27
373 397 10 28
373 398 10 29
373 399 10 30
373 400 10 1
373 401 10 2
373 402 10 3
373 403 10 19
373 404 10 20
373 405 10 21
373 406 10 22
373 407 10 23
373 408 10 24
374 389 10 20
374 390 10 21
374 391 10 22
374 392 10 23
374 393 10 24
374 394 10 25
374 395 10 26
374 396 10 27
374 397 10 28
374 398 10 29
374 399 10 30
374 400 10 1
374 401 10 2
374 402 10 3
374 403 10 19
374 404 10 20
374 405 10 21
374 406 10 22
374 407 10 23
374 408 10 24
375 389 10 20
375 390 10 21
375 391 10 22
375 392 10 23
375 393 10 24
375 394 10 25
375 395 10 26
375 396 10 27
375 397 10 28
375 398 10 29
375 399 10 30
375 400 10 1
375 401 10 2
375 402 10 3
375 403 10 19
375 404 10 20
375 405 10 21
375 406 10 22
375 407 10 23
375 408 10 24
376 389 10 20
376 390 10 21
376 391 10 22
376 392 10 23
376 393 10 24
376 394 10 25
376 395 10 26
376 396 10 27
376 397 10 28
376 398 10 29
376 399 10 30
376 400 10 1
376 401 10 2
376 402 10 3
376 403 10 19
376 404 10 20
376 405 10 21
376 406 10 22
376 407 10 23
376 408 10 24
377 389 10 20
377 390 10 21
377 391 10 22
377 392 10 23
377 393 10 24
377 394 10 25
377 395 10 26
377 396 10 27
377 397 10 28
377 398 10 29
377 399 10 30
377 400 10 1
377 401 10 2
377 402 10 3
377 403 10 19
377 404 10 20
377 405 10 21
377 406 10 22
377 407 10 23
377 408 10 24
378 389 10 20
378 390 10 21
378 391 10 22
378 392 10 23
378 393 10 24
378 394 10 25
378 395 10 26
378 396 10 27
378 397 10 28
378 398 10 29
378 399 10 30
378 400 10 1
378 401 10 2
378 402 10 3
378 403 10 19
378 404 10 20
378 405 10 21
378 406 10 22
378 407 10 23
378 408 10 24
379 389 10 20
379 390 10 21
379 391 10 22
379 392 10 23
379 393 10 24
379 394 10 25
379 395 10 26
379 396 10 27
379 397 10 28
379 398 10 29
379 399 10 30
379 400 10 1
379 401 10 2
379 402 10 3
379 403 10 19
379 404 10 20
379 405 10 21
379 406 10 22
379 407 10 23
379 408 10 24
380 389 10 20
380 390 10 21
380 391 10 22
380 392 10 23
380 393 10 24
380 394 10 25
380 395 10 26
380 396 10 27
380 397 10 28
380 398 10 29
380 399 10 30
380 400 10 1
380 401 10 2
380 402 10 3
380 403 10 19
380 404 10 20
380 405 10 21
380 406 10 22
380 407 10 23
380 408 10 24
381 389 10 20
381 390 10 21
381 391 10 22
381 392 10 23
381 393 10 24
381 394 10 25
381 395 10 26
381 396 10 27
381 397 10 28
381 398 10 29
381 399 10 30
381 400 10 1
381 401 10 2
381 402 10 3
381 403 10 19
381 404 10 20
381 405 10 21
381 406 10 22
381 407 10 23
381 408 10 24
382 389 10 20
382 390 10 21
382 391 10 22
382 392 10 23
382 393 10 24
382 394 10 25
382 395 10 26
382 396 10 27
382 397 10 28
382 398 10 29
382 399 10 30
382 400 10 1
382 401 10 2
382 402 10 3
382 403 10 19
382 404 10 20
382 405 10 21
382 406 10 22
382 407 10 23
382 408 10 24
383 389 10 20
383 390 10 21
383 391 10 22
383 392 10 23
383 393 10 24
383 394 10 25
383 395 10 26
383 396 10 27
383 397 10 28
383 398 10 29
383 399 10 30
383 400 10 1
383 401 10 2
383 402 10 3
383 403 10 19
383 404 10 20
383 405 10 21
383 406 10 22
383 407 10 23
383 408 10 24
384 389 10 20
384 390 10 21
384 391 10 22
384 392 10 23
384 393 10 24
384 394 10 25
384 395 10 26
384 396 10 27
384 397 10 28
384 398 10 29
384 399 10 30
384 400 10 1
384 401 10 2
384 402 10 3
384 403 10 19
384 404 10 20
384 405 10 21
384 406 10 22
384 407 10 23
384 408 10 24
385 389 10 20
385 390 10 21
385 391 10 22
385 392 10 23
385 393 10 24
385 394 10 25
385 395 10 26
385 396 10 27
385 397 10 28
385 398 10 29
385 399 10 30
385 400 10 1
385 401 10 2
385 402 10 3
385 403 10 19
385 404 10 20
385 405 10 21
385 406 10 22
385 407 10 23
385 408 10 24
386 389 10 20
386 390 10 21
386 391 10 22
386 392 10 23
386 393 10 24
386 394 10 25
386 395 10 26
386 396 10 27
386 397 10 28
386 398 10 29
386 399 10 30
386 400 10 1
386 401 10 2
386 402 10 3
386 403 10 19
386 404 10 20
386 405 10 21
386 406 10 22
386 407 10 23
386 408 10 24
387 389 10 20
387 390 10 21
387 391 10 22
387 392 10 23
387 393 10 24
387 394 10 25
387 395 10 26
387 396 10 27
387 397 10 28
387 398 10 29
387 399 10 30
387 400 10 1
387 401 10 2
387 402 10 3
387 403 10 19
387 404 10 20
387 405 10 21
387 406 10 22
387 407 10 23
387 408 10 24
388 389 10 20
388 390 10 21
388 391 10 22
388 392 10 23
388 393 10 24
388 394 10 25
388 395 10 26
388 396 10 27
388 397 10 28
388 398 10 29
388 399 10 30
388 400 10 1
388 401 10 2
388 402 10 3
388 403 10 19
388 404 10 20
388 405 10 21
388 406 10 22
388 407 10 23
388 408 10 24
389 409 10 21
389 410 10 22
389 411 10 23
389 412 10 24
389 413 10 25
389 414 10 26
389 415 10 27
389 416 10 28
389 417 10 29
389 418 10 30
389 419 10 1
389 420 10 2
389 421 10 3
389 422 10 4
389 423 10 20
389 424 10 21
389 425 10 22
389 426 10 23
389 427 10 24
389 428 10 25
390 409 10 21
390 410 10 22
390 411 10 23
390 412 10 24
390 413 10 25
390 414 10 26
390 415 10 27
390 416 10 28
390 417 10 29
390 418 10 30
390 419 10 1
390 420 10 2
390 421 10 3
390 422 10 4
390 423 10 20
390 424 10 21
390 425 10 22
390 426 10 23
390 427 10 24
390 428 10 25
391 409 10 21
391 410 10 22
391 411 10 23
391 412 10 24
391 413 10 25
391 414 10 26
391 415 10 27
391 416 10 28
391 417 10 29
391 418 10 30
391 419 10 1
391 420 10 2
391 421 10 3
391 422 10 4
391 423 10 20
391 424 10 21
391 425 10 22
391 426 10 23
391 427 10 24
391 428 10 25
392 409 10 21
392 410 10 22
392 411 10 23
392 412 10 24
392 413 10 25
392 414 10 26
392 415 10 27
392 416 10 28
392 417 10 29
392 418 10 30
392 419 10 1
392 420 10 2
392 421 10 3
392 422 10 4
392 423 10 20
392 424 10 21
392 425 10 22
392 426 10 23
392 427 10 24
392 428 10 25
393 409 10 21
393 410 10 22
393 411 10 23
393 412 10 24
393 413 10 25
393 414 10 26
393 415 10 27
393 416 10 28
393 417 10 29
393 418 10 30
393 419 10 1
393 420 10 2
393 421 10 3
393 422 10 4
393 423 10 20
393 424 10 21
393 425 10 22
393 426 10 23
393 427 10 24
393 428 10 25
394 409 10 21
394 410 10 22
394 411 10 23
394 412 10 24
394 413 10 25
394 414 10 26
394 415 10 27
394 416 10 28
394 417 10 29
394 418 10 30
394 419 10 1
394 420 10 2
394 421 10 3
394 422 10 4
394 423 10 20
394 424 10 21
394 425 10 22
394 426 10 23
394 427 10 24
394 428 10 25
395 409 10 21
395 410 10 22
395 411 10 23
395 412 10 24
395 413 10 25
395 414 10 26
395 415 10 27
395 416 10 28
395 417 10 29
395 418 10 30
395 419 10 1
395 420 10 2
395 421 10 3
395 422 10 4
395 423 10 20
395 424 10 21
395 425 10 22
395 426 10 23
395 427 10 24
395 428 10 25
396 409 10 21
396 410 10 22
396 411 10 23
396 412 10 24
396 413 10 25
396 414 10 26
396 415 10 27
396 416 10 28
396 417 10 29
396 418 10 30
396 419 10 1
396 420 10 2
396 421 10 3
396 422 10 4
396 423 10 20
396 424 10 21
396 425 10 22
396 426 10 23
396 427 10 24
396 428 10 25
397 409 10 21
397 410 10 22
397 411 10 23
397 412 10 24
397 413 10 25
397 414 10 26
397 415 10 27
397 416 10 28
397 417 10 29
397 418 10 30
397 419 10 1
397 420 10 2
397 421 10 3
397 422 10 4
397 423 10 20
397 424 10 21
397 425 10 22
397 426 10 23
397 427 10 24
397 428 10 25
398 409 10 21
398 410 10 22
398 411 10 23
398 412 10 24
398 413 10 25
398 414 10 26
398 415 10 27
398 416 10 28
398 417 10 29
398 418 10 30
398 419 10 1
398 420 10 2
398 421 10 3
398 422 10 4
398 423 10 20
398 424 10 21
398 425 10 22
398 426 10 23
398 427 10 24
398 428 10 25
399 409 10 21
399 410 10 22
399 411 10 23
399 412 10 24
399 413 10 25
399 414 10 26
399 415 10 27
399 416 10 28
399 417 10 29
399 418 10 30
399 419 10 1
399 420 10 2
399 421 10 3
399 422 10 4
399 423 10 20
399 424 10 21
399 425 10 22
399 426 10 23
399 427 10 24
399 428 10 25
400 409 10 21
400 410 10 22
400 411 10 23
400 412 10 24
400 413 10 25
400 414 10 26
400 415 10 27
400 416 10 28
400 417 10 29
400 418 10 30
400 419 10 1
400 420 10 2
400 421 10 3
400 422 10 4
400 423 10 20
400 424 10 21
400 425 10 22
400 426 10 23
400 427 10 24
400 428 10 25
401 409 10 21
401 410 10 22
401 411 10 23
401 412 10 24
401 413 10 25
401 414 10 26
401 415 10 27
401 416 10 28
401 417 10 29
401 418 10 30
401 419 10 1
401 420 10 2
401 421 10 3
401 422 10 4
401 423 10 20
401 424 10 21
401 425 10 22
401 426 10 23
401 427 10 24
401 428 10 25
402 409 10 21
402 410 10 22
402 411 10 23
402 412 10 24
402 413 10 25
402 414 10 26
402 415 10 27
402 416 10 28
402 417 10 29
402 418 10 30
402 419 10 1
402 420 10 2
402 421 10 3
402 422 10 4
402 423 10 20
402 424 10 21
402 425 10 22
402 426 10 23
402 427 10 24
402 428 10 25
403 409 10 21
403 410 10 22
403 411 10 23
403 412 10 24
403 413 10 25
403 414 10 26
403 415 10 27
403 416 10 28
403 417 10 29
403 418 10 30
403 419 10 1
403 420 10 2
403 421 10 3
403 422 10 4
403 423 10 20
403 424 10 21
403 425 10 22
403 426 10 23
403 427 10 24
403 428 10 25
404 409 10 21
404 410 10 22
404 411 10 23
404 412 10 24
404 413 10 25
404 414 10 26
404 415 10 27
404 416 10 28
404 417 10 29
404 418 10 30
404 419 10 1
404 420 10 2
404 421 10 3
404 422 10 4
404 423 10 20
404 424 10 21
404 425 10 22
404 426 10 23
404 427 10 24
404 428 10 25
405 409 10 21
405 410 10 22
405 411 10 23
405 412 10 24
405 413 10 25
405 414 10 26
405 415 10 27
405 416 10 28
405 417 10 29
405 418 10 30
405 419 10 1
405 420 10 2
405 421 10 3
405 422 10 4
405 423 10 20
405 424 10 21
405 425 10 22
405 426 10 23
405 427 10 24
405 428 10 25
406 409 10 21
406 410 10 22
406 411 10 23
406 412 10 24
406 413 10 25
406 414 10 26
406 415 10 27
406 416 10 28
406 417 10 29
406 418 10 30
406 419 10 1
406 420 10 2
406 421 10 3
406 422 10 4
406 423 10 20
406 424 10 21
406 425 10 22
406 426 10 23
406 427 10 24
406 428 10 25
407 409 10 21
407 410 10 22
407 411 10 23
407 412 10 24
407 413 10 25
407 414 10 26
407 415 10 27
407 416 10 28
407 417 10 29
407 418 10 30
407 419 10 1
407 420 10 2
407 421 10 3
407 422 10 4
407 423 10 20
407 424 10 21
407 425 10 22
407 426 10 23
407 427 10 24
407 428 10 25
408 409 10 21
408 410 10 22
408 411 10 23
408 412 10 24
408 413 10 25
408 414 10 26
408 415 10 27
408 416 10 28
408 417 10 29
408 418 10 30
408 419 10 1
408 420 10 2
408 421 10 3
408 422 10 4
408 423 10 20
408 424 10 21
408 425 10 22
408 426 10 23
408 427 10 24
408 428 10 25
409 429 10 22
409 430 10 23
409 431 10 24
409 432 10 25
409 433 10 26
409 434 10 27
409 435 10 28
409 436 10 29
409 437 10 30
409 438 10 1
409 439 10 2
409 440 10 3
409 441 10 4
409 442 10 5
409 443 10 21
409 444 10 22
409 445 10 23
409 446 10 24
409 447 10 25
409 448 10 26
410 429 10 22
410 430 10 23
410 431 10 24
410 432 10 25
410 433 10 26
410 434 10 27
410 435 10 28
410 436 10 29
410 437 10 30
410 438 10 1
410 439 10 2
410 440 10 3
410 441 10 4
410 442 10 5
410 443 10 21
410 444 10 22
410 445 10 23
410 446 10 24
410 447 10 25
410 448 10 26
411 429 10 22
411 430 10 23
411 431 10 24
411 432 10 25
411 433 10 26
411 434 10 27
411 435 10 28
411 436 10 29
411 437 10 30
411 438 10 1
411 439 10 2
411 440 10 3
411 441 10 4
411 442 10 5
411 443 10 21
411 444 10 22
411 445 10 23
411 446 10 24
411 447 10 25
411 448 10 26
412 429 10 22
412 430 10 23
412 431 10 24
412 432 10 25
412 433 10 26
412 434 10 27
412 435 10 28
412 436 10 29
412 437 10 30
412 438 10 1
412 439 10 2
412 440 10 3
412 441 10 4
412 442 10 5
412 443 10 21
412 444 10 22
412 445 10 23
412 446 10 24
412 447 10 25
412 448 10 26
413 429 10 22
413 430 10 23
413 431 10 24
413 432 10 25
413 433 10 26
413 434 10 27
413 435 10 28
413 436 10 29
413 437 10 30
413 438 10 1
413 439 10 2
413 440 10 3
413 441 10 4
413 442 10 5
413 443 10 21
413 444 10 22
413 445 10 23
413 446 10 24
413 447 10 25
413 448 10 26
414 429 10 22
414 430 10 23
414 431 10 24
414 432 10 25
414 433 10 26
414 434 10 27
414 435 10 28
414 436 10 29
414 437 10 30
414 438 10 1
414 439 10 2
414 440 10 3
414 441 10 4
414 442 10 5
414 443 10 21
414 444 10 22
414 445 10 23
414 446 10 24
414 447 10 25
414 448 10 26
415 429 10 22
415 430 10 23
415 431 10 24
415 432 10 25
415 433 10 26
415 434 10 27
415 435 10 28
415 436 10 29
415 437 10 30
415 438 10 1
415 439 10 2
415 440 10 3
415 441 10 4
415 442 10 5
415 443 10 21
415 444 10 22
415 445 10 23
415 446 10 24
415 447 10 25
415 448 10 26
416 429 10 22
416 430 10 23
416 431 10 24
416 432 10 25
416 433 10 26
416 434 10 27
416 435 10 28
416 436 10 29
416 437 10 30
416 438 10 1
416 439 10 2
416 440 10 3
416 441 10 4
416 442 10 5
416 443 10 21
416 444 10 22
416 445 10 23
416 446 10 24
416 447 10 25
416 448 10 26
417 429 10 22
417 430 10 23
417 431 10 24
417 432 10 25
417 433 10 26
417 434 10 27
417 435 10 28
417 436 10 29
417 437 10 30
417 438 10 1
417 439 10 2
417 440 10 3
417 441 10 4
417 442 10 5
417 443 10 21
417 444 10 22
417 445 10 23
417 446 10 24
417 447 10 25
417 448 10 26
418 429 10 22
418 430 10 23
418 431 10 24
418 432 10 25
418 433 10 26
418 434 10 27
418 435 10 28
418 436 10 29
418 437 10 30
418 438 10 1
418 439 10 2
418 440 10 3
418 441 10 4
418 442 10 5
418 443 10 21
418 444 10 22
418 445 10 23
418 446 10 24
418 447 10 25
418 448 10 26
419 429 10 22
419 430 10 23
419 431 10 24
419 432 10 25
419 433 10 26
419 434 10 27
419 435 10 28
419 436 10 29
419 437 10 30
419 438 10 1
419 439 10 2
419 440 10 3
419 441 10 4
419 442 10 5
419 443 10 21
419 444 10 22
419 445 10 23
419 446 10 24
419 447 10 25
419 448 10 26
420 429 10 22
420 430 10 23
420 431 10 24
420 432 10 25
420 433 10 26
420 434 10 27
420 435 10 28
420 436 10 29
420 437 10 30
420 438 10 1
420 439 10 2
420 440 10 3
420 441 10 4
420 442 10 5
420 443 10 21
420 444 10 22
420 445 10 23
420 446 10 24
420 447 10 25
420 448 10 26
421 429 10 22
421 430 10 23
421 431 10 24
421 432 10 25
421 433 10 26
421 434 10 27
421 435 10 28
421 436 10 29
421 437 10 30
421 438 10 1
421 439 10 2
421 440 10 3
421 441 10 4
421 442 10 5
421 443 10 21
421 444 10 22
421 445 10 23
421 446 10 24
421 447 10 25
421 448 10 26
422 429 10 22
422 430 10 23
422 431 10 24
422 432 10 25
422 433 10 26
422 434 10 27
422 435 10 28
422 436 10 29
422 437 10 30
422 438 10 1
422 439 10 2
422 440 10 3
422 441 10 4
422 442 10 5
422 443 10 21
422 444 10 22
422 445 10 23
422 446 10 24
422 447 10 25
422 448 10 26
423 429 10 22
423 430 10 23
423 431 10 24
423 432 10 25
423 433 10 26
423 434 10 27
423 435 10 28
423 436 10 29
423 437 10 30
423 438 10 1
423 439 10 2
423 440 10 3
423 441 10 4
423 442 10 5
423 443 10 21
423 444 10 22
423 445 10 23
423 446 10 24
423 447 10 25
423 448 10 26
424 429 10 22
424 430 10 23
424 431 10 24
424 432 10 25
424 433 10 26
424 434 10 27
424 435 10 28
424 436 10 29
424 437 10 30
424 438 10 1
424 439 10 2
424 440 10 3
424 441 10 4
424 442 10 5
424 443 10 21
424 444 10 22
424 445 10 23
424 446 10 24
424 447 10 25
424 448 10 26
425 429 10 22
425 430 10 23
425 431 10 24
425 432 10 25
425 433 10 26
425 434 10 27
425 435 10 28
425 436 10 29
425 437 10 30
425 438 10 1
425 439 10 2
425 440 10 3
425 441 10 4
425 442 10 5
425 443 10 21
425 444 10 22
425 445 10 23
425 446 10 24
425 447 10 25
425 448 10 26
426 429 10 22
426 430 10 23
426 431 10 24
426 432 10 25
426 433 10 26
426 434 10 27
426 435 10 28
426 436 10 29
426 437 10 30
426 438 10 1
426 439 10 2
426 440 10 3
426 441 10 4
426 442 10 5
426 443 10 21
426 444 10 22
426 445 10 23
426 446 10 24
426 447 10 25
426 448 10 26
427 429 10 22
427 430 10 23
427 431 10 24
427 432 10 25
427 433 10 26
427 434 10 27
427 435 10 28
427 436 10 29
427 437 10 30
427 438 10 1
427 439 10 2
427 440 10 3
427 441 10 4
427 442 10 5
427 443 10 21
427 444 10 22
427 445 10 23
427 446 10 24
427 447 10 25
427 448 10 26
428 429 10 22
428 430 10 23
428 431 10 24
428 432 10 25
428 433 10 26
428 434 10 27
428 435 10 28
428 436 10 29
428 437 10 30
428 438 10 1
428 439 10 2
428 440 10 3
428 441 10 4
428 442 10 5
428 443 10 21
428 444 10 22
428 445 10 23
428 446 10 24
428 447 10 25
428 448 10 26
429 449 10 23
429 450 10 24
429 451 10 25
429 452 10 26
429 453 10 27
429 454 10 28
429 455 10 29
429 456 10 30
429 457 10 1
429 458 10 2
429 459 10 3
429 460 10 4
429 461 10 5
429 462 10 6
429 463 10 22
429 464 10 23
429 465 10 24
429 466 10 25
429 467 10 26
429 468 10 27
430 449 10 23
430 450 10 24
430 451 10 25
430 452 10 26
430 453 10 27
430 454 10 28
430 455 10 29
430 456 10 30
430 457 10 1
430 458 10 2
430 459 10 3
430 460 10 4
430 461 10 5
430 462 10 6
430 463 10 22
430 464 10 23
430 465 10 24
430 466 10 25
430 467 10 26
430 468 10 27
431 449 10 23
431 450 10 24
431 451 10 25
431 452 10 26
431 453 10 27
431 454 10 28
431 455 10 29
431 456 10 30
431 457 10 1
431 458 10 2
431 459 10 3
431 460 10 4
431 461 10 5
431 462 10 6
431 463 10 22
431 464 10 23
431 465 10 24
431 466 10 25
431 467 10 26
431 468 10 27
432 449 10 23
432 450 10 24
432 451 10 25
432 452 10 26
432 453 10 27
432 454 10 28
432 455 10 29
432 456 10 30
432 457 10 1
432 458 10 2
432 459 10 3
432 460 10 4
432 461 10 5
432 462 10 6
432 463 10 22
432 464 10 23
432 465 10 24
432 466 10 25
432 467 10 26
432 468 10 27
433 449 10 23
433 450 10 24
433 451 10 25
433 452 10 26
433 453 10 27
433 454 10 28
433 455 10 29
433 456 10 30
433 457 10 1
433 458 10 2
433 459 10 3
433 460 10 4
433 461 10 5
433 462 10 6
433 463 10 22
433 464 10 23
433 465 10 24
433 466 10 25
433 467 10 26
433 468 10 27
434 449 10 23
434 450 10 24
434 451 10 25
434 452 10 26
434 453 10 27
434 454 10 28
434 455 10 29
434 456 10 30
434 457 10 1
434 458 10 2
434 459 10 3
434 460 10 4
434 461 10 5
434 462 10 6
434 463 10 22
434 464 10 23
434 465 10 24
434 466 10 25
434 467 10 26
434 468 10 27
435 449 10 23
435 450 10 24
435 451 10 25
435 452 10 26
435 453 10 27
435 454 10 28
435 455 10 29
435 456 10 30
435 457 10 1
435 458 10 2
435 459 10 3
435 460 10 4
435 461 10 5
435 462 10 6
435 463 10 22
435 464 10 23
435 465 10 24
435 466 10 25
435 467 10 26
435 468 10 27
436 449 10 23
436 450 10 24
436 451 10 25
436 452 10 26
436 453 10 27
436 454 10 28
436 455 10 29
436 456 10 30
436 457 10 1
436 458 10 2
436 459 10 3
436 460 10 4
436 461 10 5
436 462 10 6
436 463 10 22
436 464 10 23
436 465 10 24
436 466 10 25
436 467 10 26
436 468 10 27
437 449 10 23
437 450 10 24
437 451 10 25
437 452 10 26
437 453 10 27
437 454 10 28
437 455 10 29
437 456 10 30
437 457 10 1
437 458 10 2
437 459 10 3
437 460 10 4
437 461 10 5
437 462 10 6
437 463 10 22
437 464 10 23
437 465 10 24
437 466 10 25
437 467 10 26
437 468 10 27
438 449 10 23
438 450 10 24
438 451 10 25
438 452 10 26
438 453 10 27
438 454 10 28
438 455 10 29
438 456 10 30
438 457 10 1
438 458 10 2
438 459 10 3
438 460 10 4
438 461 10 5
438 462 10 6
438 463 10 22
438 464 10 23
438 465 10 24
438 466 10 25
438 467 10 26
438 468 10 27
439 449 10 23
439 450 10 24
439 451 10 25
439 452 10 26
439 453 10 27
439 454 10 28
439 455 10 29
439 456 10 30
439 457 10 1
439 458 10 2
439 459 10 3
439 460 10 4
439 461 10 5
439 462 10 6
439 463 10 22
439 464 10 23
439 465 10 24
439 466 10 25
439 467 10 26
439 468 10 27
440 449 10 23
440 450 10 24
440 451 10 25
440 452 10 26
440 453 10 27
440 454 10 28
440 455 10 29
440 456 10 30
440 457 10 1
440 458 10 2
440 459 10 3
440 460 10 4
440 461 10 5
440 462 10 6
440 463 10 22
440 464 10 23
440 465 10 24
440 466 10 25
440 467 10 26
440 468 10 27
441 449 10 23
441 450 10 24
441 451 10 25
441 452 10 26
441 453 10 27
441 454 10 28
441 455 10 29
441 456 10 30
441 457 10 1
441 458 10 2
441 459 10 3
441 460 10 4
441 461 10 5
441 462 10 6
441 463 10 22
441 464 10 23
441 465 10 24
441 466 10 25
441 467 10 26
441 468 10 27
442 449 10 23
442 450 10 24
442 451 10 25
442 452 10 26
442 453 10 27
442 454 10 28
442 455 10 29
442 456 10 30
442 457 10 1
442 458 10 2
442 459 10 3
442 460 10 4
442 461 10 5
442 462 10 6
442 463 10 22
442 464 10 23
442 465 10 24
442 466 10 25
442 467 10 26
442 468 10 27
443 449 10 23
443 450 10 24
443 451 10 25
443 452 10 26
443 453 10 27
443 454 10 28
443 455 10 29
443 456 10 30
443 457 10 1
443 458 10 2
443 459 10 3
443 460 10 4
443 461 10 5
443 462 10 6
443 463 10 22
443 464 10 23
443 465 10 24
443 466 10 25
443 467 10 26
443 468 10 27
444 449 10 23
444 450 10 24
444 451 10 25
444 452 10 26
444 453 10 27
444 454 10 28
444 455 10 29
444 456 10 30
444 457 10 1
444 458 10 2
444 459 10 3
444 460 10 4
444 461 10 5
444 462 10 6
444 463 10 22
444 464 10 23
444 465 10 24
444 466 10 25
444 467 10 26
444 468 10 27
445 449 10 23
445 450 10 24
445 451 10 25
445 452 10 26
445 453 10 27
445 454 10 28
445 455 10 29
445 456 10 30
445 457 10 1
445 458 10 2
445 459 10 3
445 460 10 4
445 461 10 5
445 462 10 6
445 463 10 22
445 464 10 23
445 465 10 24
445 466 10 25
445 467 10 26
445 468 10 27
446 449 10 23
446 450 10 24
446 451 10 25
446 452 10 26
446 453 10 27
446 454 10 28
446 455 10 29
446 456 10 30
446 457 10 1
446 458 10 2
446 459 10 3
446 460 10 4
446 461 10 5
446 462 10 6
446 463 10 22
446 464 10 23
446 465 10 24
446 466 10 25
446 467 10 26
446 468 10 27
447 449 10 23
447 450 10 24
447 451 10 25
447 452 10 26
447 453 10 27
447 454 10 28
447 455 10 29
447 456 10 30
447 457 10 1
447 458 10 2
447 459 10 3
447 460 10 4
447 461 10 5
447 462 10 6
447 463 10 22
447 464 10 23
447 465 10 24
447 466 10 25
447 467 10 26
447 468 10 27
448 449 10 23
448 450 10 24
448 451 10 25
448 452 10 26
448 453 10 27
448 454 10 28
448 455 10 29
448 456 10 30
448 457 10 1
448 458 10 2
448 459 10 3
448 460 10 4
448 461 10 5
448 462 10 6
448 463 10 22
448 464 10 23
448 465 10 24
448 466 10 25
448 467 10 26
448 468 10 27
449 469 10 24
449 470 10 25
449 471 10 26
449 472 10 27
449 473 10 28
449 474 10 29
449 475 10 30
449 476 10 1
449 477 10 2
449 478 10 3
449 479 10 4
449 480 10 5
449 481 10 6
449 482 10 7
449 483 10 23
449 484 10 24
449 485 10 25
449 486 10 26
449 487 10 27
449 488 10 28
450 469 10 24
450 470 10 25
450 471 10 26
450 472 10 27
450 473 10 28
450 474 10 29
450 475 10 30
450 476 10 1
450 477 10 2
450 478 10 3
450 479 10 4
450 480 10 5
450 481 10 6
450 482 10 7
450 483 10 23
450 484 10 24
450 485 10 25
450 486 10 26
450 487 10 27
450 488 10 28
451 469 10 24
451 470 10 25
451 471 10 26
451 472 10 27
451 473 10 28
451 474 10 29
451 475 10 30
451 476 10 1
451 477 10 2
451 478 10 3
451 479 10 4
451 480 10 5
451 481 10 6
451 482 10 7
451 483 10 23
451 484 10 24
451 485 10 25
451 486 10 26
451 487 10 27
451 488 10 28
452 469 10 24
452 470 10 25
452 471 10 26
452 472 10 27
452 473 10 28
452 474 10 29
452 475 10 30
452 476 10 1
452 477 10 2
452 478 10 3
452 479 10 4
452 480 10 5
452 481 10 6
452 482 10 7
452 483 10 23
452 484 10 24
452 485 10 25
452 486 10 26
452 487 10 27
452 488 10 28
453 469 10 24
453 470 10 25
453 471 10 26
453 472 10 27
453 473 10 28
453 474 10 29
453 475 10 30
453 476 10 1
453 477 10 2
453 478 10 3
453 479 10 4
453 480 10 5
453 481 10 6
453 482 10 7
453 483 10 23
453 484 10 24
453 485 10 25
453 486 10 26
453 487 10 27
453 488 10 28
454 469 10 24
454 470 10 25
454 471 10 26
454 472 10 27
454 473 10 28
454 474 10 29
454 475 10 30
454 476 10 1
454 477 10 2
454 478 10 3
454 479 10 4
454 480 10 5
454 481 10 6
454 482 10 7
454 483 10 23
454 484 10 24
454 485 10 25
454 486 10 26
454 487 10 27
454 488 10 28
455 469 10 24
455 470 10 25
455 471 10 26
455 472 10 27
455 473 10 28
455 474 10 29
455 475 10 30
455 476 10 1
455 477 10 2
455 478 10 3
455 479 10 4
455 480 10 5
455 481 10 6
455 482 10 7
455 483 10 23
455 484 10 24
455 485 10 25
455 486 10 26
455 487 10 27
455 488 10 28
456 469 10 24
456 470 10 25
456 471 10 26
456 472 10 27
456 473 10 28
456 474 10 29
456 475 10 30
456 476 10 1
456 477 10 2
456 478 10 3
456 479 10 4
456 480 10 5
456 481 10 6
456 482 10 7
456 483 10 23
456 484 10 24
456 485 10 25
456 486 10 26
456 487 10 27
456 488 10 28
457 469 10 24
457 470 10 25
457 471 10 26
457 472 10 27
457 473 10 28
457 474 10 29
457 475 10 30
457 476 10 1
457 477 10 2
457 478 10 3
457 479 10 4
457 480 10 5
457 481 10 6
457 482 10 7
457 483 10 23
457 484 10 24
457 485 10 25
457 486 10 26
457 487 10 27
457 488 10 28
458 469 10 24
458 470 10 25
458 471 10 26
458 472 10 27
458 473 10 28
458 474 10 29
458 475 10 30
458 476 10 1
458 477 10 2
458 478 10 3
458 479 10 4
458 480 10 5
458 481 10 6
458 482 10 7
458 483 10 23
458 484 10 24
458 485 10 25
458 486 10 26
458 487 10 27
458 488 10 28
459 469 10 24
459 470 10 25
459 471 10 26
459 472 10 27
459 473 10 28
459 474 10 29
459 475 10 30
459 476 10 1
459 477 10 2
459 478 10 3
459 479 10 4
459 480 10 5
459 481 10 6
459 482 10 7
459 483 10 23
459 484 10 24
459 485 10 25
459 486 10 26
459 487 10 27
459 488 10 28
460 469 10 24
460 470 10 25
460 471 10 26
460 472 10 27
460 473 10 28
460 474 10 29
460 475 10 30
460 476 10 1
460 477 10 2
460 478 10 3
460 479 10 4
460 480 10 5
460 481 10 6
460 482 10 7
460 483 10 23
460 484 10 24
460 485 10 25
460 486 10 26
460 487 10 27
460 488 10 28
461 469 10 24
461 470 10 25
461 471 10 26
461 472 10 27
461 473 10 28
461 474 10 29
461 475 10 30
461 476 10 1
461 477 10 2
461 478 10 3
461 479 10 4
461 480 10 5
461 481 10 6
461 482 10 7
461 483 10 23
461 484 10 24
461 485 10 25
461 486 10 26
461 487 10 27
461 488 10 28
462 469 10 24
462 470 10 25
462 471 10 26
462 472 10 27
462 473 10 28
462 474 10 29
462 475 10 30
462 476 10 1
462 477 10 2
462 478 10 3
462 479 10 4
462 480 10 5
462 481 10 6
462 482 10 7
462 483 10 23
462 484 10 24
462 485 10 25
462 486 10 26
462 487 10 27
462 488 10 28
463 469 10 24
463 470 10 25
463 471 10 26
463 472 10 27
463 473 10 28
463 474 10 29
463 475 10 30
463 476 10 1
463 477 10 2
463 478 10 3
463 479 10 4
463 480 10 5
463 481 10 6
463 482 10 7
463 483 10 23
463 484 10 24
463 485 10 25
463 486 10 26
463 487 10 27
463 488 10 28
464 469 10 24
464 470 10 25
464 471 10 26
464 472 10 27
464 473 10 28
464 474 10 29
464 475 10 30
464 476 10 1
464 477 10 2
464 478 10 3
464 479 10 4
464 480 10 5
464 481 10 6
464 482 10 7
464 483 10 23
464 484 10 24
464 485 10 25
464 486 10 26
464 487 10 27
464 488 10 28
465 469 10 24
465 470 10 25
465 471 10 26
465 472 10 27
465 473 10 28
465 474 10 29
465 475 10 30
465 476 10 1
465 477 10 2
465 478 10 3
465 479 10 4
465 480 10 5
465 481 10 6
465 482 10 7
465 483 10 23
465 484 10 24
465 485 10 25
465 486 10 26
465 487 10 27
465 488 10 28
466 469 10 24
466 470 10 25
466 471 10 26
466 472 10 27
466 473 10 28
466 474 10 29
466 475 10 30
466 476 10 1
466 477 10 2
466 478 10 3
466 479 10 4
466 480 10 5
466 481 10 6
466 482 10 7
466 483 10 23
466 484 10 24
466 485 10 25
466 486 10 26
466 487 10 27
466 488 10 28
467 469 10 24
467 470 10 25
467 471 10 26
467 472 10 27
467 473 10 28
467 474 10 29
467 475 10 30
467 476 10 1
467 477 10 2
467 478 10 3
467 479 10 4
467 480 10 5
467 481 10 6
467 482 10 7
467 483 10 23
467 484 10 24
467 485 10 25
467 486 10 26
467 487 10 27
467 488 10 28
468 469 10 24
468 470 10 25
468 471 10 26
468 472 10 27
468 473 10 28
468 474 10 29
468 475 10 30
468 476 10 1
468 477 10 2
468 478 10 3
468 479 10 4
468 480 10 5
468 481 10 6
468 482 10 7
468 483 10 23
468 484 10 24
468 485 10 25
468 486 10 26
468 487 10 27
468 488 10 28
469 489 10 25
469 490 10 26
469 491 10 27
469 492 10 28
469 493 10 29
469 494 10 30
469 495 10 1
469 496 10 2
469 497 10 3
469 498 10 4
469 499 10 5
469 500 10 6
469 501 10 7
469 502 10 8
469 503 10 24
469 504 10 25
469 505 10 26
469 506 10 27
469 507 10 28
469 508 10 29
470 489 10 25
470 490 10 26
470 491 10 27
470 492 10 28
470 493 10 29
470 494 10 30
470 495 10 1
470 496 10 2
470 497 10 3
470 498 10 4
470 499 10 5
470 500 10 6
470 501 10 7
470 502 10 8
470 503 10 24
470 504 10 25
470 505 10 26
470 506 10 27
470 507 10 28
470 508 10 29
471 489 10 25
471 490 10 26
471 491 10 27
471 492 10 28
471 493 10 29
471 494 10 30
471 495 10 1
471 496 10 2
471 497 10 3
471 498 10 4
471 499 10 5
471 500 10 6
471 501 10 7
471 502 10 8
471 503 10 24
471 504 10 25
471 505 10 26
471 506 10 27
471 507 10 28
471 508 10 29
472 489 10 25
472 490 10 26
472 491 10 27
472 492 10 28
472 493 10 29
472 494 10 30
472 495 10 1
472 496 10 2
472 497 10 3
472 498 10 4
472 499 10 5
472 500 10 6
472 501 10 7
472 502 10 8
472 503 10 24
472 504 10 25
472 505 10 26
472 506 10 27
472 507 10 28
472 508 10 29
473 489 10 25
473 490 10 26
473 491 10 27
473 492 10 28
473 493 10 29
473 494 10 30
473 495 10 1
473 496 10 2
473 497 10 3
473 498 10 4
473 499 10 5
473 500 10 6
473 501 10 7
473 502 10 8
473 503 10 24
473 504 10 25
473 505 10 26
473 506 10 27
473 507 10 28
473 508 10 29
474 489 10 25
474 490 10 26
474 491 10 27
474 492 10 28
474 493 10 29
474 494 10 30
474 495 10 1
474 496 10 2
474 497 10 3
474 498 10 4
474 499 10 5
474 500 10 6
474 501 10 7
474 502 10 8
474 503 10 24
474 504 10 25
474 505 10 26
474 506 10 27
474 507 10 28
474 508 10 29
475 489 10 25
475 490 10 26
475 491 10 27
475 492 10 28
475 493 10 29
475 494 10 30
475 495 10 1
475 496 10 2
475 497 10 3
475 498 10 4
475 499 10 5
475 500 10 6
475 501 10 7
475 502 10 8
475 503 10 24
475 504 10 25
475 505 10 26
475 506 10 27
475 507 10 28
475 508 10 29
476 489 10 25
476 490 10 26
476 491 10 27
476 492 10 28
476 493 10 29
476 494 10 30
476 495 10 1
476 496 10 2
476 497 10 3
476 498 10 4
476 499 10 5
476 500 10 6
476 501 10 7
476 502 10 8
476 503 10 24
476 504 10 25
476 505 10 26
476 506 10 27
476 507 10 28
476 508 10 29
477 489 10 25
477 490 10 26
477 491 10 27
477 492 10 28
477 493 10 29
477 494 10 30
477 495 10 1
477 496 10 2
477 497 10 3
477 498 10 4
477 499 10 5
477 500 10 6
477 501 10 7
477 502 10 8
477 503 10 24
477 504 10 25
477 505 10 26
477 506 10 27
477 507 10 28
477 508 10 29
478 489 10 25
478 490 10 26
478 491 10 27
478 492 10 28
478 493 10 29
478 494 10 30
478 495 10 1
478 496 10 2
478 497 10 3
478 498 10 4
478 499 10 5
478 500 10 6
478 501 10 7
478 502 10 8
478 503 10 24
478 504 10 25
478 505 10 26
478 506 10 27
478 507 10 28
478 508 10 29
479 489 10 25
479 490 10 26
479 491 10 27
479 492 10 28
479 493 10 29
479 494 10 30
479 495 10 1
479 496 10 2
479 497 10 3
479 498 10 4
479 499 10 5
479 500 10 6
479 501 10 7
479 502 10 8
479 503 10 24
479 504 10 25
479 505 10 26
479 506 10 27
479 507 10 28
479 508 10 29
480 489 10 25
480 490 10 26
480 491 10 27
480 492 10 28
480 493 10 29
480 494 10 30
480 495 10 1
480 496 10 2
480 497 10 3
480 498 10 4
480 499 10 5
480 500 10 6
480 501 10 7
480 502 10 8
480 503 10 24
480 504 10 25
480 505 10 26
480 506 10 27
480 507 10 28
480 508 10 29
481 489 10 25
481 490 10 26
481 491 10 27
481 492 10 28
481 493 10 29
481 494 10 30
481 495 10 1
481 496 10 2
481 497 10 3
481 498 10 4
481 499 10 5
481 500 10 6
481 501 10 7
481 502 10 8
481 503 10 24
481 504 10 25
481 505 10 26
481 506 10 27
481 507 10 28
481 508 10 29
482 489 10 25
482 490 10 26
482 491 10 27
482 492 10 28
482 493 10 29
482 494 10 30
482 495 10 1
482 496 10 2
482 497 10 3
482 498 10 4
482 499 10 5
482 500 10 6
482 501 10 7
482 502 10 8
482 503 10 24
482 504 10 25
482 505 10 26
482 506 10 27
482 507 10 28
482 508 10 29
483 489 10 25
483 490 10 26
483 491 10 27
483 492 10 28
483 493 10 29
483 494 10 30
483 495 10 1
483 496 10 2
483 497 10 3
483 498 10 4
483 499 10 5
483 500 10 6
483 501 10 7
483 502 10 8
483 503 10 24
483 504 10 25
483 505 10 26
483 506 10 27
483 507 10 28
483 508 10 29
484 489 10 25
484 490 10 26
484 491 10 27
484 492 10 28
484 493 10 29
484 494 10 30
484 495 10 1
484 496 10 2
484 497 10 3
484 498 10 4
484 499 10 5
484 500 10 6
484 501 10 7
484 502 10 8
484 503 10 24
484 504 10 25
484 505 10 26
484 506 10 27
484 507 10 28
484 508 10 29
485 489 10 25
485 490 10 26
485 491 10 27
485 492 10 28
485 493 10 29
485 494 10 30
485 495 10 1
485 496 10 2
485 497 10 3
485 498 10 4
485 499 10 5
485 500 10 6
485 501 10 7
485 502 10 8
485 503 10 24
485 504 10 25
485 505 10 26
485 506 10 27
485 507 10 28
485 508 10 29
486 489 10 25
486 490 10 26
486 491 10 27
486 492 10 28
486 493 10 29
486 494 10 30
486 495 10 1
486 496 10 2
486 497 10 3
486 498 10 4
486 499 10 5
486 500 10 6
486 501 10 7
486 502 10 8
486 503 10 24
486 504 10 25
486 505 10 26
486 506 10 27
486 507 10 28
486 508 10 29
487 489 10 25
487 490 10 26
487 491 10 27
487 492 10 28
487 493 10 29
487 494 10 30
487 495 10 1
487 496 10 2
487 497 10 3
487 498 10 4
487 499 10 5
487 500 10 6
487 501 10 7
487 502 10 8
487 503 10 24
487 504 10 25
487 505 10 26
487 506 10 27
487 507 10 28
487 508 10 29
488 489 10 25
488 490 10 26
488 491 10 27
488 492 10 28
488 493 10 29
488 494 10 30
488 495 10 1
488 496 10 2
488 497 10 3
488 498 10 4
488 499 10 5
488 500 10 6
488 501 10 7
488 502 10 8
488 503 10 24
488 504 10 25
488 505 10 26
488 506 10 27
488 507 10 28
488 508 10 29
489 509 10 26
489 510 10 27
489 511 10 28
489 512 10 29
489 513 10 30
489 514 10 1
489 515 10 2
489 516 10 3
489 517 10 4
489 518 10 5
489 519 10 6
489 520 10 7
489 521 10 8
489 522 10 9
489 523 10 25
489 524 10 26
489 525 10 27
489 526 10 28
489 527 10 29
489 528 10 30
490 509 10 26
490 510 10 27
490 511 10 28
490 512 10 29
490 513 10 30
490 514 10 1
490 515 10 2
490 516 10 3
490 517 10 4
490 518 10 5
490 519 10 6
490 520 10 7
490 521 10 8
490 522 10 9
490 523 10 25
490 524 10 26
490 525 10 27
490 526 10 28
490 527 10 29
490 528 10 30
491 509 10 26
491 510 10 27
491 511 10 28
491 512 10 29
491 513 10 30
491 514 10 1
491 515 10 2
491 516 10 3
491 517 10 4
491 518 10 5
491 519 10 6
491 520 10 7
491 521 10 8
491 522 10 9
491 523 10 25
491 524 10 26
491 525 10 27
491 526 10 28
491 527 10 29
491 528 10 30
492 509 10 26
492 510 10 27
492 511 10 28
492 512 10 29
492 513 10 30
492 514 10 1
492 515 10 2
492 516 10 3
492 517 10 4
492 518 10 5
492 519 10 6
492 520 10 7
492 521 10 8
492 522 10 9
492 523 10 25
492 524 10 26
492 525 10 27
492 526 10 28
492 527 10 29
492 528 10 30
493 509 10 26
493 510 10 27
493 511 10 28
493 512 10 29
493 513 10 30
493 514 10 1
493 515 10 2
493 516 10 3
493 517 10 4
493 518 10 5
493 519 10 6
493 520 10 7
493 521 10 8
493 522 10 9
493 523 10 25
493 524 10 26
493 525 10 27
493 526 10 28
493 527 10 29
493 528 10 30
494 509 10 26
494 510 10 27
494 511 10 28
494 512 10 29
494 513 10 30
494 514 10 1
494 515 10 2
494 516 10 3
494 517 10 4
494 518 10 5
494 519 10 6
494 520 10 7
494 521 10 8
494 522 10 9
494 523 10 25
494 524 10 26
494 525 10 27
494 526 10 28
494 527 10 29
494 528 10 30
495 509 10 26
495 510 10 27
495 511 10 28
495 512 10 29
495 513 10 30
495 514 10 1
495 515 10 2
495 516 10 3
495 517 10 4
495 518 10 5
495 519 10 6
495 520 10 7
495 521 10 8
495 522 10 9
495 523 10 25
495 524 10 26
495 525 10 27
495 526 10 28
495 527 10 29
495 528 10 30
496 509 10 26
496 510 10 27
496 511 10 28
496 512 10 29
496 513 10 30
496 514 10 1
496 515 10 2
496 516 10 3
496 517 10 4
496 518 10 5
496 519 10 6
496 520 10 7
496 521 10 8
496 522 10 9
496 523 10 25
496 524 10 26
496 525 10 27
496 526 10 28
496 527 10 29
496 528 10 30
497 509 10 26
497 510 10 27
497 511 10 28
497 512 10 29
497 513 10 30
497 514 10 1
497 515 10 2
497 516 10 3
497 517 10 4
497 518 10 5
497 519 10 6
497 520 10 7
497 521 10 8
497 522 10 9
497 523 10 25
497 524 10 26
497 525 10 27
497 526 10 28
497 527 10 29
497 528 10 30
498 509 10 26
498 510 10 27
498 511 10 28
498 512 10 29
498 513 10 30
498 514 10 1
498 515 10 2
498 516 10 3
498 517 10 4
498 518 10 5
498 519 10 6
498 520 10 7
498 521 10 8
498 522 10 9
498 523 10 25
498 524 10 26
498 525 10 27
498 526 10 28
498 527 10 29
498 528 10 30
499 509 10 26
499 510 10 27
499 511 10 28
499 512 10 29
499 513 10 30
499 514 10 1
499 515 10 2
499 516 10 3
499 517 10 4
499 518 10 5
499 519 10 6
499 520 10 7
499 521 10 8
499 522 10 9
499 523 10 25
499 524 10 26
499 525 10 27
499 526 10 28
499 527 10 29
499 528 10 30
500 509 10 26
500 510 10 27
500 511 10 28
500 512 10 29
500 513 10 30
500 514 10 1
500 515 10 2
500 516 10 3
500 517 10 4
500 518 10 5
500 519 10 6
500 520 10 7
500 521 10 8
500 522 10 9
500 523 10 25
500 524 10 26
500 525 10 27
500 526 10 28
500 527 10 29
500 528 10 30
501 509 10 26
501 510 10 27
501 511 10 28
501 512 10 29
501 513 10 30
501 514 10 1
501 515 10 2
501 516 10 3
501 517 10 4
501 518 10 5
501 519 10 6
501 520 10 7
501 521 10 8
501 522 10 9
501 523 10 25
501 524 10 26
501 525 10 27
501 526 10 28
501 527 10 29
501 528 10 30
502 509 10 26
502 510 10 27
502 511 10 28
502 512 10 29
502 513 10 30
502 514 10 1
502 515 10 2
502 516 10 3
502 517 10 4
502 518 10 5
502 519 10 6
502 520 10 7
502 521 10 8
502 522 10 9
502 523 10 25
502 524 10 26
502 525 10 27
502 526 10 28
502 527 10 29
502 528 10 30
503 509 10 26
503 510 10 27
503 511 10 28
503 512 10 29
503 513 10 30
503 514 10 1
503 515 10 2
503 516 10 3
503 517 10 4
503 518 10 5
503 519 10 6
503 520 10 7
503 521 10 8
503 522 10 9
503 523 10 25
503 524 10 26
503 525 10 27
503 526 10 28
503 527 10 29
503 528 10 30
504 509 10 26
504 510 10 27
504 511 10 28
504 512 10 29
504 513 10 30
504 514 10 1
504 515 10 2
504 516 10 3
504 517 10 4
504 518 10 5
504 519 10 6
504 520 10 7
504 521 10 8
504 522 10 9
504 523 10 25
504 524 10 26
504 525 10 27
504 526 10 28
504 527 10 29
504 528 10 30
505 509 10 26
505 510 10 27
505 511 10 28
505 512 10 29
505 513 10 30
505 514 10 1
505 515 10 2
505 516 10 3
505 517 10 4
505 518 10 5
505 519 10 6
505 520 10 7
505 521 10 8
505 522 10 9
505 523 10 25
505 524 10 26
505 525 10 27
505 526 10 28
505 527 10 29
505 528 10 30
506 509 10 26
506 510 10 27
506 511 10 28
506 512 10 29
506 513 10 30
506 514 10 1
506 515 10 2
506 516 10 3
506 517 10 4
506 518 10 5
506 519 10 6
506 520 10 7
506 521 10 8
506 522 10 9
506 523 10 25
506 524 10 26
506 525 10 27
506 526 10 28
506 527 10 29
506 528 10 30
507 509 10 26
507 510 10 27
507 511 10 28
507 512 10 29
507 513 10 30
507 514 10 1
507 515 10 2
507 516 10 3
507 517 10 4
507 518 10 5
507 519 10 6
507 520 10 7
507 521 10 8
507 522 10 9
507 523 10 25
507 524 10 26
507 525 10 27
507 526 10 28
507 527 10 29
507 528 10 30
508 509 10 26
508 510 10 27
508 511 10 28
508 512 10 29
508 513 10 30
508 514 10 1
508 515 10 2
508 516 10 3
508 517 10 4
508 518 10 5
508 519 10 6
508 520 10 7
508 521 10 8
508 522 10 9
508 523 10 25
508 524 10 26
508 525 10 27
508 526 10 28
508 527 10 29
508 528 10 30
509 2 10 1
510 2 10 1
511 2 10 1
512 2 10 1
513 2 10 1
514 2 10 1
515 2 10 1
516 2 10 1
517 2 10 1
518 2 10 1
519 2 10 1
520 2 10 1
521 2 10 1
522 2 10 1
523 2 10 1
524 2 10 1
525 2 10 1
526 2 10 1
527 2 10 1
528 2 10 1
