1088 30697 1 2 20 999
1 3 500 999
3 4 500 999
4 5 500 999
5 6 500 999
6 7 500 999
7 8 500 999
8 9 500 999
9 10 500 999
10 11 500 999
11 12 500 999
12 13 500 999
13 14 500 999
14 15 500 999
15 16 500 999
16 17 500 999
17 18 500 999
18 19 500 999
19 20 500 999
20 21 500 999
21 22 500 999
22 23 500 999
23 24 500 999
24 25 500 999
25 26 500 999
26 27 500 999
27 28 500 999
28 29 500 999
29 30 500 999
30 31 500 999
31 32 500 999
32 33 500 999
33 34 500 999
34 35 500 999
35 36 500 999
36 37 500 999
37 38 500 999
38 2 500 999
1 39 10 2
1 40 10 3
1 41 10 4
1 42 10 5
1 43 10 6
1 44 10 7
1 45 10 8
1 46 10 9
1 47 10 10
1 48 10 11
1 49 10 12
1 50 10 13
1 51 10 14
1 52 10 15
1 53 10 16
1 54 10 17
1 55 10 18
1 56 10 19
1 57 10 20
1 58 10 1
1 59 10 2
1 60 10 3
1 61 10 4
1 62 10 5
1 63 10 6
1 64 10 7
1 65 10 8
1 66 10 9
1 67 10 10
1 68 10 11
39 69 10 3
39 70 10 4
39 71 10 5
39 72 10 6
39 73 10 7
39 74 10 8
39 75 10 9
39 76 10 10
39 77 10 11
39 78 10 12
39 79 10 13
39 80 10 14
39 81 10 15
39 82 10 16
39 83 10 17
39 84 10 18
39 85 10 19
39 86 10 20
39 87 10 21
39 88 10 2
39 89 10 3
39 90 10 4
39 91 10 5
39 92 10 6
39 93 10 7
39 94 10 8
39 95 10 9
39 96 10 10
39 97 10 11
39 98 10 12
40 69 10 3
40 70 10 4
40 71 10 5
40 72 10 6
40 73 10 7
40 74 10 8
40 75 10 9
40 76 10 10
40 77 10 11
40 78 10 12
40 79 10 13
40 80 10 14
40 81 10 15
40 82 10 16
40 83 10 17
40 84 10 18
40 85 10 19
40 86 10 20
40 87 10 21
40 88 10 2
40 89 10 3
40 90 10 4
40 91 10 5
40 92 10 6
40 93 10 7
40 94 10 8
40 95 10 9
40 96 10 10
40 97 10 11
40 98 10 12
41 69 10 3
41 70 10 4
41 71 10 5
41 72 10 6
41 73 10 7
41 74 10 8
41 75 10 9
41 76 10 10
41 77 10 11
41 78 10 12
41 79 10 13
41 80 10 14
41 81 10 15
41 82 10 16
41 83 10 17
41 84 10 18
41 85 10 19
41 86 10 20
41 87 10 21
41 88 10 2
41 89 10 3
41 90 10 4
41 91 10 5
41 92 10 6
41 93 10 7
41 94 10 8
41 95 10 9
41 96 10 10
41 97 10 11
41 98 10 12
42 69 10 3
42 70 10 4
42 71 10 5
42 72 10 6
42 73 10 7
42 74 10 8
42 75 10 9
42 76 10 10
42 77 10 11
42 78 10 12
42 79 10 13
42 80 10 14
42 81 10 15
42 82 10 16
42 83 10 17
42 84 10 18
42 85 10 19
42 86 10 20
42 87 10 21
42 88 10 2
42 89 10 3
42 90 10 4
42 91 10 5
42 92 10 6
42 93 10 7
42 94 10 8
42 95 10 9
42 96 10 10
42 97 10 11
42 98 10 12
43 69 10 3
43 70 10 4
43 71 10 5
43 72 10 6
43 73 10 7
43 74 10 8
43 75 10 9
43 76 10 10
43 77 10 11
43 78 10 12
43 79 10 13
43 80 10 14
43 81 10 15
43 82 10 16
43 83 10 17
43 84 10 18
43 85 10 19
43 86 10 20
43 87 10 21
43 88 10 2
43 89 10 3
43 90 10 4
43 91 10 5
43 92 10 6
43 93 10 7
43 94 10 8
43 95 10 9
43 96 10 10
43 97 10 11
43 98 10 12
44 69 10 3
44 70 10 4
44 71 10 5
44 72 10 6
44 73 10 7
44 74 10 8
44 75 10 9
44 76 10 10
44 77 10 11
44 78 10 12
44 79 10 13
44 80 10 14
44 81 10 15
44 82 10 16
44 83 10 17
44 84 10 18
44 85 10 19
44 86 10 20
44 87 10 21
44 88 10 2
44 89 10 3
44 90 10 4
44 91 10 5
44 92 10 6
44 93 10 7
44 94 10 8
44 95 10 9
44 96 10 10
44 97 10 11
44 98 10 12
45 69 10 3
45 70 10 4
45 71 10 5
45 72 10 6
45 73 10 7
45 74 10 8
45 75 10 9
45 76 10 10
45 77 10 11
45 78 10 12
45 79 10 13
45 80 10 14
45 81 10 15
45 82 10 16
45 83 10 17
45 84 10 18
45 85 10 19
45 86 10 20
45 87 10 21
45 88 10 2
45 89 10 3
45 90 10 4
45 91 10 5
45 92 10 6
45 93 10 7
45 94 10 8
45 95 10 9
45 96 10 10
45 97 10 11
45 98 10 12
46 69 10 3
46 70 10 4
46 71 10 5
46 72 10 6
46 73 10 7
46 74 10 8
46 75 10 9
46 76 10 10
46 77 10 11
46 78 10 12
46 79 10 13
46 80 10 14
46 81 10 15
46 82 10 16
46 83 10 17
46 84 10 18
46 85 10 19
46 86 10 20
46 87 10 21
46 88 10 2
46 89 10 3
46 90 10 4
46 91 10 5
46 92 10 6
46 93 10 7
46 94 10 8
46 95 10 9
46 96 10 10
46 97 10 11
46 98 10 12
47 69 10 3
47 70 10 4
47 71 10 5
47 72 10 6
47 73 10 7
47 74 10 8
47 75 10 9
47 76 10 10
47 77 10 11
47 78 10 12
47 79 10 13
47 80 10 14
47 81 10 15
47 82 10 16
47 83 10 17
47 84 10 18
47 85 10 19
47 86 10 20
47 87 10 21
47 88 10 2
47 89 10 3
47 90 10 4
47 91 10 5
47 92 10 6
47 93 10 7
47 94 10 8
47 95 10 9
47 96 10 10
47 97 10 11
47 98 10 12
48 69 10 3
48 70 10 4
48 71 10 5
48 72 10 6
48 73 10 7
48 74 10 8
48 75 10 9
48 76 10 10
48 77 10 11
48 78 10 12
48 79 10 13
48 80 10 14
48 81 10 15
48 82 10 16
48 83 10 17
48 84 10 18
48 85 10 19
48 86 10 20
48 87 10 21
48 88 10 2
48 89 10 3
48 90 10 4
48 91 10 5
48 92 10 6
48 93 10 7
48 94 10 8
48 95 10 9
48 96 10 10
48 97 10 11
48 98 10 12
49 69 10 3
49 70 10 4
49 71 10 5
49 72 10 6
49 73 10 7
49 74 10 8
49 75 10 9
49 76 10 10
49 77 10 11
49 78 10 12
49 79 10 13
49 80 10 14
49 81 10 15
49 82 10 16
49 83 10 17
49 84 10 18
49 85 10 19
49 86 10 20
49 87 10 21
49 88 10 2
49 89 10 3
49 90 10 4
49 91 10 5
49 92 10 6
49 93 10 7
49 94 10 8
49 95 10 9
49 96 10 10
49 97 10 11
49 98 10 12
50 69 10 3
50 70 10 4
50 71 10 5
50 72 10 6
50 73 10 7
50 74 10 8
50 75 10 9
50 76 10 10
50 77 10 11
50 78 10 12
50 79 10 13
50 80 10 14
50 81 10 15
50 82 10 16
50 83 10 17
50 84 10 18
50 85 10 19
50 86 10 20
50 87 10 21
50 88 10 2
50 89 10 3
50 90 10 4
50 91 10 5
50 92 10 6
50 93 10 7
50 94 10 8
50 95 10 9
50 96 10 10
50 97 10 11
50 98 10 12
51 69 10 3
51 70 10 4
51 71 10 5
51 72 10 6
51 73 10 7
51 74 10 8
51 75 10 9
51 76 10 10
51 77 10 11
51 78 10 12
51 79 10 13
51 80 10 14
51 81 10 15
51 82 10 16
51 83 10 17
51 84 10 18
51 85 10 19
51 86 10 20
51 87 10 21
51 88 10 2
51 89 10 3
51 90 10 4
51 91 10 5
51 92 10 6
51 93 10 7
51 94 10 8
51 95 10 9
51 96 10 10
51 97 10 11
51 98 10 12
52 69 10 3
52 70 10 4
52 71 10 5
52 72 10 6
52 73 10 7
52 74 10 8
52 75 10 9
52 76 10 10
52 77 10 11
52 78 10 12
52 79 10 13
52 80 10 14
52 81 10 15
52 82 10 16
52 83 10 17
52 84 10 18
52 85 10 19
52 86 10 20
52 87 10 21
52 88 10 2
52 89 10 3
52 90 10 4
52 91 10 5
52 92 10 6
52 93 10 7
52 94 10 8
52 95 10 9
52 96 10 10
52 97 10 11
52 98 10 12
53 69 10 3
53 70 10 4
53 71 10 5
53 72 10 6
53 73 10 7
53 74 10 8
53 75 10 9
53 76 10 10
53 77 10 11
53 78 10 12
53 79 10 13
53 80 10 14
53 81 10 15
53 82 10 16
53 83 10 17
53 84 10 18
53 85 10 19
53 86 10 20
53 87 10 21
53 88 10 2
53 89 10 3
53 90 10 4
53 91 10 5
53 92 10 6
53 93 10 7
53 94 10 8
53 95 10 9
53 96 10 10
53 97 10 11
53 98 10 12
54 69 10 3
54 70 10 4
54 71 10 5
54 72 10 6
54 73 10 7
54 74 10 8
54 75 10 9
54 76 10 10
54 77 10 11
54 78 10 12
54 79 10 13
54 80 10 14
54 81 10 15
54 82 10 16
54 83 10 17
54 84 10 18
54 85 10 19
54 86 10 20
54 87 10 21
54 88 10 2
54 89 10 3
54 90 10 4
54 91 10 5
54 92 10 6
54 93 10 7
54 94 10 8
54 95 10 9
54 96 10 10
54 97 10 11
54 98 10 12
55 69 10 3
55 70 10 4
55 71 10 5
55 72 10 6
55 73 10 7
55 74 10 8
55 75 10 9
55 76 10 10
55 77 10 11
55 78 10 12
55 79 10 13
55 80 10 14
55 81 10 15
55 82 10 16
55 83 10 17
55 84 10 18
55 85 10 19
55 86 10 20
55 87 10 21
55 88 10 2
55 89 10 3
55 90 10 4
55 91 10 5
55 92 10 6
55 93 10 7
55 94 10 8
55 95 10 9
55 96 10 10
55 97 10 11
55 98 10 12
56 69 10 3
56 70 10 4
56 71 10 5
56 72 10 6
56 73 10 7
56 74 10 8
56 75 10 9
56 76 10 10
56 77 10 11
56 78 10 12
56 79 10 13
56 80 10 14
56 81 10 15
56 82 10 16
56 83 10 17
56 84 10 18
56 85 10 19
56 86 10 20
56 87 10 21
56 88 10 2
56 89 10 3
56 90 10 4
56 91 10 5
56 92 10 6
56 93 10 7
56 94 10 8
56 95 10 9
56 96 10 10
56 97 10 11
56 98 10 12
57 69 10 3
57 70 10 4
57 71 10 5
57 72 10 6
57 73 10 7
57 74 10 8
57 75 10 9
57 76 10 10
57 77 10 11
57 78 10 12
57 79 10 13
57 80 10 14
57 81 10 15
57 82 10 16
57 83 10 17
57 84 10 18
57 85 10 19
57 86 10 20
57 87 10 21
57 88 10 2
57 89 10 3
57 90 10 4
57 91 10 5
57 92 10 6
57 93 10 7
57 94 10 8
57 95 10 9
57 96 10 10
57 97 10 11
57 98 10 12
58 69 10 3
58 70 10 4
58 71 10 5
58 72 10 6
58 73 10 7
58 74 10 8
58 75 10 9
58 76 10 10
58 77 10 11
58 78 10 12
58 79 10 13
58 80 10 14
58 81 10 15
58 82 10 16
58 83 10 17
58 84 10 18
58 85 10 19
58 86 10 20
58 87 10 21
58 88 10 2
58 89 10 3
58 90 10 4
58 91 10 5
58 92 10 6
58 93 10 7
58 94 10 8
58 95 10 9
58 96 10 10
58 97 10 11
58 98 10 12
59 69 10 3
59 70 10 4
59 71 10 5
59 72 10 6
59 73 10 7
59 74 10 8
59 75 10 9
59 76 10 10
59 77 10 11
59 78 10 12
59 79 10 13
59 80 10 14
59 81 10 15
59 82 10 16
59 83 10 17
59 84 10 18
59 85 10 19
59 86 10 20
59 87 10 21
59 88 10 2
59 89 10 3
59 90 10 4
59 91 10 5
59 92 10 6
59 93 10 7
59 94 10 8
59 95 10 9
59 96 10 10
59 97 10 11
59 98 10 12
60 69 10 3
60 70 10 4
60 71 10 5
60 72 10 6
60 73 10 7
60 74 10 8
60 75 10 9
60 76 10 10
60 77 10 11
60 78 10 12
60 79 10 13
60 80 10 14
60 81 10 15
60 82 10 16
60 83 10 17
60 84 10 18
60 85 10 19
60 86 10 20
60 87 10 21
60 88 10 2
60 89 10 3
60 90 10 4
60 91 10 5
60 92 10 6
60 93 10 7
60 94 10 8
60 95 10 9
60 96 10 10
60 97 10 11
60 98 10 12
61 69 10 3
61 70 10 4
61 71 10 5
61 72 10 6
61 73 10 7
61 74 10 8
61 75 10 9
61 76 10 10
61 77 10 11
61 78 10 12
61 79 10 13
61 80 10 14
61 81 10 15
61 82 10 16
61 83 10 17
61 84 10 18
61 85 10 19
61 86 10 20
61 87 10 21
61 88 10 2
61 89 10 3
61 90 10 4
61 91 10 5
61 92 10 6
61 93 10 7
61 94 10 8
61 95 10 9
61 96 10 10
61 97 10 11
61 98 10 12
62 69 10 3
62 70 10 4
62 71 10 5
62 72 10 6
62 73 10 7
62 74 10 8
62 75 10 9
62 76 10 10
62 77 10 11
62 78 10 12
62 79 10 13
62 80 10 14
62 81 10 15
62 82 10 16
62 83 10 17
62 84 10 18
62 85 10 19
62 86 10 20
62 87 10 21
62 88 10 2
62 89 10 3
62 90 10 4
62 91 10 5
62 92 10 6
62 93 10 7
62 94 10 8
62 95 10 9
62 96 10 10
62 97 10 11
62 98 10 12
63 69 10 3
63 70 10 4
63 71 10 5
63 72 10 6
63 73 10 7
63 74 10 8
63 75 10 9
63 76 10 10
63 77 10 11
63 78 10 12
63 79 10 13
63 80 10 14
63 81 10 15
63 82 10 16
63 83 10 17
63 84 10 18
63 85 10 19
63 86 10 20
63 87 10 21
63 88 10 2
63 89 10 3
63 90 10 4
63 91 10 5
63 92 10 6
63 93 10 7
63 94 10 8
63 95 10 9
63 96 10 10
63 97 10 11
63 98 10 12
64 69 10 3
64 70 10 4
64 71 10 5
64 72 10 6
64 73 10 7
64 74 10 8
64 75 10 9
64 76 10 10
64 77 10 11
64 78 10 12
64 79 10 13
64 80 10 14
64 81 10 15
64 82 10 16
64 83 10 17
64 84 10 18
64 85 10 19
64 86 10 20
64 87 10 21
64 88 10 2
64 89 10 3
64 90 10 4
64 91 10 5
64 92 10 6
64 93 10 7
64 94 10 8
64 95 10 9
64 96 10 10
64 97 10 11
64 98 10 12
65 69 10 3
65 70 10 4
65 71 10 5
65 72 10 6
65 73 10 7
65 74 10 8
65 75 10 9
65 76 10 10
65 77 10 11
65 78 10 12
65 79 10 13
65 80 10 14
65 81 10 15
65 82 10 16
65 83 10 17
65 84 10 18
65 85 10 19
65 86 10 20
65 87 10 21
65 88 10 2
65 89 10 3
65 90 10 4
65 91 10 5
65 92 10 6
65 93 10 7
65 94 10 8
65 95 10 9
65 96 10 10
65 97 10 11
65 98 10 12
66 69 10 3
66 70 10 4
66 71 10 5
66 72 10 6
66 73 10 7
66 74 10 8
66 75 10 9
66 76 10 10
66 77 10 11
66 78 10 12
66 79 10 13
66 80 10 14
66 81 10 15
66 82 10 16
66 83 10 17
66 84 10 18
66 85 10 19
66 86 10 20
66 87 10 21
66 88 10 2
66 89 10 3
66 90 10 4
66 91 10 5
66 92 10 6
66 93 10 7
66 94 10 8
66 95 10 9
66 96 10 10
66 97 10 11
66 98 10 12
67 69 10 3
67 70 10 4
67 71 10 5
67 72 10 6
67 73 10 7
67 74 10 8
67 75 10 9
67 76 10 10
67 77 10 11
67 78 10 12
67 79 10 13
67 80 10 14
67 81 10 15
67 82 10 16
67 83 10 17
67 84 10 18
67 85 10 19
67 86 10 20
67 87 10 21
67 88 10 2
67 89 10 3
67 90 10 4
67 91 10 5
67 92 10 6
67 93 10 7
67 94 10 8
67 95 10 9
67 96 10 10
67 97 10 11
67 98 10 12
68 69 10 3
68 70 10 4
68 71 10 5
68 72 10 6
68 73 10 7
68 74 10 8
68 75 10 9
68 76 10 10
68 77 10 11
68 78 10 12
68 79 10 13
68 80 10 14
68 81 10 15
68 82 10 16
68 83 10 17
68 84 10 18
68 85 10 19
68 86 10 20
68 87 10 21
68 88 10 2
68 89 10 3
68 90 10 4
68 91 10 5
68 92 10 6
68 93 10 7
68 94 10 8
68 95 10 9
68 96 10 10
68 97 10 11
68 98 10 12
69 99 10 4
69 100 10 5
69 101 10 6
69 102 10 7
69 103 10 8
69 104 10 9
69 105 10 10
69 106 10 11
69 107 10 12
69 108 10 13
69 109 10 14
69 110 10 15
69 111 10 16
69 112 10 17
69 113 10 18
69 114 10 19
69 115 10 20
69 116 10 21
69 117 10 22
69 118 10 3
69 119 10 4
69 120 10 5
69 121 10 6
69 122 10 7
69 123 10 8
69 124 10 9
69 125 10 10
69 126 10 11
69 127 10 12
69 128 10 13
70 99 10 4
70 100 10 5
70 101 10 6
70 102 10 7
70 103 10 8
70 104 10 9
70 105 10 10
70 106 10 11
70 107 10 12
70 108 10 13
70 109 10 14
70 110 10 15
70 111 10 16
70 112 10 17
70 113 10 18
70 114 10 19
70 115 10 20
70 116 10 21
70 117 10 22
70 118 10 3
70 119 10 4
70 120 10 5
70 121 10 6
70 122 10 7
70 123 10 8
70 124 10 9
70 125 10 10
70 126 10 11
70 127 10 12
70 128 10 13
71 99 10 4
71 100 10 5
71 101 10 6
71 102 10 7
71 103 10 8
71 104 10 9
71 105 10 10
71 106 10 11
71 107 10 12
71 108 10 13
71 109 10 14
71 110 10 15
71 111 10 16
71 112 10 17
71 113 10 18
71 114 10 19
71 115 10 20
71 116 10 21
71 117 10 22
71 118 10 3
71 119 10 4
71 120 10 5
71 121 10 6
71 122 10 7
71 123 10 8
71 124 10 9
71 125 10 10
71 126 10 11
71 127 10 12
71 128 10 13
72 99 10 4
72 100 10 5
72 101 10 6
72 102 10 7
72 103 10 8
72 104 10 9
72 105 10 10
72 106 10 11
72 107 10 12
72 108 10 13
72 109 10 14
72 110 10 15
72 111 10 16
72 112 10 17
72 113 10 18
72 114 10 19
72 115 10 20
72 116 10 21
72 117 10 22
72 118 10 3
72 119 10 4
72 120 10 5
72 121 10 6
72 122 10 7
72 123 10 8
72 124 10 9
72 125 10 10
72 126 10 11
72 127 10 12
72 128 10 13
73 99 10 4
73 100 10 5
73 101 10 6
73 102 10 7
73 103 10 8
73 104 10 9
73 105 10 10
73 106 10 11
73 107 10 12
73 108 10 13
73 109 10 14
73 110 10 15
73 111 10 16
73 112 10 17
73 113 10 18
73 114 10 19
73 115 10 20
73 116 10 21
73 117 10 22
73 118 10 3
73 119 10 4
73 120 10 5
73 121 10 6
73 122 10 7
73 123 10 8
73 124 10 9
73 125 10 10
73 126 10 11
73 127 10 12
73 128 10 13
74 99 10 4
74 100 10 5
74 101 10 6
74 102 10 7
74 103 10 8
74 104 10 9
74 105 10 10
74 106 10 11
74 107 10 12
74 108 10 13
74 109 10 14
74 110 10 15
74 111 10 16
74 112 10 17
74 113 10 18
74 114 10 19
74 115 10 20
74 116 10 21
74 117 10 22
74 118 10 3
74 119 10 4
74 120 10 5
74 121 10 6
74 122 10 7
74 123 10 8
74 124 10 9
74 125 10 10
74 126 10 11
74 127 10 12
74 128 10 13
75 99 10 4
75 100 10 5
75 101 10 6
75 102 10 7
75 103 10 8
75 104 10 9
75 105 10 10
75 106 10 11
75 107 10 12
75 108 10 13
75 109 10 14
75 110 10 15
75 111 10 16
75 112 10 17
75 113 10 18
75 114 10 19
75 115 10 20
75 116 10 21
75 117 10 22
75 118 10 3
75 119 10 4
75 120 10 5
75 121 10 6
75 122 10 7
75 123 10 8
75 124 10 9
75 125 10 10
75 126 10 11
75 127 10 12
75 128 10 13
76 99 10 4
76 100 10 5
76 101 10 6
76 102 10 7
76 103 10 8
76 104 10 9
76 105 10 10
76 106 10 11
76 107 10 12
76 108 10 13
76 109 10 14
76 110 10 15
76 111 10 16
76 112 10 17
76 113 10 18
76 114 10 19
76 115 10 20
76 116 10 21
76 117 10 22
76 118 10 3
76 119 10 4
76 120 10 5
76 121 10 6
76 122 10 7
76 123 10 8
76 124 10 9
76 125 10 10
76 126 10 11
76 127 10 12
76 128 10 13
77 99 10 4
77 100 10 5
77 101 10 6
77 102 10 7
77 103 10 8
77 104 10 9
77 105 10 10
77 106 10 11
77 107 10 12
77 108 10 13
77 109 10 14
77 110 10 15
77 111 10 16
77 112 10 17
77 113 10 18
77 114 10 19
77 115 10 20
77 116 10 21
77 117 10 22
77 118 10 3
77 119 10 4
77 120 10 5
77 121 10 6
77 122 10 7
77 123 10 8
77 124 10 9
77 125 10 10
77 126 10 11
77 127 10 12
77 128 10 13
78 99 10 4
78 100 10 5
78 101 10 6
78 102 10 7
78 103 10 8
78 104 10 9
78 105 10 10
78 106 10 11
78 107 10 12
78 108 10 13
78 109 10 14
78 110 10 15
78 111 10 16
78 112 10 17
78 113 10 18
78 114 10 19
78 115 10 20
78 116 10 21
78 117 10 22
78 118 10 3
78 119 10 4
78 120 10 5
78 121 10 6
78 122 10 7
78 123 10 8
78 124 10 9
78 125 10 10
78 126 10 11
78 127 10 12
78 128 10 13
79 99 10 4
79 100 10 5
79 101 10 6
79 102 10 7
79 103 10 8
79 104 10 9
79 105 10 10
79 106 10 11
79 107 10 12
79 108 10 13
79 109 10 14
79 110 10 15
79 111 10 16
79 112 10 17
79 113 10 18
79 114 10 19
79 115 10 20
79 116 10 21
79 117 10 22
79 118 10 3
79 119 10 4
79 120 10 5
79 121 10 6
79 122 10 7
79 123 10 8
79 124 10 9
79 125 10 10
79 126 10 11
79 127 10 12
79 128 10 13
80 99 10 4
80 100 10 5
80 101 10 6
80 102 10 7
80 103 10 8
80 104 10 9
80 105 10 10
80 106 10 11
80 107 10 12
80 108 10 13
80 109 10 14
80 110 10 15
80 111 10 16
80 112 10 17
80 113 10 18
80 114 10 19
80 115 10 20
80 116 10 21
80 117 10 22
80 118 10 3
80 119 10 4
80 120 10 5
80 121 10 6
80 122 10 7
80 123 10 8
80 124 10 9
80 125 10 10
80 126 10 11
80 127 10 12
80 128 10 13
81 99 10 4
81 100 10 5
81 101 10 6
81 102 10 7
81 103 10 8
81 104 10 9
81 105 10 10
81 106 10 11
81 107 10 12
81 108 10 13
81 109 10 14
81 110 10 15
81 111 10 16
81 112 10 17
81 113 10 18
81 114 10 19
81 115 10 20
81 116 10 21
81 117 10 22
81 118 10 3
81 119 10 4
81 120 10 5
81 121 10 6
81 122 10 7
81 123 10 8
81 124 10 9
81 125 10 10
81 126 10 11
81 127 10 12
81 128 10 13
82 99 10 4
82 100 10 5
82 101 10 6
82 102 10 7
82 103 10 8
82 104 10 9
82 105 10 10
82 106 10 11
82 107 10 12
82 108 10 13
82 109 10 14
82 110 10 15
82 111 10 16
82 112 10 17
82 113 10 18
82 114 10 19
82 115 10 20
82 116 10 21
82 117 10 22
82 118 10 3
82 119 10 4
82 120 10 5
82 121 10 6
82 122 10 7
82 123 10 8
82 124 10 9
82 125 10 10
82 126 10 11
82 127 10 12
82 128 10 13
83 99 10 4
83 100 10 5
83 101 10 6
83 102 10 7
83 103 10 8
83 104 10 9
83 105 10 10
83 106 10 11
83 107 10 12
83 108 10 13
83 109 10 14
83 110 10 15
83 111 10 16
83 112 10 17
83 113 10 18
83 114 10 19
83 115 10 20
83 116 10 21
83 117 10 22
83 118 10 3
83 119 10 4
83 120 10 5
83 121 10 6
83 122 10 7
83 123 10 8
83 124 10 9
83 125 10 10
83 126 10 11
83 127 10 12
83 128 10 13
84 99 10 4
84 100 10 5
84 101 10 6
84 102 10 7
84 103 10 8
84 104 10 9
84 105 10 10
84 106 10 11
84 107 10 12
84 108 10 13
84 109 10 14
84 110 10 15
84 111 10 16
84 112 10 17
84 113 10 18
84 114 10 19
84 115 10 20
84 116 10 21
84 117 10 22
84 118 10 3
84 119 10 4
84 120 10 5
84 121 10 6
84 122 10 7
84 123 10 8
84 124 10 9
84 125 10 10
84 126 10 11
84 127 10 12
84 128 10 13
85 99 10 4
85 100 10 5
85 101 10 6
85 102 10 7
85 103 10 8
85 104 10 9
85 105 10 10
85 106 10 11
85 107 10 12
85 108 10 13
85 109 10 14
85 110 10 15
85 111 10 16
85 112 10 17
85 113 10 18
85 114 10 19
85 115 10 20
85 116 10 21
85 117 10 22
85 118 10 3
85 119 10 4
85 120 10 5
85 121 10 6
85 122 10 7
85 123 10 8
85 124 10 9
85 125 10 10
85 126 10 11
85 127 10 12
85 128 10 13
86 99 10 4
86 100 10 5
86 101 10 6
86 102 10 7
86 103 10 8
86 104 10 9
86 105 10 10
86 106 10 11
86 107 10 12
86 108 10 13
86 109 10 14
86 110 10 15
86 111 10 16
86 112 10 17
86 113 10 18
86 114 10 19
86 115 10 20
86 116 10 21
86 117 10 22
86 118 10 3
86 119 10 4
86 120 10 5
86 121 10 6
86 122 10 7
86 123 10 8
86 124 10 9
86 125 10 10
86 126 10 11
86 127 10 12
86 128 10 13
87 99 10 4
87 100 10 5
87 101 10 6
87 102 10 7
87 103 10 8
87 104 10 9
87 105 10 10
87 106 10 11
87 107 10 12
87 108 10 13
87 109 10 14
87 110 10 15
87 111 10 16
87 112 10 17
87 113 10 18
87 114 10 19
87 115 10 20
87 116 10 21
87 117 10 22
87 118 10 3
87 119 10 4
87 120 10 5
87 121 10 6
87 122 10 7
87 123 10 8
87 124 10 9
87 125 10 10
87 126 10 11
87 127 10 12
87 128 10 13
88 99 10 4
88 100 10 5
88 101 10 6
88 102 10 7
88 103 10 8
88 104 10 9
88 105 10 10
88 106 10 11
88 107 10 12
88 108 10 13
88 109 10 14
88 110 10 15
88 111 10 16
88 112 10 17
88 113 10 18
88 114 10 19
88 115 10 20
88 116 10 21
88 117 10 22
88 118 10 3
88 119 10 4
88 120 10 5
88 121 10 6
88 122 10 7
88 123 10 8
88 124 10 9
88 125 10 10
88 126 10 11
88 127 10 12
88 128 10 13
89 99 10 4
89 100 10 5
89 101 10 6
89 102 10 7
89 103 10 8
89 104 10 9
89 105 10 10
89 106 10 11
89 107 10 12
89 108 10 13
89 109 10 14
89 110 10 15
89 111 10 16
89 112 10 17
89 113 10 18
89 114 10 19
89 115 10 20
89 116 10 21
89 117 10 22
89 118 10 3
89 119 10 4
89 120 10 5
89 121 10 6
89 122 10 7
89 123 10 8
89 124 10 9
89 125 10 10
89 126 10 11
89 127 10 12
89 128 10 13
90 99 10 4
90 100 10 5
90 101 10 6
90 102 10 7
90 103 10 8
90 104 10 9
90 105 10 10
90 106 10 11
90 107 10 12
90 108 10 13
90 109 10 14
90 110 10 15
90 111 10 16
90 112 10 17
90 113 10 18
90 114 10 19
90 115 10 20
90 116 10 21
90 117 10 22
90 118 10 3
90 119 10 4
90 120 10 5
90 121 10 6
90 122 10 7
90 123 10 8
90 124 10 9
90 125 10 10
90 126 10 11
90 127 10 12
90 128 10 13
91 99 10 4
91 100 10 5
91 101 10 6
91 102 10 7
91 103 10 8
91 104 10 9
91 105 10 10
91 106 10 11
91 107 10 12
91 108 10 13
91 109 10 14
91 110 10 15
91 111 10 16
91 112 10 17
91 113 10 18
91 114 10 19
91 115 10 20
91 116 10 21
91 117 10 22
91 118 10 3
91 119 10 4
91 120 10 5
91 121 10 6
91 122 10 7
91 123 10 8
91 124 10 9
91 125 10 10
91 126 10 11
91 127 10 12
91 128 10 13
92 99 10 4
92 100 10 5
92 101 10 6
92 102 10 7
92 103 10 8
92 104 10 9
92 105 10 10
92 106 10 11
92 107 10 12
92 108 10 13
92 109 10 14
92 110 10 15
92 111 10 16
92 112 10 17
92 113 10 18
92 114 10 19
92 115 10 20
92 116 10 21
92 117 10 22
92 118 10 3
92 119 10 4
92 120 10 5
92 121 10 6
92 122 10 7
92 123 10 8
92 124 10 9
92 125 10 10
92 126 10 11
92 127 10 12
92 128 10 13
93 99 10 4
93 100 10 5
93 101 10 6
93 102 10 7
93 103 10 8
93 104 10 9
93 105 10 10
93 106 10 11
93 107 10 12
93 108 10 13
93 109 10 14
93 110 10 15
93 111 10 16
93 112 10 17
93 113 10 18
93 114 10 19
93 115 10 20
93 116 10 21
93 117 10 22
93 118 10 3
93 119 10 4
93 120 10 5
93 121 10 6
93 122 10 7
93 123 10 8
93 124 10 9
93 125 10 10
93 126 10 11
93 127 10 12
93 128 10 13
94 99 10 4
94 100 10 5
94 101 10 6
94 102 10 7
94 103 10 8
94 104 10 9
94 105 10 10
94 106 10 11
94 107 10 12
94 108 10 13
94 109 10 14
94 110 10 15
94 111 10 16
94 112 10 17
94 113 10 18
94 114 10 19
94 115 10 20
94 116 10 21
94 117 10 22
94 118 10 3
94 119 10 4
94 120 10 5
94 121 10 6
94 122 10 7
94 123 10 8
94 124 10 9
94 125 10 10
94 126 10 11
94 127 10 12
94 128 10 13
95 99 10 4
95 100 10 5
95 101 10 6
95 102 10 7
95 103 10 8
95 104 10 9
95 105 10 10
95 106 10 11
95 107 10 12
95 108 10 13
95 109 10 14
95 110 10 15
95 111 10 16
95 112 10 17
95 113 10 18
95 114 10 19
95 115 10 20
95 116 10 21
95 117 10 22
95 118 10 3
95 119 10 4
95 120 10 5
95 121 10 6
95 122 10 7
95 123 10 8
95 124 10 9
95 125 10 10
95 126 10 11
95 127 10 12
95 128 10 13
96 99 10 4
96 100 10 5
96 101 10 6
96 102 10 7
96 103 10 8
96 104 10 9
96 105 10 10
96 106 10 11
96 107 10 12
96 108 10 13
96 109 10 14
96 110 10 15
96 111 10 16
96 112 10 17
96 113 10 18
96 114 10 19
96 115 10 20
96 116 10 21
96 117 10 22
96 118 10 3
96 119 10 4
96 120 10 5
96 121 10 6
96 122 10 7
96 123 10 8
96 124 10 9
96 125 10 10
96 126 10 11
96 127 10 12
96 128 10 13
97 99 10 4
97 100 10 5
97 101 10 6
97 102 10 7
97 103 10 8
97 104 10 9
97 105 10 10
97 106 10 11
97 107 10 12
97 108 10 13
97 109 10 14
97 110 10 15
97 111 10 16
97 112 10 17
97 113 10 18
97 114 10 19
97 115 10 20
97 116 10 21
97 117 10 22
97 118 10 3
97 119 10 4
97 120 10 5
97 121 10 6
97 122 10 7
97 123 10 8
97 124 10 9
97 125 10 10
97 126 10 11
97 127 10 12
97 128 10 13
98 99 10 4
98 100 10 5
98 101 10 6
98 102 10 7
98 103 10 8
98 104 10 9
98 105 10 10
98 106 10 11
98 107 10 12
98 108 10 13
98 109 10 14
98 110 10 15
98 111 10 16
98 112 10 17
98 113 10 18
98 114 10 19
98 115 10 20
98 116 10 21
98 117 10 22
98 118 10 3
98 119 10 4
98 120 10 5
98 121 10 6
98 122 10 7
98 123 10 8
98 124 10 9
98 125 10 10
98 126 10 11
98 127 10 12
98 128 10 13
99 129 10 5
99 130 10 6
99 131 10 7
99 132 10 8
99 133 10 9
99 134 10 10
99 135 10 11
99 136 10 12
99 137 10 13
99 138 10 14
99 139 10 15
99 140 10 16
99 141 10 17
99 142 10 18
99 143 10 19
99 144 10 20
99 145 10 21
99 146 10 22
99 147 10 23
99 148 10 4
99 149 10 5
99 150 10 6
99 151 10 7
99 152 10 8
99 153 10 9
99 154 10 10
99 155 10 11
99 156 10 12
99 157 10 13
99 158 10 14
100 129 10 5
100 130 10 6
100 131 10 7
100 132 10 8
100 133 10 9
100 134 10 10
100 135 10 11
100 136 10 12
100 137 10 13
100 138 10 14
100 139 10 15
100 140 10 16
100 141 10 17
100 142 10 18
100 143 10 19
100 144 10 20
100 145 10 21
100 146 10 22
100 147 10 23
100 148 10 4
100 149 10 5
100 150 10 6
100 151 10 7
100 152 10 8
100 153 10 9
100 154 10 10
100 155 10 11
100 156 10 12
100 157 10 13
100 158 10 14
101 129 10 5
101 130 10 6
101 131 10 7
101 132 10 8
101 133 10 9
101 134 10 10
101 135 10 11
101 136 10 12
101 137 10 13
101 138 10 14
101 139 10 15
101 140 10 16
101 141 10 17
101 142 10 18
101 143 10 19
101 144 10 20
101 145 10 21
101 146 10 22
101 147 10 23
101 148 10 4
101 149 10 5
101 150 10 6
101 151 10 7
101 152 10 8
101 153 10 9
101 154 10 10
101 155 10 11
101 156 10 12
101 157 10 13
101 158 10 14
102 129 10 5
102 130 10 6
102 131 10 7
102 132 10 8
102 133 10 9
102 134 10 10
102 135 10 11
102 136 10 12
102 137 10 13
102 138 10 14
102 139 10 15
102 140 10 16
102 141 10 17
102 142 10 18
102 143 10 19
102 144 10 20
102 145 10 21
102 146 10 22
102 147 10 23
102 148 10 4
102 149 10 5
102 150 10 6
102 151 10 7
102 152 10 8
102 153 10 9
102 154 10 10
102 155 10 11
102 156 10 12
102 157 10 13
102 158 10 14
103 129 10 5
103 130 10 6
103 131 10 7
103 132 10 8
103 133 10 9
103 134 10 10
103 135 10 11
103 136 10 12
103 137 10 13
103 138 10 14
103 139 10 15
103 140 10 16
103 141 10 17
103 142 10 18
103 143 10 19
103 144 10 20
103 145 10 21
103 146 10 22
103 147 10 23
103 148 10 4
103 149 10 5
103 150 10 6
103 151 10 7
103 152 10 8
103 153 10 9
103 154 10 10
103 155 10 11
103 156 10 12
103 157 10 13
103 158 10 14
104 129 10 5
104 130 10 6
104 131 10 7
104 132 10 8
104 133 10 9
104 134 10 10
104 135 10 11
104 136 10 12
104 137 10 13
104 138 10 14
104 139 10 15
104 140 10 16
104 141 10 17
104 142 10 18
104 143 10 19
104 144 10 20
104 145 10 21
104 146 10 22
104 147 10 23
104 148 10 4
104 149 10 5
104 150 10 6
104 151 10 7
104 152 10 8
104 153 10 9
104 154 10 10
104 155 10 11
104 156 10 12
104 157 10 13
104 158 10 14
105 129 10 5
105 130 10 6
105 131 10 7
105 132 10 8
105 133 10 9
105 134 10 10
105 135 10 11
105 136 10 12
105 137 10 13
105 138 10 14
105 139 10 15
105 140 10 16
105 141 10 17
105 142 10 18
105 143 10 19
105 144 10 20
105 145 10 21
105 146 10 22
105 147 10 23
105 148 10 4
105 149 10 5
105 150 10 6
105 151 10 7
105 152 10 8
105 153 10 9
105 154 10 10
105 155 10 11
105 156 10 12
105 157 10 13
105 158 10 14
106 129 10 5
106 130 10 6
106 131 10 7
106 132 10 8
106 133 10 9
106 134 10 10
106 135 10 11
106 136 10 12
106 137 10 13
106 138 10 14
106 139 10 15
106 140 10 16
106 141 10 17
106 142 10 18
106 143 10 19
106 144 10 20
106 145 10 21
106 146 10 22
106 147 10 23
106 148 10 4
106 149 10 5
106 150 10 6
106 151 10 7
106 152 10 8
106 153 10 9
106 154 10 10
106 155 10 11
106 156 10 12
106 157 10 13
106 158 10 14
107 129 10 5
107 130 10 6
107 131 10 7
107 132 10 8
107 133 10 9
107 134 10 10
107 135 10 11
107 136 10 12
107 137 10 13
107 138 10 14
107 139 10 15
107 140 10 16
107 141 10 17
107 142 10 18
107 143 10 19
107 144 10 20
107 145 10 21
107 146 10 22
107 147 10 23
107 148 10 4
107 149 10 5
107 150 10 6
107 151 10 7
107 152 10 8
107 153 10 9
107 154 10 10
107 155 10 11
107 156 10 12
107 157 10 13
107 158 10 14
108 129 10 5
108 130 10 6
108 131 10 7
108 132 10 8
108 133 10 9
108 134 10 10
108 135 10 11
108 136 10 12
108 137 10 13
108 138 10 14
108 139 10 15
108 140 10 16
108 141 10 17
108 142 10 18
108 143 10 19
108 144 10 20
108 145 10 21
108 146 10 22
108 147 10 23
108 148 10 4
108 149 10 5
108 150 10 6
108 151 10 7
108 152 10 8
108 153 10 9
108 154 10 10
108 155 10 11
108 156 10 12
108 157 10 13
108 158 10 14
109 129 10 5
109 130 10 6
109 131 10 7
109 132 10 8
109 133 10 9
109 134 10 10
109 135 10 11
109 136 10 12
109 137 10 13
109 138 10 14
109 139 10 15
109 140 10 16
109 141 10 17
109 142 10 18
109 143 10 19
109 144 10 20
109 145 10 21
109 146 10 22
109 147 10 23
109 148 10 4
109 149 10 5
109 150 10 6
109 151 10 7
109 152 10 8
109 153 10 9
109 154 10 10
109 155 10 11
109 156 10 12
109 157 10 13
109 158 10 14
110 129 10 5
110 130 10 6
110 131 10 7
110 132 10 8
110 133 10 9
110 134 10 10
110 135 10 11
110 136 10 12
110 137 10 13
110 138 10 14
110 139 10 15
110 140 10 16
110 141 10 17
110 142 10 18
110 143 10 19
110 144 10 20
110 145 10 21
110 146 10 22
110 147 10 23
110 148 10 4
110 149 10 5
110 150 10 6
110 151 10 7
110 152 10 8
110 153 10 9
110 154 10 10
110 155 10 11
110 156 10 12
110 157 10 13
110 158 10 14
111 129 10 5
111 130 10 6
111 131 10 7
111 132 10 8
111 133 10 9
111 134 10 10
111 135 10 11
111 136 10 12
111 137 10 13
111 138 10 14
111 139 10 15
111 140 10 16
111 141 10 17
111 142 10 18
111 143 10 19
111 144 10 20
111 145 10 21
111 146 10 22
111 147 10 23
111 148 10 4
111 149 10 5
111 150 10 6
111 151 10 7
111 152 10 8
111 153 10 9
111 154 10 10
111 155 10 11
111 156 10 12
111 157 10 13
111 158 10 14
112 129 10 5
112 130 10 6
112 131 10 7
112 132 10 8
112 133 10 9
112 134 10 10
112 135 10 11
112 136 10 12
112 137 10 13
112 138 10 14
112 139 10 15
112 140 10 16
112 141 10 17
112 142 10 18
112 143 10 19
112 144 10 20
112 145 10 21
112 146 10 22
112 147 10 23
112 148 10 4
112 149 10 5
112 150 10 6
112 151 10 7
112 152 10 8
112 153 10 9
112 154 10 10
112 155 10 11
112 156 10 12
112 157 10 13
112 158 10 14
113 129 10 5
113 130 10 6
113 131 10 7
113 132 10 8
113 133 10 9
113 134 10 10
113 135 10 11
113 136 10 12
113 137 10 13
113 138 10 14
113 139 10 15
113 140 10 16
113 141 10 17
113 142 10 18
113 143 10 19
113 144 10 20
113 145 10 21
113 146 10 22
113 147 10 23
113 148 10 4
113 149 10 5
113 150 10 6
113 151 10 7
113 152 10 8
113 153 10 9
113 154 10 10
113 155 10 11
113 156 10 12
113 157 10 13
113 158 10 14
114 129 10 5
114 130 10 6
114 131 10 7
114 132 10 8
114 133 10 9
114 134 10 10
114 135 10 11
114 136 10 12
114 137 10 13
114 138 10 14
114 139 10 15
114 140 10 16
114 141 10 17
114 142 10 18
114 143 10 19
114 144 10 20
114 145 10 21
114 146 10 22
114 147 10 23
114 148 10 4
114 149 10 5
114 150 10 6
114 151 10 7
114 152 10 8
114 153 10 9
114 154 10 10
114 155 10 11
114 156 10 12
114 157 10 13
114 158 10 14
115 129 10 5
115 130 10 6
115 131 10 7
115 132 10 8
115 133 10 9
115 134 10 10
115 135 10 11
115 136 10 12
115 137 10 13
115 138 10 14
115 139 10 15
115 140 10 16
115 141 10 17
115 142 10 18
115 143 10 19
115 144 10 20
115 145 10 21
115 146 10 22
115 147 10 23
115 148 10 4
115 149 10 5
115 150 10 6
115 151 10 7
115 152 10 8
115 153 10 9
115 154 10 10
115 155 10 11
115 156 10 12
115 157 10 13
115 158 10 14
116 129 10 5
116 130 10 6
116 131 10 7
116 132 10 8
116 133 10 9
116 134 10 10
116 135 10 11
116 136 10 12
116 137 10 13
116 138 10 14
116 139 10 15
116 140 10 16
116 141 10 17
116 142 10 18
116 143 10 19
116 144 10 20
116 145 10 21
116 146 10 22
116 147 10 23
116 148 10 4
116 149 10 5
116 150 10 6
116 151 10 7
116 152 10 8
116 153 10 9
116 154 10 10
116 155 10 11
116 156 10 12
116 157 10 13
116 158 10 14
117 129 10 5
117 130 10 6
117 131 10 7
117 132 10 8
117 133 10 9
117 134 10 10
117 135 10 11
117 136 10 12
117 137 10 13
117 138 10 14
117 139 10 15
117 140 10 16
117 141 10 17
117 142 10 18
117 143 10 19
117 144 10 20
117 145 10 21
117 146 10 22
117 147 10 23
117 148 10 4
117 149 10 5
117 150 10 6
117 151 10 7
117 152 10 8
117 153 10 9
117 154 10 10
117 155 10 11
117 156 10 12
117 157 10 13
117 158 10 14
118 129 10 5
118 130 10 6
118 131 10 7
118 132 10 8
118 133 10 9
118 134 10 10
118 135 10 11
118 136 10 12
118 137 10 13
118 138 10 14
118 139 10 15
118 140 10 16
118 141 10 17
118 142 10 18
118 143 10 19
118 144 10 20
118 145 10 21
118 146 10 22
118 147 10 23
118 148 10 4
118 149 10 5
118 150 10 6
118 151 10 7
118 152 10 8
118 153 10 9
118 154 10 10
118 155 10 11
118 156 10 12
118 157 10 13
118 158 10 14
119 129 10 5
119 130 10 6
119 131 10 7
119 132 10 8
119 133 10 9
119 134 10 10
119 135 10 11
119 136 10 12
119 137 10 13
119 138 10 14
119 139 10 15
119 140 10 16
119 141 10 17
119 142 10 18
119 143 10 19
119 144 10 20
119 145 10 21
119 146 10 22
119 147 10 23
119 148 10 4
119 149 10 5
119 150 10 6
119 151 10 7
119 152 10 8
119 153 10 9
119 154 10 10
119 155 10 11
119 156 10 12
119 157 10 13
119 158 10 14
120 129 10 5
120 130 10 6
120 131 10 7
120 132 10 8
120 133 10 9
120 134 10 10
120 135 10 11
120 136 10 12
120 137 10 13
120 138 10 14
120 139 10 15
120 140 10 16
120 141 10 17
120 142 10 18
120 143 10 19
120 144 10 20
120 145 10 21
120 146 10 22
120 147 10 23
120 148 10 4
120 149 10 5
120 150 10 6
120 151 10 7
120 152 10 8
120 153 10 9
120 154 10 10
120 155 10 11
120 156 10 12
120 157 10 13
120 158 10 14
121 129 10 5
121 130 10 6
121 131 10 7
121 132 10 8
121 133 10 9
121 134 10 10
121 135 10 11
121 136 10 12
121 137 10 13
121 138 10 14
121 139 10 15
121 140 10 16
121 141 10 17
121 142 10 18
121 143 10 19
121 144 10 20
121 145 10 21
121 146 10 22
121 147 10 23
121 148 10 4
121 149 10 5
121 150 10 6
121 151 10 7
121 152 10 8
121 153 10 9
121 154 10 10
121 155 10 11
121 156 10 12
121 157 10 13
121 158 10 14
122 129 10 5
122 130 10 6
122 131 10 7
122 132 10 8
122 133 10 9
122 134 10 10
122 135 10 11
122 136 10 12
122 137 10 13
122 138 10 14
122 139 10 15
122 140 10 16
122 141 10 17
122 142 10 18
122 143 10 19
122 144 10 20
122 145 10 21
122 146 10 22
122 147 10 23
122 148 10 4
122 149 10 5
122 150 10 6
122 151 10 7
122 152 10 8
122 153 10 9
122 154 10 10
122 155 10 11
122 156 10 12
122 157 10 13
122 158 10 14
123 129 10 5
123 130 10 6
123 131 10 7
123 132 10 8
123 133 10 9
123 134 10 10
123 135 10 11
123 136 10 12
123 137 10 13
123 138 10 14
123 139 10 15
123 140 10 16
123 141 10 17
123 142 10 18
123 143 10 19
123 144 10 20
123 145 10 21
123 146 10 22
123 147 10 23
123 148 10 4
123 149 10 5
123 150 10 6
123 151 10 7
123 152 10 8
123 153 10 9
123 154 10 10
123 155 10 11
123 156 10 12
123 157 10 13
123 158 10 14
124 129 10 5
124 130 10 6
124 131 10 7
124 132 10 8
124 133 10 9
124 134 10 10
124 135 10 11
124 136 10 12
124 137 10 13
124 138 10 14
124 139 10 15
124 140 10 16
124 141 10 17
124 142 10 18
124 143 10 19
124 144 10 20
124 145 10 21
124 146 10 22
124 147 10 23
124 148 10 4
124 149 10 5
124 150 10 6
124 151 10 7
124 152 10 8
124 153 10 9
124 154 10 10
124 155 10 11
124 156 10 12
124 157 10 13
124 158 10 14
125 129 10 5
125 130 10 6
125 131 10 7
125 132 10 8
125 133 10 9
125 134 10 10
125 135 10 11
125 136 10 12
125 137 10 13
125 138 10 14
125 139 10 15
125 140 10 16
125 141 10 17
125 142 10 18
125 143 10 19
125 144 10 20
125 145 10 21
125 146 10 22
125 147 10 23
125 148 10 4
125 149 10 5
125 150 10 6
125 151 10 7
125 152 10 8
125 153 10 9
125 154 10 10
125 155 10 11
125 156 10 12
125 157 10 13
125 158 10 14
126 129 10 5
126 130 10 6
126 131 10 7
126 132 10 8
126 133 10 9
126 134 10 10
126 135 10 11
126 136 10 12
126 137 10 13
126 138 10 14
126 139 10 15
126 140 10 16
126 141 10 17
126 142 10 18
126 143 10 19
126 144 10 20
126 145 10 21
126 146 10 22
126 147 10 23
126 148 10 4
126 149 10 5
126 150 10 6
126 151 10 7
126 152 10 8
126 153 10 9
126 154 10 10
126 155 10 11
126 156 10 12
126 157 10 13
126 158 10 14
127 129 10 5
127 130 10 6
127 131 10 7
127 132 10 8
127 133 10 9
127 134 10 10
127 135 10 11
127 136 10 12
127 137 10 13
127 138 10 14
127 139 10 15
127 140 10 16
127 141 10 17
127 142 10 18
127 143 10 19
127 144 10 20
127 145 10 21
127 146 10 22
127 147 10 23
127 148 10 4
127 149 10 5
127 150 10 6
127 151 10 7
127 152 10 8
127 153 10 9
127 154 10 10
127 155 10 11
127 156 10 12
127 157 10 13
127 158 10 14
128 129 10 5
128 130 10 6
128 131 10 7
128 132 10 8
128 133 10 9
128 134 10 10
128 135 10 11
128 136 10 12
128 137 10 13
128 138 10 14
128 139 10 15
128 140 10 16
128 141 10 17
128 142 10 18
128 143 10 19
128 144 10 20
128 145 10 21
128 146 10 22
128 147 10 23
128 148 10 4
128 149 10 5
128 150 10 6
128 151 10 7
128 152 10 8
128 153 10 9
128 154 10 10
128 155 10 11
128 156 10 12
128 157 10 13
128 158 10 14
129 159 10 6
129 160 10 7
129 161 10 8
129 162 10 9
129 163 10 10
129 164 10 11
129 165 10 12
129 166 10 13
129 167 10 14
129 168 10 15
129 169 10 16
129 170 10 17
129 171 10 18
129 172 10 19
129 173 10 20
129 174 10 21
129 175 10 22
129 176 10 23
129 177 10 24
129 178 10 5
129 179 10 6
129 180 10 7
129 181 10 8
129 182 10 9
129 183 10 10
129 184 10 11
129 185 10 12
129 186 10 13
129 187 10 14
129 188 10 15
130 159 10 6
130 160 10 7
130 161 10 8
130 162 10 9
130 163 10 10
130 164 10 11
130 165 10 12
130 166 10 13
130 167 10 14
130 168 10 15
130 169 10 16
130 170 10 17
130 171 10 18
130 172 10 19
130 173 10 20
130 174 10 21
130 175 10 22
130 176 10 23
130 177 10 24
130 178 10 5
130 179 10 6
130 180 10 7
130 181 10 8
130 182 10 9
130 183 10 10
130 184 10 11
130 185 10 12
130 186 10 13
130 187 10 14
130 188 10 15
131 159 10 6
131 160 10 7
131 161 10 8
131 162 10 9
131 163 10 10
131 164 10 11
131 165 10 12
131 166 10 13
131 167 10 14
131 168 10 15
131 169 10 16
131 170 10 17
131 171 10 18
131 172 10 19
131 173 10 20
131 174 10 21
131 175 10 22
131 176 10 23
131 177 10 24
131 178 10 5
131 179 10 6
131 180 10 7
131 181 10 8
131 182 10 9
131 183 10 10
131 184 10 11
131 185 10 12
131 186 10 13
131 187 10 14
131 188 10 15
132 159 10 6
132 160 10 7
132 161 10 8
132 162 10 9
132 163 10 10
132 164 10 11
132 165 10 12
132 166 10 13
132 167 10 14
132 168 10 15
132 169 10 16
132 170 10 17
132 171 10 18
132 172 10 19
132 173 10 20
132 174 10 21
132 175 10 22
132 176 10 23
132 177 10 24
132 178 10 5
132 179 10 6
132 180 10 7
132 181 10 8
132 182 10 9
132 183 10 10
132 184 10 11
132 185 10 12
132 186 10 13
132 187 10 14
132 188 10 15
133 159 10 6
133 160 10 7
133 161 10 8
133 162 10 9
133 163 10 10
133 164 10 11
133 165 10 12
133 166 10 13
133 167 10 14
133 168 10 15
133 169 10 16
133 170 10 17
133 171 10 18
133 172 10 19
133 173 10 20
133 174 10 21
133 175 10 22
133 176 10 23
133 177 10 24
133 178 10 5
133 179 10 6
133 180 10 7
133 181 10 8
133 182 10 9
133 183 10 10
133 184 10 11
133 185 10 12
133 186 10 13
133 187 10 14
133 188 10 15
134 159 10 6
134 160 10 7
134 161 10 8
134 162 10 9
134 163 10 10
134 164 10 11
134 165 10 12
134 166 10 13
134 167 10 14
134 168 10 15
134 169 10 16
134 170 10 17
134 171 10 18
134 172 10 19
134 173 10 20
134 174 10 21
134 175 10 22
134 176 10 23
134 177 10 24
134 178 10 5
134 179 10 6
134 180 10 7
134 181 10 8
134 182 10 9
134 183 10 10
134 184 10 11
134 185 10 12
134 186 10 13
134 187 10 14
134 188 10 15
135 159 10 6
135 160 10 7
135 161 10 8
135 162 10 9
135 163 10 10
135 164 10 11
135 165 10 12
135 166 10 13
135 167 10 14
135 168 10 15
135 169 10 16
135 170 10 17
135 171 10 18
135 172 10 19
135 173 10 20
135 174 10 21
135 175 10 22
135 176 10 23
135 177 10 24
135 178 10 5
135 179 10 6
135 180 10 7
135 181 10 8
135 182 10 9
135 183 10 10
135 184 10 11
135 185 10 12
135 186 10 13
135 187 10 14
135 188 10 15
136 159 10 6
136 160 10 7
136 161 10 8
136 162 10 9
136 163 10 10
136 164 10 11
136 165 10 12
136 166 10 13
136 167 10 14
136 168 10 15
136 169 10 16
136 170 10 17
136 171 10 18
136 172 10 19
136 173 10 20
136 174 10 21
136 175 10 22
136 176 10 23
136 177 10 24
136 178 10 5
136 179 10 6
136 180 10 7
136 181 10 8
136 182 10 9
136 183 10 10
136 184 10 11
136 185 10 12
136 186 10 13
136 187 10 14
136 188 10 15
137 159 10 6
137 160 10 7
137 161 10 8
137 162 10 9
137 163 10 10
137 164 10 11
137 165 10 12
137 166 10 13
137 167 10 14
137 168 10 15
137 169 10 16
137 170 10 17
137 171 10 18
137 172 10 19
137 173 10 20
137 174 10 21
137 175 10 22
137 176 10 23
137 177 10 24
137 178 10 5
137 179 10 6
137 180 10 7
137 181 10 8
137 182 10 9
137 183 10 10
137 184 10 11
137 185 10 12
137 186 10 13
137 187 10 14
137 188 10 15
138 159 10 6
138 160 10 7
138 161 10 8
138 162 10 9
138 163 10 10
138 164 10 11
138 165 10 12
138 166 10 13
138 167 10 14
138 168 10 15
138 169 10 16
138 170 10 17
138 171 10 18
138 172 10 19
138 173 10 20
138 174 10 21
138 175 10 22
138 176 10 23
138 177 10 24
138 178 10 5
138 179 10 6
138 180 10 7
138 181 10 8
138 182 10 9
138 183 10 10
138 184 10 11
138 185 10 12
138 186 10 13
138 187 10 14
138 188 10 15
139 159 10 6
139 160 10 7
139 161 10 8
139 162 10 9
139 163 10 10
139 164 10 11
139 165 10 12
139 166 10 13
139 167 10 14
139 168 10 15
139 169 10 16
139 170 10 17
139 171 10 18
139 172 10 19
139 173 10 20
139 174 10 21
139 175 10 22
139 176 10 23
139 177 10 24
139 178 10 5
139 179 10 6
139 180 10 7
139 181 10 8
139 182 10 9
139 183 10 10
139 184 10 11
139 185 10 12
139 186 10 13
139 187 10 14
139 188 10 15
140 159 10 6
140 160 10 7
140 161 10 8
140 162 10 9
140 163 10 10
140 164 10 11
140 165 10 12
140 166 10 13
140 167 10 14
140 168 10 15
140 169 10 16
140 170 10 17
140 171 10 18
140 172 10 19
140 173 10 20
140 174 10 21
140 175 10 22
140 176 10 23
140 177 10 24
140 178 10 5
140 179 10 6
140 180 10 7
140 181 10 8
140 182 10 9
140 183 10 10
140 184 10 11
140 185 10 12
140 186 10 13
140 187 10 14
140 188 10 15
141 159 10 6
141 160 10 7
141 161 10 8
141 162 10 9
141 163 10 10
141 164 10 11
141 165 10 12
141 166 10 13
141 167 10 14
141 168 10 15
141 169 10 16
141 170 10 17
141 171 10 18
141 172 10 19
141 173 10 20
141 174 10 21
141 175 10 22
141 176 10 23
141 177 10 24
141 178 10 5
141 179 10 6
141 180 10 7
141 181 10 8
141 182 10 9
141 183 10 10
141 184 10 11
141 185 10 12
141 186 10 13
141 187 10 14
141 188 10 15
142 159 10 6
142 160 10 7
142 161 10 8
142 162 10 9
142 163 10 10
142 164 10 11
142 165 10 12
142 166 10 13
142 167 10 14
142 168 10 15
142 169 10 16
142 170 10 17
142 171 10 18
142 172 10 19
142 173 10 20
142 174 10 21
142 175 10 22
142 176 10 23
142 177 10 24
142 178 10 5
142 179 10 6
142 180 10 7
142 181 10 8
142 182 10 9
142 183 10 10
142 184 10 11
142 185 10 12
142 186 10 13
142 187 10 14
142 188 10 15
143 159 10 6
143 160 10 7
143 161 10 8
143 162 10 9
143 163 10 10
143 164 10 11
143 165 10 12
143 166 10 13
143 167 10 14
143 168 10 15
143 169 10 16
143 170 10 17
143 171 10 18
143 172 10 19
143 173 10 20
143 174 10 21
143 175 10 22
143 176 10 23
143 177 10 24
143 178 10 5
143 179 10 6
143 180 10 7
143 181 10 8
143 182 10 9
143 183 10 10
143 184 10 11
143 185 10 12
143 186 10 13
143 187 10 14
143 188 10 15
144 159 10 6
144 160 10 7
144 161 10 8
144 162 10 9
144 163 10 10
144 164 10 11
144 165 10 12
144 166 10 13
144 167 10 14
144 168 10 15
144 169 10 16
144 170 10 17
144 171 10 18
144 172 10 19
144 173 10 20
144 174 10 21
144 175 10 22
144 176 10 23
144 177 10 24
144 178 10 5
144 179 10 6
144 180 10 7
144 181 10 8
144 182 10 9
144 183 10 10
144 184 10 11
144 185 10 12
144 186 10 13
144 187 10 14
144 188 10 15
145 159 10 6
145 160 10 7
145 161 10 8
145 162 10 9
145 163 10 10
145 164 10 11
145 165 10 12
145 166 10 13
145 167 10 14
145 168 10 15
145 169 10 16
145 170 10 17
145 171 10 18
145 172 10 19
145 173 10 20
145 174 10 21
145 175 10 22
145 176 10 23
145 177 10 24
145 178 10 5
145 179 10 6
145 180 10 7
145 181 10 8
145 182 10 9
145 183 10 10
145 184 10 11
145 185 10 12
145 186 10 13
145 187 10 14
145 188 10 15
146 159 10 6
146 160 10 7
146 161 10 8
146 162 10 9
146 163 10 10
146 164 10 11
146 165 10 12
146 166 10 13
146 167 10 14
146 168 10 15
146 169 10 16
146 170 10 17
146 171 10 18
146 172 10 19
146 173 10 20
146 174 10 21
146 175 10 22
146 176 10 23
146 177 10 24
146 178 10 5
146 179 10 6
146 180 10 7
146 181 10 8
146 182 10 9
146 183 10 10
146 184 10 11
146 185 10 12
146 186 10 13
146 187 10 14
146 188 10 15
147 159 10 6
147 160 10 7
147 161 10 8
147 162 10 9
147 163 10 10
147 164 10 11
147 165 10 12
147 166 10 13
147 167 10 14
147 168 10 15
147 169 10 16
147 170 10 17
147 171 10 18
147 172 10 19
147 173 10 20
147 174 10 21
147 175 10 22
147 176 10 23
147 177 10 24
147 178 10 5
147 179 10 6
147 180 10 7
147 181 10 8
147 182 10 9
147 183 10 10
147 184 10 11
147 185 10 12
147 186 10 13
147 187 10 14
147 188 10 15
148 159 10 6
148 160 10 7
148 161 10 8
148 162 10 9
148 163 10 10
148 164 10 11
148 165 10 12
148 166 10 13
148 167 10 14
148 168 10 15
148 169 10 16
148 170 10 17
148 171 10 18
148 172 10 19
148 173 10 20
148 174 10 21
148 175 10 22
148 176 10 23
148 177 10 24
148 178 10 5
148 179 10 6
148 180 10 7
148 181 10 8
148 182 10 9
148 183 10 10
148 184 10 11
148 185 10 12
148 186 10 13
148 187 10 14
148 188 10 15
149 159 10 6
149 160 10 7
149 161 10 8
149 162 10 9
149 163 10 10
149 164 10 11
149 165 10 12
149 166 10 13
149 167 10 14
149 168 10 15
149 169 10 16
149 170 10 17
149 171 10 18
149 172 10 19
149 173 10 20
149 174 10 21
149 175 10 22
149 176 10 23
149 177 10 24
149 178 10 5
149 179 10 6
149 180 10 7
149 181 10 8
149 182 10 9
149 183 10 10
149 184 10 11
149 185 10 12
149 186 10 13
149 187 10 14
149 188 10 15
150 159 10 6
150 160 10 7
150 161 10 8
150 162 10 9
150 163 10 10
150 164 10 11
150 165 10 12
150 166 10 13
150 167 10 14
150 168 10 15
150 169 10 16
150 170 10 17
150 171 10 18
150 172 10 19
150 173 10 20
150 174 10 21
150 175 10 22
150 176 10 23
150 177 10 24
150 178 10 5
150 179 10 6
150 180 10 7
150 181 10 8
150 182 10 9
150 183 10 10
150 184 10 11
150 185 10 12
150 186 10 13
150 187 10 14
150 188 10 15
151 159 10 6
151 160 10 7
151 161 10 8
151 162 10 9
151 163 10 10
151 164 10 11
151 165 10 12
151 166 10 13
151 167 10 14
151 168 10 15
151 169 10 16
151 170 10 17
151 171 10 18
151 172 10 19
151 173 10 20
151 174 10 21
151 175 10 22
151 176 10 23
151 177 10 24
151 178 10 5
151 179 10 6
151 180 10 7
151 181 10 8
151 182 10 9
151 183 10 10
151 184 10 11
151 185 10 12
151 186 10 13
151 187 10 14
151 188 10 15
152 159 10 6
152 160 10 7
152 161 10 8
152 162 10 9
152 163 10 10
152 164 10 11
152 165 10 12
152 166 10 13
152 167 10 14
152 168 10 15
152 169 10 16
152 170 10 17
152 171 10 18
152 172 10 19
152 173 10 20
152 174 10 21
152 175 10 22
152 176 10 23
152 177 10 24
152 178 10 5
152 179 10 6
152 180 10 7
152 181 10 8
152 182 10 9
152 183 10 10
152 184 10 11
152 185 10 12
152 186 10 13
152 187 10 14
152 188 10 15
153 159 10 6
153 160 10 7
153 161 10 8
153 162 10 9
153 163 10 10
153 164 10 11
153 165 10 12
153 166 10 13
153 167 10 14
153 168 10 15
153 169 10 16
153 170 10 17
153 171 10 18
153 172 10 19
153 173 10 20
153 174 10 21
153 175 10 22
153 176 10 23
153 177 10 24
153 178 10 5
153 179 10 6
153 180 10 7
153 181 10 8
153 182 10 9
153 183 10 10
153 184 10 11
153 185 10 12
153 186 10 13
153 187 10 14
153 188 10 15
154 159 10 6
154 160 10 7
154 161 10 8
154 162 10 9
154 163 10 10
154 164 10 11
154 165 10 12
154 166 10 13
154 167 10 14
154 168 10 15
154 169 10 16
154 170 10 17
154 171 10 18
154 172 10 19
154 173 10 20
154 174 10 21
154 175 10 22
154 176 10 23
154 177 10 24
154 178 10 5
154 179 10 6
154 180 10 7
154 181 10 8
154 182 10 9
154 183 10 10
154 184 10 11
154 185 10 12
154 186 10 13
154 187 10 14
154 188 10 15
155 159 10 6
155 160 10 7
155 161 10 8
155 162 10 9
155 163 10 10
155 164 10 11
155 165 10 12
155 166 10 13
155 167 10 14
155 168 10 15
155 169 10 16
155 170 10 17
155 171 10 18
155 172 10 19
155 173 10 20
155 174 10 21
155 175 10 22
155 176 10 23
155 177 10 24
155 178 10 5
155 179 10 6
155 180 10 7
155 181 10 8
155 182 10 9
155 183 10 10
155 184 10 11
155 185 10 12
155 186 10 13
155 187 10 14
155 188 10 15
156 159 10 6
156 160 10 7
156 161 10 8
156 162 10 9
156 163 10 10
156 164 10 11
156 165 10 12
156 166 10 13
156 167 10 14
156 168 10 15
156 169 10 16
156 170 10 17
156 171 10 18
156 172 10 19
156 173 10 20
156 174 10 21
156 175 10 22
156 176 10 23
156 177 10 24
156 178 10 5
156 179 10 6
156 180 10 7
156 181 10 8
156 182 10 9
156 183 10 10
156 184 10 11
156 185 10 12
156 186 10 13
156 187 10 14
156 188 10 15
157 159 10 6
157 160 10 7
157 161 10 8
157 162 10 9
157 163 10 10
157 164 10 11
157 165 10 12
157 166 10 13
157 167 10 14
157 168 10 15
157 169 10 16
157 170 10 17
157 171 10 18
157 172 10 19
157 173 10 20
157 174 10 21
157 175 10 22
157 176 10 23
157 177 10 24
157 178 10 5
157 179 10 6
157 180 10 7
157 181 10 8
157 182 10 9
157 183 10 10
157 184 10 11
157 185 10 12
157 186 10 13
157 187 10 14
157 188 10 15
158 159 10 6
158 160 10 7
158 161 10 8
158 162 10 9
158 163 10 10
158 164 10 11
158 165 10 12
158 166 10 13
158 167 10 14
158 168 10 15
158 169 10 16
158 170 10 17
158 171 10 18
158 172 10 19
158 173 10 20
158 174 10 21
158 175 10 22
158 176 10 23
158 177 10 24
158 178 10 5
158 179 10 6
158 180 10 7
158 181 10 8
158 182 10 9
158 183 10 10
158 184 10 11
158 185 10 12
158 186 10 13
158 187 10 14
158 188 10 15
159 189 10 7
159 190 10 8
159 191 10 9
159 192 10 10
159 193 10 11
159 194 10 12
159 195 10 13
159 196 10 14
159 197 10 15
159 198 10 16
159 199 10 17
159 200 10 18
159 201 10 19
159 202 10 20
159 203 10 21
159 204 10 22
159 205 10 23
159 206 10 24
159 207 10 25
159 208 10 6
159 209 10 7
159 210 10 8
159 211 10 9
159 212 10 10
159 213 10 11
159 214 10 12
159 215 10 13
159 216 10 14
159 217 10 15
159 218 10 16
160 189 10 7
160 190 10 8
160 191 10 9
160 192 10 10
160 193 10 11
160 194 10 12
160 195 10 13
160 196 10 14
160 197 10 15
160 198 10 16
160 199 10 17
160 200 10 18
160 201 10 19
160 202 10 20
160 203 10 21
160 204 10 22
160 205 10 23
160 206 10 24
160 207 10 25
160 208 10 6
160 209 10 7
160 210 10 8
160 211 10 9
160 212 10 10
160 213 10 11
160 214 10 12
160 215 10 13
160 216 10 14
160 217 10 15
160 218 10 16
161 189 10 7
161 190 10 8
161 191 10 9
161 192 10 10
161 193 10 11
161 194 10 12
161 195 10 13
161 196 10 14
161 197 10 15
161 198 10 16
161 199 10 17
161 200 10 18
161 201 10 19
161 202 10 20
161 203 10 21
161 204 10 22
161 205 10 23
161 206 10 24
161 207 10 25
161 208 10 6
161 209 10 7
161 210 10 8
161 211 10 9
161 212 10 10
161 213 10 11
161 214 10 12
161 215 10 13
161 216 10 14
161 217 10 15
161 218 10 16
162 189 10 7
162 190 10 8
162 191 10 9
162 192 10 10
162 193 10 11
162 194 10 12
162 195 10 13
162 196 10 14
162 197 10 15
162 198 10 16
162 199 10 17
162 200 10 18
162 201 10 19
162 202 10 20
162 203 10 21
162 204 10 22
162 205 10 23
162 206 10 24
162 207 10 25
162 208 10 6
162 209 10 7
162 210 10 8
162 211 10 9
162 212 10 10
162 213 10 11
162 214 10 12
162 215 10 13
162 216 10 14
162 217 10 15
162 218 10 16
163 189 10 7
163 190 10 8
163 191 10 9
163 192 10 10
163 193 10 11
163 194 10 12
163 195 10 13
163 196 10 14
163 197 10 15
163 198 10 16
163 199 10 17
163 200 10 18
163 201 10 19
163 202 10 20
163 203 10 21
163 204 10 22
163 205 10 23
163 206 10 24
163 207 10 25
163 208 10 6
163 209 10 7
163 210 10 8
163 211 10 9
163 212 10 10
163 213 10 11
163 214 10 12
163 215 10 13
163 216 10 14
163 217 10 15
163 218 10 16
164 189 10 7
164 190 10 8
164 191 10 9
164 192 10 10
164 193 10 11
164 194 10 12
164 195 10 13
164 196 10 14
164 197 10 15
164 198 10 16
164 199 10 17
164 200 10 18
164 201 10 19
164 202 10 20
164 203 10 21
164 204 10 22
164 205 10 23
164 206 10 24
164 207 10 25
164 208 10 6
164 209 10 7
164 210 10 8
164 211 10 9
164 212 10 10
164 213 10 11
164 214 10 12
164 215 10 13
164 216 10 14
164 217 10 15
164 218 10 16
165 189 10 7
165 190 10 8
165 191 10 9
165 192 10 10
165 193 10 11
165 194 10 12
165 195 10 13
165 196 10 14
165 197 10 15
165 198 10 16
165 199 10 17
165 200 10 18
165 201 10 19
165 202 10 20
165 203 10 21
165 204 10 22
165 205 10 23
165 206 10 24
165 207 10 25
165 208 10 6
165 209 10 7
165 210 10 8
165 211 10 9
165 212 10 10
165 213 10 11
165 214 10 12
165 215 10 13
165 216 10 14
165 217 10 15
165 218 10 16
166 189 10 7
166 190 10 8
166 191 10 9
166 192 10 10
166 193 10 11
166 194 10 12
166 195 10 13
166 196 10 14
166 197 10 15
166 198 10 16
166 199 10 17
166 200 10 18
166 201 10 19
166 202 10 20
166 203 10 21
166 204 10 22
166 205 10 23
166 206 10 24
166 207 10 25
166 208 10 6
166 209 10 7
166 210 10 8
166 211 10 9
166 212 10 10
166 213 10 11
166 214 10 12
166 215 10 13
166 216 10 14
166 217 10 15
166 218 10 16
167 189 10 7
167 190 10 8
167 191 10 9
167 192 10 10
167 193 10 11
167 194 10 12
167 195 10 13
167 196 10 14
167 197 10 15
167 198 10 16
167 199 10 17
167 200 10 18
167 201 10 19
167 202 10 20
167 203 10 21
167 204 10 22
167 205 10 23
167 206 10 24
167 207 10 25
167 208 10 6
167 209 10 7
167 210 10 8
167 211 10 9
167 212 10 10
167 213 10 11
167 214 10 12
167 215 10 13
167 216 10 14
167 217 10 15
167 218 10 16
168 189 10 7
168 190 10 8
168 191 10 9
168 192 10 10
168 193 10 11
168 194 10 12
168 195 10 13
168 196 10 14
168 197 10 15
168 198 10 16
168 199 10 17
168 200 10 18
168 201 10 19
168 202 10 20
168 203 10 21
168 204 10 22
168 205 10 23
168 206 10 24
168 207 10 25
168 208 10 6
168 209 10 7
168 210 10 8
168 211 10 9
168 212 10 10
168 213 10 11
168 214 10 12
168 215 10 13
168 216 10 14
168 217 10 15
168 218 10 16
169 189 10 7
169 190 10 8
169 191 10 9
169 192 10 10
169 193 10 11
169 194 10 12
169 195 10 13
169 196 10 14
169 197 10 15
169 198 10 16
169 199 10 17
169 200 10 18
169 201 10 19
169 202 10 20
169 203 10 21
169 204 10 22
169 205 10 23
169 206 10 24
169 207 10 25
169 208 10 6
169 209 10 7
169 210 10 8
169 211 10 9
169 212 10 10
169 213 10 11
169 214 10 12
169 215 10 13
169 216 10 14
169 217 10 15
169 218 10 16
170 189 10 7
170 190 10 8
170 191 10 9
170 192 10 10
170 193 10 11
170 194 10 12
170 195 10 13
170 196 10 14
170 197 10 15
170 198 10 16
170 199 10 17
170 200 10 18
170 201 10 19
170 202 10 20
170 203 10 21
170 204 10 22
170 205 10 23
170 206 10 24
170 207 10 25
170 208 10 6
170 209 10 7
170 210 10 8
170 211 10 9
170 212 10 10
170 213 10 11
170 214 10 12
170 215 10 13
170 216 10 14
170 217 10 15
170 218 10 16
171 189 10 7
171 190 10 8
171 191 10 9
171 192 10 10
171 193 10 11
171 194 10 12
171 195 10 13
171 196 10 14
171 197 10 15
171 198 10 16
171 199 10 17
171 200 10 18
171 201 10 19
171 202 10 20
171 203 10 21
171 204 10 22
171 205 10 23
171 206 10 24
171 207 10 25
171 208 10 6
171 209 10 7
171 210 10 8
171 211 10 9
171 212 10 10
171 213 10 11
171 214 10 12
171 215 10 13
171 216 10 14
171 217 10 15
171 218 10 16
172 189 10 7
172 190 10 8
172 191 10 9
172 192 10 10
172 193 10 11
172 194 10 12
172 195 10 13
172 196 10 14
172 197 10 15
172 198 10 16
172 199 10 17
172 200 10 18
172 201 10 19
172 202 10 20
172 203 10 21
172 204 10 22
172 205 10 23
172 206 10 24
172 207 10 25
172 208 10 6
172 209 10 7
172 210 10 8
172 211 10 9
172 212 10 10
172 213 10 11
172 214 10 12
172 215 10 13
172 216 10 14
172 217 10 15
172 218 10 16
173 189 10 7
173 190 10 8
173 191 10 9
173 192 10 10
173 193 10 11
173 194 10 12
173 195 10 13
173 196 10 14
173 197 10 15
173 198 10 16
173 199 10 17
173 200 10 18
173 201 10 19
173 202 10 20
173 203 10 21
173 204 10 22
173 205 10 23
173 206 10 24
173 207 10 25
173 208 10 6
173 209 10 7
173 210 10 8
173 211 10 9
173 212 10 10
173 213 10 11
173 214 10 12
173 215 10 13
173 216 10 14
173 217 10 15
173 218 10 16
174 189 10 7
174 190 10 8
174 191 10 9
174 192 10 10
174 193 10 11
174 194 10 12
174 195 10 13
174 196 10 14
174 197 10 15
174 198 10 16
174 199 10 17
174 200 10 18
174 201 10 19
174 202 10 20
174 203 10 21
174 204 10 22
174 205 10 23
174 206 10 24
174 207 10 25
174 208 10 6
174 209 10 7
174 210 10 8
174 211 10 9
174 212 10 10
174 213 10 11
174 214 10 12
174 215 10 13
174 216 10 14
174 217 10 15
174 218 10 16
175 189 10 7
175 190 10 8
175 191 10 9
175 192 10 10
175 193 10 11
175 194 10 12
175 195 10 13
175 196 10 14
175 197 10 15
175 198 10 16
175 199 10 17
175 200 10 18
175 201 10 19
175 202 10 20
175 203 10 21
175 204 10 22
175 205 10 23
175 206 10 24
175 207 10 25
175 208 10 6
175 209 10 7
175 210 10 8
175 211 10 9
175 212 10 10
175 213 10 11
175 214 10 12
175 215 10 13
175 216 10 14
175 217 10 15
175 218 10 16
176 189 10 7
176 190 10 8
176 191 10 9
176 192 10 10
176 193 10 11
176 194 10 12
176 195 10 13
176 196 10 14
176 197 10 15
176 198 10 16
176 199 10 17
176 200 10 18
176 201 10 19
176 202 10 20
176 203 10 21
176 204 10 22
176 205 10 23
176 206 10 24
176 207 10 25
176 208 10 6
176 209 10 7
176 210 10 8
176 211 10 9
176 212 10 10
176 213 10 11
176 214 10 12
176 215 10 13
176 216 10 14
176 217 10 15
176 218 10 16
177 189 10 7
177 190 10 8
177 191 10 9
177 192 10 10
177 193 10 11
177 194 10 12
177 195 10 13
177 196 10 14
177 197 10 15
177 198 10 16
177 199 10 17
177 200 10 18
177 201 10 19
177 202 10 20
177 203 10 21
177 204 10 22
177 205 10 23
177 206 10 24
177 207 10 25
177 208 10 6
177 209 10 7
177 210 10 8
177 211 10 9
177 212 10 10
177 213 10 11
177 214 10 12
177 215 10 13
177 216 10 14
177 217 10 15
177 218 10 16
178 189 10 7
178 190 10 8
178 191 10 9
178 192 10 10
178 193 10 11
178 194 10 12
178 195 10 13
178 196 10 14
178 197 10 15
178 198 10 16
178 199 10 17
178 200 10 18
178 201 10 19
178 202 10 20
178 203 10 21
178 204 10 22
178 205 10 23
178 206 10 24
178 207 10 25
178 208 10 6
178 209 10 7
178 210 10 8
178 211 10 9
178 212 10 10
178 213 10 11
178 214 10 12
178 215 10 13
178 216 10 14
178 217 10 15
178 218 10 16
179 189 10 7
179 190 10 8
179 191 10 9
179 192 10 10
179 193 10 11
179 194 10 12
179 195 10 13
179 196 10 14
179 197 10 15
179 198 10 16
179 199 10 17
179 200 10 18
179 201 10 19
179 202 10 20
179 203 10 21
179 204 10 22
179 205 10 23
179 206 10 24
179 207 10 25
179 208 10 6
179 209 10 7
179 210 10 8
179 211 10 9
179 212 10 10
179 213 10 11
179 214 10 12
179 215 10 13
179 216 10 14
179 217 10 15
179 218 10 16
180 189 10 7
180 190 10 8
180 191 10 9
180 192 10 10
180 193 10 11
180 194 10 12
180 195 10 13
180 196 10 14
180 197 10 15
180 198 10 16
180 199 10 17
180 200 10 18
180 201 10 19
180 202 10 20
180 203 10 21
180 204 10 22
180 205 10 23
180 206 10 24
180 207 10 25
180 208 10 6
180 209 10 7
180 210 10 8
180 211 10 9
180 212 10 10
180 213 10 11
180 214 10 12
180 215 10 13
180 216 10 14
180 217 10 15
180 218 10 16
181 189 10 7
181 190 10 8
181 191 10 9
181 192 10 10
181 193 10 11
181 194 10 12
181 195 10 13
181 196 10 14
181 197 10 15
181 198 10 16
181 199 10 17
181 200 10 18
181 201 10 19
181 202 10 20
181 203 10 21
181 204 10 22
181 205 10 23
181 206 10 24
181 207 10 25
181 208 10 6
181 209 10 7
181 210 10 8
181 211 10 9
181 212 10 10
181 213 10 11
181 214 10 12
181 215 10 13
181 216 10 14
181 217 10 15
181 218 10 16
182 189 10 7
182 190 10 8
182 191 10 9
182 192 10 10
182 193 10 11
182 194 10 12
182 195 10 13
182 196 10 14
182 197 10 15
182 198 10 16
182 199 10 17
182 200 10 18
182 201 10 19
182 202 10 20
182 203 10 21
182 204 10 22
182 205 10 23
182 206 10 24
182 207 10 25
182 208 10 6
182 209 10 7
182 210 10 8
182 211 10 9
182 212 10 10
182 213 10 11
182 214 10 12
182 215 10 13
182 216 10 14
182 217 10 15
182 218 10 16
183 189 10 7
183 190 10 8
183 191 10 9
183 192 10 10
183 193 10 11
183 194 10 12
183 195 10 13
183 196 10 14
183 197 10 15
183 198 10 16
183 199 10 17
183 200 10 18
183 201 10 19
183 202 10 20
183 203 10 21
183 204 10 22
183 205 10 23
183 206 10 24
183 207 10 25
183 208 10 6
183 209 10 7
183 210 10 8
183 211 10 9
183 212 10 10
183 213 10 11
183 214 10 12
183 215 10 13
183 216 10 14
183 217 10 15
183 218 10 16
184 189 10 7
184 190 10 8
184 191 10 9
184 192 10 10
184 193 10 11
184 194 10 12
184 195 10 13
184 196 10 14
184 197 10 15
184 198 10 16
184 199 10 17
184 200 10 18
184 201 10 19
184 202 10 20
184 203 10 21
184 204 10 22
184 205 10 23
184 206 10 24
184 207 10 25
184 208 10 6
184 209 10 7
184 210 10 8
184 211 10 9
184 212 10 10
184 213 10 11
184 214 10 12
184 215 10 13
184 216 10 14
184 217 10 15
184 218 10 16
185 189 10 7
185 190 10 8
185 191 10 9
185 192 10 10
185 193 10 11
185 194 10 12
185 195 10 13
185 196 10 14
185 197 10 15
185 198 10 16
185 199 10 17
185 200 10 18
185 201 10 19
185 202 10 20
185 203 10 21
185 204 10 22
185 205 10 23
185 206 10 24
185 207 10 25
185 208 10 6
185 209 10 7
185 210 10 8
185 211 10 9
185 212 10 10
185 213 10 11
185 214 10 12
185 215 10 13
185 216 10 14
185 217 10 15
185 218 10 16
186 189 10 7
186 190 10 8
186 191 10 9
186 192 10 10
186 193 10 11
186 194 10 12
186 195 10 13
186 196 10 14
186 197 10 15
186 198 10 16
186 199 10 17
186 200 10 18
186 201 10 19
186 202 10 20
186 203 10 21
186 204 10 22
186 205 10 23
186 206 10 24
186 207 10 25
186 208 10 6
186 209 10 7
186 210 10 8
186 211 10 9
186 212 10 10
186 213 10 11
186 214 10 12
186 215 10 13
186 216 10 14
186 217 10 15
186 218 10 16
187 189 10 7
187 190 10 8
187 191 10 9
187 192 10 10
187 193 10 11
187 194 10 12
187 195 10 13
187 196 10 14
187 197 10 15
187 198 10 16
187 199 10 17
187 200 10 18
187 201 10 19
187 202 10 20
187 203 10 21
187 204 10 22
187 205 10 23
187 206 10 24
187 207 10 25
187 208 10 6
187 209 10 7
187 210 10 8
187 211 10 9
187 212 10 10
187 213 10 11
187 214 10 12
187 215 10 13
187 216 10 14
187 217 10 15
187 218 10 16
188 189 10 7
188 190 10 8
188 191 10 9
188 192 10 10
188 193 10 11
188 194 10 12
188 195 10 13
188 196 10 14
188 197 10 15
188 198 10 16
188 199 10 17
188 200 10 18
188 201 10 19
188 202 10 20
188 203 10 21
188 204 10 22
188 205 10 23
188 206 10 24
188 207 10 25
188 208 10 6
188 209 10 7
188 210 10 8
188 211 10 9
188 212 10 10
188 213 10 11
188 214 10 12
188 215 10 13
188 216 10 14
188 217 10 15
188 218 10 16
189 219 10 8
189 220 10 9
189 221 10 10
189 222 10 11
189 223 10 12
189 224 10 13
189 225 10 14
189 226 10 15
189 227 10 16
189 228 10 17
189 229 10 18
189 230 10 19
189 231 10 20
189 232 10 21
189 233 10 22
189 234 10 23
189 235 10 24
189 236 10 25
189 237 10 26
189 238 10 7
189 239 10 8
189 240 10 9
189 241 10 10
189 242 10 11
189 243 10 12
189 244 10 13
189 245 10 14
189 246 10 15
189 247 10 16
189 248 10 17
190 219 10 8
190 220 10 9
190 221 10 10
190 222 10 11
190 223 10 12
190 224 10 13
190 225 10 14
190 226 10 15
190 227 10 16
190 228 10 17
190 229 10 18
190 230 10 19
190 231 10 20
190 232 10 21
190 233 10 22
190 234 10 23
190 235 10 24
190 236 10 25
190 237 10 26
190 238 10 7
190 239 10 8
190 240 10 9
190 241 10 10
190 242 10 11
190 243 10 12
190 244 10 13
190 245 10 14
190 246 10 15
190 247 10 16
190 248 10 17
191 219 10 8
191 220 10 9
191 221 10 10
191 222 10 11
191 223 10 12
191 224 10 13
191 225 10 14
191 226 10 15
191 227 10 16
191 228 10 17
191 229 10 18
191 230 10 19
191 231 10 20
191 232 10 21
191 233 10 22
191 234 10 23
191 235 10 24
191 236 10 25
191 237 10 26
191 238 10 7
191 239 10 8
191 240 10 9
191 241 10 10
191 242 10 11
191 243 10 12
191 244 10 13
191 245 10 14
191 246 10 15
191 247 10 16
191 248 10 17
192 219 10 8
192 220 10 9
192 221 10 10
192 222 10 11
192 223 10 12
192 224 10 13
192 225 10 14
192 226 10 15
192 227 10 16
192 228 10 17
192 229 10 18
192 230 10 19
192 231 10 20
192 232 10 21
192 233 10 22
192 234 10 23
192 235 10 24
192 236 10 25
192 237 10 26
192 238 10 7
192 239 10 8
192 240 10 9
192 241 10 10
192 242 10 11
192 243 10 12
192 244 10 13
192 245 10 14
192 246 10 15
192 247 10 16
192 248 10 17
193 219 10 8
193 220 10 9
193 221 10 10
193 222 10 11
193 223 10 12
193 224 10 13
193 225 10 14
193 226 10 15
193 227 10 16
193 228 10 17
193 229 10 18
193 230 10 19
193 231 10 20
193 232 10 21
193 233 10 22
193 234 10 23
193 235 10 24
193 236 10 25
193 237 10 26
193 238 10 7
193 239 10 8
193 240 10 9
193 241 10 10
193 242 10 11
193 243 10 12
193 244 10 13
193 245 10 14
193 246 10 15
193 247 10 16
193 248 10 17
194 219 10 8
194 220 10 9
194 221 10 10
194 222 10 11
194 223 10 12
194 224 10 13
194 225 10 14
194 226 10 15
194 227 10 16
194 228 10 17
194 229 10 18
194 230 10 19
194 231 10 20
194 232 10 21
194 233 10 22
194 234 10 23
194 235 10 24
194 236 10 25
194 237 10 26
194 238 10 7
194 239 10 8
194 240 10 9
194 241 10 10
194 242 10 11
194 243 10 12
194 244 10 13
194 245 10 14
194 246 10 15
194 247 10 16
194 248 10 17
195 219 10 8
195 220 10 9
195 221 10 10
195 222 10 11
195 223 10 12
195 224 10 13
195 225 10 14
195 226 10 15
195 227 10 16
195 228 10 17
195 229 10 18
195 230 10 19
195 231 10 20
195 232 10 21
195 233 10 22
195 234 10 23
195 235 10 24
195 236 10 25
195 237 10 26
195 238 10 7
195 239 10 8
195 240 10 9
195 241 10 10
195 242 10 11
195 243 10 12
195 244 10 13
195 245 10 14
195 246 10 15
195 247 10 16
195 248 10 17
196 219 10 8
196 220 10 9
196 221 10 10
196 222 10 11
196 223 10 12
196 224 10 13
196 225 10 14
196 226 10 15
196 227 10 16
196 228 10 17
196 229 10 18
196 230 10 19
196 231 10 20
196 232 10 21
196 233 10 22
196 234 10 23
196 235 10 24
196 236 10 25
196 237 10 26
196 238 10 7
196 239 10 8
196 240 10 9
196 241 10 10
196 242 10 11
196 243 10 12
196 244 10 13
196 245 10 14
196 246 10 15
196 247 10 16
196 248 10 17
197 219 10 8
197 220 10 9
197 221 10 10
197 222 10 11
197 223 10 12
197 224 10 13
197 225 10 14
197 226 10 15
197 227 10 16
197 228 10 17
197 229 10 18
197 230 10 19
197 231 10 20
197 232 10 21
197 233 10 22
197 234 10 23
197 235 10 24
197 236 10 25
197 237 10 26
197 238 10 7
197 239 10 8
197 240 10 9
197 241 10 10
197 242 10 11
197 243 10 12
197 244 10 13
197 245 10 14
197 246 10 15
197 247 10 16
197 248 10 17
198 219 10 8
198 220 10 9
198 221 10 10
198 222 10 11
198 223 10 12
198 224 10 13
198 225 10 14
198 226 10 15
198 227 10 16
198 228 10 17
198 229 10 18
198 230 10 19
198 231 10 20
198 232 10 21
198 233 10 22
198 234 10 23
198 235 10 24
198 236 10 25
198 237 10 26
198 238 10 7
198 239 10 8
198 240 10 9
198 241 10 10
198 242 10 11
198 243 10 12
198 244 10 13
198 245 10 14
198 246 10 15
198 247 10 16
198 248 10 17
199 219 10 8
199 220 10 9
199 221 10 10
199 222 10 11
199 223 10 12
199 224 10 13
199 225 10 14
199 226 10 15
199 227 10 16
199 228 10 17
199 229 10 18
199 230 10 19
199 231 10 20
199 232 10 21
199 233 10 22
199 234 10 23
199 235 10 24
199 236 10 25
199 237 10 26
199 238 10 7
199 239 10 8
199 240 10 9
199 241 10 10
199 242 10 11
199 243 10 12
199 244 10 13
199 245 10 14
199 246 10 15
199 247 10 16
199 248 10 17
200 219 10 8
200 220 10 9
200 221 10 10
200 222 10 11
200 223 10 12
200 224 10 13
200 225 10 14
200 226 10 15
200 227 10 16
200 228 10 17
200 229 10 18
200 230 10 19
200 231 10 20
200 232 10 21
200 233 10 22
200 234 10 23
200 235 10 24
200 236 10 25
200 237 10 26
200 238 10 7
200 239 10 8
200 240 10 9
200 241 10 10
200 242 10 11
200 243 10 12
200 244 10 13
200 245 10 14
200 246 10 15
200 247 10 16
200 248 10 17
201 219 10 8
201 220 10 9
201 221 10 10
201 222 10 11
201 223 10 12
201 224 10 13
201 225 10 14
201 226 10 15
201 227 10 16
201 228 10 17
201 229 10 18
201 230 10 19
201 231 10 20
201 232 10 21
201 233 10 22
201 234 10 23
201 235 10 24
201 236 10 25
201 237 10 26
201 238 10 7
201 239 10 8
201 240 10 9
201 241 10 10
201 242 10 11
201 243 10 12
201 244 10 13
201 245 10 14
201 246 10 15
201 247 10 16
201 248 10 17
202 219 10 8
202 220 10 9
202 221 10 10
202 222 10 11
202 223 10 12
202 224 10 13
202 225 10 14
202 226 10 15
202 227 10 16
202 228 10 17
202 229 10 18
202 230 10 19
202 231 10 20
202 232 10 21
202 233 10 22
202 234 10 23
202 235 10 24
202 236 10 25
202 237 10 26
202 238 10 7
202 239 10 8
202 240 10 9
202 241 10 10
202 242 10 11
202 243 10 12
202 244 10 13
202 245 10 14
202 246 10 15
202 247 10 16
202 248 10 17
203 219 10 8
203 220 10 9
203 221 10 10
203 222 10 11
203 223 10 12
203 224 10 13
203 225 10 14
203 226 10 15
203 227 10 16
203 228 10 17
203 229 10 18
203 230 10 19
203 231 10 20
203 232 10 21
203 233 10 22
203 234 10 23
203 235 10 24
203 236 10 25
203 237 10 26
203 238 10 7
203 239 10 8
203 240 10 9
203 241 10 10
203 242 10 11
203 243 10 12
203 244 10 13
203 245 10 14
203 246 10 15
203 247 10 16
203 248 10 17
204 219 10 8
204 220 10 9
204 221 10 10
204 222 10 11
204 223 10 12
204 224 10 13
204 225 10 14
204 226 10 15
204 227 10 16
204 228 10 17
204 229 10 18
204 230 10 19
204 231 10 20
204 232 10 21
204 233 10 22
204 234 10 23
204 235 10 24
204 236 10 25
204 237 10 26
204 238 10 7
204 239 10 8
204 240 10 9
204 241 10 10
204 242 10 11
204 243 10 12
204 244 10 13
204 245 10 14
204 246 10 15
204 247 10 16
204 248 10 17
205 219 10 8
205 220 10 9
205 221 10 10
205 222 10 11
205 223 10 12
205 224 10 13
205 225 10 14
205 226 10 15
205 227 10 16
205 228 10 17
205 229 10 18
205 230 10 19
205 231 10 20
205 232 10 21
205 233 10 22
205 234 10 23
205 235 10 24
205 236 10 25
205 237 10 26
205 238 10 7
205 239 10 8
205 240 10 9
205 241 10 10
205 242 10 11
205 243 10 12
205 244 10 13
205 245 10 14
205 246 10 15
205 247 10 16
205 248 10 17
206 219 10 8
206 220 10 9
206 221 10 10
206 222 10 11
206 223 10 12
206 224 10 13
206 225 10 14
206 226 10 15
206 227 10 16
206 228 10 17
206 229 10 18
206 230 10 19
206 231 10 20
206 232 10 21
206 233 10 22
206 234 10 23
206 235 10 24
206 236 10 25
206 237 10 26
206 238 10 7
206 239 10 8
206 240 10 9
206 241 10 10
206 242 10 11
206 243 10 12
206 244 10 13
206 245 10 14
206 246 10 15
206 247 10 16
206 248 10 17
207 219 10 8
207 220 10 9
207 221 10 10
207 222 10 11
207 223 10 12
207 224 10 13
207 225 10 14
207 226 10 15
207 227 10 16
207 228 10 17
207 229 10 18
207 230 10 19
207 231 10 20
207 232 10 21
207 233 10 22
207 234 10 23
207 235 10 24
207 236 10 25
207 237 10 26
207 238 10 7
207 239 10 8
207 240 10 9
207 241 10 10
207 242 10 11
207 243 10 12
207 244 10 13
207 245 10 14
207 246 10 15
207 247 10 16
207 248 10 17
208 219 10 8
208 220 10 9
208 221 10 10
208 222 10 11
208 223 10 12
208 224 10 13
208 225 10 14
208 226 10 15
208 227 10 16
208 228 10 17
208 229 10 18
208 230 10 19
208 231 10 20
208 232 10 21
208 233 10 22
208 234 10 23
208 235 10 24
208 236 10 25
208 237 10 26
208 238 10 7
208 239 10 8
208 240 10 9
208 241 10 10
208 242 10 11
208 243 10 12
208 244 10 13
208 245 10 14
208 246 10 15
208 247 10 16
208 248 10 17
209 219 10 8
209 220 10 9
209 221 10 10
209 222 10 11
209 223 10 12
209 224 10 13
209 225 10 14
209 226 10 15
209 227 10 16
209 228 10 17
209 229 10 18
209 230 10 19
209 231 10 20
209 232 10 21
209 233 10 22
209 234 10 23
209 235 10 24
209 236 10 25
209 237 10 26
209 238 10 7
209 239 10 8
209 240 10 9
209 241 10 10
209 242 10 11
209 243 10 12
209 244 10 13
209 245 10 14
209 246 10 15
209 247 10 16
209 248 10 17
210 219 10 8
210 220 10 9
210 221 10 10
210 222 10 11
210 223 10 12
210 224 10 13
210 225 10 14
210 226 10 15
210 227 10 16
210 228 10 17
210 229 10 18
210 230 10 19
210 231 10 20
210 232 10 21
210 233 10 22
210 234 10 23
210 235 10 24
210 236 10 25
210 237 10 26
210 238 10 7
210 239 10 8
210 240 10 9
210 241 10 10
210 242 10 11
210 243 10 12
210 244 10 13
210 245 10 14
210 246 10 15
210 247 10 16
210 248 10 17
211 219 10 8
211 220 10 9
211 221 10 10
211 222 10 11
211 223 10 12
211 224 10 13
211 225 10 14
211 226 10 15
211 227 10 16
211 228 10 17
211 229 10 18
211 230 10 19
211 231 10 20
211 232 10 21
211 233 10 22
211 234 10 23
211 235 10 24
211 236 10 25
211 237 10 26
211 238 10 7
211 239 10 8
211 240 10 9
211 241 10 10
211 242 10 11
211 243 10 12
211 244 10 13
211 245 10 14
211 246 10 15
211 247 10 16
211 248 10 17
212 219 10 8
212 220 10 9
212 221 10 10
212 222 10 11
212 223 10 12
212 224 10 13
212 225 10 14
212 226 10 15
212 227 10 16
212 228 10 17
212 229 10 18
212 230 10 19
212 231 10 20
212 232 10 21
212 233 10 22
212 234 10 23
212 235 10 24
212 236 10 25
212 237 10 26
212 238 10 7
212 239 10 8
212 240 10 9
212 241 10 10
212 242 10 11
212 243 10 12
212 244 10 13
212 245 10 14
212 246 10 15
212 247 10 16
212 248 10 17
213 219 10 8
213 220 10 9
213 221 10 10
213 222 10 11
213 223 10 12
213 224 10 13
213 225 10 14
213 226 10 15
213 227 10 16
213 228 10 17
213 229 10 18
213 230 10 19
213 231 10 20
213 232 10 21
213 233 10 22
213 234 10 23
213 235 10 24
213 236 10 25
213 237 10 26
213 238 10 7
213 239 10 8
213 240 10 9
213 241 10 10
213 242 10 11
213 243 10 12
213 244 10 13
213 245 10 14
213 246 10 15
213 247 10 16
213 248 10 17
214 219 10 8
214 220 10 9
214 221 10 10
214 222 10 11
214 223 10 12
214 224 10 13
214 225 10 14
214 226 10 15
214 227 10 16
214 228 10 17
214 229 10 18
214 230 10 19
214 231 10 20
214 232 10 21
214 233 10 22
214 234 10 23
214 235 10 24
214 236 10 25
214 237 10 26
214 238 10 7
214 239 10 8
214 240 10 9
214 241 10 10
214 242 10 11
214 243 10 12
214 244 10 13
214 245 10 14
214 246 10 15
214 247 10 16
214 248 10 17
215 219 10 8
215 220 10 9
215 221 10 10
215 222 10 11
215 223 10 12
215 224 10 13
215 225 10 14
215 226 10 15
215 227 10 16
215 228 10 17
215 229 10 18
215 230 10 19
215 231 10 20
215 232 10 21
215 233 10 22
215 234 10 23
215 235 10 24
215 236 10 25
215 237 10 26
215 238 10 7
215 239 10 8
215 240 10 9
215 241 10 10
215 242 10 11
215 243 10 12
215 244 10 13
215 245 10 14
215 246 10 15
215 247 10 16
215 248 10 17
216 219 10 8
216 220 10 9
216 221 10 10
216 222 10 11
216 223 10 12
216 224 10 13
216 225 10 14
216 226 10 15
216 227 10 16
216 228 10 17
216 229 10 18
216 230 10 19
216 231 10 20
216 232 10 21
216 233 10 22
216 234 10 23
216 235 10 24
216 236 10 25
216 237 10 26
216 238 10 7
216 239 10 8
216 240 10 9
216 241 10 10
216 242 10 11
216 243 10 12
216 244 10 13
216 245 10 14
216 246 10 15
216 247 10 16
216 248 10 17
217 219 10 8
217 220 10 9
217 221 10 10
217 222 10 11
217 223 10 12
217 224 10 13
217 225 10 14
217 226 10 15
217 227 10 16
217 228 10 17
217 229 10 18
217 230 10 19
217 231 10 20
217 232 10 21
217 233 10 22
217 234 10 23
217 235 10 24
217 236 10 25
217 237 10 26
217 238 10 7
217 239 10 8
217 240 10 9
217 241 10 10
217 242 10 11
217 243 10 12
217 244 10 13
217 245 10 14
217 246 10 15
217 247 10 16
217 248 10 17
218 219 10 8
218 220 10 9
218 221 10 10
218 222 10 11
218 223 10 12
218 224 10 13
218 225 10 14
218 226 10 15
218 227 10 16
218 228 10 17
218 229 10 18
218 230 10 19
218 231 10 20
218 232 10 21
218 233 10 22
218 234 10 23
218 235 10 24
218 236 10 25
218 237 10 26
218 238 10 7
218 239 10 8
218 240 10 9
218 241 10 10
218 242 10 11
218 243 10 12
218 244 10 13
218 245 10 14
218 246 10 15
218 247 10 16
218 248 10 17
219 249 10 9
219 250 10 10
219 251 10 11
219 252 10 12
219 253 10 13
219 254 10 14
219 255 10 15
219 256 10 16
219 257 10 17
219 258 10 18
219 259 10 19
219 260 10 20
219 261 10 21
219 262 10 22
219 263 10 23
219 264 10 24
219 265 10 25
219 266 10 26
219 267 10 27
219 268 10 8
219 269 10 9
219 270 10 10
219 271 10 11
219 272 10 12
219 273 10 13
219 274 10 14
219 275 10 15
219 276 10 16
219 277 10 17
219 278 10 18
220 249 10 9
220 250 10 10
220 251 10 11
220 252 10 12
220 253 10 13
220 254 10 14
220 255 10 15
220 256 10 16
220 257 10 17
220 258 10 18
220 259 10 19
220 260 10 20
220 261 10 21
220 262 10 22
220 263 10 23
220 264 10 24
220 265 10 25
220 266 10 26
220 267 10 27
220 268 10 8
220 269 10 9
220 270 10 10
220 271 10 11
220 272 10 12
220 273 10 13
220 274 10 14
220 275 10 15
220 276 10 16
220 277 10 17
220 278 10 18
221 249 10 9
221 250 10 10
221 251 10 11
221 252 10 12
221 253 10 13
221 254 10 14
221 255 10 15
221 256 10 16
221 257 10 17
221 258 10 18
221 259 10 19
221 260 10 20
221 261 10 21
221 262 10 22
221 263 10 23
221 264 10 24
221 265 10 25
221 266 10 26
221 267 10 27
221 268 10 8
221 269 10 9
221 270 10 10
221 271 10 11
221 272 10 12
221 273 10 13
221 274 10 14
221 275 10 15
221 276 10 16
221 277 10 17
221 278 10 18
222 249 10 9
222 250 10 10
222 251 10 11
222 252 10 12
222 253 10 13
222 254 10 14
222 255 10 15
222 256 10 16
222 257 10 17
222 258 10 18
222 259 10 19
222 260 10 20
222 261 10 21
222 262 10 22
222 263 10 23
222 264 10 24
222 265 10 25
222 266 10 26
222 267 10 27
222 268 10 8
222 269 10 9
222 270 10 10
222 271 10 11
222 272 10 12
222 273 10 13
222 274 10 14
222 275 10 15
222 276 10 16
222 277 10 17
222 278 10 18
223 249 10 9
223 250 10 10
223 251 10 11
223 252 10 12
223 253 10 13
223 254 10 14
223 255 10 15
223 256 10 16
223 257 10 17
223 258 10 18
223 259 10 19
223 260 10 20
223 261 10 21
223 262 10 22
223 263 10 23
223 264 10 24
223 265 10 25
223 266 10 26
223 267 10 27
223 268 10 8
223 269 10 9
223 270 10 10
223 271 10 11
223 272 10 12
223 273 10 13
223 274 10 14
223 275 10 15
223 276 10 16
223 277 10 17
223 278 10 18
224 249 10 9
224 250 10 10
224 251 10 11
224 252 10 12
224 253 10 13
224 254 10 14
224 255 10 15
224 256 10 16
224 257 10 17
224 258 10 18
224 259 10 19
224 260 10 20
224 261 10 21
224 262 10 22
224 263 10 23
224 264 10 24
224 265 10 25
224 266 10 26
224 267 10 27
224 268 10 8
224 269 10 9
224 270 10 10
224 271 10 11
224 272 10 12
224 273 10 13
224 274 10 14
224 275 10 15
224 276 10 16
224 277 10 17
224 278 10 18
225 249 10 9
225 250 10 10
225 251 10 11
225 252 10 12
225 253 10 13
225 254 10 14
225 255 10 15
225 256 10 16
225 257 10 17
225 258 10 18
225 259 10 19
225 260 10 20
225 261 10 21
225 262 10 22
225 263 10 23
225 264 10 24
225 265 10 25
225 266 10 26
225 267 10 27
225 268 10 8
225 269 10 9
225 270 10 10
225 271 10 11
225 272 10 12
225 273 10 13
225 274 10 14
225 275 10 15
225 276 10 16
225 277 10 17
225 278 10 18
226 249 10 9
226 250 10 10
226 251 10 11
226 252 10 12
226 253 10 13
226 254 10 14
226 255 10 15
226 256 10 16
226 257 10 17
226 258 10 18
226 259 10 19
226 260 10 20
226 261 10 21
226 262 10 22
226 263 10 23
226 264 10 24
226 265 10 25
226 266 10 26
226 267 10 27
226 268 10 8
226 269 10 9
226 270 10 10
226 271 10 11
226 272 10 12
226 273 10 13
226 274 10 14
226 275 10 15
226 276 10 16
226 277 10 17
226 278 10 18
227 249 10 9
227 250 10 10
227 251 10 11
227 252 10 12
227 253 10 13
227 254 10 14
227 255 10 15
227 256 10 16
227 257 10 17
227 258 10 18
227 259 10 19
227 260 10 20
227 261 10 21
227 262 10 22
227 263 10 23
227 264 10 24
227 265 10 25
227 266 10 26
227 267 10 27
227 268 10 8
227 269 10 9
227 270 10 10
227 271 10 11
227 272 10 12
227 273 10 13
227 274 10 14
227 275 10 15
227 276 10 16
227 277 10 17
227 278 10 18
228 249 10 9
228 250 10 10
228 251 10 11
228 252 10 12
228 253 10 13
228 254 10 14
228 255 10 15
228 256 10 16
228 257 10 17
228 258 10 18
228 259 10 19
228 260 10 20
228 261 10 21
228 262 10 22
228 263 10 23
228 264 10 24
228 265 10 25
228 266 10 26
228 267 10 27
228 268 10 8
228 269 10 9
228 270 10 10
228 271 10 11
228 272 10 12
228 273 10 13
228 274 10 14
228 275 10 15
228 276 10 16
228 277 10 17
228 278 10 18
229 249 10 9
229 250 10 10
229 251 10 11
229 252 10 12
229 253 10 13
229 254 10 14
229 255 10 15
229 256 10 16
229 257 10 17
229 258 10 18
229 259 10 19
229 260 10 20
229 261 10 21
229 262 10 22
229 263 10 23
229 264 10 24
229 265 10 25
229 266 10 26
229 267 10 27
229 268 10 8
229 269 10 9
229 270 10 10
229 271 10 11
229 272 10 12
229 273 10 13
229 274 10 14
229 275 10 15
229 276 10 16
229 277 10 17
229 278 10 18
230 249 10 9
230 250 10 10
230 251 10 11
230 252 10 12
230 253 10 13
230 254 10 14
230 255 10 15
230 256 10 16
230 257 10 17
230 258 10 18
230 259 10 19
230 260 10 20
230 261 10 21
230 262 10 22
230 263 10 23
230 264 10 24
230 265 10 25
230 266 10 26
230 267 10 27
230 268 10 8
230 269 10 9
230 270 10 10
230 271 10 11
230 272 10 12
230 273 10 13
230 274 10 14
230 275 10 15
230 276 10 16
230 277 10 17
230 278 10 18
231 249 10 9
231 250 10 10
231 251 10 11
231 252 10 12
231 253 10 13
231 254 10 14
231 255 10 15
231 256 10 16
231 257 10 17
231 258 10 18
231 259 10 19
231 260 10 20
231 261 10 21
231 262 10 22
231 263 10 23
231 264 10 24
231 265 10 25
231 266 10 26
231 267 10 27
231 268 10 8
231 269 10 9
231 270 10 10
231 271 10 11
231 272 10 12
231 273 10 13
231 274 10 14
231 275 10 15
231 276 10 16
231 277 10 17
231 278 10 18
232 249 10 9
232 250 10 10
232 251 10 11
232 252 10 12
232 253 10 13
232 254 10 14
232 255 10 15
232 256 10 16
232 257 10 17
232 258 10 18
232 259 10 19
232 260 10 20
232 261 10 21
232 262 10 22
232 263 10 23
232 264 10 24
232 265 10 25
232 266 10 26
232 267 10 27
232 268 10 8
232 269 10 9
232 270 10 10
232 271 10 11
232 272 10 12
232 273 10 13
232 274 10 14
232 275 10 15
232 276 10 16
232 277 10 17
232 278 10 18
233 249 10 9
233 250 10 10
233 251 10 11
233 252 10 12
233 253 10 13
233 254 10 14
233 255 10 15
233 256 10 16
233 257 10 17
233 258 10 18
233 259 10 19
233 260 10 20
233 261 10 21
233 262 10 22
233 263 10 23
233 264 10 24
233 265 10 25
233 266 10 26
233 267 10 27
233 268 10 8
233 269 10 9
233 270 10 10
233 271 10 11
233 272 10 12
233 273 10 13
233 274 10 14
233 275 10 15
233 276 10 16
233 277 10 17
233 278 10 18
234 249 10 9
234 250 10 10
234 251 10 11
234 252 10 12
234 253 10 13
234 254 10 14
234 255 10 15
234 256 10 16
234 257 10 17
234 258 10 18
234 259 10 19
234 260 10 20
234 261 10 21
234 262 10 22
234 263 10 23
234 264 10 24
234 265 10 25
234 266 10 26
234 267 10 27
234 268 10 8
234 269 10 9
234 270 10 10
234 271 10 11
234 272 10 12
234 273 10 13
234 274 10 14
234 275 10 15
234 276 10 16
234 277 10 17
234 278 10 18
235 249 10 9
235 250 10 10
235 251 10 11
235 252 10 12
235 253 10 13
235 254 10 14
235 255 10 15
235 256 10 16
235 257 10 17
235 258 10 18
235 259 10 19
235 260 10 20
235 261 10 21
235 262 10 22
235 263 10 23
235 264 10 24
235 265 10 25
235 266 10 26
235 267 10 27
235 268 10 8
235 269 10 9
235 270 10 10
235 271 10 11
235 272 10 12
235 273 10 13
235 274 10 14
235 275 10 15
235 276 10 16
235 277 10 17
235 278 10 18
236 249 10 9
236 250 10 10
236 251 10 11
236 252 10 12
236 253 10 13
236 254 10 14
236 255 10 15
236 256 10 16
236 257 10 17
236 258 10 18
236 259 10 19
236 260 10 20
236 261 10 21
236 262 10 22
236 263 10 23
236 264 10 24
236 265 10 25
236 266 10 26
236 267 10 27
236 268 10 8
236 269 10 9
236 270 10 10
236 271 10 11
236 272 10 12
236 273 10 13
236 274 10 14
236 275 10 15
236 276 10 16
236 277 10 17
236 278 10 18
237 249 10 9
237 250 10 10
237 251 10 11
237 252 10 12
237 253 10 13
237 254 10 14
237 255 10 15
237 256 10 16
237 257 10 17
237 258 10 18
237 259 10 19
237 260 10 20
237 261 10 21
237 262 10 22
237 263 10 23
237 264 10 24
237 265 10 25
237 266 10 26
237 267 10 27
237 268 10 8
237 269 10 9
237 270 10 10
237 271 10 11
237 272 10 12
237 273 10 13
237 274 10 14
237 275 10 15
237 276 10 16
237 277 10 17
237 278 10 18
238 249 10 9
238 250 10 10
238 251 10 11
238 252 10 12
238 253 10 13
238 254 10 14
238 255 10 15
238 256 10 16
238 257 10 17
238 258 10 18
238 259 10 19
238 260 10 20
238 261 10 21
238 262 10 22
238 263 10 23
238 264 10 24
238 265 10 25
238 266 10 26
238 267 10 27
238 268 10 8
238 269 10 9
238 270 10 10
238 271 10 11
238 272 10 12
238 273 10 13
238 274 10 14
238 275 10 15
238 276 10 16
238 277 10 17
238 278 10 18
239 249 10 9
239 250 10 10
239 251 10 11
239 252 10 12
239 253 10 13
239 254 10 14
239 255 10 15
239 256 10 16
239 257 10 17
239 258 10 18
239 259 10 19
239 260 10 20
239 261 10 21
239 262 10 22
239 263 10 23
239 264 10 24
239 265 10 25
239 266 10 26
239 267 10 27
239 268 10 8
239 269 10 9
239 270 10 10
239 271 10 11
239 272 10 12
239 273 10 13
239 274 10 14
239 275 10 15
239 276 10 16
239 277 10 17
239 278 10 18
240 249 10 9
240 250 10 10
240 251 10 11
240 252 10 12
240 253 10 13
240 254 10 14
240 255 10 15
240 256 10 16
240 257 10 17
240 258 10 18
240 259 10 19
240 260 10 20
240 261 10 21
240 262 10 22
240 263 10 23
240 264 10 24
240 265 10 25
240 266 10 26
240 267 10 27
240 268 10 8
240 269 10 9
240 270 10 10
240 271 10 11
240 272 10 12
240 273 10 13
240 274 10 14
240 275 10 15
240 276 10 16
240 277 10 17
240 278 10 18
241 249 10 9
241 250 10 10
241 251 10 11
241 252 10 12
241 253 10 13
241 254 10 14
241 255 10 15
241 256 10 16
241 257 10 17
241 258 10 18
241 259 10 19
241 260 10 20
241 261 10 21
241 262 10 22
241 263 10 23
241 264 10 24
241 265 10 25
241 266 10 26
241 267 10 27
241 268 10 8
241 269 10 9
241 270 10 10
241 271 10 11
241 272 10 12
241 273 10 13
241 274 10 14
241 275 10 15
241 276 10 16
241 277 10 17
241 278 10 18
242 249 10 9
242 250 10 10
242 251 10 11
242 252 10 12
242 253 10 13
242 254 10 14
242 255 10 15
242 256 10 16
242 257 10 17
242 258 10 18
242 259 10 19
242 260 10 20
242 261 10 21
242 262 10 22
242 263 10 23
242 264 10 24
242 265 10 25
242 266 10 26
242 267 10 27
242 268 10 8
242 269 10 9
242 270 10 10
242 271 10 11
242 272 10 12
242 273 10 13
242 274 10 14
242 275 10 15
242 276 10 16
242 277 10 17
242 278 10 18
243 249 10 9
243 250 10 10
243 251 10 11
243 252 10 12
243 253 10 13
243 254 10 14
243 255 10 15
243 256 10 16
243 257 10 17
243 258 10 18
243 259 10 19
243 260 10 20
243 261 10 21
243 262 10 22
243 263 10 23
243 264 10 24
243 265 10 25
243 266 10 26
243 267 10 27
243 268 10 8
243 269 10 9
243 270 10 10
243 271 10 11
243 272 10 12
243 273 10 13
243 274 10 14
243 275 10 15
243 276 10 16
243 277 10 17
243 278 10 18
244 249 10 9
244 250 10 10
244 251 10 11
244 252 10 12
244 253 10 13
244 254 10 14
244 255 10 15
244 256 10 16
244 257 10 17
244 258 10 18
244 259 10 19
244 260 10 20
244 261 10 21
244 262 10 22
244 263 10 23
244 264 10 24
244 265 10 25
244 266 10 26
244 267 10 27
244 268 10 8
244 269 10 9
244 270 10 10
244 271 10 11
244 272 10 12
244 273 10 13
244 274 10 14
244 275 10 15
244 276 10 16
244 277 10 17
244 278 10 18
245 249 10 9
245 250 10 10
245 251 10 11
245 252 10 12
245 253 10 13
245 254 10 14
245 255 10 15
245 256 10 16
245 257 10 17
245 258 10 18
245 259 10 19
245 260 10 20
245 261 10 21
245 262 10 22
245 263 10 23
245 264 10 24
245 265 10 25
245 266 10 26
245 267 10 27
245 268 10 8
245 269 10 9
245 270 10 10
245 271 10 11
245 272 10 12
245 273 10 13
245 274 10 14
245 275 10 15
245 276 10 16
245 277 10 17
245 278 10 18
246 249 10 9
246 250 10 10
246 251 10 11
246 252 10 12
246 253 10 13
246 254 10 14
246 255 10 15
246 256 10 16
246 257 10 17
246 258 10 18
246 259 10 19
246 260 10 20
246 261 10 21
246 262 10 22
246 263 10 23
246 264 10 24
246 265 10 25
246 266 10 26
246 267 10 27
246 268 10 8
246 269 10 9
246 270 10 10
246 271 10 11
246 272 10 12
246 273 10 13
246 274 10 14
246 275 10 15
246 276 10 16
246 277 10 17
246 278 10 18
247 249 10 9
247 250 10 10
247 251 10 11
247 252 10 12
247 253 10 13
247 254 10 14
247 255 10 15
247 256 10 16
247 257 10 17
247 258 10 18
247 259 10 19
247 260 10 20
247 261 10 21
247 262 10 22
247 263 10 23
247 264 10 24
247 265 10 25
247 266 10 26
247 267 10 27
247 268 10 8
247 269 10 9
247 270 10 10
247 271 10 11
247 272 10 12
247 273 10 13
247 274 10 14
247 275 10 15
247 276 10 16
247 277 10 17
247 278 10 18
248 249 10 9
248 250 10 10
248 251 10 11
248 252 10 12
248 253 10 13
248 254 10 14
248 255 10 15
248 256 10 16
248 257 10 17
248 258 10 18
248 259 10 19
248 260 10 20
248 261 10 21
248 262 10 22
248 263 10 23
248 264 10 24
248 265 10 25
248 266 10 26
248 267 10 27
248 268 10 8
248 269 10 9
248 270 10 10
248 271 10 11
248 272 10 12
248 273 10 13
248 274 10 14
248 275 10 15
248 276 10 16
248 277 10 17
248 278 10 18
249 279 10 10
249 280 10 11
249 281 10 12
249 282 10 13
249 283 10 14
249 284 10 15
249 285 10 16
249 286 10 17
249 287 10 18
249 288 10 19
249 289 10 20
249 290 10 21
249 291 10 22
249 292 10 23
249 293 10 24
249 294 10 25
249 295 10 26
249 296 10 27
249 297 10 28
249 298 10 9
249 299 10 10
249 300 10 11
249 301 10 12
249 302 10 13
249 303 10 14
249 304 10 15
249 305 10 16
249 306 10 17
249 307 10 18
249 308 10 19
250 279 10 10
250 280 10 11
250 281 10 12
250 282 10 13
250 283 10 14
250 284 10 15
250 285 10 16
250 286 10 17
250 287 10 18
250 288 10 19
250 289 10 20
250 290 10 21
250 291 10 22
250 292 10 23
250 293 10 24
250 294 10 25
250 295 10 26
250 296 10 27
250 297 10 28
250 298 10 9
250 299 10 10
250 300 10 11
250 301 10 12
250 302 10 13
250 303 10 14
250 304 10 15
250 305 10 16
250 306 10 17
250 307 10 18
250 308 10 19
251 279 10 10
251 280 10 11
251 281 10 12
251 282 10 13
251 283 10 14
251 284 10 15
251 285 10 16
251 286 10 17
251 287 10 18
251 288 10 19
251 289 10 20
251 290 10 21
251 291 10 22
251 292 10 23
251 293 10 24
251 294 10 25
251 295 10 26
251 296 10 27
251 297 10 28
251 298 10 9
251 299 10 10
251 300 10 11
251 301 10 12
251 302 10 13
251 303 10 14
251 304 10 15
251 305 10 16
251 306 10 17
251 307 10 18
251 308 10 19
252 279 10 10
252 280 10 11
252 281 10 12
252 282 10 13
252 283 10 14
252 284 10 15
252 285 10 16
252 286 10 17
252 287 10 18
252 288 10 19
252 289 10 20
252 290 10 21
252 291 10 22
252 292 10 23
252 293 10 24
252 294 10 25
252 295 10 26
252 296 10 27
252 297 10 28
252 298 10 9
252 299 10 10
252 300 10 11
252 301 10 12
252 302 10 13
252 303 10 14
252 304 10 15
252 305 10 16
252 306 10 17
252 307 10 18
252 308 10 19
253 279 10 10
253 280 10 11
253 281 10 12
253 282 10 13
253 283 10 14
253 284 10 15
253 285 10 16
253 286 10 17
253 287 10 18
253 288 10 19
253 289 10 20
253 290 10 21
253 291 10 22
253 292 10 23
253 293 10 24
253 294 10 25
253 295 10 26
253 296 10 27
253 297 10 28
253 298 10 9
253 299 10 10
253 300 10 11
253 301 10 12
253 302 10 13
253 303 10 14
253 304 10 15
253 305 10 16
253 306 10 17
253 307 10 18
253 308 10 19
254 279 10 10
254 280 10 11
254 281 10 12
254 282 10 13
254 283 10 14
254 284 10 15
254 285 10 16
254 286 10 17
254 287 10 18
254 288 10 19
254 289 10 20
254 290 10 21
254 291 10 22
254 292 10 23
254 293 10 24
254 294 10 25
254 295 10 26
254 296 10 27
254 297 10 28
254 298 10 9
254 299 10 10
254 300 10 11
254 301 10 12
254 302 10 13
254 303 10 14
254 304 10 15
254 305 10 16
254 306 10 17
254 307 10 18
254 308 10 19
255 279 10 10
255 280 10 11
255 281 10 12
255 282 10 13
255 283 10 14
255 284 10 15
255 285 10 16
255 286 10 17
255 287 10 18
255 288 10 19
255 289 10 20
255 290 10 21
255 291 10 22
255 292 10 23
255 293 10 24
255 294 10 25
255 295 10 26
255 296 10 27
255 297 10 28
255 298 10 9
255 299 10 10
255 300 10 11
255 301 10 12
255 302 10 13
255 303 10 14
255 304 10 15
255 305 10 16
255 306 10 17
255 307 10 18
255 308 10 19
256 279 10 10
256 280 10 11
256 281 10 12
256 282 10 13
256 283 10 14
256 284 10 15
256 285 10 16
256 286 10 17
256 287 10 18
256 288 10 19
256 289 10 20
256 290 10 21
256 291 10 22
256 292 10 23
256 293 10 24
256 294 10 25
256 295 10 26
256 296 10 27
256 297 10 28
256 298 10 9
256 299 10 10
256 300 10 11
256 301 10 12
256 302 10 13
256 303 10 14
256 304 10 15
256 305 10 16
256 306 10 17
256 307 10 18
256 308 10 19
257 279 10 10
257 280 10 11
257 281 10 12
257 282 10 13
257 283 10 14
257 284 10 15
257 285 10 16
257 286 10 17
257 287 10 18
257 288 10 19
257 289 10 20
257 290 10 21
257 291 10 22
257 292 10 23
257 293 10 24
257 294 10 25
257 295 10 26
257 296 10 27
257 297 10 28
257 298 10 9
257 299 10 10
257 300 10 11
257 301 10 12
257 302 10 13
257 303 10 14
257 304 10 15
257 305 10 16
257 306 10 17
257 307 10 18
257 308 10 19
258 279 10 10
258 280 10 11
258 281 10 12
258 282 10 13
258 283 10 14
258 284 10 15
258 285 10 16
258 286 10 17
258 287 10 18
258 288 10 19
258 289 10 20
258 290 10 21
258 291 10 22
258 292 10 23
258 293 10 24
258 294 10 25
258 295 10 26
258 296 10 27
258 297 10 28
258 298 10 9
258 299 10 10
258 300 10 11
258 301 10 12
258 302 10 13
258 303 10 14
258 304 10 15
258 305 10 16
258 306 10 17
258 307 10 18
258 308 10 19
259 279 10 10
259 280 10 11
259 281 10 12
259 282 10 13
259 283 10 14
259 284 10 15
259 285 10 16
259 286 10 17
259 287 10 18
259 288 10 19
259 289 10 20
259 290 10 21
259 291 10 22
259 292 10 23
259 293 10 24
259 294 10 25
259 295 10 26
259 296 10 27
259 297 10 28
259 298 10 9
259 299 10 10
259 300 10 11
259 301 10 12
259 302 10 13
259 303 10 14
259 304 10 15
259 305 10 16
259 306 10 17
259 307 10 18
259 308 10 19
260 279 10 10
260 280 10 11
260 281 10 12
260 282 10 13
260 283 10 14
260 284 10 15
260 285 10 16
260 286 10 17
260 287 10 18
260 288 10 19
260 289 10 20
260 290 10 21
260 291 10 22
260 292 10 23
260 293 10 24
260 294 10 25
260 295 10 26
260 296 10 27
260 297 10 28
260 298 10 9
260 299 10 10
260 300 10 11
260 301 10 12
260 302 10 13
260 303 10 14
260 304 10 15
260 305 10 16
260 306 10 17
260 307 10 18
260 308 10 19
261 279 10 10
261 280 10 11
261 281 10 12
261 282 10 13
261 283 10 14
261 284 10 15
261 285 10 16
261 286 10 17
261 287 10 18
261 288 10 19
261 289 10 20
261 290 10 21
261 291 10 22
261 292 10 23
261 293 10 24
261 294 10 25
261 295 10 26
261 296 10 27
261 297 10 28
261 298 10 9
261 299 10 10
261 300 10 11
261 301 10 12
261 302 10 13
261 303 10 14
261 304 10 15
261 305 10 16
261 306 10 17
261 307 10 18
261 308 10 19
262 279 10 10
262 280 10 11
262 281 10 12
262 282 10 13
262 283 10 14
262 284 10 15
262 285 10 16
262 286 10 17
262 287 10 18
262 288 10 19
262 289 10 20
262 290 10 21
262 291 10 22
262 292 10 23
262 293 10 24
262 294 10 25
262 295 10 26
262 296 10 27
262 297 10 28
262 298 10 9
262 299 10 10
262 300 10 11
262 301 10 12
262 302 10 13
262 303 10 14
262 304 10 15
262 305 10 16
262 306 10 17
262 307 10 18
262 308 10 19
263 279 10 10
263 280 10 11
263 281 10 12
263 282 10 13
263 283 10 14
263 284 10 15
263 285 10 16
263 286 10 17
263 287 10 18
263 288 10 19
263 289 10 20
263 290 10 21
263 291 10 22
263 292 10 23
263 293 10 24
263 294 10 25
263 295 10 26
263 296 10 27
263 297 10 28
263 298 10 9
263 299 10 10
263 300 10 11
263 301 10 12
263 302 10 13
263 303 10 14
263 304 10 15
263 305 10 16
263 306 10 17
263 307 10 18
263 308 10 19
264 279 10 10
264 280 10 11
264 281 10 12
264 282 10 13
264 283 10 14
264 284 10 15
264 285 10 16
264 286 10 17
264 287 10 18
264 288 10 19
264 289 10 20
264 290 10 21
264 291 10 22
264 292 10 23
264 293 10 24
264 294 10 25
264 295 10 26
264 296 10 27
264 297 10 28
264 298 10 9
264 299 10 10
264 300 10 11
264 301 10 12
264 302 10 13
264 303 10 14
264 304 10 15
264 305 10 16
264 306 10 17
264 307 10 18
264 308 10 19
265 279 10 10
265 280 10 11
265 281 10 12
265 282 10 13
265 283 10 14
265 284 10 15
265 285 10 16
265 286 10 17
265 287 10 18
265 288 10 19
265 289 10 20
265 290 10 21
265 291 10 22
265 292 10 23
265 293 10 24
265 294 10 25
265 295 10 26
265 296 10 27
265 297 10 28
265 298 10 9
265 299 10 10
265 300 10 11
265 301 10 12
265 302 10 13
265 303 10 14
265 304 10 15
265 305 10 16
265 306 10 17
265 307 10 18
265 308 10 19
266 279 10 10
266 280 10 11
266 281 10 12
266 282 10 13
266 283 10 14
266 284 10 15
266 285 10 16
266 286 10 17
266 287 10 18
266 288 10 19
266 289 10 20
266 290 10 21
266 291 10 22
266 292 10 23
266 293 10 24
266 294 10 25
266 295 10 26
266 296 10 27
266 297 10 28
266 298 10 9
266 299 10 10
266 300 10 11
266 301 10 12
266 302 10 13
266 303 10 14
266 304 10 15
266 305 10 16
266 306 10 17
266 307 10 18
266 308 10 19
267 279 10 10
267 280 10 11
267 281 10 12
267 282 10 13
267 283 10 14
267 284 10 15
267 285 10 16
267 286 10 17
267 287 10 18
267 288 10 19
267 289 10 20
267 290 10 21
267 291 10 22
267 292 10 23
267 293 10 24
267 294 10 25
267 295 10 26
267 296 10 27
267 297 10 28
267 298 10 9
267 299 10 10
267 300 10 11
267 301 10 12
267 302 10 13
267 303 10 14
267 304 10 15
267 305 10 16
267 306 10 17
267 307 10 18
267 308 10 19
268 279 10 10
268 280 10 11
268 281 10 12
268 282 10 13
268 283 10 14
268 284 10 15
268 285 10 16
268 286 10 17
268 287 10 18
268 288 10 19
268 289 10 20
268 290 10 21
268 291 10 22
268 292 10 23
268 293 10 24
268 294 10 25
268 295 10 26
268 296 10 27
268 297 10 28
268 298 10 9
268 299 10 10
268 300 10 11
268 301 10 12
268 302 10 13
268 303 10 14
268 304 10 15
268 305 10 16
268 306 10 17
268 307 10 18
268 308 10 19
269 279 10 10
269 280 10 11
269 281 10 12
269 282 10 13
269 283 10 14
269 284 10 15
269 285 10 16
269 286 10 17
269 287 10 18
269 288 10 19
269 289 10 20
269 290 10 21
269 291 10 22
269 292 10 23
269 293 10 24
269 294 10 25
269 295 10 26
269 296 10 27
269 297 10 28
269 298 10 9
269 299 10 10
269 300 10 11
269 301 10 12
269 302 10 13
269 303 10 14
269 304 10 15
269 305 10 16
269 306 10 17
269 307 10 18
269 308 10 19
270 279 10 10
270 280 10 11
270 281 10 12
270 282 10 13
270 283 10 14
270 284 10 15
270 285 10 16
270 286 10 17
270 287 10 18
270 288 10 19
270 289 10 20
270 290 10 21
270 291 10 22
270 292 10 23
270 293 10 24
270 294 10 25
270 295 10 26
270 296 10 27
270 297 10 28
270 298 10 9
270 299 10 10
270 300 10 11
270 301 10 12
270 302 10 13
270 303 10 14
270 304 10 15
270 305 10 16
270 306 10 17
270 307 10 18
270 308 10 19
271 279 10 10
271 280 10 11
271 281 10 12
271 282 10 13
271 283 10 14
271 284 10 15
271 285 10 16
271 286 10 17
271 287 10 18
271 288 10 19
271 289 10 20
271 290 10 21
271 291 10 22
271 292 10 23
271 293 10 24
271 294 10 25
271 295 10 26
271 296 10 27
271 297 10 28
271 298 10 9
271 299 10 10
271 300 10 11
271 301 10 12
271 302 10 13
271 303 10 14
271 304 10 15
271 305 10 16
271 306 10 17
271 307 10 18
271 308 10 19
272 279 10 10
272 280 10 11
272 281 10 12
272 282 10 13
272 283 10 14
272 284 10 15
272 285 10 16
272 286 10 17
272 287 10 18
272 288 10 19
272 289 10 20
272 290 10 21
272 291 10 22
272 292 10 23
272 293 10 24
272 294 10 25
272 295 10 26
272 296 10 27
272 297 10 28
272 298 10 9
272 299 10 10
272 300 10 11
272 301 10 12
272 302 10 13
272 303 10 14
272 304 10 15
272 305 10 16
272 306 10 17
272 307 10 18
272 308 10 19
273 279 10 10
273 280 10 11
273 281 10 12
273 282 10 13
273 283 10 14
273 284 10 15
273 285 10 16
273 286 10 17
273 287 10 18
273 288 10 19
273 289 10 20
273 290 10 21
273 291 10 22
273 292 10 23
273 293 10 24
273 294 10 25
273 295 10 26
273 296 10 27
273 297 10 28
273 298 10 9
273 299 10 10
273 300 10 11
273 301 10 12
273 302 10 13
273 303 10 14
273 304 10 15
273 305 10 16
273 306 10 17
273 307 10 18
273 308 10 19
274 279 10 10
274 280 10 11
274 281 10 12
274 282 10 13
274 283 10 14
274 284 10 15
274 285 10 16
274 286 10 17
274 287 10 18
274 288 10 19
274 289 10 20
274 290 10 21
274 291 10 22
274 292 10 23
274 293 10 24
274 294 10 25
274 295 10 26
274 296 10 27
274 297 10 28
274 298 10 9
274 299 10 10
274 300 10 11
274 301 10 12
274 302 10 13
274 303 10 14
274 304 10 15
274 305 10 16
274 306 10 17
274 307 10 18
274 308 10 19
275 279 10 10
275 280 10 11
275 281 10 12
275 282 10 13
275 283 10 14
275 284 10 15
275 285 10 16
275 286 10 17
275 287 10 18
275 288 10 19
275 289 10 20
275 290 10 21
275 291 10 22
275 292 10 23
275 293 10 24
275 294 10 25
275 295 10 26
275 296 10 27
275 297 10 28
275 298 10 9
275 299 10 10
275 300 10 11
275 301 10 12
275 302 10 13
275 303 10 14
275 304 10 15
275 305 10 16
275 306 10 17
275 307 10 18
275 308 10 19
276 279 10 10
276 280 10 11
276 281 10 12
276 282 10 13
276 283 10 14
276 284 10 15
276 285 10 16
276 286 10 17
276 287 10 18
276 288 10 19
276 289 10 20
276 290 10 21
276 291 10 22
276 292 10 23
276 293 10 24
276 294 10 25
276 295 10 26
276 296 10 27
276 297 10 28
276 298 10 9
276 299 10 10
276 300 10 11
276 301 10 12
276 302 10 13
276 303 10 14
276 304 10 15
276 305 10 16
276 306 10 17
276 307 10 18
276 308 10 19
277 279 10 10
277 280 10 11
277 281 10 12
277 282 10 13
277 283 10 14
277 284 10 15
277 285 10 16
277 286 10 17
277 287 10 18
277 288 10 19
277 289 10 20
277 290 10 21
277 291 10 22
277 292 10 23
277 293 10 24
277 294 10 25
277 295 10 26
277 296 10 27
277 297 10 28
277 298 10 9
277 299 10 10
277 300 10 11
277 301 10 12
277 302 10 13
277 303 10 14
277 304 10 15
277 305 10 16
277 306 10 17
277 307 10 18
277 308 10 19
278 279 10 10
278 280 10 11
278 281 10 12
278 282 10 13
278 283 10 14
278 284 10 15
278 285 10 16
278 286 10 17
278 287 10 18
278 288 10 19
278 289 10 20
278 290 10 21
278 291 10 22
278 292 10 23
278 293 10 24
278 294 10 25
278 295 10 26
278 296 10 27
278 297 10 28
278 298 10 9
278 299 10 10
278 300 10 11
278 301 10 12
278 302 10 13
278 303 10 14
278 304 10 15
278 305 10 16
278 306 10 17
278 307 10 18
278 308 10 19
279 309 10 11
279 310 10 12
279 311 10 13
279 312 10 14
279 313 10 15
279 314 10 16
279 315 10 17
279 316 10 18
279 317 10 19
279 318 10 20
279 319 10 21
279 320 10 22
279 321 10 23
279 322 10 24
279 323 10 25
279 324 10 26
279 325 10 27
279 326 10 28
279 327 10 29
279 328 10 10
279 329 10 11
279 330 10 12
279 331 10 13
279 332 10 14
279 333 10 15
279 334 10 16
279 335 10 17
279 336 10 18
279 337 10 19
279 338 10 20
280 309 10 11
280 310 10 12
280 311 10 13
280 312 10 14
280 313 10 15
280 314 10 16
280 315 10 17
280 316 10 18
280 317 10 19
280 318 10 20
280 319 10 21
280 320 10 22
280 321 10 23
280 322 10 24
280 323 10 25
280 324 10 26
280 325 10 27
280 326 10 28
280 327 10 29
280 328 10 10
280 329 10 11
280 330 10 12
280 331 10 13
280 332 10 14
280 333 10 15
280 334 10 16
280 335 10 17
280 336 10 18
280 337 10 19
280 338 10 20
281 309 10 11
281 310 10 12
281 311 10 13
281 312 10 14
281 313 10 15
281 314 10 16
281 315 10 17
281 316 10 18
281 317 10 19
281 318 10 20
281 319 10 21
281 320 10 22
281 321 10 23
281 322 10 24
281 323 10 25
281 324 10 26
281 325 10 27
281 326 10 28
281 327 10 29
281 328 10 10
281 329 10 11
281 330 10 12
281 331 10 13
281 332 10 14
281 333 10 15
281 334 10 16
281 335 10 17
281 336 10 18
281 337 10 19
281 338 10 20
282 309 10 11
282 310 10 12
282 311 10 13
282 312 10 14
282 313 10 15
282 314 10 16
282 315 10 17
282 316 10 18
282 317 10 19
282 318 10 20
282 319 10 21
282 320 10 22
282 321 10 23
282 322 10 24
282 323 10 25
282 324 10 26
282 325 10 27
282 326 10 28
282 327 10 29
282 328 10 10
282 329 10 11
282 330 10 12
282 331 10 13
282 332 10 14
282 333 10 15
282 334 10 16
282 335 10 17
282 336 10 18
282 337 10 19
282 338 10 20
283 309 10 11
283 310 10 12
283 311 10 13
283 312 10 14
283 313 10 15
283 314 10 16
283 315 10 17
283 316 10 18
283 317 10 19
283 318 10 20
283 319 10 21
283 320 10 22
283 321 10 23
283 322 10 24
283 323 10 25
283 324 10 26
283 325 10 27
283 326 10 28
283 327 10 29
283 328 10 10
283 329 10 11
283 330 10 12
283 331 10 13
283 332 10 14
283 333 10 15
283 334 10 16
283 335 10 17
283 336 10 18
283 337 10 19
283 338 10 20
284 309 10 11
284 310 10 12
284 311 10 13
284 312 10 14
284 313 10 15
284 314 10 16
284 315 10 17
284 316 10 18
284 317 10 19
284 318 10 20
284 319 10 21
284 320 10 22
284 321 10 23
284 322 10 24
284 323 10 25
284 324 10 26
284 325 10 27
284 326 10 28
284 327 10 29
284 328 10 10
284 329 10 11
284 330 10 12
284 331 10 13
284 332 10 14
284 333 10 15
284 334 10 16
284 335 10 17
284 336 10 18
284 337 10 19
284 338 10 20
285 309 10 11
285 310 10 12
285 311 10 13
285 312 10 14
285 313 10 15
285 314 10 16
285 315 10 17
285 316 10 18
285 317 10 19
285 318 10 20
285 319 10 21
285 320 10 22
285 321 10 23
285 322 10 24
285 323 10 25
285 324 10 26
285 325 10 27
285 326 10 28
285 327 10 29
285 328 10 10
285 329 10 11
285 330 10 12
285 331 10 13
285 332 10 14
285 333 10 15
285 334 10 16
285 335 10 17
285 336 10 18
285 337 10 19
285 338 10 20
286 309 10 11
286 310 10 12
286 311 10 13
286 312 10 14
286 313 10 15
286 314 10 16
286 315 10 17
286 316 10 18
286 317 10 19
286 318 10 20
286 319 10 21
286 320 10 22
286 321 10 23
286 322 10 24
286 323 10 25
286 324 10 26
286 325 10 27
286 326 10 28
286 327 10 29
286 328 10 10
286 329 10 11
286 330 10 12
286 331 10 13
286 332 10 14
286 333 10 15
286 334 10 16
286 335 10 17
286 336 10 18
286 337 10 19
286 338 10 20
287 309 10 11
287 310 10 12
287 311 10 13
287 312 10 14
287 313 10 15
287 314 10 16
287 315 10 17
287 316 10 18
287 317 10 19
287 318 10 20
287 319 10 21
287 320 10 22
287 321 10 23
287 322 10 24
287 323 10 25
287 324 10 26
287 325 10 27
287 326 10 28
287 327 10 29
287 328 10 10
287 329 10 11
287 330 10 12
287 331 10 13
287 332 10 14
287 333 10 15
287 334 10 16
287 335 10 17
287 336 10 18
287 337 10 19
287 338 10 20
288 309 10 11
288 310 10 12
288 311 10 13
288 312 10 14
288 313 10 15
288 314 10 16
288 315 10 17
288 316 10 18
288 317 10 19
288 318 10 20
288 319 10 21
288 320 10 22
288 321 10 23
288 322 10 24
288 323 10 25
288 324 10 26
288 325 10 27
288 326 10 28
288 327 10 29
288 328 10 10
288 329 10 11
288 330 10 12
288 331 10 13
288 332 10 14
288 333 10 15
288 334 10 16
288 335 10 17
288 336 10 18
288 337 10 19
288 338 10 20
289 309 10 11
289 310 10 12
289 311 10 13
289 312 10 14
289 313 10 15
289 314 10 16
289 315 10 17
289 316 10 18
289 317 10 19
289 318 10 20
289 319 10 21
289 320 10 22
289 321 10 23
289 322 10 24
289 323 10 25
289 324 10 26
289 325 10 27
289 326 10 28
289 327 10 29
289 328 10 10
289 329 10 11
289 330 10 12
289 331 10 13
289 332 10 14
289 333 10 15
289 334 10 16
289 335 10 17
289 336 10 18
289 337 10 19
289 338 10 20
290 309 10 11
290 310 10 12
290 311 10 13
290 312 10 14
290 313 10 15
290 314 10 16
290 315 10 17
290 316 10 18
290 317 10 19
290 318 10 20
290 319 10 21
290 320 10 22
290 321 10 23
290 322 10 24
290 323 10 25
290 324 10 26
290 325 10 27
290 326 10 28
290 327 10 29
290 328 10 10
290 329 10 11
290 330 10 12
290 331 10 13
290 332 10 14
290 333 10 15
290 334 10 16
290 335 10 17
290 336 10 18
290 337 10 19
290 338 10 20
291 309 10 11
291 310 10 12
291 311 10 13
291 312 10 14
291 313 10 15
291 314 10 16
291 315 10 17
291 316 10 18
291 317 10 19
291 318 10 20
291 319 10 21
291 320 10 22
291 321 10 23
291 322 10 24
291 323 10 25
291 324 10 26
291 325 10 27
291 326 10 28
291 327 10 29
291 328 10 10
291 329 10 11
291 330 10 12
291 331 10 13
291 332 10 14
291 333 10 15
291 334 10 16
291 335 10 17
291 336 10 18
291 337 10 19
291 338 10 20
292 309 10 11
292 310 10 12
292 311 10 13
292 312 10 14
292 313 10 15
292 314 10 16
292 315 10 17
292 316 10 18
292 317 10 19
292 318 10 20
292 319 10 21
292 320 10 22
292 321 10 23
292 322 10 24
292 323 10 25
292 324 10 26
292 325 10 27
292 326 10 28
292 327 10 29
292 328 10 10
292 329 10 11
292 330 10 12
292 331 10 13
292 332 10 14
292 333 10 15
292 334 10 16
292 335 10 17
292 336 10 18
292 337 10 19
292 338 10 20
293 309 10 11
293 310 10 12
293 311 10 13
293 312 10 14
293 313 10 15
293 314 10 16
293 315 10 17
293 316 10 18
293 317 10 19
293 318 10 20
293 319 10 21
293 320 10 22
293 321 10 23
293 322 10 24
293 323 10 25
293 324 10 26
293 325 10 27
293 326 10 28
293 327 10 29
293 328 10 10
293 329 10 11
293 330 10 12
293 331 10 13
293 332 10 14
293 333 10 15
293 334 10 16
293 335 10 17
293 336 10 18
293 337 10 19
293 338 10 20
294 309 10 11
294 310 10 12
294 311 10 13
294 312 10 14
294 313 10 15
294 314 10 16
294 315 10 17
294 316 10 18
294 317 10 19
294 318 10 20
294 319 10 21
294 320 10 22
294 321 10 23
294 322 10 24
294 323 10 25
294 324 10 26
294 325 10 27
294 326 10 28
294 327 10 29
294 328 10 10
294 329 10 11
294 330 10 12
294 331 10 13
294 332 10 14
294 333 10 15
294 334 10 16
294 335 10 17
294 336 10 18
294 337 10 19
294 338 10 20
295 309 10 11
295 310 10 12
295 311 10 13
295 312 10 14
295 313 10 15
295 314 10 16
295 315 10 17
295 316 10 18
295 317 10 19
295 318 10 20
295 319 10 21
295 320 10 22
295 321 10 23
295 322 10 24
295 323 10 25
295 324 10 26
295 325 10 27
295 326 10 28
295 327 10 29
295 328 10 10
295 329 10 11
295 330 10 12
295 331 10 13
295 332 10 14
295 333 10 15
295 334 10 16
295 335 10 17
295 336 10 18
295 337 10 19
295 338 10 20
296 309 10 11
296 310 10 12
296 311 10 13
296 312 10 14
296 313 10 15
296 314 10 16
296 315 10 17
296 316 10 18
296 317 10 19
296 318 10 20
296 319 10 21
296 320 10 22
296 321 10 23
296 322 10 24
296 323 10 25
296 324 10 26
296 325 10 27
296 326 10 28
296 327 10 29
296 328 10 10
296 329 10 11
296 330 10 12
296 331 10 13
296 332 10 14
296 333 10 15
296 334 10 16
296 335 10 17
296 336 10 18
296 337 10 19
296 338 10 20
297 309 10 11
297 310 10 12
297 311 10 13
297 312 10 14
297 313 10 15
297 314 10 16
297 315 10 17
297 316 10 18
297 317 10 19
297 318 10 20
297 319 10 21
297 320 10 22
297 321 10 23
297 322 10 24
297 323 10 25
297 324 10 26
297 325 10 27
297 326 10 28
297 327 10 29
297 328 10 10
297 329 10 11
297 330 10 12
297 331 10 13
297 332 10 14
297 333 10 15
297 334 10 16
297 335 10 17
297 336 10 18
297 337 10 19
297 338 10 20
298 309 10 11
298 310 10 12
298 311 10 13
298 312 10 14
298 313 10 15
298 314 10 16
298 315 10 17
298 316 10 18
298 317 10 19
298 318 10 20
298 319 10 21
298 320 10 22
298 321 10 23
298 322 10 24
298 323 10 25
298 324 10 26
298 325 10 27
298 326 10 28
298 327 10 29
298 328 10 10
298 329 10 11
298 330 10 12
298 331 10 13
298 332 10 14
298 333 10 15
298 334 10 16
298 335 10 17
298 336 10 18
298 337 10 19
298 338 10 20
299 309 10 11
299 310 10 12
299 311 10 13
299 312 10 14
299 313 10 15
299 314 10 16
299 315 10 17
299 316 10 18
299 317 10 19
299 318 10 20
299 319 10 21
299 320 10 22
299 321 10 23
299 322 10 24
299 323 10 25
299 324 10 26
299 325 10 27
299 326 10 28
299 327 10 29
299 328 10 10
299 329 10 11
299 330 10 12
299 331 10 13
299 332 10 14
299 333 10 15
299 334 10 16
299 335 10 17
299 336 10 18
299 337 10 19
299 338 10 20
300 309 10 11
300 310 10 12
300 311 10 13
300 312 10 14
300 313 10 15
300 314 10 16
300 315 10 17
300 316 10 18
300 317 10 19
300 318 10 20
300 319 10 21
300 320 10 22
300 321 10 23
300 322 10 24
300 323 10 25
300 324 10 26
300 325 10 27
300 326 10 28
300 327 10 29
300 328 10 10
300 329 10 11
300 330 10 12
300 331 10 13
300 332 10 14
300 333 10 15
300 334 10 16
300 335 10 17
300 336 10 18
300 337 10 19
300 338 10 20
301 309 10 11
301 310 10 12
301 311 10 13
301 312 10 14
301 313 10 15
301 314 10 16
301 315 10 17
301 316 10 18
301 317 10 19
301 318 10 20
301 319 10 21
301 320 10 22
301 321 10 23
301 322 10 24
301 323 10 25
301 324 10 26
301 325 10 27
301 326 10 28
301 327 10 29
301 328 10 10
301 329 10 11
301 330 10 12
301 331 10 13
301 332 10 14
301 333 10 15
301 334 10 16
301 335 10 17
301 336 10 18
301 337 10 19
301 338 10 20
302 309 10 11
302 310 10 12
302 311 10 13
302 312 10 14
302 313 10 15
302 314 10 16
302 315 10 17
302 316 10 18
302 317 10 19
302 318 10 20
302 319 10 21
302 320 10 22
302 321 10 23
302 322 10 24
302 323 10 25
302 324 10 26
302 325 10 27
302 326 10 28
302 327 10 29
302 328 10 10
302 329 10 11
302 330 10 12
302 331 10 13
302 332 10 14
302 333 10 15
302 334 10 16
302 335 10 17
302 336 10 18
302 337 10 19
302 338 10 20
303 309 10 11
303 310 10 12
303 311 10 13
303 312 10 14
303 313 10 15
303 314 10 16
303 315 10 17
303 316 10 18
303 317 10 19
303 318 10 20
303 319 10 21
303 320 10 22
303 321 10 23
303 322 10 24
303 323 10 25
303 324 10 26
303 325 10 27
303 326 10 28
303 327 10 29
303 328 10 10
303 329 10 11
303 330 10 12
303 331 10 13
303 332 10 14
303 333 10 15
303 334 10 16
303 335 10 17
303 336 10 18
303 337 10 19
303 338 10 20
304 309 10 11
304 310 10 12
304 311 10 13
304 312 10 14
304 313 10 15
304 314 10 16
304 315 10 17
304 316 10 18
304 317 10 19
304 318 10 20
304 319 10 21
304 320 10 22
304 321 10 23
304 322 10 24
304 323 10 25
304 324 10 26
304 325 10 27
304 326 10 28
304 327 10 29
304 328 10 10
304 329 10 11
304 330 10 12
304 331 10 13
304 332 10 14
304 333 10 15
304 334 10 16
304 335 10 17
304 336 10 18
304 337 10 19
304 338 10 20
305 309 10 11
305 310 10 12
305 311 10 13
305 312 10 14
305 313 10 15
305 314 10 16
305 315 10 17
305 316 10 18
305 317 10 19
305 318 10 20
305 319 10 21
305 320 10 22
305 321 10 23
305 322 10 24
305 323 10 25
305 324 10 26
305 325 10 27
305 326 10 28
305 327 10 29
305 328 10 10
305 329 10 11
305 330 10 12
305 331 10 13
305 332 10 14
305 333 10 15
305 334 10 16
305 335 10 17
305 336 10 18
305 337 10 19
305 338 10 20
306 309 10 11
306 310 10 12
306 311 10 13
306 312 10 14
306 313 10 15
306 314 10 16
306 315 10 17
306 316 10 18
306 317 10 19
306 318 10 20
306 319 10 21
306 320 10 22
306 321 10 23
306 322 10 24
306 323 10 25
306 324 10 26
306 325 10 27
306 326 10 28
306 327 10 29
306 328 10 10
306 329 10 11
306 330 10 12
306 331 10 13
306 332 10 14
306 333 10 15
306 334 10 16
306 335 10 17
306 336 10 18
306 337 10 19
306 338 10 20
307 309 10 11
307 310 10 12
307 311 10 13
307 312 10 14
307 313 10 15
307 314 10 16
307 315 10 17
307 316 10 18
307 317 10 19
307 318 10 20
307 319 10 21
307 320 10 22
307 321 10 23
307 322 10 24
307 323 10 25
307 324 10 26
307 325 10 27
307 326 10 28
307 327 10 29
307 328 10 10
307 329 10 11
307 330 10 12
307 331 10 13
307 332 10 14
307 333 10 15
307 334 10 16
307 335 10 17
307 336 10 18
307 337 10 19
307 338 10 20
308 309 10 11
308 310 10 12
308 311 10 13
308 312 10 14
308 313 10 15
308 314 10 16
308 315 10 17
308 316 10 18
308 317 10 19
308 318 10 20
308 319 10 21
308 320 10 22
308 321 10 23
308 322 10 24
308 323 10 25
308 324 10 26
308 325 10 27
308 326 10 28
308 327 10 29
308 328 10 10
308 329 10 11
308 330 10 12
308 331 10 13
308 332 10 14
308 333 10 15
308 334 10 16
308 335 10 17
308 336 10 18
308 337 10 19
308 338 10 20
309 339 10 12
309 340 10 13
309 341 10 14
309 342 10 15
309 343 10 16
309 344 10 17
309 345 10 18
309 346 10 19
309 347 10 20
309 348 10 21
309 349 10 22
309 350 10 23
309 351 10 24
309 352 10 25
309 353 10 26
309 354 10 27
309 355 10 28
309 356 10 29
309 357 10 30
309 358 10 11
309 359 10 12
309 360 10 13
309 361 10 14
309 362 10 15
309 363 10 16
309 364 10 17
309 365 10 18
309 366 10 19
309 367 10 20
309 368 10 21
310 339 10 12
310 340 10 13
310 341 10 14
310 342 10 15
310 343 10 16
310 344 10 17
310 345 10 18
310 346 10 19
310 347 10 20
310 348 10 21
310 349 10 22
310 350 10 23
310 351 10 24
310 352 10 25
310 353 10 26
310 354 10 27
310 355 10 28
310 356 10 29
310 357 10 30
310 358 10 11
310 359 10 12
310 360 10 13
310 361 10 14
310 362 10 15
310 363 10 16
310 364 10 17
310 365 10 18
310 366 10 19
310 367 10 20
310 368 10 21
311 339 10 12
311 340 10 13
311 341 10 14
311 342 10 15
311 343 10 16
311 344 10 17
311 345 10 18
311 346 10 19
311 347 10 20
311 348 10 21
311 349 10 22
311 350 10 23
311 351 10 24
311 352 10 25
311 353 10 26
311 354 10 27
311 355 10 28
311 356 10 29
311 357 10 30
311 358 10 11
311 359 10 12
311 360 10 13
311 361 10 14
311 362 10 15
311 363 10 16
311 364 10 17
311 365 10 18
311 366 10 19
311 367 10 20
311 368 10 21
312 339 10 12
312 340 10 13
312 341 10 14
312 342 10 15
312 343 10 16
312 344 10 17
312 345 10 18
312 346 10 19
312 347 10 20
312 348 10 21
312 349 10 22
312 350 10 23
312 351 10 24
312 352 10 25
312 353 10 26
312 354 10 27
312 355 10 28
312 356 10 29
312 357 10 30
312 358 10 11
312 359 10 12
312 360 10 13
312 361 10 14
312 362 10 15
312 363 10 16
312 364 10 17
312 365 10 18
312 366 10 19
312 367 10 20
312 368 10 21
313 339 10 12
313 340 10 13
313 341 10 14
313 342 10 15
313 343 10 16
313 344 10 17
313 345 10 18
313 346 10 19
313 347 10 20
313 348 10 21
313 349 10 22
313 350 10 23
313 351 10 24
313 352 10 25
313 353 10 26
313 354 10 27
313 355 10 28
313 356 10 29
313 357 10 30
313 358 10 11
313 359 10 12
313 360 10 13
313 361 10 14
313 362 10 15
313 363 10 16
313 364 10 17
313 365 10 18
313 366 10 19
313 367 10 20
313 368 10 21
314 339 10 12
314 340 10 13
314 341 10 14
314 342 10 15
314 343 10 16
314 344 10 17
314 345 10 18
314 346 10 19
314 347 10 20
314 348 10 21
314 349 10 22
314 350 10 23
314 351 10 24
314 352 10 25
314 353 10 26
314 354 10 27
314 355 10 28
314 356 10 29
314 357 10 30
314 358 10 11
314 359 10 12
314 360 10 13
314 361 10 14
314 362 10 15
314 363 10 16
314 364 10 17
314 365 10 18
314 366 10 19
314 367 10 20
314 368 10 21
315 339 10 12
315 340 10 13
315 341 10 14
315 342 10 15
315 343 10 16
315 344 10 17
315 345 10 18
315 346 10 19
315 347 10 20
315 348 10 21
315 349 10 22
315 350 10 23
315 351 10 24
315 352 10 25
315 353 10 26
315 354 10 27
315 355 10 28
315 356 10 29
315 357 10 30
315 358 10 11
315 359 10 12
315 360 10 13
315 361 10 14
315 362 10 15
315 363 10 16
315 364 10 17
315 365 10 18
315 366 10 19
315 367 10 20
315 368 10 21
316 339 10 12
316 340 10 13
316 341 10 14
316 342 10 15
316 343 10 16
316 344 10 17
316 345 10 18
316 346 10 19
316 347 10 20
316 348 10 21
316 349 10 22
316 350 10 23
316 351 10 24
316 352 10 25
316 353 10 26
316 354 10 27
316 355 10 28
316 356 10 29
316 357 10 30
316 358 10 11
316 359 10 12
316 360 10 13
316 361 10 14
316 362 10 15
316 363 10 16
316 364 10 17
316 365 10 18
316 366 10 19
316 367 10 20
316 368 10 21
317 339 10 12
317 340 10 13
317 341 10 14
317 342 10 15
317 343 10 16
317 344 10 17
317 345 10 18
317 346 10 19
317 347 10 20
317 348 10 21
317 349 10 22
317 350 10 23
317 351 10 24
317 352 10 25
317 353 10 26
317 354 10 27
317 355 10 28
317 356 10 29
317 357 10 30
317 358 10 11
317 359 10 12
317 360 10 13
317 361 10 14
317 362 10 15
317 363 10 16
317 364 10 17
317 365 10 18
317 366 10 19
317 367 10 20
317 368 10 21
318 339 10 12
318 340 10 13
318 341 10 14
318 342 10 15
318 343 10 16
318 344 10 17
318 345 10 18
318 346 10 19
318 347 10 20
318 348 10 21
318 349 10 22
318 350 10 23
318 351 10 24
318 352 10 25
318 353 10 26
318 354 10 27
318 355 10 28
318 356 10 29
318 357 10 30
318 358 10 11
318 359 10 12
318 360 10 13
318 361 10 14
318 362 10 15
318 363 10 16
318 364 10 17
318 365 10 18
318 366 10 19
318 367 10 20
318 368 10 21
319 339 10 12
319 340 10 13
319 341 10 14
319 342 10 15
319 343 10 16
319 344 10 17
319 345 10 18
319 346 10 19
319 347 10 20
319 348 10 21
319 349 10 22
319 350 10 23
319 351 10 24
319 352 10 25
319 353 10 26
319 354 10 27
319 355 10 28
319 356 10 29
319 357 10 30
319 358 10 11
319 359 10 12
319 360 10 13
319 361 10 14
319 362 10 15
319 363 10 16
319 364 10 17
319 365 10 18
319 366 10 19
319 367 10 20
319 368 10 21
320 339 10 12
320 340 10 13
320 341 10 14
320 342 10 15
320 343 10 16
320 344 10 17
320 345 10 18
320 346 10 19
320 347 10 20
320 348 10 21
320 349 10 22
320 350 10 23
320 351 10 24
320 352 10 25
320 353 10 26
320 354 10 27
320 355 10 28
320 356 10 29
320 357 10 30
320 358 10 11
320 359 10 12
320 360 10 13
320 361 10 14
320 362 10 15
320 363 10 16
320 364 10 17
320 365 10 18
320 366 10 19
320 367 10 20
320 368 10 21
321 339 10 12
321 340 10 13
321 341 10 14
321 342 10 15
321 343 10 16
321 344 10 17
321 345 10 18
321 346 10 19
321 347 10 20
321 348 10 21
321 349 10 22
321 350 10 23
321 351 10 24
321 352 10 25
321 353 10 26
321 354 10 27
321 355 10 28
321 356 10 29
321 357 10 30
321 358 10 11
321 359 10 12
321 360 10 13
321 361 10 14
321 362 10 15
321 363 10 16
321 364 10 17
321 365 10 18
321 366 10 19
321 367 10 20
321 368 10 21
322 339 10 12
322 340 10 13
322 341 10 14
322 342 10 15
322 343 10 16
322 344 10 17
322 345 10 18
322 346 10 19
322 347 10 20
322 348 10 21
322 349 10 22
322 350 10 23
322 351 10 24
322 352 10 25
322 353 10 26
322 354 10 27
322 355 10 28
322 356 10 29
322 357 10 30
322 358 10 11
322 359 10 12
322 360 10 13
322 361 10 14
322 362 10 15
322 363 10 16
322 364 10 17
322 365 10 18
322 366 10 19
322 367 10 20
322 368 10 21
323 339 10 12
323 340 10 13
323 341 10 14
323 342 10 15
323 343 10 16
323 344 10 17
323 345 10 18
323 346 10 19
323 347 10 20
323 348 10 21
323 349 10 22
323 350 10 23
323 351 10 24
323 352 10 25
323 353 10 26
323 354 10 27
323 355 10 28
323 356 10 29
323 357 10 30
323 358 10 11
323 359 10 12
323 360 10 13
323 361 10 14
323 362 10 15
323 363 10 16
323 364 10 17
323 365 10 18
323 366 10 19
323 367 10 20
323 368 10 21
324 339 10 12
324 340 10 13
324 341 10 14
324 342 10 15
324 343 10 16
324 344 10 17
324 345 10 18
324 346 10 19
324 347 10 20
324 348 10 21
324 349 10 22
324 350 10 23
324 351 10 24
324 352 10 25
324 353 10 26
324 354 10 27
324 355 10 28
324 356 10 29
324 357 10 30
324 358 10 11
324 359 10 12
324 360 10 13
324 361 10 14
324 362 10 15
324 363 10 16
324 364 10 17
324 365 10 18
324 366 10 19
324 367 10 20
324 368 10 21
325 339 10 12
325 340 10 13
325 341 10 14
325 342 10 15
325 343 10 16
325 344 10 17
325 345 10 18
325 346 10 19
325 347 10 20
325 348 10 21
325 349 10 22
325 350 10 23
325 351 10 24
325 352 10 25
325 353 10 26
325 354 10 27
325 355 10 28
325 356 10 29
325 357 10 30
325 358 10 11
325 359 10 12
325 360 10 13
325 361 10 14
325 362 10 15
325 363 10 16
325 364 10 17
325 365 10 18
325 366 10 19
325 367 10 20
325 368 10 21
326 339 10 12
326 340 10 13
326 341 10 14
326 342 10 15
326 343 10 16
326 344 10 17
326 345 10 18
326 346 10 19
326 347 10 20
326 348 10 21
326 349 10 22
326 350 10 23
326 351 10 24
326 352 10 25
326 353 10 26
326 354 10 27
326 355 10 28
326 356 10 29
326 357 10 30
326 358 10 11
326 359 10 12
326 360 10 13
326 361 10 14
326 362 10 15
326 363 10 16
326 364 10 17
326 365 10 18
326 366 10 19
326 367 10 20
326 368 10 21
327 339 10 12
327 340 10 13
327 341 10 14
327 342 10 15
327 343 10 16
327 344 10 17
327 345 10 18
327 346 10 19
327 347 10 20
327 348 10 21
327 349 10 22
327 350 10 23
327 351 10 24
327 352 10 25
327 353 10 26
327 354 10 27
327 355 10 28
327 356 10 29
327 357 10 30
327 358 10 11
327 359 10 12
327 360 10 13
327 361 10 14
327 362 10 15
327 363 10 16
327 364 10 17
327 365 10 18
327 366 10 19
327 367 10 20
327 368 10 21
328 339 10 12
328 340 10 13
328 341 10 14
328 342 10 15
328 343 10 16
328 344 10 17
328 345 10 18
328 346 10 19
328 347 10 20
328 348 10 21
328 349 10 22
328 350 10 23
328 351 10 24
328 352 10 25
328 353 10 26
328 354 10 27
328 355 10 28
328 356 10 29
328 357 10 30
328 358 10 11
328 359 10 12
328 360 10 13
328 361 10 14
328 362 10 15
328 363 10 16
328 364 10 17
328 365 10 18
328 366 10 19
328 367 10 20
328 368 10 21
329 339 10 12
329 340 10 13
329 341 10 14
329 342 10 15
329 343 10 16
329 344 10 17
329 345 10 18
329 346 10 19
329 347 10 20
329 348 10 21
329 349 10 22
329 350 10 23
329 351 10 24
329 352 10 25
329 353 10 26
329 354 10 27
329 355 10 28
329 356 10 29
329 357 10 30
329 358 10 11
329 359 10 12
329 360 10 13
329 361 10 14
329 362 10 15
329 363 10 16
329 364 10 17
329 365 10 18
329 366 10 19
329 367 10 20
329 368 10 21
330 339 10 12
330 340 10 13
330 341 10 14
330 342 10 15
330 343 10 16
330 344 10 17
330 345 10 18
330 346 10 19
330 347 10 20
330 348 10 21
330 349 10 22
330 350 10 23
330 351 10 24
330 352 10 25
330 353 10 26
330 354 10 27
330 355 10 28
330 356 10 29
330 357 10 30
330 358 10 11
330 359 10 12
330 360 10 13
330 361 10 14
330 362 10 15
330 363 10 16
330 364 10 17
330 365 10 18
330 366 10 19
330 367 10 20
330 368 10 21
331 339 10 12
331 340 10 13
331 341 10 14
331 342 10 15
331 343 10 16
331 344 10 17
331 345 10 18
331 346 10 19
331 347 10 20
331 348 10 21
331 349 10 22
331 350 10 23
331 351 10 24
331 352 10 25
331 353 10 26
331 354 10 27
331 355 10 28
331 356 10 29
331 357 10 30
331 358 10 11
331 359 10 12
331 360 10 13
331 361 10 14
331 362 10 15
331 363 10 16
331 364 10 17
331 365 10 18
331 366 10 19
331 367 10 20
331 368 10 21
332 339 10 12
332 340 10 13
332 341 10 14
332 342 10 15
332 343 10 16
332 344 10 17
332 345 10 18
332 346 10 19
332 347 10 20
332 348 10 21
332 349 10 22
332 350 10 23
332 351 10 24
332 352 10 25
332 353 10 26
332 354 10 27
332 355 10 28
332 356 10 29
332 357 10 30
332 358 10 11
332 359 10 12
332 360 10 13
332 361 10 14
332 362 10 15
332 363 10 16
332 364 10 17
332 365 10 18
332 366 10 19
332 367 10 20
332 368 10 21
333 339 10 12
333 340 10 13
333 341 10 14
333 342 10 15
333 343 10 16
333 344 10 17
333 345 10 18
333 346 10 19
333 347 10 20
333 348 10 21
333 349 10 22
333 350 10 23
333 351 10 24
333 352 10 25
333 353 10 26
333 354 10 27
333 355 10 28
333 356 10 29
333 357 10 30
333 358 10 11
333 359 10 12
333 360 10 13
333 361 10 14
333 362 10 15
333 363 10 16
333 364 10 17
333 365 10 18
333 366 10 19
333 367 10 20
333 368 10 21
334 339 10 12
334 340 10 13
334 341 10 14
334 342 10 15
334 343 10 16
334 344 10 17
334 345 10 18
334 346 10 19
334 347 10 20
334 348 10 21
334 349 10 22
334 350 10 23
334 351 10 24
334 352 10 25
334 353 10 26
334 354 10 27
334 355 10 28
334 356 10 29
334 357 10 30
334 358 10 11
334 359 10 12
334 360 10 13
334 361 10 14
334 362 10 15
334 363 10 16
334 364 10 17
334 365 10 18
334 366 10 19
334 367 10 20
334 368 10 21
335 339 10 12
335 340 10 13
335 341 10 14
335 342 10 15
335 343 10 16
335 344 10 17
335 345 10 18
335 346 10 19
335 347 10 20
335 348 10 21
335 349 10 22
335 350 10 23
335 351 10 24
335 352 10 25
335 353 10 26
335 354 10 27
335 355 10 28
335 356 10 29
335 357 10 30
335 358 10 11
335 359 10 12
335 360 10 13
335 361 10 14
335 362 10 15
335 363 10 16
335 364 10 17
335 365 10 18
335 366 10 19
335 367 10 20
335 368 10 21
336 339 10 12
336 340 10 13
336 341 10 14
336 342 10 15
336 343 10 16
336 344 10 17
336 345 10 18
336 346 10 19
336 347 10 20
336 348 10 21
336 349 10 22
336 350 10 23
336 351 10 24
336 352 10 25
336 353 10 26
336 354 10 27
336 355 10 28
336 356 10 29
336 357 10 30
336 358 10 11
336 359 10 12
336 360 10 13
336 361 10 14
336 362 10 15
336 363 10 16
336 364 10 17
336 365 10 18
336 366 10 19
336 367 10 20
336 368 10 21
337 339 10 12
337 340 10 13
337 341 10 14
337 342 10 15
337 343 10 16
337 344 10 17
337 345 10 18
337 346 10 19
337 347 10 20
337 348 10 21
337 349 10 22
337 350 10 23
337 351 10 24
337 352 10 25
337 353 10 26
337 354 10 27
337 355 10 28
337 356 10 29
337 357 10 30
337 358 10 11
337 359 10 12
337 360 10 13
337 361 10 14
337 362 10 15
337 363 10 16
337 364 10 17
337 365 10 18
337 366 10 19
337 367 10 20
337 368 10 21
338 339 10 12
338 340 10 13
338 341 10 14
338 342 10 15
338 343 10 16
338 344 10 17
338 345 10 18
338 346 10 19
338 347 10 20
338 348 10 21
338 349 10 22
338 350 10 23
338 351 10 24
338 352 10 25
338 353 10 26
338 354 10 27
338 355 10 28
338 356 10 29
338 357 10 30
338 358 10 11
338 359 10 12
338 360 10 13
338 361 10 14
338 362 10 15
338 363 10 16
338 364 10 17
338 365 10 18
338 366 10 19
338 367 10 20
338 368 10 21
339 369 10 13
339 370 10 14
339 371 10 15
339 372 10 16
339 373 10 17
339 374 10 18
339 375 10 19
339 376 10 20
339 377 10 21
339 378 10 22
339 379 10 23
339 380 10 24
339 381 10 25
339 382 10 26
339 383 10 27
339 384 10 28
339 385 10 29
339 386 10 30
339 387 10 31
339 388 10 12
339 389 10 13
339 390 10 14
339 391 10 15
339 392 10 16
339 393 10 17
339 394 10 18
339 395 10 19
339 396 10 20
339 397 10 21
339 398 10 22
340 369 10 13
340 370 10 14
340 371 10 15
340 372 10 16
340 373 10 17
340 374 10 18
340 375 10 19
340 376 10 20
340 377 10 21
340 378 10 22
340 379 10 23
340 380 10 24
340 381 10 25
340 382 10 26
340 383 10 27
340 384 10 28
340 385 10 29
340 386 10 30
340 387 10 31
340 388 10 12
340 389 10 13
340 390 10 14
340 391 10 15
340 392 10 16
340 393 10 17
340 394 10 18
340 395 10 19
340 396 10 20
340 397 10 21
340 398 10 22
341 369 10 13
341 370 10 14
341 371 10 15
341 372 10 16
341 373 10 17
341 374 10 18
341 375 10 19
341 376 10 20
341 377 10 21
341 378 10 22
341 379 10 23
341 380 10 24
341 381 10 25
341 382 10 26
341 383 10 27
341 384 10 28
341 385 10 29
341 386 10 30
341 387 10 31
341 388 10 12
341 389 10 13
341 390 10 14
341 391 10 15
341 392 10 16
341 393 10 17
341 394 10 18
341 395 10 19
341 396 10 20
341 397 10 21
341 398 10 22
342 369 10 13
342 370 10 14
342 371 10 15
342 372 10 16
342 373 10 17
342 374 10 18
342 375 10 19
342 376 10 20
342 377 10 21
342 378 10 22
342 379 10 23
342 380 10 24
342 381 10 25
342 382 10 26
342 383 10 27
342 384 10 28
342 385 10 29
342 386 10 30
342 387 10 31
342 388 10 12
342 389 10 13
342 390 10 14
342 391 10 15
342 392 10 16
342 393 10 17
342 394 10 18
342 395 10 19
342 396 10 20
342 397 10 21
342 398 10 22
343 369 10 13
343 370 10 14
343 371 10 15
343 372 10 16
343 373 10 17
343 374 10 18
343 375 10 19
343 376 10 20
343 377 10 21
343 378 10 22
343 379 10 23
343 380 10 24
343 381 10 25
343 382 10 26
343 383 10 27
343 384 10 28
343 385 10 29
343 386 10 30
343 387 10 31
343 388 10 12
343 389 10 13
343 390 10 14
343 391 10 15
343 392 10 16
343 393 10 17
343 394 10 18
343 395 10 19
343 396 10 20
343 397 10 21
343 398 10 22
344 369 10 13
344 370 10 14
344 371 10 15
344 372 10 16
344 373 10 17
344 374 10 18
344 375 10 19
344 376 10 20
344 377 10 21
344 378 10 22
344 379 10 23
344 380 10 24
344 381 10 25
344 382 10 26
344 383 10 27
344 384 10 28
344 385 10 29
344 386 10 30
344 387 10 31
344 388 10 12
344 389 10 13
344 390 10 14
344 391 10 15
344 392 10 16
344 393 10 17
344 394 10 18
344 395 10 19
344 396 10 20
344 397 10 21
344 398 10 22
345 369 10 13
345 370 10 14
345 371 10 15
345 372 10 16
345 373 10 17
345 374 10 18
345 375 10 19
345 376 10 20
345 377 10 21
345 378 10 22
345 379 10 23
345 380 10 24
345 381 10 25
345 382 10 26
345 383 10 27
345 384 10 28
345 385 10 29
345 386 10 30
345 387 10 31
345 388 10 12
345 389 10 13
345 390 10 14
345 391 10 15
345 392 10 16
345 393 10 17
345 394 10 18
345 395 10 19
345 396 10 20
345 397 10 21
345 398 10 22
346 369 10 13
346 370 10 14
346 371 10 15
346 372 10 16
346 373 10 17
346 374 10 18
346 375 10 19
346 376 10 20
346 377 10 21
346 378 10 22
346 379 10 23
346 380 10 24
346 381 10 25
346 382 10 26
346 383 10 27
346 384 10 28
346 385 10 29
346 386 10 30
346 387 10 31
346 388 10 12
346 389 10 13
346 390 10 14
346 391 10 15
346 392 10 16
346 393 10 17
346 394 10 18
346 395 10 19
346 396 10 20
346 397 10 21
346 398 10 22
347 369 10 13
347 370 10 14
347 371 10 15
347 372 10 16
347 373 10 17
347 374 10 18
347 375 10 19
347 376 10 20
347 377 10 21
347 378 10 22
347 379 10 23
347 380 10 24
347 381 10 25
347 382 10 26
347 383 10 27
347 384 10 28
347 385 10 29
347 386 10 30
347 387 10 31
347 388 10 12
347 389 10 13
347 390 10 14
347 391 10 15
347 392 10 16
347 393 10 17
347 394 10 18
347 395 10 19
347 396 10 20
347 397 10 21
347 398 10 22
348 369 10 13
348 370 10 14
348 371 10 15
348 372 10 16
348 373 10 17
348 374 10 18
348 375 10 19
348 376 10 20
348 377 10 21
348 378 10 22
348 379 10 23
348 380 10 24
348 381 10 25
348 382 10 26
348 383 10 27
348 384 10 28
348 385 10 29
348 386 10 30
348 387 10 31
348 388 10 12
348 389 10 13
348 390 10 14
348 391 10 15
348 392 10 16
348 393 10 17
348 394 10 18
348 395 10 19
348 396 10 20
348 397 10 21
348 398 10 22
349 369 10 13
349 370 10 14
349 371 10 15
349 372 10 16
349 373 10 17
349 374 10 18
349 375 10 19
349 376 10 20
349 377 10 21
349 378 10 22
349 379 10 23
349 380 10 24
349 381 10 25
349 382 10 26
349 383 10 27
349 384 10 28
349 385 10 29
349 386 10 30
349 387 10 31
349 388 10 12
349 389 10 13
349 390 10 14
349 391 10 15
349 392 10 16
349 393 10 17
349 394 10 18
349 395 10 19
349 396 10 20
349 397 10 21
349 398 10 22
350 369 10 13
350 370 10 14
350 371 10 15
350 372 10 16
350 373 10 17
350 374 10 18
350 375 10 19
350 376 10 20
350 377 10 21
350 378 10 22
350 379 10 23
350 380 10 24
350 381 10 25
350 382 10 26
350 383 10 27
350 384 10 28
350 385 10 29
350 386 10 30
350 387 10 31
350 388 10 12
350 389 10 13
350 390 10 14
350 391 10 15
350 392 10 16
350 393 10 17
350 394 10 18
350 395 10 19
350 396 10 20
350 397 10 21
350 398 10 22
351 369 10 13
351 370 10 14
351 371 10 15
351 372 10 16
351 373 10 17
351 374 10 18
351 375 10 19
351 376 10 20
351 377 10 21
351 378 10 22
351 379 10 23
351 380 10 24
351 381 10 25
351 382 10 26
351 383 10 27
351 384 10 28
351 385 10 29
351 386 10 30
351 387 10 31
351 388 10 12
351 389 10 13
351 390 10 14
351 391 10 15
351 392 10 16
351 393 10 17
351 394 10 18
351 395 10 19
351 396 10 20
351 397 10 21
351 398 10 22
352 369 10 13
352 370 10 14
352 371 10 15
352 372 10 16
352 373 10 17
352 374 10 18
352 375 10 19
352 376 10 20
352 377 10 21
352 378 10 22
352 379 10 23
352 380 10 24
352 381 10 25
352 382 10 26
352 383 10 27
352 384 10 28
352 385 10 29
352 386 10 30
352 387 10 31
352 388 10 12
352 389 10 13
352 390 10 14
352 391 10 15
352 392 10 16
352 393 10 17
352 394 10 18
352 395 10 19
352 396 10 20
352 397 10 21
352 398 10 22
353 369 10 13
353 370 10 14
353 371 10 15
353 372 10 16
353 373 10 17
353 374 10 18
353 375 10 19
353 376 10 20
353 377 10 21
353 378 10 22
353 379 10 23
353 380 10 24
353 381 10 25
353 382 10 26
353 383 10 27
353 384 10 28
353 385 10 29
353 386 10 30
353 387 10 31
353 388 10 12
353 389 10 13
353 390 10 14
353 391 10 15
353 392 10 16
353 393 10 17
353 394 10 18
353 395 10 19
353 396 10 20
353 397 10 21
353 398 10 22
354 369 10 13
354 370 10 14
354 371 10 15
354 372 10 16
354 373 10 17
354 374 10 18
354 375 10 19
354 376 10 20
354 377 10 21
354 378 10 22
354 379 10 23
354 380 10 24
354 381 10 25
354 382 10 26
354 383 10 27
354 384 10 28
354 385 10 29
354 386 10 30
354 387 10 31
354 388 10 12
354 389 10 13
354 390 10 14
354 391 10 15
354 392 10 16
354 393 10 17
354 394 10 18
354 395 10 19
354 396 10 20
354 397 10 21
354 398 10 22
355 369 10 13
355 370 10 14
355 371 10 15
355 372 10 16
355 373 10 17
355 374 10 18
355 375 10 19
355 376 10 20
355 377 10 21
355 378 10 22
355 379 10 23
355 380 10 24
355 381 10 25
355 382 10 26
355 383 10 27
355 384 10 28
355 385 10 29
355 386 10 30
355 387 10 31
355 388 10 12
355 389 10 13
355 390 10 14
355 391 10 15
355 392 10 16
355 393 10 17
355 394 10 18
355 395 10 19
355 396 10 20
355 397 10 21
355 398 10 22
356 369 10 13
356 370 10 14
356 371 10 15
356 372 10 16
356 373 10 17
356 374 10 18
356 375 10 19
356 376 10 20
356 377 10 21
356 378 10 22
356 379 10 23
356 380 10 24
356 381 10 25
356 382 10 26
356 383 10 27
356 384 10 28
356 385 10 29
356 386 10 30
356 387 10 31
356 388 10 12
356 389 10 13
356 390 10 14
356 391 10 15
356 392 10 16
356 393 10 17
356 394 10 18
356 395 10 19
356 396 10 20
356 397 10 21
356 398 10 22
357 369 10 13
357 370 10 14
357 371 10 15
357 372 10 16
357 373 10 17
357 374 10 18
357 375 10 19
357 376 10 20
357 377 10 21
357 378 10 22
357 379 10 23
357 380 10 24
357 381 10 25
357 382 10 26
357 383 10 27
357 384 10 28
357 385 10 29
357 386 10 30
357 387 10 31
357 388 10 12
357 389 10 13
357 390 10 14
357 391 10 15
357 392 10 16
357 393 10 17
357 394 10 18
357 395 10 19
357 396 10 20
357 397 10 21
357 398 10 22
358 369 10 13
358 370 10 14
358 371 10 15
358 372 10 16
358 373 10 17
358 374 10 18
358 375 10 19
358 376 10 20
358 377 10 21
358 378 10 22
358 379 10 23
358 380 10 24
358 381 10 25
358 382 10 26
358 383 10 27
358 384 10 28
358 385 10 29
358 386 10 30
358 387 10 31
358 388 10 12
358 389 10 13
358 390 10 14
358 391 10 15
358 392 10 16
358 393 10 17
358 394 10 18
358 395 10 19
358 396 10 20
358 397 10 21
358 398 10 22
359 369 10 13
359 370 10 14
359 371 10 15
359 372 10 16
359 373 10 17
359 374 10 18
359 375 10 19
359 376 10 20
359 377 10 21
359 378 10 22
359 379 10 23
359 380 10 24
359 381 10 25
359 382 10 26
359 383 10 27
359 384 10 28
359 385 10 29
359 386 10 30
359 387 10 31
359 388 10 12
359 389 10 13
359 390 10 14
359 391 10 15
359 392 10 16
359 393 10 17
359 394 10 18
359 395 10 19
359 396 10 20
359 397 10 21
359 398 10 22
360 369 10 13
360 370 10 14
360 371 10 15
360 372 10 16
360 373 10 17
360 374 10 18
360 375 10 19
360 376 10 20
360 377 10 21
360 378 10 22
360 379 10 23
360 380 10 24
360 381 10 25
360 382 10 26
360 383 10 27
360 384 10 28
360 385 10 29
360 386 10 30
360 387 10 31
360 388 10 12
360 389 10 13
360 390 10 14
360 391 10 15
360 392 10 16
360 393 10 17
360 394 10 18
360 395 10 19
360 396 10 20
360 397 10 21
360 398 10 22
361 369 10 13
361 370 10 14
361 371 10 15
361 372 10 16
361 373 10 17
361 374 10 18
361 375 10 19
361 376 10 20
361 377 10 21
361 378 10 22
361 379 10 23
361 380 10 24
361 381 10 25
361 382 10 26
361 383 10 27
361 384 10 28
361 385 10 29
361 386 10 30
361 387 10 31
361 388 10 12
361 389 10 13
361 390 10 14
361 391 10 15
361 392 10 16
361 393 10 17
361 394 10 18
361 395 10 19
361 396 10 20
361 397 10 21
361 398 10 22
362 369 10 13
362 370 10 14
362 371 10 15
362 372 10 16
362 373 10 17
362 374 10 18
362 375 10 19
362 376 10 20
362 377 10 21
362 378 10 22
362 379 10 23
362 380 10 24
362 381 10 25
362 382 10 26
362 383 10 27
362 384 10 28
362 385 10 29
362 386 10 30
362 387 10 31
362 388 10 12
362 389 10 13
362 390 10 14
362 391 10 15
362 392 10 16
362 393 10 17
362 394 10 18
362 395 10 19
362 396 10 20
362 397 10 21
362 398 10 22
363 369 10 13
363 370 10 14
363 371 10 15
363 372 10 16
363 373 10 17
363 374 10 18
363 375 10 19
363 376 10 20
363 377 10 21
363 378 10 22
363 379 10 23
363 380 10 24
363 381 10 25
363 382 10 26
363 383 10 27
363 384 10 28
363 385 10 29
363 386 10 30
363 387 10 31
363 388 10 12
363 389 10 13
363 390 10 14
363 391 10 15
363 392 10 16
363 393 10 17
363 394 10 18
363 395 10 19
363 396 10 20
363 397 10 21
363 398 10 22
364 369 10 13
364 370 10 14
364 371 10 15
364 372 10 16
364 373 10 17
364 374 10 18
364 375 10 19
364 376 10 20
364 377 10 21
364 378 10 22
364 379 10 23
364 380 10 24
364 381 10 25
364 382 10 26
364 383 10 27
364 384 10 28
364 385 10 29
364 386 10 30
364 387 10 31
364 388 10 12
364 389 10 13
364 390 10 14
364 391 10 15
364 392 10 16
364 393 10 17
364 394 10 18
364 395 10 19
364 396 10 20
364 397 10 21
364 398 10 22
365 369 10 13
365 370 10 14
365 371 10 15
365 372 10 16
365 373 10 17
365 374 10 18
365 375 10 19
365 376 10 20
365 377 10 21
365 378 10 22
365 379 10 23
365 380 10 24
365 381 10 25
365 382 10 26
365 383 10 27
365 384 10 28
365 385 10 29
365 386 10 30
365 387 10 31
365 388 10 12
365 389 10 13
365 390 10 14
365 391 10 15
365 392 10 16
365 393 10 17
365 394 10 18
365 395 10 19
365 396 10 20
365 397 10 21
365 398 10 22
366 369 10 13
366 370 10 14
366 371 10 15
366 372 10 16
366 373 10 17
366 374 10 18
366 375 10 19
366 376 10 20
366 377 10 21
366 378 10 22
366 379 10 23
366 380 10 24
366 381 10 25
366 382 10 26
366 383 10 27
366 384 10 28
366 385 10 29
366 386 10 30
366 387 10 31
366 388 10 12
366 389 10 13
366 390 10 14
366 391 10 15
366 392 10 16
366 393 10 17
366 394 10 18
366 395 10 19
366 396 10 20
366 397 10 21
366 398 10 22
367 369 10 13
367 370 10 14
367 371 10 15
367 372 10 16
367 373 10 17
367 374 10 18
367 375 10 19
367 376 10 20
367 377 10 21
367 378 10 22
367 379 10 23
367 380 10 24
367 381 10 25
367 382 10 26
367 383 10 27
367 384 10 28
367 385 10 29
367 386 10 30
367 387 10 31
367 388 10 12
367 389 10 13
367 390 10 14
367 391 10 15
367 392 10 16
367 393 10 17
367 394 10 18
367 395 10 19
367 396 10 20
367 397 10 21
367 398 10 22
368 369 10 13
368 370 10 14
368 371 10 15
368 372 10 16
368 373 10 17
368 374 10 18
368 375 10 19
368 376 10 20
368 377 10 21
368 378 10 22
368 379 10 23
368 380 10 24
368 381 10 25
368 382 10 26
368 383 10 27
368 384 10 28
368 385 10 29
368 386 10 30
368 387 10 31
368 388 10 12
368 389 10 13
368 390 10 14
368 391 10 15
368 392 10 16
368 393 10 17
368 394 10 18
368 395 10 19
368 396 10 20
368 397 10 21
368 398 10 22
369 399 10 14
369 400 10 15
369 401 10 16
369 402 10 17
369 403 10 18
369 404 10 19
369 405 10 20
369 406 10 21
369 407 10 22
369 408 10 23
369 409 10 24
369 410 10 25
369 411 10 26
369 412 10 27
369 413 10 28
369 414 10 29
369 415 10 30
369 416 10 31
369 417 10 32
369 418 10 13
369 419 10 14
369 420 10 15
369 421 10 16
369 422 10 17
369 423 10 18
369 424 10 19
369 425 10 20
369 426 10 21
369 427 10 22
369 428 10 23
370 399 10 14
370 400 10 15
370 401 10 16
370 402 10 17
370 403 10 18
370 404 10 19
370 405 10 20
370 406 10 21
370 407 10 22
370 408 10 23
370 409 10 24
370 410 10 25
370 411 10 26
370 412 10 27
370 413 10 28
370 414 10 29
370 415 10 30
370 416 10 31
370 417 10 32
370 418 10 13
370 419 10 14
370 420 10 15
370 421 10 16
370 422 10 17
370 423 10 18
370 424 10 19
370 425 10 20
370 426 10 21
370 427 10 22
370 428 10 23
371 399 10 14
371 400 10 15
371 401 10 16
371 402 10 17
371 403 10 18
371 404 10 19
371 405 10 20
371 406 10 21
371 407 10 22
371 408 10 23
371 409 10 24
371 410 10 25
371 411 10 26
371 412 10 27
371 413 10 28
371 414 10 29
371 415 10 30
371 416 10 31
371 417 10 32
371 418 10 13
371 419 10 14
371 420 10 15
371 421 10 16
371 422 10 17
371 423 10 18
371 424 10 19
371 425 10 20
371 426 10 21
371 427 10 22
371 428 10 23
372 399 10 14
372 400 10 15
372 401 10 16
372 402 10 17
372 403 10 18
372 404 10 19
372 405 10 20
372 406 10 21
372 407 10 22
372 408 10 23
372 409 10 24
372 410 10 25
372 411 10 26
372 412 10 27
372 413 10 28
372 414 10 29
372 415 10 30
372 416 10 31
372 417 10 32
372 418 10 13
372 419 10 14
372 420 10 15
372 421 10 16
372 422 10 17
372 423 10 18
372 424 10 19
372 425 10 20
372 426 10 21
372 427 10 22
372 428 10 23
373 399 10 14
373 400 10 15
373 401 10 16
373 402 10 17
373 403 10 18
373 404 10 19
373 405 10 20
373 406 10 21
373 407 10 22
373 408 10 23
373 409 10 24
373 410 10 25
373 411 10 26
373 412 10 27
373 413 10 28
373 414 10 29
373 415 10 30
373 416 10 31
373 417 10 32
373 418 10 13
373 419 10 14
373 420 10 15
373 421 10 16
373 422 10 17
373 423 10 18
373 424 10 19
373 425 10 20
373 426 10 21
373 427 10 22
373 428 10 23
374 399 10 14
374 400 10 15
374 401 10 16
374 402 10 17
374 403 10 18
374 404 10 19
374 405 10 20
374 406 10 21
374 407 10 22
374 408 10 23
374 409 10 24
374 410 10 25
374 411 10 26
374 412 10 27
374 413 10 28
374 414 10 29
374 415 10 30
374 416 10 31
374 417 10 32
374 418 10 13
374 419 10 14
374 420 10 15
374 421 10 16
374 422 10 17
374 423 10 18
374 424 10 19
374 425 10 20
374 426 10 21
374 427 10 22
374 428 10 23
375 399 10 14
375 400 10 15
375 401 10 16
375 402 10 17
375 403 10 18
375 404 10 19
375 405 10 20
375 406 10 21
375 407 10 22
375 408 10 23
375 409 10 24
375 410 10 25
375 411 10 26
375 412 10 27
375 413 10 28
375 414 10 29
375 415 10 30
375 416 10 31
375 417 10 32
375 418 10 13
375 419 10 14
375 420 10 15
375 421 10 16
375 422 10 17
375 423 10 18
375 424 10 19
375 425 10 20
375 426 10 21
375 427 10 22
375 428 10 23
376 399 10 14
376 400 10 15
376 401 10 16
376 402 10 17
376 403 10 18
376 404 10 19
376 405 10 20
376 406 10 21
376 407 10 22
376 408 10 23
376 409 10 24
376 410 10 25
376 411 10 26
376 412 10 27
376 413 10 28
376 414 10 29
376 415 10 30
376 416 10 31
376 417 10 32
376 418 10 13
376 419 10 14
376 420 10 15
376 421 10 16
376 422 10 17
376 423 10 18
376 424 10 19
376 425 10 20
376 426 10 21
376 427 10 22
376 428 10 23
377 399 10 14
377 400 10 15
377 401 10 16
377 402 10 17
377 403 10 18
377 404 10 19
377 405 10 20
377 406 10 21
377 407 10 22
377 408 10 23
377 409 10 24
377 410 10 25
377 411 10 26
377 412 10 27
377 413 10 28
377 414 10 29
377 415 10 30
377 416 10 31
377 417 10 32
377 418 10 13
377 419 10 14
377 420 10 15
377 421 10 16
377 422 10 17
377 423 10 18
377 424 10 19
377 425 10 20
377 426 10 21
377 427 10 22
377 428 10 23
378 399 10 14
378 400 10 15
378 401 10 16
378 402 10 17
378 403 10 18
378 404 10 19
378 405 10 20
378 406 10 21
378 407 10 22
378 408 10 23
378 409 10 24
378 410 10 25
378 411 10 26
378 412 10 27
378 413 10 28
378 414 10 29
378 415 10 30
378 416 10 31
378 417 10 32
378 418 10 13
378 419 10 14
378 420 10 15
378 421 10 16
378 422 10 17
378 423 10 18
378 424 10 19
378 425 10 20
378 426 10 21
378 427 10 22
378 428 10 23
379 399 10 14
379 400 10 15
379 401 10 16
379 402 10 17
379 403 10 18
379 404 10 19
379 405 10 20
379 406 10 21
379 407 10 22
379 408 10 23
379 409 10 24
379 410 10 25
379 411 10 26
379 412 10 27
379 413 10 28
379 414 10 29
379 415 10 30
379 416 10 31
379 417 10 32
379 418 10 13
379 419 10 14
379 420 10 15
379 421 10 16
379 422 10 17
379 423 10 18
379 424 10 19
379 425 10 20
379 426 10 21
379 427 10 22
379 428 10 23
380 399 10 14
380 400 10 15
380 401 10 16
380 402 10 17
380 403 10 18
380 404 10 19
380 405 10 20
380 406 10 21
380 407 10 22
380 408 10 23
380 409 10 24
380 410 10 25
380 411 10 26
380 412 10 27
380 413 10 28
380 414 10 29
380 415 10 30
380 416 10 31
380 417 10 32
380 418 10 13
380 419 10 14
380 420 10 15
380 421 10 16
380 422 10 17
380 423 10 18
380 424 10 19
380 425 10 20
380 426 10 21
380 427 10 22
380 428 10 23
381 399 10 14
381 400 10 15
381 401 10 16
381 402 10 17
381 403 10 18
381 404 10 19
381 405 10 20
381 406 10 21
381 407 10 22
381 408 10 23
381 409 10 24
381 410 10 25
381 411 10 26
381 412 10 27
381 413 10 28
381 414 10 29
381 415 10 30
381 416 10 31
381 417 10 32
381 418 10 13
381 419 10 14
381 420 10 15
381 421 10 16
381 422 10 17
381 423 10 18
381 424 10 19
381 425 10 20
381 426 10 21
381 427 10 22
381 428 10 23
382 399 10 14
382 400 10 15
382 401 10 16
382 402 10 17
382 403 10 18
382 404 10 19
382 405 10 20
382 406 10 21
382 407 10 22
382 408 10 23
382 409 10 24
382 410 10 25
382 411 10 26
382 412 10 27
382 413 10 28
382 414 10 29
382 415 10 30
382 416 10 31
382 417 10 32
382 418 10 13
382 419 10 14
382 420 10 15
382 421 10 16
382 422 10 17
382 423 10 18
382 424 10 19
382 425 10 20
382 426 10 21
382 427 10 22
382 428 10 23
383 399 10 14
383 400 10 15
383 401 10 16
383 402 10 17
383 403 10 18
383 404 10 19
383 405 10 20
383 406 10 21
383 407 10 22
383 408 10 23
383 409 10 24
383 410 10 25
383 411 10 26
383 412 10 27
383 413 10 28
383 414 10 29
383 415 10 30
383 416 10 31
383 417 10 32
383 418 10 13
383 419 10 14
383 420 10 15
383 421 10 16
383 422 10 17
383 423 10 18
383 424 10 19
383 425 10 20
383 426 10 21
383 427 10 22
383 428 10 23
384 399 10 14
384 400 10 15
384 401 10 16
384 402 10 17
384 403 10 18
384 404 10 19
384 405 10 20
384 406 10 21
384 407 10 22
384 408 10 23
384 409 10 24
384 410 10 25
384 411 10 26
384 412 10 27
384 413 10 28
384 414 10 29
384 415 10 30
384 416 10 31
384 417 10 32
384 418 10 13
384 419 10 14
384 420 10 15
384 421 10 16
384 422 10 17
384 423 10 18
384 424 10 19
384 425 10 20
384 426 10 21
384 427 10 22
384 428 10 23
385 399 10 14
385 400 10 15
385 401 10 16
385 402 10 17
385 403 10 18
385 404 10 19
385 405 10 20
385 406 10 21
385 407 10 22
385 408 10 23
385 409 10 24
385 410 10 25
385 411 10 26
385 412 10 27
385 413 10 28
385 414 10 29
385 415 10 30
385 416 10 31
385 417 10 32
385 418 10 13
385 419 10 14
385 420 10 15
385 421 10 16
385 422 10 17
385 423 10 18
385 424 10 19
385 425 10 20
385 426 10 21
385 427 10 22
385 428 10 23
386 399 10 14
386 400 10 15
386 401 10 16
386 402 10 17
386 403 10 18
386 404 10 19
386 405 10 20
386 406 10 21
386 407 10 22
386 408 10 23
386 409 10 24
386 410 10 25
386 411 10 26
386 412 10 27
386 413 10 28
386 414 10 29
386 415 10 30
386 416 10 31
386 417 10 32
386 418 10 13
386 419 10 14
386 420 10 15
386 421 10 16
386 422 10 17
386 423 10 18
386 424 10 19
386 425 10 20
386 426 10 21
386 427 10 22
386 428 10 23
387 399 10 14
387 400 10 15
387 401 10 16
387 402 10 17
387 403 10 18
387 404 10 19
387 405 10 20
387 406 10 21
387 407 10 22
387 408 10 23
387 409 10 24
387 410 10 25
387 411 10 26
387 412 10 27
387 413 10 28
387 414 10 29
387 415 10 30
387 416 10 31
387 417 10 32
387 418 10 13
387 419 10 14
387 420 10 15
387 421 10 16
387 422 10 17
387 423 10 18
387 424 10 19
387 425 10 20
387 426 10 21
387 427 10 22
387 428 10 23
388 399 10 14
388 400 10 15
388 401 10 16
388 402 10 17
388 403 10 18
388 404 10 19
388 405 10 20
388 406 10 21
388 407 10 22
388 408 10 23
388 409 10 24
388 410 10 25
388 411 10 26
388 412 10 27
388 413 10 28
388 414 10 29
388 415 10 30
388 416 10 31
388 417 10 32
388 418 10 13
388 419 10 14
388 420 10 15
388 421 10 16
388 422 10 17
388 423 10 18
388 424 10 19
388 425 10 20
388 426 10 21
388 427 10 22
388 428 10 23
389 399 10 14
389 400 10 15
389 401 10 16
389 402 10 17
389 403 10 18
389 404 10 19
389 405 10 20
389 406 10 21
389 407 10 22
389 408 10 23
389 409 10 24
389 410 10 25
389 411 10 26
389 412 10 27
389 413 10 28
389 414 10 29
389 415 10 30
389 416 10 31
389 417 10 32
389 418 10 13
389 419 10 14
389 420 10 15
389 421 10 16
389 422 10 17
389 423 10 18
389 424 10 19
389 425 10 20
389 426 10 21
389 427 10 22
389 428 10 23
390 399 10 14
390 400 10 15
390 401 10 16
390 402 10 17
390 403 10 18
390 404 10 19
390 405 10 20
390 406 10 21
390 407 10 22
390 408 10 23
390 409 10 24
390 410 10 25
390 411 10 26
390 412 10 27
390 413 10 28
390 414 10 29
390 415 10 30
390 416 10 31
390 417 10 32
390 418 10 13
390 419 10 14
390 420 10 15
390 421 10 16
390 422 10 17
390 423 10 18
390 424 10 19
390 425 10 20
390 426 10 21
390 427 10 22
390 428 10 23
391 399 10 14
391 400 10 15
391 401 10 16
391 402 10 17
391 403 10 18
391 404 10 19
391 405 10 20
391 406 10 21
391 407 10 22
391 408 10 23
391 409 10 24
391 410 10 25
391 411 10 26
391 412 10 27
391 413 10 28
391 414 10 29
391 415 10 30
391 416 10 31
391 417 10 32
391 418 10 13
391 419 10 14
391 420 10 15
391 421 10 16
391 422 10 17
391 423 10 18
391 424 10 19
391 425 10 20
391 426 10 21
391 427 10 22
391 428 10 23
392 399 10 14
392 400 10 15
392 401 10 16
392 402 10 17
392 403 10 18
392 404 10 19
392 405 10 20
392 406 10 21
392 407 10 22
392 408 10 23
392 409 10 24
392 410 10 25
392 411 10 26
392 412 10 27
392 413 10 28
392 414 10 29
392 415 10 30
392 416 10 31
392 417 10 32
392 418 10 13
392 419 10 14
392 420 10 15
392 421 10 16
392 422 10 17
392 423 10 18
392 424 10 19
392 425 10 20
392 426 10 21
392 427 10 22
392 428 10 23
393 399 10 14
393 400 10 15
393 401 10 16
393 402 10 17
393 403 10 18
393 404 10 19
393 405 10 20
393 406 10 21
393 407 10 22
393 408 10 23
393 409 10 24
393 410 10 25
393 411 10 26
393 412 10 27
393 413 10 28
393 414 10 29
393 415 10 30
393 416 10 31
393 417 10 32
393 418 10 13
393 419 10 14
393 420 10 15
393 421 10 16
393 422 10 17
393 423 10 18
393 424 10 19
393 425 10 20
393 426 10 21
393 427 10 22
393 428 10 23
394 399 10 14
394 400 10 15
394 401 10 16
394 402 10 17
394 403 10 18
394 404 10 19
394 405 10 20
394 406 10 21
394 407 10 22
394 408 10 23
394 409 10 24
394 410 10 25
394 411 10 26
394 412 10 27
394 413 10 28
394 414 10 29
394 415 10 30
394 416 10 31
394 417 10 32
394 418 10 13
394 419 10 14
394 420 10 15
394 421 10 16
394 422 10 17
394 423 10 18
394 424 10 19
394 425 10 20
394 426 10 21
394 427 10 22
394 428 10 23
395 399 10 14
395 400 10 15
395 401 10 16
395 402 10 17
395 403 10 18
395 404 10 19
395 405 10 20
395 406 10 21
395 407 10 22
395 408 10 23
395 409 10 24
395 410 10 25
395 411 10 26
395 412 10 27
395 413 10 28
395 414 10 29
395 415 10 30
395 416 10 31
395 417 10 32
395 418 10 13
395 419 10 14
395 420 10 15
395 421 10 16
395 422 10 17
395 423 10 18
395 424 10 19
395 425 10 20
395 426 10 21
395 427 10 22
395 428 10 23
396 399 10 14
396 400 10 15
396 401 10 16
396 402 10 17
396 403 10 18
396 404 10 19
396 405 10 20
396 406 10 21
396 407 10 22
396 408 10 23
396 409 10 24
396 410 10 25
396 411 10 26
396 412 10 27
396 413 10 28
396 414 10 29
396 415 10 30
396 416 10 31
396 417 10 32
396 418 10 13
396 419 10 14
396 420 10 15
396 421 10 16
396 422 10 17
396 423 10 18
396 424 10 19
396 425 10 20
396 426 10 21
396 427 10 22
396 428 10 23
397 399 10 14
397 400 10 15
397 401 10 16
397 402 10 17
397 403 10 18
397 404 10 19
397 405 10 20
397 406 10 21
397 407 10 22
397 408 10 23
397 409 10 24
397 410 10 25
397 411 10 26
397 412 10 27
397 413 10 28
397 414 10 29
397 415 10 30
397 416 10 31
397 417 10 32
397 418 10 13
397 419 10 14
397 420 10 15
397 421 10 16
397 422 10 17
397 423 10 18
397 424 10 19
397 425 10 20
397 426 10 21
397 427 10 22
397 428 10 23
398 399 10 14
398 400 10 15
398 401 10 16
398 402 10 17
398 403 10 18
398 404 10 19
398 405 10 20
398 406 10 21
398 407 10 22
398 408 10 23
398 409 10 24
398 410 10 25
398 411 10 26
398 412 10 27
398 413 10 28
398 414 10 29
398 415 10 30
398 416 10 31
398 417 10 32
398 418 10 13
398 419 10 14
398 420 10 15
398 421 10 16
398 422 10 17
398 423 10 18
398 424 10 19
398 425 10 20
398 426 10 21
398 427 10 22
398 428 10 23
399 429 10 15
399 430 10 16
399 431 10 17
399 432 10 18
399 433 10 19
399 434 10 20
399 435 10 21
399 436 10 22
399 437 10 23
399 438 10 24
399 439 10 25
399 440 10 26
399 441 10 27
399 442 10 28
399 443 10 29
399 444 10 30
399 445 10 31
399 446 10 32
399 447 10 33
399 448 10 14
399 449 10 15
399 450 10 16
399 451 10 17
399 452 10 18
399 453 10 19
399 454 10 20
399 455 10 21
399 456 10 22
399 457 10 23
399 458 10 24
400 429 10 15
400 430 10 16
400 431 10 17
400 432 10 18
400 433 10 19
400 434 10 20
400 435 10 21
400 436 10 22
400 437 10 23
400 438 10 24
400 439 10 25
400 440 10 26
400 441 10 27
400 442 10 28
400 443 10 29
400 444 10 30
400 445 10 31
400 446 10 32
400 447 10 33
400 448 10 14
400 449 10 15
400 450 10 16
400 451 10 17
400 452 10 18
400 453 10 19
400 454 10 20
400 455 10 21
400 456 10 22
400 457 10 23
400 458 10 24
401 429 10 15
401 430 10 16
401 431 10 17
401 432 10 18
401 433 10 19
401 434 10 20
401 435 10 21
401 436 10 22
401 437 10 23
401 438 10 24
401 439 10 25
401 440 10 26
401 441 10 27
401 442 10 28
401 443 10 29
401 444 10 30
401 445 10 31
401 446 10 32
401 447 10 33
401 448 10 14
401 449 10 15
401 450 10 16
401 451 10 17
401 452 10 18
401 453 10 19
401 454 10 20
401 455 10 21
401 456 10 22
401 457 10 23
401 458 10 24
402 429 10 15
402 430 10 16
402 431 10 17
402 432 10 18
402 433 10 19
402 434 10 20
402 435 10 21
402 436 10 22
402 437 10 23
402 438 10 24
402 439 10 25
402 440 10 26
402 441 10 27
402 442 10 28
402 443 10 29
402 444 10 30
402 445 10 31
402 446 10 32
402 447 10 33
402 448 10 14
402 449 10 15
402 450 10 16
402 451 10 17
402 452 10 18
402 453 10 19
402 454 10 20
402 455 10 21
402 456 10 22
402 457 10 23
402 458 10 24
403 429 10 15
403 430 10 16
403 431 10 17
403 432 10 18
403 433 10 19
403 434 10 20
403 435 10 21
403 436 10 22
403 437 10 23
403 438 10 24
403 439 10 25
403 440 10 26
403 441 10 27
403 442 10 28
403 443 10 29
403 444 10 30
403 445 10 31
403 446 10 32
403 447 10 33
403 448 10 14
403 449 10 15
403 450 10 16
403 451 10 17
403 452 10 18
403 453 10 19
403 454 10 20
403 455 10 21
403 456 10 22
403 457 10 23
403 458 10 24
404 429 10 15
404 430 10 16
404 431 10 17
404 432 10 18
404 433 10 19
404 434 10 20
404 435 10 21
404 436 10 22
404 437 10 23
404 438 10 24
404 439 10 25
404 440 10 26
404 441 10 27
404 442 10 28
404 443 10 29
404 444 10 30
404 445 10 31
404 446 10 32
404 447 10 33
404 448 10 14
404 449 10 15
404 450 10 16
404 451 10 17
404 452 10 18
404 453 10 19
404 454 10 20
404 455 10 21
404 456 10 22
404 457 10 23
404 458 10 24
405 429 10 15
405 430 10 16
405 431 10 17
405 432 10 18
405 433 10 19
405 434 10 20
405 435 10 21
405 436 10 22
405 437 10 23
405 438 10 24
405 439 10 25
405 440 10 26
405 441 10 27
405 442 10 28
405 443 10 29
405 444 10 30
405 445 10 31
405 446 10 32
405 447 10 33
405 448 10 14
405 449 10 15
405 450 10 16
405 451 10 17
405 452 10 18
405 453 10 19
405 454 10 20
405 455 10 21
405 456 10 22
405 457 10 23
405 458 10 24
406 429 10 15
406 430 10 16
406 431 10 17
406 432 10 18
406 433 10 19
406 434 10 20
406 435 10 21
406 436 10 22
406 437 10 23
406 438 10 24
406 439 10 25
406 440 10 26
406 441 10 27
406 442 10 28
406 443 10 29
406 444 10 30
406 445 10 31
406 446 10 32
406 447 10 33
406 448 10 14
406 449 10 15
406 450 10 16
406 451 10 17
406 452 10 18
406 453 10 19
406 454 10 20
406 455 10 21
406 456 10 22
406 457 10 23
406 458 10 24
407 429 10 15
407 430 10 16
407 431 10 17
407 432 10 18
407 433 10 19
407 434 10 20
407 435 10 21
407 436 10 22
407 437 10 23
407 438 10 24
407 439 10 25
407 440 10 26
407 441 10 27
407 442 10 28
407 443 10 29
407 444 10 30
407 445 10 31
407 446 10 32
407 447 10 33
407 448 10 14
407 449 10 15
407 450 10 16
407 451 10 17
407 452 10 18
407 453 10 19
407 454 10 20
407 455 10 21
407 456 10 22
407 457 10 23
407 458 10 24
408 429 10 15
408 430 10 16
408 431 10 17
408 432 10 18
408 433 10 19
408 434 10 20
408 435 10 21
408 436 10 22
408 437 10 23
408 438 10 24
408 439 10 25
408 440 10 26
408 441 10 27
408 442 10 28
408 443 10 29
408 444 10 30
408 445 10 31
408 446 10 32
408 447 10 33
408 448 10 14
408 449 10 15
408 450 10 16
408 451 10 17
408 452 10 18
408 453 10 19
408 454 10 20
408 455 10 21
408 456 10 22
408 457 10 23
408 458 10 24
409 429 10 15
409 430 10 16
409 431 10 17
409 432 10 18
409 433 10 19
409 434 10 20
409 435 10 21
409 436 10 22
409 437 10 23
409 438 10 24
409 439 10 25
409 440 10 26
409 441 10 27
409 442 10 28
409 443 10 29
409 444 10 30
409 445 10 31
409 446 10 32
409 447 10 33
409 448 10 14
409 449 10 15
409 450 10 16
409 451 10 17
409 452 10 18
409 453 10 19
409 454 10 20
409 455 10 21
409 456 10 22
409 457 10 23
409 458 10 24
410 429 10 15
410 430 10 16
410 431 10 17
410 432 10 18
410 433 10 19
410 434 10 20
410 435 10 21
410 436 10 22
410 437 10 23
410 438 10 24
410 439 10 25
410 440 10 26
410 441 10 27
410 442 10 28
410 443 10 29
410 444 10 30
410 445 10 31
410 446 10 32
410 447 10 33
410 448 10 14
410 449 10 15
410 450 10 16
410 451 10 17
410 452 10 18
410 453 10 19
410 454 10 20
410 455 10 21
410 456 10 22
410 457 10 23
410 458 10 24
411 429 10 15
411 430 10 16
411 431 10 17
411 432 10 18
411 433 10 19
411 434 10 20
411 435 10 21
411 436 10 22
411 437 10 23
411 438 10 24
411 439 10 25
411 440 10 26
411 441 10 27
411 442 10 28
411 443 10 29
411 444 10 30
411 445 10 31
411 446 10 32
411 447 10 33
411 448 10 14
411 449 10 15
411 450 10 16
411 451 10 17
411 452 10 18
411 453 10 19
411 454 10 20
411 455 10 21
411 456 10 22
411 457 10 23
411 458 10 24
412 429 10 15
412 430 10 16
412 431 10 17
412 432 10 18
412 433 10 19
412 434 10 20
412 435 10 21
412 436 10 22
412 437 10 23
412 438 10 24
412 439 10 25
412 440 10 26
412 441 10 27
412 442 10 28
412 443 10 29
412 444 10 30
412 445 10 31
412 446 10 32
412 447 10 33
412 448 10 14
412 449 10 15
412 450 10 16
412 451 10 17
412 452 10 18
412 453 10 19
412 454 10 20
412 455 10 21
412 456 10 22
412 457 10 23
412 458 10 24
413 429 10 15
413 430 10 16
413 431 10 17
413 432 10 18
413 433 10 19
413 434 10 20
413 435 10 21
413 436 10 22
413 437 10 23
413 438 10 24
413 439 10 25
413 440 10 26
413 441 10 27
413 442 10 28
413 443 10 29
413 444 10 30
413 445 10 31
413 446 10 32
413 447 10 33
413 448 10 14
413 449 10 15
413 450 10 16
413 451 10 17
413 452 10 18
413 453 10 19
413 454 10 20
413 455 10 21
413 456 10 22
413 457 10 23
413 458 10 24
414 429 10 15
414 430 10 16
414 431 10 17
414 432 10 18
414 433 10 19
414 434 10 20
414 435 10 21
414 436 10 22
414 437 10 23
414 438 10 24
414 439 10 25
414 440 10 26
414 441 10 27
414 442 10 28
414 443 10 29
414 444 10 30
414 445 10 31
414 446 10 32
414 447 10 33
414 448 10 14
414 449 10 15
414 450 10 16
414 451 10 17
414 452 10 18
414 453 10 19
414 454 10 20
414 455 10 21
414 456 10 22
414 457 10 23
414 458 10 24
415 429 10 15
415 430 10 16
415 431 10 17
415 432 10 18
415 433 10 19
415 434 10 20
415 435 10 21
415 436 10 22
415 437 10 23
415 438 10 24
415 439 10 25
415 440 10 26
415 441 10 27
415 442 10 28
415 443 10 29
415 444 10 30
415 445 10 31
415 446 10 32
415 447 10 33
415 448 10 14
415 449 10 15
415 450 10 16
415 451 10 17
415 452 10 18
415 453 10 19
415 454 10 20
415 455 10 21
415 456 10 22
415 457 10 23
415 458 10 24
416 429 10 15
416 430 10 16
416 431 10 17
416 432 10 18
416 433 10 19
416 434 10 20
416 435 10 21
416 436 10 22
416 437 10 23
416 438 10 24
416 439 10 25
416 440 10 26
416 441 10 27
416 442 10 28
416 443 10 29
416 444 10 30
416 445 10 31
416 446 10 32
416 447 10 33
416 448 10 14
416 449 10 15
416 450 10 16
416 451 10 17
416 452 10 18
416 453 10 19
416 454 10 20
416 455 10 21
416 456 10 22
416 457 10 23
416 458 10 24
417 429 10 15
417 430 10 16
417 431 10 17
417 432 10 18
417 433 10 19
417 434 10 20
417 435 10 21
417 436 10 22
417 437 10 23
417 438 10 24
417 439 10 25
417 440 10 26
417 441 10 27
417 442 10 28
417 443 10 29
417 444 10 30
417 445 10 31
417 446 10 32
417 447 10 33
417 448 10 14
417 449 10 15
417 450 10 16
417 451 10 17
417 452 10 18
417 453 10 19
417 454 10 20
417 455 10 21
417 456 10 22
417 457 10 23
417 458 10 24
418 429 10 15
418 430 10 16
418 431 10 17
418 432 10 18
418 433 10 19
418 434 10 20
418 435 10 21
418 436 10 22
418 437 10 23
418 438 10 24
418 439 10 25
418 440 10 26
418 441 10 27
418 442 10 28
418 443 10 29
418 444 10 30
418 445 10 31
418 446 10 32
418 447 10 33
418 448 10 14
418 449 10 15
418 450 10 16
418 451 10 17
418 452 10 18
418 453 10 19
418 454 10 20
418 455 10 21
418 456 10 22
418 457 10 23
418 458 10 24
419 429 10 15
419 430 10 16
419 431 10 17
419 432 10 18
419 433 10 19
419 434 10 20
419 435 10 21
419 436 10 22
419 437 10 23
419 438 10 24
419 439 10 25
419 440 10 26
419 441 10 27
419 442 10 28
419 443 10 29
419 444 10 30
419 445 10 31
419 446 10 32
419 447 10 33
419 448 10 14
419 449 10 15
419 450 10 16
419 451 10 17
419 452 10 18
419 453 10 19
419 454 10 20
419 455 10 21
419 456 10 22
419 457 10 23
419 458 10 24
420 429 10 15
420 430 10 16
420 431 10 17
420 432 10 18
420 433 10 19
420 434 10 20
420 435 10 21
420 436 10 22
420 437 10 23
420 438 10 24
420 439 10 25
420 440 10 26
420 441 10 27
420 442 10 28
420 443 10 29
420 444 10 30
420 445 10 31
420 446 10 32
420 447 10 33
420 448 10 14
420 449 10 15
420 450 10 16
420 451 10 17
420 452 10 18
420 453 10 19
420 454 10 20
420 455 10 21
420 456 10 22
420 457 10 23
420 458 10 24
421 429 10 15
421 430 10 16
421 431 10 17
421 432 10 18
421 433 10 19
421 434 10 20
421 435 10 21
421 436 10 22
421 437 10 23
421 438 10 24
421 439 10 25
421 440 10 26
421 441 10 27
421 442 10 28
421 443 10 29
421 444 10 30
421 445 10 31
421 446 10 32
421 447 10 33
421 448 10 14
421 449 10 15
421 450 10 16
421 451 10 17
421 452 10 18
421 453 10 19
421 454 10 20
421 455 10 21
421 456 10 22
421 457 10 23
421 458 10 24
422 429 10 15
422 430 10 16
422 431 10 17
422 432 10 18
422 433 10 19
422 434 10 20
422 435 10 21
422 436 10 22
422 437 10 23
422 438 10 24
422 439 10 25
422 440 10 26
422 441 10 27
422 442 10 28
422 443 10 29
422 444 10 30
422 445 10 31
422 446 10 32
422 447 10 33
422 448 10 14
422 449 10 15
422 450 10 16
422 451 10 17
422 452 10 18
422 453 10 19
422 454 10 20
422 455 10 21
422 456 10 22
422 457 10 23
422 458 10 24
423 429 10 15
423 430 10 16
423 431 10 17
423 432 10 18
423 433 10 19
423 434 10 20
423 435 10 21
423 436 10 22
423 437 10 23
423 438 10 24
423 439 10 25
423 440 10 26
423 441 10 27
423 442 10 28
423 443 10 29
423 444 10 30
423 445 10 31
423 446 10 32
423 447 10 33
423 448 10 14
423 449 10 15
423 450 10 16
423 451 10 17
423 452 10 18
423 453 10 19
423 454 10 20
423 455 10 21
423 456 10 22
423 457 10 23
423 458 10 24
424 429 10 15
424 430 10 16
424 431 10 17
424 432 10 18
424 433 10 19
424 434 10 20
424 435 10 21
424 436 10 22
424 437 10 23
424 438 10 24
424 439 10 25
424 440 10 26
424 441 10 27
424 442 10 28
424 443 10 29
424 444 10 30
424 445 10 31
424 446 10 32
424 447 10 33
424 448 10 14
424 449 10 15
424 450 10 16
424 451 10 17
424 452 10 18
424 453 10 19
424 454 10 20
424 455 10 21
424 456 10 22
424 457 10 23
424 458 10 24
425 429 10 15
425 430 10 16
425 431 10 17
425 432 10 18
425 433 10 19
425 434 10 20
425 435 10 21
425 436 10 22
425 437 10 23
425 438 10 24
425 439 10 25
425 440 10 26
425 441 10 27
425 442 10 28
425 443 10 29
425 444 10 30
425 445 10 31
425 446 10 32
425 447 10 33
425 448 10 14
425 449 10 15
425 450 10 16
425 451 10 17
425 452 10 18
425 453 10 19
425 454 10 20
425 455 10 21
425 456 10 22
425 457 10 23
425 458 10 24
426 429 10 15
426 430 10 16
426 431 10 17
426 432 10 18
426 433 10 19
426 434 10 20
426 435 10 21
426 436 10 22
426 437 10 23
426 438 10 24
426 439 10 25
426 440 10 26
426 441 10 27
426 442 10 28
426 443 10 29
426 444 10 30
426 445 10 31
426 446 10 32
426 447 10 33
426 448 10 14
426 449 10 15
426 450 10 16
426 451 10 17
426 452 10 18
426 453 10 19
426 454 10 20
426 455 10 21
426 456 10 22
426 457 10 23
426 458 10 24
427 429 10 15
427 430 10 16
427 431 10 17
427 432 10 18
427 433 10 19
427 434 10 20
427 435 10 21
427 436 10 22
427 437 10 23
427 438 10 24
427 439 10 25
427 440 10 26
427 441 10 27
427 442 10 28
427 443 10 29
427 444 10 30
427 445 10 31
427 446 10 32
427 447 10 33
427 448 10 14
427 449 10 15
427 450 10 16
427 451 10 17
427 452 10 18
427 453 10 19
427 454 10 20
427 455 10 21
427 456 10 22
427 457 10 23
427 458 10 24
428 429 10 15
428 430 10 16
428 431 10 17
428 432 10 18
428 433 10 19
428 434 10 20
428 435 10 21
428 436 10 22
428 437 10 23
428 438 10 24
428 439 10 25
428 440 10 26
428 441 10 27
428 442 10 28
428 443 10 29
428 444 10 30
428 445 10 31
428 446 10 32
428 447 10 33
428 448 10 14
428 449 10 15
428 450 10 16
428 451 10 17
428 452 10 18
428 453 10 19
428 454 10 20
428 455 10 21
428 456 10 22
428 457 10 23
428 458 10 24
429 459 10 16
429 460 10 17
429 461 10 18
429 462 10 19
429 463 10 20
429 464 10 21
429 465 10 22
429 466 10 23
429 467 10 24
429 468 10 25
429 469 10 26
429 470 10 27
429 471 10 28
429 472 10 29
429 473 10 30
429 474 10 31
429 475 10 32
429 476 10 33
429 477 10 34
429 478 10 15
429 479 10 16
429 480 10 17
429 481 10 18
429 482 10 19
429 483 10 20
429 484 10 21
429 485 10 22
429 486 10 23
429 487 10 24
429 488 10 25
430 459 10 16
430 460 10 17
430 461 10 18
430 462 10 19
430 463 10 20
430 464 10 21
430 465 10 22
430 466 10 23
430 467 10 24
430 468 10 25
430 469 10 26
430 470 10 27
430 471 10 28
430 472 10 29
430 473 10 30
430 474 10 31
430 475 10 32
430 476 10 33
430 477 10 34
430 478 10 15
430 479 10 16
430 480 10 17
430 481 10 18
430 482 10 19
430 483 10 20
430 484 10 21
430 485 10 22
430 486 10 23
430 487 10 24
430 488 10 25
431 459 10 16
431 460 10 17
431 461 10 18
431 462 10 19
431 463 10 20
431 464 10 21
431 465 10 22
431 466 10 23
431 467 10 24
431 468 10 25
431 469 10 26
431 470 10 27
431 471 10 28
431 472 10 29
431 473 10 30
431 474 10 31
431 475 10 32
431 476 10 33
431 477 10 34
431 478 10 15
431 479 10 16
431 480 10 17
431 481 10 18
431 482 10 19
431 483 10 20
431 484 10 21
431 485 10 22
431 486 10 23
431 487 10 24
431 488 10 25
432 459 10 16
432 460 10 17
432 461 10 18
432 462 10 19
432 463 10 20
432 464 10 21
432 465 10 22
432 466 10 23
432 467 10 24
432 468 10 25
432 469 10 26
432 470 10 27
432 471 10 28
432 472 10 29
432 473 10 30
432 474 10 31
432 475 10 32
432 476 10 33
432 477 10 34
432 478 10 15
432 479 10 16
432 480 10 17
432 481 10 18
432 482 10 19
432 483 10 20
432 484 10 21
432 485 10 22
432 486 10 23
432 487 10 24
432 488 10 25
433 459 10 16
433 460 10 17
433 461 10 18
433 462 10 19
433 463 10 20
433 464 10 21
433 465 10 22
433 466 10 23
433 467 10 24
433 468 10 25
433 469 10 26
433 470 10 27
433 471 10 28
433 472 10 29
433 473 10 30
433 474 10 31
433 475 10 32
433 476 10 33
433 477 10 34
433 478 10 15
433 479 10 16
433 480 10 17
433 481 10 18
433 482 10 19
433 483 10 20
433 484 10 21
433 485 10 22
433 486 10 23
433 487 10 24
433 488 10 25
434 459 10 16
434 460 10 17
434 461 10 18
434 462 10 19
434 463 10 20
434 464 10 21
434 465 10 22
434 466 10 23
434 467 10 24
434 468 10 25
434 469 10 26
434 470 10 27
434 471 10 28
434 472 10 29
434 473 10 30
434 474 10 31
434 475 10 32
434 476 10 33
434 477 10 34
434 478 10 15
434 479 10 16
434 480 10 17
434 481 10 18
434 482 10 19
434 483 10 20
434 484 10 21
434 485 10 22
434 486 10 23
434 487 10 24
434 488 10 25
435 459 10 16
435 460 10 17
435 461 10 18
435 462 10 19
435 463 10 20
435 464 10 21
435 465 10 22
435 466 10 23
435 467 10 24
435 468 10 25
435 469 10 26
435 470 10 27
435 471 10 28
435 472 10 29
435 473 10 30
435 474 10 31
435 475 10 32
435 476 10 33
435 477 10 34
435 478 10 15
435 479 10 16
435 480 10 17
435 481 10 18
435 482 10 19
435 483 10 20
435 484 10 21
435 485 10 22
435 486 10 23
435 487 10 24
435 488 10 25
436 459 10 16
436 460 10 17
436 461 10 18
436 462 10 19
436 463 10 20
436 464 10 21
436 465 10 22
436 466 10 23
436 467 10 24
436 468 10 25
436 469 10 26
436 470 10 27
436 471 10 28
436 472 10 29
436 473 10 30
436 474 10 31
436 475 10 32
436 476 10 33
436 477 10 34
436 478 10 15
436 479 10 16
436 480 10 17
436 481 10 18
436 482 10 19
436 483 10 20
436 484 10 21
436 485 10 22
436 486 10 23
436 487 10 24
436 488 10 25
437 459 10 16
437 460 10 17
437 461 10 18
437 462 10 19
437 463 10 20
437 464 10 21
437 465 10 22
437 466 10 23
437 467 10 24
437 468 10 25
437 469 10 26
437 470 10 27
437 471 10 28
437 472 10 29
437 473 10 30
437 474 10 31
437 475 10 32
437 476 10 33
437 477 10 34
437 478 10 15
437 479 10 16
437 480 10 17
437 481 10 18
437 482 10 19
437 483 10 20
437 484 10 21
437 485 10 22
437 486 10 23
437 487 10 24
437 488 10 25
438 459 10 16
438 460 10 17
438 461 10 18
438 462 10 19
438 463 10 20
438 464 10 21
438 465 10 22
438 466 10 23
438 467 10 24
438 468 10 25
438 469 10 26
438 470 10 27
438 471 10 28
438 472 10 29
438 473 10 30
438 474 10 31
438 475 10 32
438 476 10 33
438 477 10 34
438 478 10 15
438 479 10 16
438 480 10 17
438 481 10 18
438 482 10 19
438 483 10 20
438 484 10 21
438 485 10 22
438 486 10 23
438 487 10 24
438 488 10 25
439 459 10 16
439 460 10 17
439 461 10 18
439 462 10 19
439 463 10 20
439 464 10 21
439 465 10 22
439 466 10 23
439 467 10 24
439 468 10 25
439 469 10 26
439 470 10 27
439 471 10 28
439 472 10 29
439 473 10 30
439 474 10 31
439 475 10 32
439 476 10 33
439 477 10 34
439 478 10 15
439 479 10 16
439 480 10 17
439 481 10 18
439 482 10 19
439 483 10 20
439 484 10 21
439 485 10 22
439 486 10 23
439 487 10 24
439 488 10 25
440 459 10 16
440 460 10 17
440 461 10 18
440 462 10 19
440 463 10 20
440 464 10 21
440 465 10 22
440 466 10 23
440 467 10 24
440 468 10 25
440 469 10 26
440 470 10 27
440 471 10 28
440 472 10 29
440 473 10 30
440 474 10 31
440 475 10 32
440 476 10 33
440 477 10 34
440 478 10 15
440 479 10 16
440 480 10 17
440 481 10 18
440 482 10 19
440 483 10 20
440 484 10 21
440 485 10 22
440 486 10 23
440 487 10 24
440 488 10 25
441 459 10 16
441 460 10 17
441 461 10 18
441 462 10 19
441 463 10 20
441 464 10 21
441 465 10 22
441 466 10 23
441 467 10 24
441 468 10 25
441 469 10 26
441 470 10 27
441 471 10 28
441 472 10 29
441 473 10 30
441 474 10 31
441 475 10 32
441 476 10 33
441 477 10 34
441 478 10 15
441 479 10 16
441 480 10 17
441 481 10 18
441 482 10 19
441 483 10 20
441 484 10 21
441 485 10 22
441 486 10 23
441 487 10 24
441 488 10 25
442 459 10 16
442 460 10 17
442 461 10 18
442 462 10 19
442 463 10 20
442 464 10 21
442 465 10 22
442 466 10 23
442 467 10 24
442 468 10 25
442 469 10 26
442 470 10 27
442 471 10 28
442 472 10 29
442 473 10 30
442 474 10 31
442 475 10 32
442 476 10 33
442 477 10 34
442 478 10 15
442 479 10 16
442 480 10 17
442 481 10 18
442 482 10 19
442 483 10 20
442 484 10 21
442 485 10 22
442 486 10 23
442 487 10 24
442 488 10 25
443 459 10 16
443 460 10 17
443 461 10 18
443 462 10 19
443 463 10 20
443 464 10 21
443 465 10 22
443 466 10 23
443 467 10 24
443 468 10 25
443 469 10 26
443 470 10 27
443 471 10 28
443 472 10 29
443 473 10 30
443 474 10 31
443 475 10 32
443 476 10 33
443 477 10 34
443 478 10 15
443 479 10 16
443 480 10 17
443 481 10 18
443 482 10 19
443 483 10 20
443 484 10 21
443 485 10 22
443 486 10 23
443 487 10 24
443 488 10 25
444 459 10 16
444 460 10 17
444 461 10 18
444 462 10 19
444 463 10 20
444 464 10 21
444 465 10 22
444 466 10 23
444 467 10 24
444 468 10 25
444 469 10 26
444 470 10 27
444 471 10 28
444 472 10 29
444 473 10 30
444 474 10 31
444 475 10 32
444 476 10 33
444 477 10 34
444 478 10 15
444 479 10 16
444 480 10 17
444 481 10 18
444 482 10 19
444 483 10 20
444 484 10 21
444 485 10 22
444 486 10 23
444 487 10 24
444 488 10 25
445 459 10 16
445 460 10 17
445 461 10 18
445 462 10 19
445 463 10 20
445 464 10 21
445 465 10 22
445 466 10 23
445 467 10 24
445 468 10 25
445 469 10 26
445 470 10 27
445 471 10 28
445 472 10 29
445 473 10 30
445 474 10 31
445 475 10 32
445 476 10 33
445 477 10 34
445 478 10 15
445 479 10 16
445 480 10 17
445 481 10 18
445 482 10 19
445 483 10 20
445 484 10 21
445 485 10 22
445 486 10 23
445 487 10 24
445 488 10 25
446 459 10 16
446 460 10 17
446 461 10 18
446 462 10 19
446 463 10 20
446 464 10 21
446 465 10 22
446 466 10 23
446 467 10 24
446 468 10 25
446 469 10 26
446 470 10 27
446 471 10 28
446 472 10 29
446 473 10 30
446 474 10 31
446 475 10 32
446 476 10 33
446 477 10 34
446 478 10 15
446 479 10 16
446 480 10 17
446 481 10 18
446 482 10 19
446 483 10 20
446 484 10 21
446 485 10 22
446 486 10 23
446 487 10 24
446 488 10 25
447 459 10 16
447 460 10 17
447 461 10 18
447 462 10 19
447 463 10 20
447 464 10 21
447 465 10 22
447 466 10 23
447 467 10 24
447 468 10 25
447 469 10 26
447 470 10 27
447 471 10 28
447 472 10 29
447 473 10 30
447 474 10 31
447 475 10 32
447 476 10 33
447 477 10 34
447 478 10 15
447 479 10 16
447 480 10 17
447 481 10 18
447 482 10 19
447 483 10 20
447 484 10 21
447 485 10 22
447 486 10 23
447 487 10 24
447 488 10 25
448 459 10 16
448 460 10 17
448 461 10 18
448 462 10 19
448 463 10 20
448 464 10 21
448 465 10 22
448 466 10 23
448 467 10 24
448 468 10 25
448 469 10 26
448 470 10 27
448 471 10 28
448 472 10 29
448 473 10 30
448 474 10 31
448 475 10 32
448 476 10 33
448 477 10 34
448 478 10 15
448 479 10 16
448 480 10 17
448 481 10 18
448 482 10 19
448 483 10 20
448 484 10 21
448 485 10 22
448 486 10 23
448 487 10 24
448 488 10 25
449 459 10 16
449 460 10 17
449 461 10 18
449 462 10 19
449 463 10 20
449 464 10 21
449 465 10 22
449 466 10 23
449 467 10 24
449 468 10 25
449 469 10 26
449 470 10 27
449 471 10 28
449 472 10 29
449 473 10 30
449 474 10 31
449 475 10 32
449 476 10 33
449 477 10 34
449 478 10 15
449 479 10 16
449 480 10 17
449 481 10 18
449 482 10 19
449 483 10 20
449 484 10 21
449 485 10 22
449 486 10 23
449 487 10 24
449 488 10 25
450 459 10 16
450 460 10 17
450 461 10 18
450 462 10 19
450 463 10 20
450 464 10 21
450 465 10 22
450 466 10 23
450 467 10 24
450 468 10 25
450 469 10 26
450 470 10 27
450 471 10 28
450 472 10 29
450 473 10 30
450 474 10 31
450 475 10 32
450 476 10 33
450 477 10 34
450 478 10 15
450 479 10 16
450 480 10 17
450 481 10 18
450 482 10 19
450 483 10 20
450 484 10 21
450 485 10 22
450 486 10 23
450 487 10 24
450 488 10 25
451 459 10 16
451 460 10 17
451 461 10 18
451 462 10 19
451 463 10 20
451 464 10 21
451 465 10 22
451 466 10 23
451 467 10 24
451 468 10 25
451 469 10 26
451 470 10 27
451 471 10 28
451 472 10 29
451 473 10 30
451 474 10 31
451 475 10 32
451 476 10 33
451 477 10 34
451 478 10 15
451 479 10 16
451 480 10 17
451 481 10 18
451 482 10 19
451 483 10 20
451 484 10 21
451 485 10 22
451 486 10 23
451 487 10 24
451 488 10 25
452 459 10 16
452 460 10 17
452 461 10 18
452 462 10 19
452 463 10 20
452 464 10 21
452 465 10 22
452 466 10 23
452 467 10 24
452 468 10 25
452 469 10 26
452 470 10 27
452 471 10 28
452 472 10 29
452 473 10 30
452 474 10 31
452 475 10 32
452 476 10 33
452 477 10 34
452 478 10 15
452 479 10 16
452 480 10 17
452 481 10 18
452 482 10 19
452 483 10 20
452 484 10 21
452 485 10 22
452 486 10 23
452 487 10 24
452 488 10 25
453 459 10 16
453 460 10 17
453 461 10 18
453 462 10 19
453 463 10 20
453 464 10 21
453 465 10 22
453 466 10 23
453 467 10 24
453 468 10 25
453 469 10 26
453 470 10 27
453 471 10 28
453 472 10 29
453 473 10 30
453 474 10 31
453 475 10 32
453 476 10 33
453 477 10 34
453 478 10 15
453 479 10 16
453 480 10 17
453 481 10 18
453 482 10 19
453 483 10 20
453 484 10 21
453 485 10 22
453 486 10 23
453 487 10 24
453 488 10 25
454 459 10 16
454 460 10 17
454 461 10 18
454 462 10 19
454 463 10 20
454 464 10 21
454 465 10 22
454 466 10 23
454 467 10 24
454 468 10 25
454 469 10 26
454 470 10 27
454 471 10 28
454 472 10 29
454 473 10 30
454 474 10 31
454 475 10 32
454 476 10 33
454 477 10 34
454 478 10 15
454 479 10 16
454 480 10 17
454 481 10 18
454 482 10 19
454 483 10 20
454 484 10 21
454 485 10 22
454 486 10 23
454 487 10 24
454 488 10 25
455 459 10 16
455 460 10 17
455 461 10 18
455 462 10 19
455 463 10 20
455 464 10 21
455 465 10 22
455 466 10 23
455 467 10 24
455 468 10 25
455 469 10 26
455 470 10 27
455 471 10 28
455 472 10 29
455 473 10 30
455 474 10 31
455 475 10 32
455 476 10 33
455 477 10 34
455 478 10 15
455 479 10 16
455 480 10 17
455 481 10 18
455 482 10 19
455 483 10 20
455 484 10 21
455 485 10 22
455 486 10 23
455 487 10 24
455 488 10 25
456 459 10 16
456 460 10 17
456 461 10 18
456 462 10 19
456 463 10 20
456 464 10 21
456 465 10 22
456 466 10 23
456 467 10 24
456 468 10 25
456 469 10 26
456 470 10 27
456 471 10 28
456 472 10 29
456 473 10 30
456 474 10 31
456 475 10 32
456 476 10 33
456 477 10 34
456 478 10 15
456 479 10 16
456 480 10 17
456 481 10 18
456 482 10 19
456 483 10 20
456 484 10 21
456 485 10 22
456 486 10 23
456 487 10 24
456 488 10 25
457 459 10 16
457 460 10 17
457 461 10 18
457 462 10 19
457 463 10 20
457 464 10 21
457 465 10 22
457 466 10 23
457 467 10 24
457 468 10 25
457 469 10 26
457 470 10 27
457 471 10 28
457 472 10 29
457 473 10 30
457 474 10 31
457 475 10 32
457 476 10 33
457 477 10 34
457 478 10 15
457 479 10 16
457 480 10 17
457 481 10 18
457 482 10 19
457 483 10 20
457 484 10 21
457 485 10 22
457 486 10 23
457 487 10 24
457 488 10 25
458 459 10 16
458 460 10 17
458 461 10 18
458 462 10 19
458 463 10 20
458 464 10 21
458 465 10 22
458 466 10 23
458 467 10 24
458 468 10 25
458 469 10 26
458 470 10 27
458 471 10 28
458 472 10 29
458 473 10 30
458 474 10 31
458 475 10 32
458 476 10 33
458 477 10 34
458 478 10 15
458 479 10 16
458 480 10 17
458 481 10 18
458 482 10 19
458 483 10 20
458 484 10 21
458 485 10 22
458 486 10 23
458 487 10 24
458 488 10 25
459 489 10 17
459 490 10 18
459 491 10 19
459 492 10 20
459 493 10 21
459 494 10 22
459 495 10 23
459 496 10 24
459 497 10 25
459 498 10 26
459 499 10 27
459 500 10 28
459 501 10 29
459 502 10 30
459 503 10 31
459 504 10 32
459 505 10 33
459 506 10 34
459 507 10 35
459 508 10 16
459 509 10 17
459 510 10 18
459 511 10 19
459 512 10 20
459 513 10 21
459 514 10 22
459 515 10 23
459 516 10 24
459 517 10 25
459 518 10 26
460 489 10 17
460 490 10 18
460 491 10 19
460 492 10 20
460 493 10 21
460 494 10 22
460 495 10 23
460 496 10 24
460 497 10 25
460 498 10 26
460 499 10 27
460 500 10 28
460 501 10 29
460 502 10 30
460 503 10 31
460 504 10 32
460 505 10 33
460 506 10 34
460 507 10 35
460 508 10 16
460 509 10 17
460 510 10 18
460 511 10 19
460 512 10 20
460 513 10 21
460 514 10 22
460 515 10 23
460 516 10 24
460 517 10 25
460 518 10 26
461 489 10 17
461 490 10 18
461 491 10 19
461 492 10 20
461 493 10 21
461 494 10 22
461 495 10 23
461 496 10 24
461 497 10 25
461 498 10 26
461 499 10 27
461 500 10 28
461 501 10 29
461 502 10 30
461 503 10 31
461 504 10 32
461 505 10 33
461 506 10 34
461 507 10 35
461 508 10 16
461 509 10 17
461 510 10 18
461 511 10 19
461 512 10 20
461 513 10 21
461 514 10 22
461 515 10 23
461 516 10 24
461 517 10 25
461 518 10 26
462 489 10 17
462 490 10 18
462 491 10 19
462 492 10 20
462 493 10 21
462 494 10 22
462 495 10 23
462 496 10 24
462 497 10 25
462 498 10 26
462 499 10 27
462 500 10 28
462 501 10 29
462 502 10 30
462 503 10 31
462 504 10 32
462 505 10 33
462 506 10 34
462 507 10 35
462 508 10 16
462 509 10 17
462 510 10 18
462 511 10 19
462 512 10 20
462 513 10 21
462 514 10 22
462 515 10 23
462 516 10 24
462 517 10 25
462 518 10 26
463 489 10 17
463 490 10 18
463 491 10 19
463 492 10 20
463 493 10 21
463 494 10 22
463 495 10 23
463 496 10 24
463 497 10 25
463 498 10 26
463 499 10 27
463 500 10 28
463 501 10 29
463 502 10 30
463 503 10 31
463 504 10 32
463 505 10 33
463 506 10 34
463 507 10 35
463 508 10 16
463 509 10 17
463 510 10 18
463 511 10 19
463 512 10 20
463 513 10 21
463 514 10 22
463 515 10 23
463 516 10 24
463 517 10 25
463 518 10 26
464 489 10 17
464 490 10 18
464 491 10 19
464 492 10 20
464 493 10 21
464 494 10 22
464 495 10 23
464 496 10 24
464 497 10 25
464 498 10 26
464 499 10 27
464 500 10 28
464 501 10 29
464 502 10 30
464 503 10 31
464 504 10 32
464 505 10 33
464 506 10 34
464 507 10 35
464 508 10 16
464 509 10 17
464 510 10 18
464 511 10 19
464 512 10 20
464 513 10 21
464 514 10 22
464 515 10 23
464 516 10 24
464 517 10 25
464 518 10 26
465 489 10 17
465 490 10 18
465 491 10 19
465 492 10 20
465 493 10 21
465 494 10 22
465 495 10 23
465 496 10 24
465 497 10 25
465 498 10 26
465 499 10 27
465 500 10 28
465 501 10 29
465 502 10 30
465 503 10 31
465 504 10 32
465 505 10 33
465 506 10 34
465 507 10 35
465 508 10 16
465 509 10 17
465 510 10 18
465 511 10 19
465 512 10 20
465 513 10 21
465 514 10 22
465 515 10 23
465 516 10 24
465 517 10 25
465 518 10 26
466 489 10 17
466 490 10 18
466 491 10 19
466 492 10 20
466 493 10 21
466 494 10 22
466 495 10 23
466 496 10 24
466 497 10 25
466 498 10 26
466 499 10 27
466 500 10 28
466 501 10 29
466 502 10 30
466 503 10 31
466 504 10 32
466 505 10 33
466 506 10 34
466 507 10 35
466 508 10 16
466 509 10 17
466 510 10 18
466 511 10 19
466 512 10 20
466 513 10 21
466 514 10 22
466 515 10 23
466 516 10 24
466 517 10 25
466 518 10 26
467 489 10 17
467 490 10 18
467 491 10 19
467 492 10 20
467 493 10 21
467 494 10 22
467 495 10 23
467 496 10 24
467 497 10 25
467 498 10 26
467 499 10 27
467 500 10 28
467 501 10 29
467 502 10 30
467 503 10 31
467 504 10 32
467 505 10 33
467 506 10 34
467 507 10 35
467 508 10 16
467 509 10 17
467 510 10 18
467 511 10 19
467 512 10 20
467 513 10 21
467 514 10 22
467 515 10 23
467 516 10 24
467 517 10 25
467 518 10 26
468 489 10 17
468 490 10 18
468 491 10 19
468 492 10 20
468 493 10 21
468 494 10 22
468 495 10 23
468 496 10 24
468 497 10 25
468 498 10 26
468 499 10 27
468 500 10 28
468 501 10 29
468 502 10 30
468 503 10 31
468 504 10 32
468 505 10 33
468 506 10 34
468 507 10 35
468 508 10 16
468 509 10 17
468 510 10 18
468 511 10 19
468 512 10 20
468 513 10 21
468 514 10 22
468 515 10 23
468 516 10 24
468 517 10 25
468 518 10 26
469 489 10 17
469 490 10 18
469 491 10 19
469 492 10 20
469 493 10 21
469 494 10 22
469 495 10 23
469 496 10 24
469 497 10 25
469 498 10 26
469 499 10 27
469 500 10 28
469 501 10 29
469 502 10 30
469 503 10 31
469 504 10 32
469 505 10 33
469 506 10 34
469 507 10 35
469 508 10 16
469 509 10 17
469 510 10 18
469 511 10 19
469 512 10 20
469 513 10 21
469 514 10 22
469 515 10 23
469 516 10 24
469 517 10 25
469 518 10 26
470 489 10 17
470 490 10 18
470 491 10 19
470 492 10 20
470 493 10 21
470 494 10 22
470 495 10 23
470 496 10 24
470 497 10 25
470 498 10 26
470 499 10 27
470 500 10 28
470 501 10 29
470 502 10 30
470 503 10 31
470 504 10 32
470 505 10 33
470 506 10 34
470 507 10 35
470 508 10 16
470 509 10 17
470 510 10 18
470 511 10 19
470 512 10 20
470 513 10 21
470 514 10 22
470 515 10 23
470 516 10 24
470 517 10 25
470 518 10 26
471 489 10 17
471 490 10 18
471 491 10 19
471 492 10 20
471 493 10 21
471 494 10 22
471 495 10 23
471 496 10 24
471 497 10 25
471 498 10 26
471 499 10 27
471 500 10 28
471 501 10 29
471 502 10 30
471 503 10 31
471 504 10 32
471 505 10 33
471 506 10 34
471 507 10 35
471 508 10 16
471 509 10 17
471 510 10 18
471 511 10 19
471 512 10 20
471 513 10 21
471 514 10 22
471 515 10 23
471 516 10 24
471 517 10 25
471 518 10 26
472 489 10 17
472 490 10 18
472 491 10 19
472 492 10 20
472 493 10 21
472 494 10 22
472 495 10 23
472 496 10 24
472 497 10 25
472 498 10 26
472 499 10 27
472 500 10 28
472 501 10 29
472 502 10 30
472 503 10 31
472 504 10 32
472 505 10 33
472 506 10 34
472 507 10 35
472 508 10 16
472 509 10 17
472 510 10 18
472 511 10 19
472 512 10 20
472 513 10 21
472 514 10 22
472 515 10 23
472 516 10 24
472 517 10 25
472 518 10 26
473 489 10 17
473 490 10 18
473 491 10 19
473 492 10 20
473 493 10 21
473 494 10 22
473 495 10 23
473 496 10 24
473 497 10 25
473 498 10 26
473 499 10 27
473 500 10 28
473 501 10 29
473 502 10 30
473 503 10 31
473 504 10 32
473 505 10 33
473 506 10 34
473 507 10 35
473 508 10 16
473 509 10 17
473 510 10 18
473 511 10 19
473 512 10 20
473 513 10 21
473 514 10 22
473 515 10 23
473 516 10 24
473 517 10 25
473 518 10 26
474 489 10 17
474 490 10 18
474 491 10 19
474 492 10 20
474 493 10 21
474 494 10 22
474 495 10 23
474 496 10 24
474 497 10 25
474 498 10 26
474 499 10 27
474 500 10 28
474 501 10 29
474 502 10 30
474 503 10 31
474 504 10 32
474 505 10 33
474 506 10 34
474 507 10 35
474 508 10 16
474 509 10 17
474 510 10 18
474 511 10 19
474 512 10 20
474 513 10 21
474 514 10 22
474 515 10 23
474 516 10 24
474 517 10 25
474 518 10 26
475 489 10 17
475 490 10 18
475 491 10 19
475 492 10 20
475 493 10 21
475 494 10 22
475 495 10 23
475 496 10 24
475 497 10 25
475 498 10 26
475 499 10 27
475 500 10 28
475 501 10 29
475 502 10 30
475 503 10 31
475 504 10 32
475 505 10 33
475 506 10 34
475 507 10 35
475 508 10 16
475 509 10 17
475 510 10 18
475 511 10 19
475 512 10 20
475 513 10 21
475 514 10 22
475 515 10 23
475 516 10 24
475 517 10 25
475 518 10 26
476 489 10 17
476 490 10 18
476 491 10 19
476 492 10 20
476 493 10 21
476 494 10 22
476 495 10 23
476 496 10 24
476 497 10 25
476 498 10 26
476 499 10 27
476 500 10 28
476 501 10 29
476 502 10 30
476 503 10 31
476 504 10 32
476 505 10 33
476 506 10 34
476 507 10 35
476 508 10 16
476 509 10 17
476 510 10 18
476 511 10 19
476 512 10 20
476 513 10 21
476 514 10 22
476 515 10 23
476 516 10 24
476 517 10 25
476 518 10 26
477 489 10 17
477 490 10 18
477 491 10 19
477 492 10 20
477 493 10 21
477 494 10 22
477 495 10 23
477 496 10 24
477 497 10 25
477 498 10 26
477 499 10 27
477 500 10 28
477 501 10 29
477 502 10 30
477 503 10 31
477 504 10 32
477 505 10 33
477 506 10 34
477 507 10 35
477 508 10 16
477 509 10 17
477 510 10 18
477 511 10 19
477 512 10 20
477 513 10 21
477 514 10 22
477 515 10 23
477 516 10 24
477 517 10 25
477 518 10 26
478 489 10 17
478 490 10 18
478 491 10 19
478 492 10 20
478 493 10 21
478 494 10 22
478 495 10 23
478 496 10 24
478 497 10 25
478 498 10 26
478 499 10 27
478 500 10 28
478 501 10 29
478 502 10 30
478 503 10 31
478 504 10 32
478 505 10 33
478 506 10 34
478 507 10 35
478 508 10 16
478 509 10 17
478 510 10 18
478 511 10 19
478 512 10 20
478 513 10 21
478 514 10 22
478 515 10 23
478 516 10 24
478 517 10 25
478 518 10 26
479 489 10 17
479 490 10 18
479 491 10 19
479 492 10 20
479 493 10 21
479 494 10 22
479 495 10 23
479 496 10 24
479 497 10 25
479 498 10 26
479 499 10 27
479 500 10 28
479 501 10 29
479 502 10 30
479 503 10 31
479 504 10 32
479 505 10 33
479 506 10 34
479 507 10 35
479 508 10 16
479 509 10 17
479 510 10 18
479 511 10 19
479 512 10 20
479 513 10 21
479 514 10 22
479 515 10 23
479 516 10 24
479 517 10 25
479 518 10 26
480 489 10 17
480 490 10 18
480 491 10 19
480 492 10 20
480 493 10 21
480 494 10 22
480 495 10 23
480 496 10 24
480 497 10 25
480 498 10 26
480 499 10 27
480 500 10 28
480 501 10 29
480 502 10 30
480 503 10 31
480 504 10 32
480 505 10 33
480 506 10 34
480 507 10 35
480 508 10 16
480 509 10 17
480 510 10 18
480 511 10 19
480 512 10 20
480 513 10 21
480 514 10 22
480 515 10 23
480 516 10 24
480 517 10 25
480 518 10 26
481 489 10 17
481 490 10 18
481 491 10 19
481 492 10 20
481 493 10 21
481 494 10 22
481 495 10 23
481 496 10 24
481 497 10 25
481 498 10 26
481 499 10 27
481 500 10 28
481 501 10 29
481 502 10 30
481 503 10 31
481 504 10 32
481 505 10 33
481 506 10 34
481 507 10 35
481 508 10 16
481 509 10 17
481 510 10 18
481 511 10 19
481 512 10 20
481 513 10 21
481 514 10 22
481 515 10 23
481 516 10 24
481 517 10 25
481 518 10 26
482 489 10 17
482 490 10 18
482 491 10 19
482 492 10 20
482 493 10 21
482 494 10 22
482 495 10 23
482 496 10 24
482 497 10 25
482 498 10 26
482 499 10 27
482 500 10 28
482 501 10 29
482 502 10 30
482 503 10 31
482 504 10 32
482 505 10 33
482 506 10 34
482 507 10 35
482 508 10 16
482 509 10 17
482 510 10 18
482 511 10 19
482 512 10 20
482 513 10 21
482 514 10 22
482 515 10 23
482 516 10 24
482 517 10 25
482 518 10 26
483 489 10 17
483 490 10 18
483 491 10 19
483 492 10 20
483 493 10 21
483 494 10 22
483 495 10 23
483 496 10 24
483 497 10 25
483 498 10 26
483 499 10 27
483 500 10 28
483 501 10 29
483 502 10 30
483 503 10 31
483 504 10 32
483 505 10 33
483 506 10 34
483 507 10 35
483 508 10 16
483 509 10 17
483 510 10 18
483 511 10 19
483 512 10 20
483 513 10 21
483 514 10 22
483 515 10 23
483 516 10 24
483 517 10 25
483 518 10 26
484 489 10 17
484 490 10 18
484 491 10 19
484 492 10 20
484 493 10 21
484 494 10 22
484 495 10 23
484 496 10 24
484 497 10 25
484 498 10 26
484 499 10 27
484 500 10 28
484 501 10 29
484 502 10 30
484 503 10 31
484 504 10 32
484 505 10 33
484 506 10 34
484 507 10 35
484 508 10 16
484 509 10 17
484 510 10 18
484 511 10 19
484 512 10 20
484 513 10 21
484 514 10 22
484 515 10 23
484 516 10 24
484 517 10 25
484 518 10 26
485 489 10 17
485 490 10 18
485 491 10 19
485 492 10 20
485 493 10 21
485 494 10 22
485 495 10 23
485 496 10 24
485 497 10 25
485 498 10 26
485 499 10 27
485 500 10 28
485 501 10 29
485 502 10 30
485 503 10 31
485 504 10 32
485 505 10 33
485 506 10 34
485 507 10 35
485 508 10 16
485 509 10 17
485 510 10 18
485 511 10 19
485 512 10 20
485 513 10 21
485 514 10 22
485 515 10 23
485 516 10 24
485 517 10 25
485 518 10 26
486 489 10 17
486 490 10 18
486 491 10 19
486 492 10 20
486 493 10 21
486 494 10 22
486 495 10 23
486 496 10 24
486 497 10 25
486 498 10 26
486 499 10 27
486 500 10 28
486 501 10 29
486 502 10 30
486 503 10 31
486 504 10 32
486 505 10 33
486 506 10 34
486 507 10 35
486 508 10 16
486 509 10 17
486 510 10 18
486 511 10 19
486 512 10 20
486 513 10 21
486 514 10 22
486 515 10 23
486 516 10 24
486 517 10 25
486 518 10 26
487 489 10 17
487 490 10 18
487 491 10 19
487 492 10 20
487 493 10 21
487 494 10 22
487 495 10 23
487 496 10 24
487 497 10 25
487 498 10 26
487 499 10 27
487 500 10 28
487 501 10 29
487 502 10 30
487 503 10 31
487 504 10 32
487 505 10 33
487 506 10 34
487 507 10 35
487 508 10 16
487 509 10 17
487 510 10 18
487 511 10 19
487 512 10 20
487 513 10 21
487 514 10 22
487 515 10 23
487 516 10 24
487 517 10 25
487 518 10 26
488 489 10 17
488 490 10 18
488 491 10 19
488 492 10 20
488 493 10 21
488 494 10 22
488 495 10 23
488 496 10 24
488 497 10 25
488 498 10 26
488 499 10 27
488 500 10 28
488 501 10 29
488 502 10 30
488 503 10 31
488 504 10 32
488 505 10 33
488 506 10 34
488 507 10 35
488 508 10 16
488 509 10 17
488 510 10 18
488 511 10 19
488 512 10 20
488 513 10 21
488 514 10 22
488 515 10 23
488 516 10 24
488 517 10 25
488 518 10 26
489 519 10 18
489 520 10 19
489 521 10 20
489 522 10 21
489 523 10 22
489 524 10 23
489 525 10 24
489 526 10 25
489 527 10 26
489 528 10 27
489 529 10 28
489 530 10 29
489 531 10 30
489 532 10 31
489 533 10 32
489 534 10 33
489 535 10 34
489 536 10 35
489 537 10 36
489 538 10 17
489 539 10 18
489 540 10 19
489 541 10 20
489 542 10 21
489 543 10 22
489 544 10 23
489 545 10 24
489 546 10 25
489 547 10 26
489 548 10 27
490 519 10 18
490 520 10 19
490 521 10 20
490 522 10 21
490 523 10 22
490 524 10 23
490 525 10 24
490 526 10 25
490 527 10 26
490 528 10 27
490 529 10 28
490 530 10 29
490 531 10 30
490 532 10 31
490 533 10 32
490 534 10 33
490 535 10 34
490 536 10 35
490 537 10 36
490 538 10 17
490 539 10 18
490 540 10 19
490 541 10 20
490 542 10 21
490 543 10 22
490 544 10 23
490 545 10 24
490 546 10 25
490 547 10 26
490 548 10 27
491 519 10 18
491 520 10 19
491 521 10 20
491 522 10 21
491 523 10 22
491 524 10 23
491 525 10 24
491 526 10 25
491 527 10 26
491 528 10 27
491 529 10 28
491 530 10 29
491 531 10 30
491 532 10 31
491 533 10 32
491 534 10 33
491 535 10 34
491 536 10 35
491 537 10 36
491 538 10 17
491 539 10 18
491 540 10 19
491 541 10 20
491 542 10 21
491 543 10 22
491 544 10 23
491 545 10 24
491 546 10 25
491 547 10 26
491 548 10 27
492 519 10 18
492 520 10 19
492 521 10 20
492 522 10 21
492 523 10 22
492 524 10 23
492 525 10 24
492 526 10 25
492 527 10 26
492 528 10 27
492 529 10 28
492 530 10 29
492 531 10 30
492 532 10 31
492 533 10 32
492 534 10 33
492 535 10 34
492 536 10 35
492 537 10 36
492 538 10 17
492 539 10 18
492 540 10 19
492 541 10 20
492 542 10 21
492 543 10 22
492 544 10 23
492 545 10 24
492 546 10 25
492 547 10 26
492 548 10 27
493 519 10 18
493 520 10 19
493 521 10 20
493 522 10 21
493 523 10 22
493 524 10 23
493 525 10 24
493 526 10 25
493 527 10 26
493 528 10 27
493 529 10 28
493 530 10 29
493 531 10 30
493 532 10 31
493 533 10 32
493 534 10 33
493 535 10 34
493 536 10 35
493 537 10 36
493 538 10 17
493 539 10 18
493 540 10 19
493 541 10 20
493 542 10 21
493 543 10 22
493 544 10 23
493 545 10 24
493 546 10 25
493 547 10 26
493 548 10 27
494 519 10 18
494 520 10 19
494 521 10 20
494 522 10 21
494 523 10 22
494 524 10 23
494 525 10 24
494 526 10 25
494 527 10 26
494 528 10 27
494 529 10 28
494 530 10 29
494 531 10 30
494 532 10 31
494 533 10 32
494 534 10 33
494 535 10 34
494 536 10 35
494 537 10 36
494 538 10 17
494 539 10 18
494 540 10 19
494 541 10 20
494 542 10 21
494 543 10 22
494 544 10 23
494 545 10 24
494 546 10 25
494 547 10 26
494 548 10 27
495 519 10 18
495 520 10 19
495 521 10 20
495 522 10 21
495 523 10 22
495 524 10 23
495 525 10 24
495 526 10 25
495 527 10 26
495 528 10 27
495 529 10 28
495 530 10 29
495 531 10 30
495 532 10 31
495 533 10 32
495 534 10 33
495 535 10 34
495 536 10 35
495 537 10 36
495 538 10 17
495 539 10 18
495 540 10 19
495 541 10 20
495 542 10 21
495 543 10 22
495 544 10 23
495 545 10 24
495 546 10 25
495 547 10 26
495 548 10 27
496 519 10 18
496 520 10 19
496 521 10 20
496 522 10 21
496 523 10 22
496 524 10 23
496 525 10 24
496 526 10 25
496 527 10 26
496 528 10 27
496 529 10 28
496 530 10 29
496 531 10 30
496 532 10 31
496 533 10 32
496 534 10 33
496 535 10 34
496 536 10 35
496 537 10 36
496 538 10 17
496 539 10 18
496 540 10 19
496 541 10 20
496 542 10 21
496 543 10 22
496 544 10 23
496 545 10 24
496 546 10 25
496 547 10 26
496 548 10 27
497 519 10 18
497 520 10 19
497 521 10 20
497 522 10 21
497 523 10 22
497 524 10 23
497 525 10 24
497 526 10 25
497 527 10 26
497 528 10 27
497 529 10 28
497 530 10 29
497 531 10 30
497 532 10 31
497 533 10 32
497 534 10 33
497 535 10 34
497 536 10 35
497 537 10 36
497 538 10 17
497 539 10 18
497 540 10 19
497 541 10 20
497 542 10 21
497 543 10 22
497 544 10 23
497 545 10 24
497 546 10 25
497 547 10 26
497 548 10 27
498 519 10 18
498 520 10 19
498 521 10 20
498 522 10 21
498 523 10 22
498 524 10 23
498 525 10 24
498 526 10 25
498 527 10 26
498 528 10 27
498 529 10 28
498 530 10 29
498 531 10 30
498 532 10 31
498 533 10 32
498 534 10 33
498 535 10 34
498 536 10 35
498 537 10 36
498 538 10 17
498 539 10 18
498 540 10 19
498 541 10 20
498 542 10 21
498 543 10 22
498 544 10 23
498 545 10 24
498 546 10 25
498 547 10 26
498 548 10 27
499 519 10 18
499 520 10 19
499 521 10 20
499 522 10 21
499 523 10 22
499 524 10 23
499 525 10 24
499 526 10 25
499 527 10 26
499 528 10 27
499 529 10 28
499 530 10 29
499 531 10 30
499 532 10 31
499 533 10 32
499 534 10 33
499 535 10 34
499 536 10 35
499 537 10 36
499 538 10 17
499 539 10 18
499 540 10 19
499 541 10 20
499 542 10 21
499 543 10 22
499 544 10 23
499 545 10 24
499 546 10 25
499 547 10 26
499 548 10 27
500 519 10 18
500 520 10 19
500 521 10 20
500 522 10 21
500 523 10 22
500 524 10 23
500 525 10 24
500 526 10 25
500 527 10 26
500 528 10 27
500 529 10 28
500 530 10 29
500 531 10 30
500 532 10 31
500 533 10 32
500 534 10 33
500 535 10 34
500 536 10 35
500 537 10 36
500 538 10 17
500 539 10 18
500 540 10 19
500 541 10 20
500 542 10 21
500 543 10 22
500 544 10 23
500 545 10 24
500 546 10 25
500 547 10 26
500 548 10 27
501 519 10 18
501 520 10 19
501 521 10 20
501 522 10 21
501 523 10 22
501 524 10 23
501 525 10 24
501 526 10 25
501 527 10 26
501 528 10 27
501 529 10 28
501 530 10 29
501 531 10 30
501 532 10 31
501 533 10 32
501 534 10 33
501 535 10 34
501 536 10 35
501 537 10 36
501 538 10 17
501 539 10 18
501 540 10 19
501 541 10 20
501 542 10 21
501 543 10 22
501 544 10 23
501 545 10 24
501 546 10 25
501 547 10 26
501 548 10 27
502 519 10 18
502 520 10 19
502 521 10 20
502 522 10 21
502 523 10 22
502 524 10 23
502 525 10 24
502 526 10 25
502 527 10 26
502 528 10 27
502 529 10 28
502 530 10 29
502 531 10 30
502 532 10 31
502 533 10 32
502 534 10 33
502 535 10 34
502 536 10 35
502 537 10 36
502 538 10 17
502 539 10 18
502 540 10 19
502 541 10 20
502 542 10 21
502 543 10 22
502 544 10 23
502 545 10 24
502 546 10 25
502 547 10 26
502 548 10 27
503 519 10 18
503 520 10 19
503 521 10 20
503 522 10 21
503 523 10 22
503 524 10 23
503 525 10 24
503 526 10 25
503 527 10 26
503 528 10 27
503 529 10 28
503 530 10 29
503 531 10 30
503 532 10 31
503 533 10 32
503 534 10 33
503 535 10 34
503 536 10 35
503 537 10 36
503 538 10 17
503 539 10 18
503 540 10 19
503 541 10 20
503 542 10 21
503 543 10 22
503 544 10 23
503 545 10 24
503 546 10 25
503 547 10 26
503 548 10 27
504 519 10 18
504 520 10 19
504 521 10 20
504 522 10 21
504 523 10 22
504 524 10 23
504 525 10 24
504 526 10 25
504 527 10 26
504 528 10 27
504 529 10 28
504 530 10 29
504 531 10 30
504 532 10 31
504 533 10 32
504 534 10 33
504 535 10 34
504 536 10 35
504 537 10 36
504 538 10 17
504 539 10 18
504 540 10 19
504 541 10 20
504 542 10 21
504 543 10 22
504 544 10 23
504 545 10 24
504 546 10 25
504 547 10 26
504 548 10 27
505 519 10 18
505 520 10 19
505 521 10 20
505 522 10 21
505 523 10 22
505 524 10 23
505 525 10 24
505 526 10 25
505 527 10 26
505 528 10 27
505 529 10 28
505 530 10 29
505 531 10 30
505 532 10 31
505 533 10 32
505 534 10 33
505 535 10 34
505 536 10 35
505 537 10 36
505 538 10 17
505 539 10 18
505 540 10 19
505 541 10 20
505 542 10 21
505 543 10 22
505 544 10 23
505 545 10 24
505 546 10 25
505 547 10 26
505 548 10 27
506 519 10 18
506 520 10 19
506 521 10 20
506 522 10 21
506 523 10 22
506 524 10 23
506 525 10 24
506 526 10 25
506 527 10 26
506 528 10 27
506 529 10 28
506 530 10 29
506 531 10 30
506 532 10 31
506 533 10 32
506 534 10 33
506 535 10 34
506 536 10 35
506 537 10 36
506 538 10 17
506 539 10 18
506 540 10 19
506 541 10 20
506 542 10 21
506 543 10 22
506 544 10 23
506 545 10 24
506 546 10 25
506 547 10 26
506 548 10 27
507 519 10 18
507 520 10 19
507 521 10 20
507 522 10 21
507 523 10 22
507 524 10 23
507 525 10 24
507 526 10 25
507 527 10 26
507 528 10 27
507 529 10 28
507 530 10 29
507 531 10 30
507 532 10 31
507 533 10 32
507 534 10 33
507 535 10 34
507 536 10 35
507 537 10 36
507 538 10 17
507 539 10 18
507 540 10 19
507 541 10 20
507 542 10 21
507 543 10 22
507 544 10 23
507 545 10 24
507 546 10 25
507 547 10 26
507 548 10 27
508 519 10 18
508 520 10 19
508 521 10 20
508 522 10 21
508 523 10 22
508 524 10 23
508 525 10 24
508 526 10 25
508 527 10 26
508 528 10 27
508 529 10 28
508 530 10 29
508 531 10 30
508 532 10 31
508 533 10 32
508 534 10 33
508 535 10 34
508 536 10 35
508 537 10 36
508 538 10 17
508 539 10 18
508 540 10 19
508 541 10 20
508 542 10 21
508 543 10 22
508 544 10 23
508 545 10 24
508 546 10 25
508 547 10 26
508 548 10 27
509 519 10 18
509 520 10 19
509 521 10 20
509 522 10 21
509 523 10 22
509 524 10 23
509 525 10 24
509 526 10 25
509 527 10 26
509 528 10 27
509 529 10 28
509 530 10 29
509 531 10 30
509 532 10 31
509 533 10 32
509 534 10 33
509 535 10 34
509 536 10 35
509 537 10 36
509 538 10 17
509 539 10 18
509 540 10 19
509 541 10 20
509 542 10 21
509 543 10 22
509 544 10 23
509 545 10 24
509 546 10 25
509 547 10 26
509 548 10 27
510 519 10 18
510 520 10 19
510 521 10 20
510 522 10 21
510 523 10 22
510 524 10 23
510 525 10 24
510 526 10 25
510 527 10 26
510 528 10 27
510 529 10 28
510 530 10 29
510 531 10 30
510 532 10 31
510 533 10 32
510 534 10 33
510 535 10 34
510 536 10 35
510 537 10 36
510 538 10 17
510 539 10 18
510 540 10 19
510 541 10 20
510 542 10 21
510 543 10 22
510 544 10 23
510 545 10 24
510 546 10 25
510 547 10 26
510 548 10 27
511 519 10 18
511 520 10 19
511 521 10 20
511 522 10 21
511 523 10 22
511 524 10 23
511 525 10 24
511 526 10 25
511 527 10 26
511 528 10 27
511 529 10 28
511 530 10 29
511 531 10 30
511 532 10 31
511 533 10 32
511 534 10 33
511 535 10 34
511 536 10 35
511 537 10 36
511 538 10 17
511 539 10 18
511 540 10 19
511 541 10 20
511 542 10 21
511 543 10 22
511 544 10 23
511 545 10 24
511 546 10 25
511 547 10 26
511 548 10 27
512 519 10 18
512 520 10 19
512 521 10 20
512 522 10 21
512 523 10 22
512 524 10 23
512 525 10 24
512 526 10 25
512 527 10 26
512 528 10 27
512 529 10 28
512 530 10 29
512 531 10 30
512 532 10 31
512 533 10 32
512 534 10 33
512 535 10 34
512 536 10 35
512 537 10 36
512 538 10 17
512 539 10 18
512 540 10 19
512 541 10 20
512 542 10 21
512 543 10 22
512 544 10 23
512 545 10 24
512 546 10 25
512 547 10 26
512 548 10 27
513 519 10 18
513 520 10 19
513 521 10 20
513 522 10 21
513 523 10 22
513 524 10 23
513 525 10 24
513 526 10 25
513 527 10 26
513 528 10 27
513 529 10 28
513 530 10 29
513 531 10 30
513 532 10 31
513 533 10 32
513 534 10 33
513 535 10 34
513 536 10 35
513 537 10 36
513 538 10 17
513 539 10 18
513 540 10 19
513 541 10 20
513 542 10 21
513 543 10 22
513 544 10 23
513 545 10 24
513 546 10 25
513 547 10 26
513 548 10 27
514 519 10 18
514 520 10 19
514 521 10 20
514 522 10 21
514 523 10 22
514 524 10 23
514 525 10 24
514 526 10 25
514 527 10 26
514 528 10 27
514 529 10 28
514 530 10 29
514 531 10 30
514 532 10 31
514 533 10 32
514 534 10 33
514 535 10 34
514 536 10 35
514 537 10 36
514 538 10 17
514 539 10 18
514 540 10 19
514 541 10 20
514 542 10 21
514 543 10 22
514 544 10 23
514 545 10 24
514 546 10 25
514 547 10 26
514 548 10 27
515 519 10 18
515 520 10 19
515 521 10 20
515 522 10 21
515 523 10 22
515 524 10 23
515 525 10 24
515 526 10 25
515 527 10 26
515 528 10 27
515 529 10 28
515 530 10 29
515 531 10 30
515 532 10 31
515 533 10 32
515 534 10 33
515 535 10 34
515 536 10 35
515 537 10 36
515 538 10 17
515 539 10 18
515 540 10 19
515 541 10 20
515 542 10 21
515 543 10 22
515 544 10 23
515 545 10 24
515 546 10 25
515 547 10 26
515 548 10 27
516 519 10 18
516 520 10 19
516 521 10 20
516 522 10 21
516 523 10 22
516 524 10 23
516 525 10 24
516 526 10 25
516 527 10 26
516 528 10 27
516 529 10 28
516 530 10 29
516 531 10 30
516 532 10 31
516 533 10 32
516 534 10 33
516 535 10 34
516 536 10 35
516 537 10 36
516 538 10 17
516 539 10 18
516 540 10 19
516 541 10 20
516 542 10 21
516 543 10 22
516 544 10 23
516 545 10 24
516 546 10 25
516 547 10 26
516 548 10 27
517 519 10 18
517 520 10 19
517 521 10 20
517 522 10 21
517 523 10 22
517 524 10 23
517 525 10 24
517 526 10 25
517 527 10 26
517 528 10 27
517 529 10 28
517 530 10 29
517 531 10 30
517 532 10 31
517 533 10 32
517 534 10 33
517 535 10 34
517 536 10 35
517 537 10 36
517 538 10 17
517 539 10 18
517 540 10 19
517 541 10 20
517 542 10 21
517 543 10 22
517 544 10 23
517 545 10 24
517 546 10 25
517 547 10 26
517 548 10 27
518 519 10 18
518 520 10 19
518 521 10 20
518 522 10 21
518 523 10 22
518 524 10 23
518 525 10 24
518 526 10 25
518 527 10 26
518 528 10 27
518 529 10 28
518 530 10 29
518 531 10 30
518 532 10 31
518 533 10 32
518 534 10 33
518 535 10 34
518 536 10 35
518 537 10 36
518 538 10 17
518 539 10 18
518 540 10 19
518 541 10 20
518 542 10 21
518 543 10 22
518 544 10 23
518 545 10 24
518 546 10 25
518 547 10 26
518 548 10 27
519 549 10 19
519 550 10 20
519 551 10 21
519 552 10 22
519 553 10 23
519 554 10 24
519 555 10 25
519 556 10 26
519 557 10 27
519 558 10 28
519 559 10 29
519 560 10 30
519 561 10 31
519 562 10 32
519 563 10 33
519 564 10 34
519 565 10 35
519 566 10 36
519 567 10 37
519 568 10 18
519 569 10 19
519 570 10 20
519 571 10 21
519 572 10 22
519 573 10 23
519 574 10 24
519 575 10 25
519 576 10 26
519 577 10 27
519 578 10 28
520 549 10 19
520 550 10 20
520 551 10 21
520 552 10 22
520 553 10 23
520 554 10 24
520 555 10 25
520 556 10 26
520 557 10 27
520 558 10 28
520 559 10 29
520 560 10 30
520 561 10 31
520 562 10 32
520 563 10 33
520 564 10 34
520 565 10 35
520 566 10 36
520 567 10 37
520 568 10 18
520 569 10 19
520 570 10 20
520 571 10 21
520 572 10 22
520 573 10 23
520 574 10 24
520 575 10 25
520 576 10 26
520 577 10 27
520 578 10 28
521 549 10 19
521 550 10 20
521 551 10 21
521 552 10 22
521 553 10 23
521 554 10 24
521 555 10 25
521 556 10 26
521 557 10 27
521 558 10 28
521 559 10 29
521 560 10 30
521 561 10 31
521 562 10 32
521 563 10 33
521 564 10 34
521 565 10 35
521 566 10 36
521 567 10 37
521 568 10 18
521 569 10 19
521 570 10 20
521 571 10 21
521 572 10 22
521 573 10 23
521 574 10 24
521 575 10 25
521 576 10 26
521 577 10 27
521 578 10 28
522 549 10 19
522 550 10 20
522 551 10 21
522 552 10 22
522 553 10 23
522 554 10 24
522 555 10 25
522 556 10 26
522 557 10 27
522 558 10 28
522 559 10 29
522 560 10 30
522 561 10 31
522 562 10 32
522 563 10 33
522 564 10 34
522 565 10 35
522 566 10 36
522 567 10 37
522 568 10 18
522 569 10 19
522 570 10 20
522 571 10 21
522 572 10 22
522 573 10 23
522 574 10 24
522 575 10 25
522 576 10 26
522 577 10 27
522 578 10 28
523 549 10 19
523 550 10 20
523 551 10 21
523 552 10 22
523 553 10 23
523 554 10 24
523 555 10 25
523 556 10 26
523 557 10 27
523 558 10 28
523 559 10 29
523 560 10 30
523 561 10 31
523 562 10 32
523 563 10 33
523 564 10 34
523 565 10 35
523 566 10 36
523 567 10 37
523 568 10 18
523 569 10 19
523 570 10 20
523 571 10 21
523 572 10 22
523 573 10 23
523 574 10 24
523 575 10 25
523 576 10 26
523 577 10 27
523 578 10 28
524 549 10 19
524 550 10 20
524 551 10 21
524 552 10 22
524 553 10 23
524 554 10 24
524 555 10 25
524 556 10 26
524 557 10 27
524 558 10 28
524 559 10 29
524 560 10 30
524 561 10 31
524 562 10 32
524 563 10 33
524 564 10 34
524 565 10 35
524 566 10 36
524 567 10 37
524 568 10 18
524 569 10 19
524 570 10 20
524 571 10 21
524 572 10 22
524 573 10 23
524 574 10 24
524 575 10 25
524 576 10 26
524 577 10 27
524 578 10 28
525 549 10 19
525 550 10 20
525 551 10 21
525 552 10 22
525 553 10 23
525 554 10 24
525 555 10 25
525 556 10 26
525 557 10 27
525 558 10 28
525 559 10 29
525 560 10 30
525 561 10 31
525 562 10 32
525 563 10 33
525 564 10 34
525 565 10 35
525 566 10 36
525 567 10 37
525 568 10 18
525 569 10 19
525 570 10 20
525 571 10 21
525 572 10 22
525 573 10 23
525 574 10 24
525 575 10 25
525 576 10 26
525 577 10 27
525 578 10 28
526 549 10 19
526 550 10 20
526 551 10 21
526 552 10 22
526 553 10 23
526 554 10 24
526 555 10 25
526 556 10 26
526 557 10 27
526 558 10 28
526 559 10 29
526 560 10 30
526 561 10 31
526 562 10 32
526 563 10 33
526 564 10 34
526 565 10 35
526 566 10 36
526 567 10 37
526 568 10 18
526 569 10 19
526 570 10 20
526 571 10 21
526 572 10 22
526 573 10 23
526 574 10 24
526 575 10 25
526 576 10 26
526 577 10 27
526 578 10 28
527 549 10 19
527 550 10 20
527 551 10 21
527 552 10 22
527 553 10 23
527 554 10 24
527 555 10 25
527 556 10 26
527 557 10 27
527 558 10 28
527 559 10 29
527 560 10 30
527 561 10 31
527 562 10 32
527 563 10 33
527 564 10 34
527 565 10 35
527 566 10 36
527 567 10 37
527 568 10 18
527 569 10 19
527 570 10 20
527 571 10 21
527 572 10 22
527 573 10 23
527 574 10 24
527 575 10 25
527 576 10 26
527 577 10 27
527 578 10 28
528 549 10 19
528 550 10 20
528 551 10 21
528 552 10 22
528 553 10 23
528 554 10 24
528 555 10 25
528 556 10 26
528 557 10 27
528 558 10 28
528 559 10 29
528 560 10 30
528 561 10 31
528 562 10 32
528 563 10 33
528 564 10 34
528 565 10 35
528 566 10 36
528 567 10 37
528 568 10 18
528 569 10 19
528 570 10 20
528 571 10 21
528 572 10 22
528 573 10 23
528 574 10 24
528 575 10 25
528 576 10 26
528 577 10 27
528 578 10 28
529 549 10 19
529 550 10 20
529 551 10 21
529 552 10 22
529 553 10 23
529 554 10 24
529 555 10 25
529 556 10 26
529 557 10 27
529 558 10 28
529 559 10 29
529 560 10 30
529 561 10 31
529 562 10 32
529 563 10 33
529 564 10 34
529 565 10 35
529 566 10 36
529 567 10 37
529 568 10 18
529 569 10 19
529 570 10 20
529 571 10 21
529 572 10 22
529 573 10 23
529 574 10 24
529 575 10 25
529 576 10 26
529 577 10 27
529 578 10 28
530 549 10 19
530 550 10 20
530 551 10 21
530 552 10 22
530 553 10 23
530 554 10 24
530 555 10 25
530 556 10 26
530 557 10 27
530 558 10 28
530 559 10 29
530 560 10 30
530 561 10 31
530 562 10 32
530 563 10 33
530 564 10 34
530 565 10 35
530 566 10 36
530 567 10 37
530 568 10 18
530 569 10 19
530 570 10 20
530 571 10 21
530 572 10 22
530 573 10 23
530 574 10 24
530 575 10 25
530 576 10 26
530 577 10 27
530 578 10 28
531 549 10 19
531 550 10 20
531 551 10 21
531 552 10 22
531 553 10 23
531 554 10 24
531 555 10 25
531 556 10 26
531 557 10 27
531 558 10 28
531 559 10 29
531 560 10 30
531 561 10 31
531 562 10 32
531 563 10 33
531 564 10 34
531 565 10 35
531 566 10 36
531 567 10 37
531 568 10 18
531 569 10 19
531 570 10 20
531 571 10 21
531 572 10 22
531 573 10 23
531 574 10 24
531 575 10 25
531 576 10 26
531 577 10 27
531 578 10 28
532 549 10 19
532 550 10 20
532 551 10 21
532 552 10 22
532 553 10 23
532 554 10 24
532 555 10 25
532 556 10 26
532 557 10 27
532 558 10 28
532 559 10 29
532 560 10 30
532 561 10 31
532 562 10 32
532 563 10 33
532 564 10 34
532 565 10 35
532 566 10 36
532 567 10 37
532 568 10 18
532 569 10 19
532 570 10 20
532 571 10 21
532 572 10 22
532 573 10 23
532 574 10 24
532 575 10 25
532 576 10 26
532 577 10 27
532 578 10 28
533 549 10 19
533 550 10 20
533 551 10 21
533 552 10 22
533 553 10 23
533 554 10 24
533 555 10 25
533 556 10 26
533 557 10 27
533 558 10 28
533 559 10 29
533 560 10 30
533 561 10 31
533 562 10 32
533 563 10 33
533 564 10 34
533 565 10 35
533 566 10 36
533 567 10 37
533 568 10 18
533 569 10 19
533 570 10 20
533 571 10 21
533 572 10 22
533 573 10 23
533 574 10 24
533 575 10 25
533 576 10 26
533 577 10 27
533 578 10 28
534 549 10 19
534 550 10 20
534 551 10 21
534 552 10 22
534 553 10 23
534 554 10 24
534 555 10 25
534 556 10 26
534 557 10 27
534 558 10 28
534 559 10 29
534 560 10 30
534 561 10 31
534 562 10 32
534 563 10 33
534 564 10 34
534 565 10 35
534 566 10 36
534 567 10 37
534 568 10 18
534 569 10 19
534 570 10 20
534 571 10 21
534 572 10 22
534 573 10 23
534 574 10 24
534 575 10 25
534 576 10 26
534 577 10 27
534 578 10 28
535 549 10 19
535 550 10 20
535 551 10 21
535 552 10 22
535 553 10 23
535 554 10 24
535 555 10 25
535 556 10 26
535 557 10 27
535 558 10 28
535 559 10 29
535 560 10 30
535 561 10 31
535 562 10 32
535 563 10 33
535 564 10 34
535 565 10 35
535 566 10 36
535 567 10 37
535 568 10 18
535 569 10 19
535 570 10 20
535 571 10 21
535 572 10 22
535 573 10 23
535 574 10 24
535 575 10 25
535 576 10 26
535 577 10 27
535 578 10 28
536 549 10 19
536 550 10 20
536 551 10 21
536 552 10 22
536 553 10 23
536 554 10 24
536 555 10 25
536 556 10 26
536 557 10 27
536 558 10 28
536 559 10 29
536 560 10 30
536 561 10 31
536 562 10 32
536 563 10 33
536 564 10 34
536 565 10 35
536 566 10 36
536 567 10 37
536 568 10 18
536 569 10 19
536 570 10 20
536 571 10 21
536 572 10 22
536 573 10 23
536 574 10 24
536 575 10 25
536 576 10 26
536 577 10 27
536 578 10 28
537 549 10 19
537 550 10 20
537 551 10 21
537 552 10 22
537 553 10 23
537 554 10 24
537 555 10 25
537 556 10 26
537 557 10 27
537 558 10 28
537 559 10 29
537 560 10 30
537 561 10 31
537 562 10 32
537 563 10 33
537 564 10 34
537 565 10 35
537 566 10 36
537 567 10 37
537 568 10 18
537 569 10 19
537 570 10 20
537 571 10 21
537 572 10 22
537 573 10 23
537 574 10 24
537 575 10 25
537 576 10 26
537 577 10 27
537 578 10 28
538 549 10 19
538 550 10 20
538 551 10 21
538 552 10 22
538 553 10 23
538 554 10 24
538 555 10 25
538 556 10 26
538 557 10 27
538 558 10 28
538 559 10 29
538 560 10 30
538 561 10 31
538 562 10 32
538 563 10 33
538 564 10 34
538 565 10 35
538 566 10 36
538 567 10 37
538 568 10 18
538 569 10 19
538 570 10 20
538 571 10 21
538 572 10 22
538 573 10 23
538 574 10 24
538 575 10 25
538 576 10 26
538 577 10 27
538 578 10 28
539 549 10 19
539 550 10 20
539 551 10 21
539 552 10 22
539 553 10 23
539 554 10 24
539 555 10 25
539 556 10 26
539 557 10 27
539 558 10 28
539 559 10 29
539 560 10 30
539 561 10 31
539 562 10 32
539 563 10 33
539 564 10 34
539 565 10 35
539 566 10 36
539 567 10 37
539 568 10 18
539 569 10 19
539 570 10 20
539 571 10 21
539 572 10 22
539 573 10 23
539 574 10 24
539 575 10 25
539 576 10 26
539 577 10 27
539 578 10 28
540 549 10 19
540 550 10 20
540 551 10 21
540 552 10 22
540 553 10 23
540 554 10 24
540 555 10 25
540 556 10 26
540 557 10 27
540 558 10 28
540 559 10 29
540 560 10 30
540 561 10 31
540 562 10 32
540 563 10 33
540 564 10 34
540 565 10 35
540 566 10 36
540 567 10 37
540 568 10 18
540 569 10 19
540 570 10 20
540 571 10 21
540 572 10 22
540 573 10 23
540 574 10 24
540 575 10 25
540 576 10 26
540 577 10 27
540 578 10 28
541 549 10 19
541 550 10 20
541 551 10 21
541 552 10 22
541 553 10 23
541 554 10 24
541 555 10 25
541 556 10 26
541 557 10 27
541 558 10 28
541 559 10 29
541 560 10 30
541 561 10 31
541 562 10 32
541 563 10 33
541 564 10 34
541 565 10 35
541 566 10 36
541 567 10 37
541 568 10 18
541 569 10 19
541 570 10 20
541 571 10 21
541 572 10 22
541 573 10 23
541 574 10 24
541 575 10 25
541 576 10 26
541 577 10 27
541 578 10 28
542 549 10 19
542 550 10 20
542 551 10 21
542 552 10 22
542 553 10 23
542 554 10 24
542 555 10 25
542 556 10 26
542 557 10 27
542 558 10 28
542 559 10 29
542 560 10 30
542 561 10 31
542 562 10 32
542 563 10 33
542 564 10 34
542 565 10 35
542 566 10 36
542 567 10 37
542 568 10 18
542 569 10 19
542 570 10 20
542 571 10 21
542 572 10 22
542 573 10 23
542 574 10 24
542 575 10 25
542 576 10 26
542 577 10 27
542 578 10 28
543 549 10 19
543 550 10 20
543 551 10 21
543 552 10 22
543 553 10 23
543 554 10 24
543 555 10 25
543 556 10 26
543 557 10 27
543 558 10 28
543 559 10 29
543 560 10 30
543 561 10 31
543 562 10 32
543 563 10 33
543 564 10 34
543 565 10 35
543 566 10 36
543 567 10 37
543 568 10 18
543 569 10 19
543 570 10 20
543 571 10 21
543 572 10 22
543 573 10 23
543 574 10 24
543 575 10 25
543 576 10 26
543 577 10 27
543 578 10 28
544 549 10 19
544 550 10 20
544 551 10 21
544 552 10 22
544 553 10 23
544 554 10 24
544 555 10 25
544 556 10 26
544 557 10 27
544 558 10 28
544 559 10 29
544 560 10 30
544 561 10 31
544 562 10 32
544 563 10 33
544 564 10 34
544 565 10 35
544 566 10 36
544 567 10 37
544 568 10 18
544 569 10 19
544 570 10 20
544 571 10 21
544 572 10 22
544 573 10 23
544 574 10 24
544 575 10 25
544 576 10 26
544 577 10 27
544 578 10 28
545 549 10 19
545 550 10 20
545 551 10 21
545 552 10 22
545 553 10 23
545 554 10 24
545 555 10 25
545 556 10 26
545 557 10 27
545 558 10 28
545 559 10 29
545 560 10 30
545 561 10 31
545 562 10 32
545 563 10 33
545 564 10 34
545 565 10 35
545 566 10 36
545 567 10 37
545 568 10 18
545 569 10 19
545 570 10 20
545 571 10 21
545 572 10 22
545 573 10 23
545 574 10 24
545 575 10 25
545 576 10 26
545 577 10 27
545 578 10 28
546 549 10 19
546 550 10 20
546 551 10 21
546 552 10 22
546 553 10 23
546 554 10 24
546 555 10 25
546 556 10 26
546 557 10 27
546 558 10 28
546 559 10 29
546 560 10 30
546 561 10 31
546 562 10 32
546 563 10 33
546 564 10 34
546 565 10 35
546 566 10 36
546 567 10 37
546 568 10 18
546 569 10 19
546 570 10 20
546 571 10 21
546 572 10 22
546 573 10 23
546 574 10 24
546 575 10 25
546 576 10 26
546 577 10 27
546 578 10 28
547 549 10 19
547 550 10 20
547 551 10 21
547 552 10 22
547 553 10 23
547 554 10 24
547 555 10 25
547 556 10 26
547 557 10 27
547 558 10 28
547 559 10 29
547 560 10 30
547 561 10 31
547 562 10 32
547 563 10 33
547 564 10 34
547 565 10 35
547 566 10 36
547 567 10 37
547 568 10 18
547 569 10 19
547 570 10 20
547 571 10 21
547 572 10 22
547 573 10 23
547 574 10 24
547 575 10 25
547 576 10 26
547 577 10 27
547 578 10 28
548 549 10 19
548 550 10 20
548 551 10 21
548 552 10 22
548 553 10 23
548 554 10 24
548 555 10 25
548 556 10 26
548 557 10 27
548 558 10 28
548 559 10 29
548 560 10 30
548 561 10 31
548 562 10 32
548 563 10 33
548 564 10 34
548 565 10 35
548 566 10 36
548 567 10 37
548 568 10 18
548 569 10 19
548 570 10 20
548 571 10 21
548 572 10 22
548 573 10 23
548 574 10 24
548 575 10 25
548 576 10 26
548 577 10 27
548 578 10 28
549 579 10 20
549 580 10 21
549 581 10 22
549 582 10 23
549 583 10 24
549 584 10 25
549 585 10 26
549 586 10 27
549 587 10 28
549 588 10 29
549 589 10 30
549 590 10 31
549 591 10 32
549 592 10 33
549 593 10 34
549 594 10 35
549 595 10 36
549 596 10 37
549 597 10 38
549 598 10 19
549 599 10 20
549 600 10 21
549 601 10 22
549 602 10 23
549 603 10 24
549 604 10 25
549 605 10 26
549 606 10 27
549 607 10 28
549 608 10 29
550 579 10 20
550 580 10 21
550 581 10 22
550 582 10 23
550 583 10 24
550 584 10 25
550 585 10 26
550 586 10 27
550 587 10 28
550 588 10 29
550 589 10 30
550 590 10 31
550 591 10 32
550 592 10 33
550 593 10 34
550 594 10 35
550 595 10 36
550 596 10 37
550 597 10 38
550 598 10 19
550 599 10 20
550 600 10 21
550 601 10 22
550 602 10 23
550 603 10 24
550 604 10 25
550 605 10 26
550 606 10 27
550 607 10 28
550 608 10 29
551 579 10 20
551 580 10 21
551 581 10 22
551 582 10 23
551 583 10 24
551 584 10 25
551 585 10 26
551 586 10 27
551 587 10 28
551 588 10 29
551 589 10 30
551 590 10 31
551 591 10 32
551 592 10 33
551 593 10 34
551 594 10 35
551 595 10 36
551 596 10 37
551 597 10 38
551 598 10 19
551 599 10 20
551 600 10 21
551 601 10 22
551 602 10 23
551 603 10 24
551 604 10 25
551 605 10 26
551 606 10 27
551 607 10 28
551 608 10 29
552 579 10 20
552 580 10 21
552 581 10 22
552 582 10 23
552 583 10 24
552 584 10 25
552 585 10 26
552 586 10 27
552 587 10 28
552 588 10 29
552 589 10 30
552 590 10 31
552 591 10 32
552 592 10 33
552 593 10 34
552 594 10 35
552 595 10 36
552 596 10 37
552 597 10 38
552 598 10 19
552 599 10 20
552 600 10 21
552 601 10 22
552 602 10 23
552 603 10 24
552 604 10 25
552 605 10 26
552 606 10 27
552 607 10 28
552 608 10 29
553 579 10 20
553 580 10 21
553 581 10 22
553 582 10 23
553 583 10 24
553 584 10 25
553 585 10 26
553 586 10 27
553 587 10 28
553 588 10 29
553 589 10 30
553 590 10 31
553 591 10 32
553 592 10 33
553 593 10 34
553 594 10 35
553 595 10 36
553 596 10 37
553 597 10 38
553 598 10 19
553 599 10 20
553 600 10 21
553 601 10 22
553 602 10 23
553 603 10 24
553 604 10 25
553 605 10 26
553 606 10 27
553 607 10 28
553 608 10 29
554 579 10 20
554 580 10 21
554 581 10 22
554 582 10 23
554 583 10 24
554 584 10 25
554 585 10 26
554 586 10 27
554 587 10 28
554 588 10 29
554 589 10 30
554 590 10 31
554 591 10 32
554 592 10 33
554 593 10 34
554 594 10 35
554 595 10 36
554 596 10 37
554 597 10 38
554 598 10 19
554 599 10 20
554 600 10 21
554 601 10 22
554 602 10 23
554 603 10 24
554 604 10 25
554 605 10 26
554 606 10 27
554 607 10 28
554 608 10 29
555 579 10 20
555 580 10 21
555 581 10 22
555 582 10 23
555 583 10 24
555 584 10 25
555 585 10 26
555 586 10 27
555 587 10 28
555 588 10 29
555 589 10 30
555 590 10 31
555 591 10 32
555 592 10 33
555 593 10 34
555 594 10 35
555 595 10 36
555 596 10 37
555 597 10 38
555 598 10 19
555 599 10 20
555 600 10 21
555 601 10 22
555 602 10 23
555 603 10 24
555 604 10 25
555 605 10 26
555 606 10 27
555 607 10 28
555 608 10 29
556 579 10 20
556 580 10 21
556 581 10 22
556 582 10 23
556 583 10 24
556 584 10 25
556 585 10 26
556 586 10 27
556 587 10 28
556 588 10 29
556 589 10 30
556 590 10 31
556 591 10 32
556 592 10 33
556 593 10 34
556 594 10 35
556 595 10 36
556 596 10 37
556 597 10 38
556 598 10 19
556 599 10 20
556 600 10 21
556 601 10 22
556 602 10 23
556 603 10 24
556 604 10 25
556 605 10 26
556 606 10 27
556 607 10 28
556 608 10 29
557 579 10 20
557 580 10 21
557 581 10 22
557 582 10 23
557 583 10 24
557 584 10 25
557 585 10 26
557 586 10 27
557 587 10 28
557 588 10 29
557 589 10 30
557 590 10 31
557 591 10 32
557 592 10 33
557 593 10 34
557 594 10 35
557 595 10 36
557 596 10 37
557 597 10 38
557 598 10 19
557 599 10 20
557 600 10 21
557 601 10 22
557 602 10 23
557 603 10 24
557 604 10 25
557 605 10 26
557 606 10 27
557 607 10 28
557 608 10 29
558 579 10 20
558 580 10 21
558 581 10 22
558 582 10 23
558 583 10 24
558 584 10 25
558 585 10 26
558 586 10 27
558 587 10 28
558 588 10 29
558 589 10 30
558 590 10 31
558 591 10 32
558 592 10 33
558 593 10 34
558 594 10 35
558 595 10 36
558 596 10 37
558 597 10 38
558 598 10 19
558 599 10 20
558 600 10 21
558 601 10 22
558 602 10 23
558 603 10 24
558 604 10 25
558 605 10 26
558 606 10 27
558 607 10 28
558 608 10 29
559 579 10 20
559 580 10 21
559 581 10 22
559 582 10 23
559 583 10 24
559 584 10 25
559 585 10 26
559 586 10 27
559 587 10 28
559 588 10 29
559 589 10 30
559 590 10 31
559 591 10 32
559 592 10 33
559 593 10 34
559 594 10 35
559 595 10 36
559 596 10 37
559 597 10 38
559 598 10 19
559 599 10 20
559 600 10 21
559 601 10 22
559 602 10 23
559 603 10 24
559 604 10 25
559 605 10 26
559 606 10 27
559 607 10 28
559 608 10 29
560 579 10 20
560 580 10 21
560 581 10 22
560 582 10 23
560 583 10 24
560 584 10 25
560 585 10 26
560 586 10 27
560 587 10 28
560 588 10 29
560 589 10 30
560 590 10 31
560 591 10 32
560 592 10 33
560 593 10 34
560 594 10 35
560 595 10 36
560 596 10 37
560 597 10 38
560 598 10 19
560 599 10 20
560 600 10 21
560 601 10 22
560 602 10 23
560 603 10 24
560 604 10 25
560 605 10 26
560 606 10 27
560 607 10 28
560 608 10 29
561 579 10 20
561 580 10 21
561 581 10 22
561 582 10 23
561 583 10 24
561 584 10 25
561 585 10 26
561 586 10 27
561 587 10 28
561 588 10 29
561 589 10 30
561 590 10 31
561 591 10 32
561 592 10 33
561 593 10 34
561 594 10 35
561 595 10 36
561 596 10 37
561 597 10 38
561 598 10 19
561 599 10 20
561 600 10 21
561 601 10 22
561 602 10 23
561 603 10 24
561 604 10 25
561 605 10 26
561 606 10 27
561 607 10 28
561 608 10 29
562 579 10 20
562 580 10 21
562 581 10 22
562 582 10 23
562 583 10 24
562 584 10 25
562 585 10 26
562 586 10 27
562 587 10 28
562 588 10 29
562 589 10 30
562 590 10 31
562 591 10 32
562 592 10 33
562 593 10 34
562 594 10 35
562 595 10 36
562 596 10 37
562 597 10 38
562 598 10 19
562 599 10 20
562 600 10 21
562 601 10 22
562 602 10 23
562 603 10 24
562 604 10 25
562 605 10 26
562 606 10 27
562 607 10 28
562 608 10 29
563 579 10 20
563 580 10 21
563 581 10 22
563 582 10 23
563 583 10 24
563 584 10 25
563 585 10 26
563 586 10 27
563 587 10 28
563 588 10 29
563 589 10 30
563 590 10 31
563 591 10 32
563 592 10 33
563 593 10 34
563 594 10 35
563 595 10 36
563 596 10 37
563 597 10 38
563 598 10 19
563 599 10 20
563 600 10 21
563 601 10 22
563 602 10 23
563 603 10 24
563 604 10 25
563 605 10 26
563 606 10 27
563 607 10 28
563 608 10 29
564 579 10 20
564 580 10 21
564 581 10 22
564 582 10 23
564 583 10 24
564 584 10 25
564 585 10 26
564 586 10 27
564 587 10 28
564 588 10 29
564 589 10 30
564 590 10 31
564 591 10 32
564 592 10 33
564 593 10 34
564 594 10 35
564 595 10 36
564 596 10 37
564 597 10 38
564 598 10 19
564 599 10 20
564 600 10 21
564 601 10 22
564 602 10 23
564 603 10 24
564 604 10 25
564 605 10 26
564 606 10 27
564 607 10 28
564 608 10 29
565 579 10 20
565 580 10 21
565 581 10 22
565 582 10 23
565 583 10 24
565 584 10 25
565 585 10 26
565 586 10 27
565 587 10 28
565 588 10 29
565 589 10 30
565 590 10 31
565 591 10 32
565 592 10 33
565 593 10 34
565 594 10 35
565 595 10 36
565 596 10 37
565 597 10 38
565 598 10 19
565 599 10 20
565 600 10 21
565 601 10 22
565 602 10 23
565 603 10 24
565 604 10 25
565 605 10 26
565 606 10 27
565 607 10 28
565 608 10 29
566 579 10 20
566 580 10 21
566 581 10 22
566 582 10 23
566 583 10 24
566 584 10 25
566 585 10 26
566 586 10 27
566 587 10 28
566 588 10 29
566 589 10 30
566 590 10 31
566 591 10 32
566 592 10 33
566 593 10 34
566 594 10 35
566 595 10 36
566 596 10 37
566 597 10 38
566 598 10 19
566 599 10 20
566 600 10 21
566 601 10 22
566 602 10 23
566 603 10 24
566 604 10 25
566 605 10 26
566 606 10 27
566 607 10 28
566 608 10 29
567 579 10 20
567 580 10 21
567 581 10 22
567 582 10 23
567 583 10 24
567 584 10 25
567 585 10 26
567 586 10 27
567 587 10 28
567 588 10 29
567 589 10 30
567 590 10 31
567 591 10 32
567 592 10 33
567 593 10 34
567 594 10 35
567 595 10 36
567 596 10 37
567 597 10 38
567 598 10 19
567 599 10 20
567 600 10 21
567 601 10 22
567 602 10 23
567 603 10 24
567 604 10 25
567 605 10 26
567 606 10 27
567 607 10 28
567 608 10 29
568 579 10 20
568 580 10 21
568 581 10 22
568 582 10 23
568 583 10 24
568 584 10 25
568 585 10 26
568 586 10 27
568 587 10 28
568 588 10 29
568 589 10 30
568 590 10 31
568 591 10 32
568 592 10 33
568 593 10 34
568 594 10 35
568 595 10 36
568 596 10 37
568 597 10 38
568 598 10 19
568 599 10 20
568 600 10 21
568 601 10 22
568 602 10 23
568 603 10 24
568 604 10 25
568 605 10 26
568 606 10 27
568 607 10 28
568 608 10 29
569 579 10 20
569 580 10 21
569 581 10 22
569 582 10 23
569 583 10 24
569 584 10 25
569 585 10 26
569 586 10 27
569 587 10 28
569 588 10 29
569 589 10 30
569 590 10 31
569 591 10 32
569 592 10 33
569 593 10 34
569 594 10 35
569 595 10 36
569 596 10 37
569 597 10 38
569 598 10 19
569 599 10 20
569 600 10 21
569 601 10 22
569 602 10 23
569 603 10 24
569 604 10 25
569 605 10 26
569 606 10 27
569 607 10 28
569 608 10 29
570 579 10 20
570 580 10 21
570 581 10 22
570 582 10 23
570 583 10 24
570 584 10 25
570 585 10 26
570 586 10 27
570 587 10 28
570 588 10 29
570 589 10 30
570 590 10 31
570 591 10 32
570 592 10 33
570 593 10 34
570 594 10 35
570 595 10 36
570 596 10 37
570 597 10 38
570 598 10 19
570 599 10 20
570 600 10 21
570 601 10 22
570 602 10 23
570 603 10 24
570 604 10 25
570 605 10 26
570 606 10 27
570 607 10 28
570 608 10 29
571 579 10 20
571 580 10 21
571 581 10 22
571 582 10 23
571 583 10 24
571 584 10 25
571 585 10 26
571 586 10 27
571 587 10 28
571 588 10 29
571 589 10 30
571 590 10 31
571 591 10 32
571 592 10 33
571 593 10 34
571 594 10 35
571 595 10 36
571 596 10 37
571 597 10 38
571 598 10 19
571 599 10 20
571 600 10 21
571 601 10 22
571 602 10 23
571 603 10 24
571 604 10 25
571 605 10 26
571 606 10 27
571 607 10 28
571 608 10 29
572 579 10 20
572 580 10 21
572 581 10 22
572 582 10 23
572 583 10 24
572 584 10 25
572 585 10 26
572 586 10 27
572 587 10 28
572 588 10 29
572 589 10 30
572 590 10 31
572 591 10 32
572 592 10 33
572 593 10 34
572 594 10 35
572 595 10 36
572 596 10 37
572 597 10 38
572 598 10 19
572 599 10 20
572 600 10 21
572 601 10 22
572 602 10 23
572 603 10 24
572 604 10 25
572 605 10 26
572 606 10 27
572 607 10 28
572 608 10 29
573 579 10 20
573 580 10 21
573 581 10 22
573 582 10 23
573 583 10 24
573 584 10 25
573 585 10 26
573 586 10 27
573 587 10 28
573 588 10 29
573 589 10 30
573 590 10 31
573 591 10 32
573 592 10 33
573 593 10 34
573 594 10 35
573 595 10 36
573 596 10 37
573 597 10 38
573 598 10 19
573 599 10 20
573 600 10 21
573 601 10 22
573 602 10 23
573 603 10 24
573 604 10 25
573 605 10 26
573 606 10 27
573 607 10 28
573 608 10 29
574 579 10 20
574 580 10 21
574 581 10 22
574 582 10 23
574 583 10 24
574 584 10 25
574 585 10 26
574 586 10 27
574 587 10 28
574 588 10 29
574 589 10 30
574 590 10 31
574 591 10 32
574 592 10 33
574 593 10 34
574 594 10 35
574 595 10 36
574 596 10 37
574 597 10 38
574 598 10 19
574 599 10 20
574 600 10 21
574 601 10 22
574 602 10 23
574 603 10 24
574 604 10 25
574 605 10 26
574 606 10 27
574 607 10 28
574 608 10 29
575 579 10 20
575 580 10 21
575 581 10 22
575 582 10 23
575 583 10 24
575 584 10 25
575 585 10 26
575 586 10 27
575 587 10 28
575 588 10 29
575 589 10 30
575 590 10 31
575 591 10 32
575 592 10 33
575 593 10 34
575 594 10 35
575 595 10 36
575 596 10 37
575 597 10 38
575 598 10 19
575 599 10 20
575 600 10 21
575 601 10 22
575 602 10 23
575 603 10 24
575 604 10 25
575 605 10 26
575 606 10 27
575 607 10 28
575 608 10 29
576 579 10 20
576 580 10 21
576 581 10 22
576 582 10 23
576 583 10 24
576 584 10 25
576 585 10 26
576 586 10 27
576 587 10 28
576 588 10 29
576 589 10 30
576 590 10 31
576 591 10 32
576 592 10 33
576 593 10 34
576 594 10 35
576 595 10 36
576 596 10 37
576 597 10 38
576 598 10 19
576 599 10 20
576 600 10 21
576 601 10 22
576 602 10 23
576 603 10 24
576 604 10 25
576 605 10 26
576 606 10 27
576 607 10 28
576 608 10 29
577 579 10 20
577 580 10 21
577 581 10 22
577 582 10 23
577 583 10 24
577 584 10 25
577 585 10 26
577 586 10 27
577 587 10 28
577 588 10 29
577 589 10 30
577 590 10 31
577 591 10 32
577 592 10 33
577 593 10 34
577 594 10 35
577 595 10 36
577 596 10 37
577 597 10 38
577 598 10 19
577 599 10 20
577 600 10 21
577 601 10 22
577 602 10 23
577 603 10 24
577 604 10 25
577 605 10 26
577 606 10 27
577 607 10 28
577 608 10 29
578 579 10 20
578 580 10 21
578 581 10 22
578 582 10 23
578 583 10 24
578 584 10 25
578 585 10 26
578 586 10 27
578 587 10 28
578 588 10 29
578 589 10 30
578 590 10 31
578 591 10 32
578 592 10 33
578 593 10 34
578 594 10 35
578 595 10 36
578 596 10 37
578 597 10 38
578 598 10 19
578 599 10 20
578 600 10 21
578 601 10 22
578 602 10 23
578 603 10 24
578 604 10 25
578 605 10 26
578 606 10 27
578 607 10 28
578 608 10 29
579 609 10 21
579 610 10 22
579 611 10 23
579 612 10 24
579 613 10 25
579 614 10 26
579 615 10 27
579 616 10 28
579 617 10 29
579 618 10 30
579 619 10 31
579 620 10 32
579 621 10 33
579 622 10 34
579 623 10 35
579 624 10 36
579 625 10 37
579 626 10 38
579 627 10 39
579 628 10 20
579 629 10 21
579 630 10 22
579 631 10 23
579 632 10 24
579 633 10 25
579 634 10 26
579 635 10 27
579 636 10 28
579 637 10 29
579 638 10 30
580 609 10 21
580 610 10 22
580 611 10 23
580 612 10 24
580 613 10 25
580 614 10 26
580 615 10 27
580 616 10 28
580 617 10 29
580 618 10 30
580 619 10 31
580 620 10 32
580 621 10 33
580 622 10 34
580 623 10 35
580 624 10 36
580 625 10 37
580 626 10 38
580 627 10 39
580 628 10 20
580 629 10 21
580 630 10 22
580 631 10 23
580 632 10 24
580 633 10 25
580 634 10 26
580 635 10 27
580 636 10 28
580 637 10 29
580 638 10 30
581 609 10 21
581 610 10 22
581 611 10 23
581 612 10 24
581 613 10 25
581 614 10 26
581 615 10 27
581 616 10 28
581 617 10 29
581 618 10 30
581 619 10 31
581 620 10 32
581 621 10 33
581 622 10 34
581 623 10 35
581 624 10 36
581 625 10 37
581 626 10 38
581 627 10 39
581 628 10 20
581 629 10 21
581 630 10 22
581 631 10 23
581 632 10 24
581 633 10 25
581 634 10 26
581 635 10 27
581 636 10 28
581 637 10 29
581 638 10 30
582 609 10 21
582 610 10 22
582 611 10 23
582 612 10 24
582 613 10 25
582 614 10 26
582 615 10 27
582 616 10 28
582 617 10 29
582 618 10 30
582 619 10 31
582 620 10 32
582 621 10 33
582 622 10 34
582 623 10 35
582 624 10 36
582 625 10 37
582 626 10 38
582 627 10 39
582 628 10 20
582 629 10 21
582 630 10 22
582 631 10 23
582 632 10 24
582 633 10 25
582 634 10 26
582 635 10 27
582 636 10 28
582 637 10 29
582 638 10 30
583 609 10 21
583 610 10 22
583 611 10 23
583 612 10 24
583 613 10 25
583 614 10 26
583 615 10 27
583 616 10 28
583 617 10 29
583 618 10 30
583 619 10 31
583 620 10 32
583 621 10 33
583 622 10 34
583 623 10 35
583 624 10 36
583 625 10 37
583 626 10 38
583 627 10 39
583 628 10 20
583 629 10 21
583 630 10 22
583 631 10 23
583 632 10 24
583 633 10 25
583 634 10 26
583 635 10 27
583 636 10 28
583 637 10 29
583 638 10 30
584 609 10 21
584 610 10 22
584 611 10 23
584 612 10 24
584 613 10 25
584 614 10 26
584 615 10 27
584 616 10 28
584 617 10 29
584 618 10 30
584 619 10 31
584 620 10 32
584 621 10 33
584 622 10 34
584 623 10 35
584 624 10 36
584 625 10 37
584 626 10 38
584 627 10 39
584 628 10 20
584 629 10 21
584 630 10 22
584 631 10 23
584 632 10 24
584 633 10 25
584 634 10 26
584 635 10 27
584 636 10 28
584 637 10 29
584 638 10 30
585 609 10 21
585 610 10 22
585 611 10 23
585 612 10 24
585 613 10 25
585 614 10 26
585 615 10 27
585 616 10 28
585 617 10 29
585 618 10 30
585 619 10 31
585 620 10 32
585 621 10 33
585 622 10 34
585 623 10 35
585 624 10 36
585 625 10 37
585 626 10 38
585 627 10 39
585 628 10 20
585 629 10 21
585 630 10 22
585 631 10 23
585 632 10 24
585 633 10 25
585 634 10 26
585 635 10 27
585 636 10 28
585 637 10 29
585 638 10 30
586 609 10 21
586 610 10 22
586 611 10 23
586 612 10 24
586 613 10 25
586 614 10 26
586 615 10 27
586 616 10 28
586 617 10 29
586 618 10 30
586 619 10 31
586 620 10 32
586 621 10 33
586 622 10 34
586 623 10 35
586 624 10 36
586 625 10 37
586 626 10 38
586 627 10 39
586 628 10 20
586 629 10 21
586 630 10 22
586 631 10 23
586 632 10 24
586 633 10 25
586 634 10 26
586 635 10 27
586 636 10 28
586 637 10 29
586 638 10 30
587 609 10 21
587 610 10 22
587 611 10 23
587 612 10 24
587 613 10 25
587 614 10 26
587 615 10 27
587 616 10 28
587 617 10 29
587 618 10 30
587 619 10 31
587 620 10 32
587 621 10 33
587 622 10 34
587 623 10 35
587 624 10 36
587 625 10 37
587 626 10 38
587 627 10 39
587 628 10 20
587 629 10 21
587 630 10 22
587 631 10 23
587 632 10 24
587 633 10 25
587 634 10 26
587 635 10 27
587 636 10 28
587 637 10 29
587 638 10 30
588 609 10 21
588 610 10 22
588 611 10 23
588 612 10 24
588 613 10 25
588 614 10 26
588 615 10 27
588 616 10 28
588 617 10 29
588 618 10 30
588 619 10 31
588 620 10 32
588 621 10 33
588 622 10 34
588 623 10 35
588 624 10 36
588 625 10 37
588 626 10 38
588 627 10 39
588 628 10 20
588 629 10 21
588 630 10 22
588 631 10 23
588 632 10 24
588 633 10 25
588 634 10 26
588 635 10 27
588 636 10 28
588 637 10 29
588 638 10 30
589 609 10 21
589 610 10 22
589 611 10 23
589 612 10 24
589 613 10 25
589 614 10 26
589 615 10 27
589 616 10 28
589 617 10 29
589 618 10 30
589 619 10 31
589 620 10 32
589 621 10 33
589 622 10 34
589 623 10 35
589 624 10 36
589 625 10 37
589 626 10 38
589 627 10 39
589 628 10 20
589 629 10 21
589 630 10 22
589 631 10 23
589 632 10 24
589 633 10 25
589 634 10 26
589 635 10 27
589 636 10 28
589 637 10 29
589 638 10 30
590 609 10 21
590 610 10 22
590 611 10 23
590 612 10 24
590 613 10 25
590 614 10 26
590 615 10 27
590 616 10 28
590 617 10 29
590 618 10 30
590 619 10 31
590 620 10 32
590 621 10 33
590 622 10 34
590 623 10 35
590 624 10 36
590 625 10 37
590 626 10 38
590 627 10 39
590 628 10 20
590 629 10 21
590 630 10 22
590 631 10 23
590 632 10 24
590 633 10 25
590 634 10 26
590 635 10 27
590 636 10 28
590 637 10 29
590 638 10 30
591 609 10 21
591 610 10 22
591 611 10 23
591 612 10 24
591 613 10 25
591 614 10 26
591 615 10 27
591 616 10 28
591 617 10 29
591 618 10 30
591 619 10 31
591 620 10 32
591 621 10 33
591 622 10 34
591 623 10 35
591 624 10 36
591 625 10 37
591 626 10 38
591 627 10 39
591 628 10 20
591 629 10 21
591 630 10 22
591 631 10 23
591 632 10 24
591 633 10 25
591 634 10 26
591 635 10 27
591 636 10 28
591 637 10 29
591 638 10 30
592 609 10 21
592 610 10 22
592 611 10 23
592 612 10 24
592 613 10 25
592 614 10 26
592 615 10 27
592 616 10 28
592 617 10 29
592 618 10 30
592 619 10 31
592 620 10 32
592 621 10 33
592 622 10 34
592 623 10 35
592 624 10 36
592 625 10 37
592 626 10 38
592 627 10 39
592 628 10 20
592 629 10 21
592 630 10 22
592 631 10 23
592 632 10 24
592 633 10 25
592 634 10 26
592 635 10 27
592 636 10 28
592 637 10 29
592 638 10 30
593 609 10 21
593 610 10 22
593 611 10 23
593 612 10 24
593 613 10 25
593 614 10 26
593 615 10 27
593 616 10 28
593 617 10 29
593 618 10 30
593 619 10 31
593 620 10 32
593 621 10 33
593 622 10 34
593 623 10 35
593 624 10 36
593 625 10 37
593 626 10 38
593 627 10 39
593 628 10 20
593 629 10 21
593 630 10 22
593 631 10 23
593 632 10 24
593 633 10 25
593 634 10 26
593 635 10 27
593 636 10 28
593 637 10 29
593 638 10 30
594 609 10 21
594 610 10 22
594 611 10 23
594 612 10 24
594 613 10 25
594 614 10 26
594 615 10 27
594 616 10 28
594 617 10 29
594 618 10 30
594 619 10 31
594 620 10 32
594 621 10 33
594 622 10 34
594 623 10 35
594 624 10 36
594 625 10 37
594 626 10 38
594 627 10 39
594 628 10 20
594 629 10 21
594 630 10 22
594 631 10 23
594 632 10 24
594 633 10 25
594 634 10 26
594 635 10 27
594 636 10 28
594 637 10 29
594 638 10 30
595 609 10 21
595 610 10 22
595 611 10 23
595 612 10 24
595 613 10 25
595 614 10 26
595 615 10 27
595 616 10 28
595 617 10 29
595 618 10 30
595 619 10 31
595 620 10 32
595 621 10 33
595 622 10 34
595 623 10 35
595 624 10 36
595 625 10 37
595 626 10 38
595 627 10 39
595 628 10 20
595 629 10 21
595 630 10 22
595 631 10 23
595 632 10 24
595 633 10 25
595 634 10 26
595 635 10 27
595 636 10 28
595 637 10 29
595 638 10 30
596 609 10 21
596 610 10 22
596 611 10 23
596 612 10 24
596 613 10 25
596 614 10 26
596 615 10 27
596 616 10 28
596 617 10 29
596 618 10 30
596 619 10 31
596 620 10 32
596 621 10 33
596 622 10 34
596 623 10 35
596 624 10 36
596 625 10 37
596 626 10 38
596 627 10 39
596 628 10 20
596 629 10 21
596 630 10 22
596 631 10 23
596 632 10 24
596 633 10 25
596 634 10 26
596 635 10 27
596 636 10 28
596 637 10 29
596 638 10 30
597 609 10 21
597 610 10 22
597 611 10 23
597 612 10 24
597 613 10 25
597 614 10 26
597 615 10 27
597 616 10 28
597 617 10 29
597 618 10 30
597 619 10 31
597 620 10 32
597 621 10 33
597 622 10 34
597 623 10 35
597 624 10 36
597 625 10 37
597 626 10 38
597 627 10 39
597 628 10 20
597 629 10 21
597 630 10 22
597 631 10 23
597 632 10 24
597 633 10 25
597 634 10 26
597 635 10 27
597 636 10 28
597 637 10 29
597 638 10 30
598 609 10 21
598 610 10 22
598 611 10 23
598 612 10 24
598 613 10 25
598 614 10 26
598 615 10 27
598 616 10 28
598 617 10 29
598 618 10 30
598 619 10 31
598 620 10 32
598 621 10 33
598 622 10 34
598 623 10 35
598 624 10 36
598 625 10 37
598 626 10 38
598 627 10 39
598 628 10 20
598 629 10 21
598 630 10 22
598 631 10 23
598 632 10 24
598 633 10 25
598 634 10 26
598 635 10 27
598 636 10 28
598 637 10 29
598 638 10 30
599 609 10 21
599 610 10 22
599 611 10 23
599 612 10 24
599 613 10 25
599 614 10 26
599 615 10 27
599 616 10 28
599 617 10 29
599 618 10 30
599 619 10 31
599 620 10 32
599 621 10 33
599 622 10 34
599 623 10 35
599 624 10 36
599 625 10 37
599 626 10 38
599 627 10 39
599 628 10 20
599 629 10 21
599 630 10 22
599 631 10 23
599 632 10 24
599 633 10 25
599 634 10 26
599 635 10 27
599 636 10 28
599 637 10 29
599 638 10 30
600 609 10 21
600 610 10 22
600 611 10 23
600 612 10 24
600 613 10 25
600 614 10 26
600 615 10 27
600 616 10 28
600 617 10 29
600 618 10 30
600 619 10 31
600 620 10 32
600 621 10 33
600 622 10 34
600 623 10 35
600 624 10 36
600 625 10 37
600 626 10 38
600 627 10 39
600 628 10 20
600 629 10 21
600 630 10 22
600 631 10 23
600 632 10 24
600 633 10 25
600 634 10 26
600 635 10 27
600 636 10 28
600 637 10 29
600 638 10 30
601 609 10 21
601 610 10 22
601 611 10 23
601 612 10 24
601 613 10 25
601 614 10 26
601 615 10 27
601 616 10 28
601 617 10 29
601 618 10 30
601 619 10 31
601 620 10 32
601 621 10 33
601 622 10 34
601 623 10 35
601 624 10 36
601 625 10 37
601 626 10 38
601 627 10 39
601 628 10 20
601 629 10 21
601 630 10 22
601 631 10 23
601 632 10 24
601 633 10 25
601 634 10 26
601 635 10 27
601 636 10 28
601 637 10 29
601 638 10 30
602 609 10 21
602 610 10 22
602 611 10 23
602 612 10 24
602 613 10 25
602 614 10 26
602 615 10 27
602 616 10 28
602 617 10 29
602 618 10 30
602 619 10 31
602 620 10 32
602 621 10 33
602 622 10 34
602 623 10 35
602 624 10 36
602 625 10 37
602 626 10 38
602 627 10 39
602 628 10 20
602 629 10 21
602 630 10 22
602 631 10 23
602 632 10 24
602 633 10 25
602 634 10 26
602 635 10 27
602 636 10 28
602 637 10 29
602 638 10 30
603 609 10 21
603 610 10 22
603 611 10 23
603 612 10 24
603 613 10 25
603 614 10 26
603 615 10 27
603 616 10 28
603 617 10 29
603 618 10 30
603 619 10 31
603 620 10 32
603 621 10 33
603 622 10 34
603 623 10 35
603 624 10 36
603 625 10 37
603 626 10 38
603 627 10 39
603 628 10 20
603 629 10 21
603 630 10 22
603 631 10 23
603 632 10 24
603 633 10 25
603 634 10 26
603 635 10 27
603 636 10 28
603 637 10 29
603 638 10 30
604 609 10 21
604 610 10 22
604 611 10 23
604 612 10 24
604 613 10 25
604 614 10 26
604 615 10 27
604 616 10 28
604 617 10 29
604 618 10 30
604 619 10 31
604 620 10 32
604 621 10 33
604 622 10 34
604 623 10 35
604 624 10 36
604 625 10 37
604 626 10 38
604 627 10 39
604 628 10 20
604 629 10 21
604 630 10 22
604 631 10 23
604 632 10 24
604 633 10 25
604 634 10 26
604 635 10 27
604 636 10 28
604 637 10 29
604 638 10 30
605 609 10 21
605 610 10 22
605 611 10 23
605 612 10 24
605 613 10 25
605 614 10 26
605 615 10 27
605 616 10 28
605 617 10 29
605 618 10 30
605 619 10 31
605 620 10 32
605 621 10 33
605 622 10 34
605 623 10 35
605 624 10 36
605 625 10 37
605 626 10 38
605 627 10 39
605 628 10 20
605 629 10 21
605 630 10 22
605 631 10 23
605 632 10 24
605 633 10 25
605 634 10 26
605 635 10 27
605 636 10 28
605 637 10 29
605 638 10 30
606 609 10 21
606 610 10 22
606 611 10 23
606 612 10 24
606 613 10 25
606 614 10 26
606 615 10 27
606 616 10 28
606 617 10 29
606 618 10 30
606 619 10 31
606 620 10 32
606 621 10 33
606 622 10 34
606 623 10 35
606 624 10 36
606 625 10 37
606 626 10 38
606 627 10 39
606 628 10 20
606 629 10 21
606 630 10 22
606 631 10 23
606 632 10 24
606 633 10 25
606 634 10 26
606 635 10 27
606 636 10 28
606 637 10 29
606 638 10 30
607 609 10 21
607 610 10 22
607 611 10 23
607 612 10 24
607 613 10 25
607 614 10 26
607 615 10 27
607 616 10 28
607 617 10 29
607 618 10 30
607 619 10 31
607 620 10 32
607 621 10 33
607 622 10 34
607 623 10 35
607 624 10 36
607 625 10 37
607 626 10 38
607 627 10 39
607 628 10 20
607 629 10 21
607 630 10 22
607 631 10 23
607 632 10 24
607 633 10 25
607 634 10 26
607 635 10 27
607 636 10 28
607 637 10 29
607 638 10 30
608 609 10 21
608 610 10 22
608 611 10 23
608 612 10 24
608 613 10 25
608 614 10 26
608 615 10 27
608 616 10 28
608 617 10 29
608 618 10 30
608 619 10 31
608 620 10 32
608 621 10 33
608 622 10 34
608 623 10 35
608 624 10 36
608 625 10 37
608 626 10 38
608 627 10 39
608 628 10 20
608 629 10 21
608 630 10 22
608 631 10 23
608 632 10 24
608 633 10 25
608 634 10 26
608 635 10 27
608 636 10 28
608 637 10 29
608 638 10 30
609 639 10 22
609 640 10 23
609 641 10 24
609 642 10 25
609 643 10 26
609 644 10 27
609 645 10 28
609 646 10 29
609 647 10 30
609 648 10 31
609 649 10 32
609 650 10 33
609 651 10 34
609 652 10 35
609 653 10 36
609 654 10 37
609 655 10 38
609 656 10 39
609 657 10 40
609 658 10 21
609 659 10 22
609 660 10 23
609 661 10 24
609 662 10 25
609 663 10 26
609 664 10 27
609 665 10 28
609 666 10 29
609 667 10 30
609 668 10 31
610 639 10 22
610 640 10 23
610 641 10 24
610 642 10 25
610 643 10 26
610 644 10 27
610 645 10 28
610 646 10 29
610 647 10 30
610 648 10 31
610 649 10 32
610 650 10 33
610 651 10 34
610 652 10 35
610 653 10 36
610 654 10 37
610 655 10 38
610 656 10 39
610 657 10 40
610 658 10 21
610 659 10 22
610 660 10 23
610 661 10 24
610 662 10 25
610 663 10 26
610 664 10 27
610 665 10 28
610 666 10 29
610 667 10 30
610 668 10 31
611 639 10 22
611 640 10 23
611 641 10 24
611 642 10 25
611 643 10 26
611 644 10 27
611 645 10 28
611 646 10 29
611 647 10 30
611 648 10 31
611 649 10 32
611 650 10 33
611 651 10 34
611 652 10 35
611 653 10 36
611 654 10 37
611 655 10 38
611 656 10 39
611 657 10 40
611 658 10 21
611 659 10 22
611 660 10 23
611 661 10 24
611 662 10 25
611 663 10 26
611 664 10 27
611 665 10 28
611 666 10 29
611 667 10 30
611 668 10 31
612 639 10 22
612 640 10 23
612 641 10 24
612 642 10 25
612 643 10 26
612 644 10 27
612 645 10 28
612 646 10 29
612 647 10 30
612 648 10 31
612 649 10 32
612 650 10 33
612 651 10 34
612 652 10 35
612 653 10 36
612 654 10 37
612 655 10 38
612 656 10 39
612 657 10 40
612 658 10 21
612 659 10 22
612 660 10 23
612 661 10 24
612 662 10 25
612 663 10 26
612 664 10 27
612 665 10 28
612 666 10 29
612 667 10 30
612 668 10 31
613 639 10 22
613 640 10 23
613 641 10 24
613 642 10 25
613 643 10 26
613 644 10 27
613 645 10 28
613 646 10 29
613 647 10 30
613 648 10 31
613 649 10 32
613 650 10 33
613 651 10 34
613 652 10 35
613 653 10 36
613 654 10 37
613 655 10 38
613 656 10 39
613 657 10 40
613 658 10 21
613 659 10 22
613 660 10 23
613 661 10 24
613 662 10 25
613 663 10 26
613 664 10 27
613 665 10 28
613 666 10 29
613 667 10 30
613 668 10 31
614 639 10 22
614 640 10 23
614 641 10 24
614 642 10 25
614 643 10 26
614 644 10 27
614 645 10 28
614 646 10 29
614 647 10 30
614 648 10 31
614 649 10 32
614 650 10 33
614 651 10 34
614 652 10 35
614 653 10 36
614 654 10 37
614 655 10 38
614 656 10 39
614 657 10 40
614 658 10 21
614 659 10 22
614 660 10 23
614 661 10 24
614 662 10 25
614 663 10 26
614 664 10 27
614 665 10 28
614 666 10 29
614 667 10 30
614 668 10 31
615 639 10 22
615 640 10 23
615 641 10 24
615 642 10 25
615 643 10 26
615 644 10 27
615 645 10 28
615 646 10 29
615 647 10 30
615 648 10 31
615 649 10 32
615 650 10 33
615 651 10 34
615 652 10 35
615 653 10 36
615 654 10 37
615 655 10 38
615 656 10 39
615 657 10 40
615 658 10 21
615 659 10 22
615 660 10 23
615 661 10 24
615 662 10 25
615 663 10 26
615 664 10 27
615 665 10 28
615 666 10 29
615 667 10 30
615 668 10 31
616 639 10 22
616 640 10 23
616 641 10 24
616 642 10 25
616 643 10 26
616 644 10 27
616 645 10 28
616 646 10 29
616 647 10 30
616 648 10 31
616 649 10 32
616 650 10 33
616 651 10 34
616 652 10 35
616 653 10 36
616 654 10 37
616 655 10 38
616 656 10 39
616 657 10 40
616 658 10 21
616 659 10 22
616 660 10 23
616 661 10 24
616 662 10 25
616 663 10 26
616 664 10 27
616 665 10 28
616 666 10 29
616 667 10 30
616 668 10 31
617 639 10 22
617 640 10 23
617 641 10 24
617 642 10 25
617 643 10 26
617 644 10 27
617 645 10 28
617 646 10 29
617 647 10 30
617 648 10 31
617 649 10 32
617 650 10 33
617 651 10 34
617 652 10 35
617 653 10 36
617 654 10 37
617 655 10 38
617 656 10 39
617 657 10 40
617 658 10 21
617 659 10 22
617 660 10 23
617 661 10 24
617 662 10 25
617 663 10 26
617 664 10 27
617 665 10 28
617 666 10 29
617 667 10 30
617 668 10 31
618 639 10 22
618 640 10 23
618 641 10 24
618 642 10 25
618 643 10 26
618 644 10 27
618 645 10 28
618 646 10 29
618 647 10 30
618 648 10 31
618 649 10 32
618 650 10 33
618 651 10 34
618 652 10 35
618 653 10 36
618 654 10 37
618 655 10 38
618 656 10 39
618 657 10 40
618 658 10 21
618 659 10 22
618 660 10 23
618 661 10 24
618 662 10 25
618 663 10 26
618 664 10 27
618 665 10 28
618 666 10 29
618 667 10 30
618 668 10 31
619 639 10 22
619 640 10 23
619 641 10 24
619 642 10 25
619 643 10 26
619 644 10 27
619 645 10 28
619 646 10 29
619 647 10 30
619 648 10 31
619 649 10 32
619 650 10 33
619 651 10 34
619 652 10 35
619 653 10 36
619 654 10 37
619 655 10 38
619 656 10 39
619 657 10 40
619 658 10 21
619 659 10 22
619 660 10 23
619 661 10 24
619 662 10 25
619 663 10 26
619 664 10 27
619 665 10 28
619 666 10 29
619 667 10 30
619 668 10 31
620 639 10 22
620 640 10 23
620 641 10 24
620 642 10 25
620 643 10 26
620 644 10 27
620 645 10 28
620 646 10 29
620 647 10 30
620 648 10 31
620 649 10 32
620 650 10 33
620 651 10 34
620 652 10 35
620 653 10 36
620 654 10 37
620 655 10 38
620 656 10 39
620 657 10 40
620 658 10 21
620 659 10 22
620 660 10 23
620 661 10 24
620 662 10 25
620 663 10 26
620 664 10 27
620 665 10 28
620 666 10 29
620 667 10 30
620 668 10 31
621 639 10 22
621 640 10 23
621 641 10 24
621 642 10 25
621 643 10 26
621 644 10 27
621 645 10 28
621 646 10 29
621 647 10 30
621 648 10 31
621 649 10 32
621 650 10 33
621 651 10 34
621 652 10 35
621 653 10 36
621 654 10 37
621 655 10 38
621 656 10 39
621 657 10 40
621 658 10 21
621 659 10 22
621 660 10 23
621 661 10 24
621 662 10 25
621 663 10 26
621 664 10 27
621 665 10 28
621 666 10 29
621 667 10 30
621 668 10 31
622 639 10 22
622 640 10 23
622 641 10 24
622 642 10 25
622 643 10 26
622 644 10 27
622 645 10 28
622 646 10 29
622 647 10 30
622 648 10 31
622 649 10 32
622 650 10 33
622 651 10 34
622 652 10 35
622 653 10 36
622 654 10 37
622 655 10 38
622 656 10 39
622 657 10 40
622 658 10 21
622 659 10 22
622 660 10 23
622 661 10 24
622 662 10 25
622 663 10 26
622 664 10 27
622 665 10 28
622 666 10 29
622 667 10 30
622 668 10 31
623 639 10 22
623 640 10 23
623 641 10 24
623 642 10 25
623 643 10 26
623 644 10 27
623 645 10 28
623 646 10 29
623 647 10 30
623 648 10 31
623 649 10 32
623 650 10 33
623 651 10 34
623 652 10 35
623 653 10 36
623 654 10 37
623 655 10 38
623 656 10 39
623 657 10 40
623 658 10 21
623 659 10 22
623 660 10 23
623 661 10 24
623 662 10 25
623 663 10 26
623 664 10 27
623 665 10 28
623 666 10 29
623 667 10 30
623 668 10 31
624 639 10 22
624 640 10 23
624 641 10 24
624 642 10 25
624 643 10 26
624 644 10 27
624 645 10 28
624 646 10 29
624 647 10 30
624 648 10 31
624 649 10 32
624 650 10 33
624 651 10 34
624 652 10 35
624 653 10 36
624 654 10 37
624 655 10 38
624 656 10 39
624 657 10 40
624 658 10 21
624 659 10 22
624 660 10 23
624 661 10 24
624 662 10 25
624 663 10 26
624 664 10 27
624 665 10 28
624 666 10 29
624 667 10 30
624 668 10 31
625 639 10 22
625 640 10 23
625 641 10 24
625 642 10 25
625 643 10 26
625 644 10 27
625 645 10 28
625 646 10 29
625 647 10 30
625 648 10 31
625 649 10 32
625 650 10 33
625 651 10 34
625 652 10 35
625 653 10 36
625 654 10 37
625 655 10 38
625 656 10 39
625 657 10 40
625 658 10 21
625 659 10 22
625 660 10 23
625 661 10 24
625 662 10 25
625 663 10 26
625 664 10 27
625 665 10 28
625 666 10 29
625 667 10 30
625 668 10 31
626 639 10 22
626 640 10 23
626 641 10 24
626 642 10 25
626 643 10 26
626 644 10 27
626 645 10 28
626 646 10 29
626 647 10 30
626 648 10 31
626 649 10 32
626 650 10 33
626 651 10 34
626 652 10 35
626 653 10 36
626 654 10 37
626 655 10 38
626 656 10 39
626 657 10 40
626 658 10 21
626 659 10 22
626 660 10 23
626 661 10 24
626 662 10 25
626 663 10 26
626 664 10 27
626 665 10 28
626 666 10 29
626 667 10 30
626 668 10 31
627 639 10 22
627 640 10 23
627 641 10 24
627 642 10 25
627 643 10 26
627 644 10 27
627 645 10 28
627 646 10 29
627 647 10 30
627 648 10 31
627 649 10 32
627 650 10 33
627 651 10 34
627 652 10 35
627 653 10 36
627 654 10 37
627 655 10 38
627 656 10 39
627 657 10 40
627 658 10 21
627 659 10 22
627 660 10 23
627 661 10 24
627 662 10 25
627 663 10 26
627 664 10 27
627 665 10 28
627 666 10 29
627 667 10 30
627 668 10 31
628 639 10 22
628 640 10 23
628 641 10 24
628 642 10 25
628 643 10 26
628 644 10 27
628 645 10 28
628 646 10 29
628 647 10 30
628 648 10 31
628 649 10 32
628 650 10 33
628 651 10 34
628 652 10 35
628 653 10 36
628 654 10 37
628 655 10 38
628 656 10 39
628 657 10 40
628 658 10 21
628 659 10 22
628 660 10 23
628 661 10 24
628 662 10 25
628 663 10 26
628 664 10 27
628 665 10 28
628 666 10 29
628 667 10 30
628 668 10 31
629 639 10 22
629 640 10 23
629 641 10 24
629 642 10 25
629 643 10 26
629 644 10 27
629 645 10 28
629 646 10 29
629 647 10 30
629 648 10 31
629 649 10 32
629 650 10 33
629 651 10 34
629 652 10 35
629 653 10 36
629 654 10 37
629 655 10 38
629 656 10 39
629 657 10 40
629 658 10 21
629 659 10 22
629 660 10 23
629 661 10 24
629 662 10 25
629 663 10 26
629 664 10 27
629 665 10 28
629 666 10 29
629 667 10 30
629 668 10 31
630 639 10 22
630 640 10 23
630 641 10 24
630 642 10 25
630 643 10 26
630 644 10 27
630 645 10 28
630 646 10 29
630 647 10 30
630 648 10 31
630 649 10 32
630 650 10 33
630 651 10 34
630 652 10 35
630 653 10 36
630 654 10 37
630 655 10 38
630 656 10 39
630 657 10 40
630 658 10 21
630 659 10 22
630 660 10 23
630 661 10 24
630 662 10 25
630 663 10 26
630 664 10 27
630 665 10 28
630 666 10 29
630 667 10 30
630 668 10 31
631 639 10 22
631 640 10 23
631 641 10 24
631 642 10 25
631 643 10 26
631 644 10 27
631 645 10 28
631 646 10 29
631 647 10 30
631 648 10 31
631 649 10 32
631 650 10 33
631 651 10 34
631 652 10 35
631 653 10 36
631 654 10 37
631 655 10 38
631 656 10 39
631 657 10 40
631 658 10 21
631 659 10 22
631 660 10 23
631 661 10 24
631 662 10 25
631 663 10 26
631 664 10 27
631 665 10 28
631 666 10 29
631 667 10 30
631 668 10 31
632 639 10 22
632 640 10 23
632 641 10 24
632 642 10 25
632 643 10 26
632 644 10 27
632 645 10 28
632 646 10 29
632 647 10 30
632 648 10 31
632 649 10 32
632 650 10 33
632 651 10 34
632 652 10 35
632 653 10 36
632 654 10 37
632 655 10 38
632 656 10 39
632 657 10 40
632 658 10 21
632 659 10 22
632 660 10 23
632 661 10 24
632 662 10 25
632 663 10 26
632 664 10 27
632 665 10 28
632 666 10 29
632 667 10 30
632 668 10 31
633 639 10 22
633 640 10 23
633 641 10 24
633 642 10 25
633 643 10 26
633 644 10 27
633 645 10 28
633 646 10 29
633 647 10 30
633 648 10 31
633 649 10 32
633 650 10 33
633 651 10 34
633 652 10 35
633 653 10 36
633 654 10 37
633 655 10 38
633 656 10 39
633 657 10 40
633 658 10 21
633 659 10 22
633 660 10 23
633 661 10 24
633 662 10 25
633 663 10 26
633 664 10 27
633 665 10 28
633 666 10 29
633 667 10 30
633 668 10 31
634 639 10 22
634 640 10 23
634 641 10 24
634 642 10 25
634 643 10 26
634 644 10 27
634 645 10 28
634 646 10 29
634 647 10 30
634 648 10 31
634 649 10 32
634 650 10 33
634 651 10 34
634 652 10 35
634 653 10 36
634 654 10 37
634 655 10 38
634 656 10 39
634 657 10 40
634 658 10 21
634 659 10 22
634 660 10 23
634 661 10 24
634 662 10 25
634 663 10 26
634 664 10 27
634 665 10 28
634 666 10 29
634 667 10 30
634 668 10 31
635 639 10 22
635 640 10 23
635 641 10 24
635 642 10 25
635 643 10 26
635 644 10 27
635 645 10 28
635 646 10 29
635 647 10 30
635 648 10 31
635 649 10 32
635 650 10 33
635 651 10 34
635 652 10 35
635 653 10 36
635 654 10 37
635 655 10 38
635 656 10 39
635 657 10 40
635 658 10 21
635 659 10 22
635 660 10 23
635 661 10 24
635 662 10 25
635 663 10 26
635 664 10 27
635 665 10 28
635 666 10 29
635 667 10 30
635 668 10 31
636 639 10 22
636 640 10 23
636 641 10 24
636 642 10 25
636 643 10 26
636 644 10 27
636 645 10 28
636 646 10 29
636 647 10 30
636 648 10 31
636 649 10 32
636 650 10 33
636 651 10 34
636 652 10 35
636 653 10 36
636 654 10 37
636 655 10 38
636 656 10 39
636 657 10 40
636 658 10 21
636 659 10 22
636 660 10 23
636 661 10 24
636 662 10 25
636 663 10 26
636 664 10 27
636 665 10 28
636 666 10 29
636 667 10 30
636 668 10 31
637 639 10 22
637 640 10 23
637 641 10 24
637 642 10 25
637 643 10 26
637 644 10 27
637 645 10 28
637 646 10 29
637 647 10 30
637 648 10 31
637 649 10 32
637 650 10 33
637 651 10 34
637 652 10 35
637 653 10 36
637 654 10 37
637 655 10 38
637 656 10 39
637 657 10 40
637 658 10 21
637 659 10 22
637 660 10 23
637 661 10 24
637 662 10 25
637 663 10 26
637 664 10 27
637 665 10 28
637 666 10 29
637 667 10 30
637 668 10 31
638 639 10 22
638 640 10 23
638 641 10 24
638 642 10 25
638 643 10 26
638 644 10 27
638 645 10 28
638 646 10 29
638 647 10 30
638 648 10 31
638 649 10 32
638 650 10 33
638 651 10 34
638 652 10 35
638 653 10 36
638 654 10 37
638 655 10 38
638 656 10 39
638 657 10 40
638 658 10 21
638 659 10 22
638 660 10 23
638 661 10 24
638 662 10 25
638 663 10 26
638 664 10 27
638 665 10 28
638 666 10 29
638 667 10 30
638 668 10 31
639 669 10 23
639 670 10 24
639 671 10 25
639 672 10 26
639 673 10 27
639 674 10 28
639 675 10 29
639 676 10 30
639 677 10 31
639 678 10 32
639 679 10 33
639 680 10 34
639 681 10 35
639 682 10 36
639 683 10 37
639 684 10 38
639 685 10 39
639 686 10 40
639 687 10 1
639 688 10 22
639 689 10 23
639 690 10 24
639 691 10 25
639 692 10 26
639 693 10 27
639 694 10 28
639 695 10 29
639 696 10 30
639 697 10 31
639 698 10 32
640 669 10 23
640 670 10 24
640 671 10 25
640 672 10 26
640 673 10 27
640 674 10 28
640 675 10 29
640 676 10 30
640 677 10 31
640 678 10 32
640 679 10 33
640 680 10 34
640 681 10 35
640 682 10 36
640 683 10 37
640 684 10 38
640 685 10 39
640 686 10 40
640 687 10 1
640 688 10 22
640 689 10 23
640 690 10 24
640 691 10 25
640 692 10 26
640 693 10 27
640 694 10 28
640 695 10 29
640 696 10 30
640 697 10 31
640 698 10 32
641 669 10 23
641 670 10 24
641 671 10 25
641 672 10 26
641 673 10 27
641 674 10 28
641 675 10 29
641 676 10 30
641 677 10 31
641 678 10 32
641 679 10 33
641 680 10 34
641 681 10 35
641 682 10 36
641 683 10 37
641 684 10 38
641 685 10 39
641 686 10 40
641 687 10 1
641 688 10 22
641 689 10 23
641 690 10 24
641 691 10 25
641 692 10 26
641 693 10 27
641 694 10 28
641 695 10 29
641 696 10 30
641 697 10 31
641 698 10 32
642 669 10 23
642 670 10 24
642 671 10 25
642 672 10 26
642 673 10 27
642 674 10 28
642 675 10 29
642 676 10 30
642 677 10 31
642 678 10 32
642 679 10 33
642 680 10 34
642 681 10 35
642 682 10 36
642 683 10 37
642 684 10 38
642 685 10 39
642 686 10 40
642 687 10 1
642 688 10 22
642 689 10 23
642 690 10 24
642 691 10 25
642 692 10 26
642 693 10 27
642 694 10 28
642 695 10 29
642 696 10 30
642 697 10 31
642 698 10 32
643 669 10 23
643 670 10 24
643 671 10 25
643 672 10 26
643 673 10 27
643 674 10 28
643 675 10 29
643 676 10 30
643 677 10 31
643 678 10 32
643 679 10 33
643 680 10 34
643 681 10 35
643 682 10 36
643 683 10 37
643 684 10 38
643 685 10 39
643 686 10 40
643 687 10 1
643 688 10 22
643 689 10 23
643 690 10 24
643 691 10 25
643 692 10 26
643 693 10 27
643 694 10 28
643 695 10 29
643 696 10 30
643 697 10 31
643 698 10 32
644 669 10 23
644 670 10 24
644 671 10 25
644 672 10 26
644 673 10 27
644 674 10 28
644 675 10 29
644 676 10 30
644 677 10 31
644 678 10 32
644 679 10 33
644 680 10 34
644 681 10 35
644 682 10 36
644 683 10 37
644 684 10 38
644 685 10 39
644 686 10 40
644 687 10 1
644 688 10 22
644 689 10 23
644 690 10 24
644 691 10 25
644 692 10 26
644 693 10 27
644 694 10 28
644 695 10 29
644 696 10 30
644 697 10 31
644 698 10 32
645 669 10 23
645 670 10 24
645 671 10 25
645 672 10 26
645 673 10 27
645 674 10 28
645 675 10 29
645 676 10 30
645 677 10 31
645 678 10 32
645 679 10 33
645 680 10 34
645 681 10 35
645 682 10 36
645 683 10 37
645 684 10 38
645 685 10 39
645 686 10 40
645 687 10 1
645 688 10 22
645 689 10 23
645 690 10 24
645 691 10 25
645 692 10 26
645 693 10 27
645 694 10 28
645 695 10 29
645 696 10 30
645 697 10 31
645 698 10 32
646 669 10 23
646 670 10 24
646 671 10 25
646 672 10 26
646 673 10 27
646 674 10 28
646 675 10 29
646 676 10 30
646 677 10 31
646 678 10 32
646 679 10 33
646 680 10 34
646 681 10 35
646 682 10 36
646 683 10 37
646 684 10 38
646 685 10 39
646 686 10 40
646 687 10 1
646 688 10 22
646 689 10 23
646 690 10 24
646 691 10 25
646 692 10 26
646 693 10 27
646 694 10 28
646 695 10 29
646 696 10 30
646 697 10 31
646 698 10 32
647 669 10 23
647 670 10 24
647 671 10 25
647 672 10 26
647 673 10 27
647 674 10 28
647 675 10 29
647 676 10 30
647 677 10 31
647 678 10 32
647 679 10 33
647 680 10 34
647 681 10 35
647 682 10 36
647 683 10 37
647 684 10 38
647 685 10 39
647 686 10 40
647 687 10 1
647 688 10 22
647 689 10 23
647 690 10 24
647 691 10 25
647 692 10 26
647 693 10 27
647 694 10 28
647 695 10 29
647 696 10 30
647 697 10 31
647 698 10 32
648 669 10 23
648 670 10 24
648 671 10 25
648 672 10 26
648 673 10 27
648 674 10 28
648 675 10 29
648 676 10 30
648 677 10 31
648 678 10 32
648 679 10 33
648 680 10 34
648 681 10 35
648 682 10 36
648 683 10 37
648 684 10 38
648 685 10 39
648 686 10 40
648 687 10 1
648 688 10 22
648 689 10 23
648 690 10 24
648 691 10 25
648 692 10 26
648 693 10 27
648 694 10 28
648 695 10 29
648 696 10 30
648 697 10 31
648 698 10 32
649 669 10 23
649 670 10 24
649 671 10 25
649 672 10 26
649 673 10 27
649 674 10 28
649 675 10 29
649 676 10 30
649 677 10 31
649 678 10 32
649 679 10 33
649 680 10 34
649 681 10 35
649 682 10 36
649 683 10 37
649 684 10 38
649 685 10 39
649 686 10 40
649 687 10 1
649 688 10 22
649 689 10 23
649 690 10 24
649 691 10 25
649 692 10 26
649 693 10 27
649 694 10 28
649 695 10 29
649 696 10 30
649 697 10 31
649 698 10 32
650 669 10 23
650 670 10 24
650 671 10 25
650 672 10 26
650 673 10 27
650 674 10 28
650 675 10 29
650 676 10 30
650 677 10 31
650 678 10 32
650 679 10 33
650 680 10 34
650 681 10 35
650 682 10 36
650 683 10 37
650 684 10 38
650 685 10 39
650 686 10 40
650 687 10 1
650 688 10 22
650 689 10 23
650 690 10 24
650 691 10 25
650 692 10 26
650 693 10 27
650 694 10 28
650 695 10 29
650 696 10 30
650 697 10 31
650 698 10 32
651 669 10 23
651 670 10 24
651 671 10 25
651 672 10 26
651 673 10 27
651 674 10 28
651 675 10 29
651 676 10 30
651 677 10 31
651 678 10 32
651 679 10 33
651 680 10 34
651 681 10 35
651 682 10 36
651 683 10 37
651 684 10 38
651 685 10 39
651 686 10 40
651 687 10 1
651 688 10 22
651 689 10 23
651 690 10 24
651 691 10 25
651 692 10 26
651 693 10 27
651 694 10 28
651 695 10 29
651 696 10 30
651 697 10 31
651 698 10 32
652 669 10 23
652 670 10 24
652 671 10 25
652 672 10 26
652 673 10 27
652 674 10 28
652 675 10 29
652 676 10 30
652 677 10 31
652 678 10 32
652 679 10 33
652 680 10 34
652 681 10 35
652 682 10 36
652 683 10 37
652 684 10 38
652 685 10 39
652 686 10 40
652 687 10 1
652 688 10 22
652 689 10 23
652 690 10 24
652 691 10 25
652 692 10 26
652 693 10 27
652 694 10 28
652 695 10 29
652 696 10 30
652 697 10 31
652 698 10 32
653 669 10 23
653 670 10 24
653 671 10 25
653 672 10 26
653 673 10 27
653 674 10 28
653 675 10 29
653 676 10 30
653 677 10 31
653 678 10 32
653 679 10 33
653 680 10 34
653 681 10 35
653 682 10 36
653 683 10 37
653 684 10 38
653 685 10 39
653 686 10 40
653 687 10 1
653 688 10 22
653 689 10 23
653 690 10 24
653 691 10 25
653 692 10 26
653 693 10 27
653 694 10 28
653 695 10 29
653 696 10 30
653 697 10 31
653 698 10 32
654 669 10 23
654 670 10 24
654 671 10 25
654 672 10 26
654 673 10 27
654 674 10 28
654 675 10 29
654 676 10 30
654 677 10 31
654 678 10 32
654 679 10 33
654 680 10 34
654 681 10 35
654 682 10 36
654 683 10 37
654 684 10 38
654 685 10 39
654 686 10 40
654 687 10 1
654 688 10 22
654 689 10 23
654 690 10 24
654 691 10 25
654 692 10 26
654 693 10 27
654 694 10 28
654 695 10 29
654 696 10 30
654 697 10 31
654 698 10 32
655 669 10 23
655 670 10 24
655 671 10 25
655 672 10 26
655 673 10 27
655 674 10 28
655 675 10 29
655 676 10 30
655 677 10 31
655 678 10 32
655 679 10 33
655 680 10 34
655 681 10 35
655 682 10 36
655 683 10 37
655 684 10 38
655 685 10 39
655 686 10 40
655 687 10 1
655 688 10 22
655 689 10 23
655 690 10 24
655 691 10 25
655 692 10 26
655 693 10 27
655 694 10 28
655 695 10 29
655 696 10 30
655 697 10 31
655 698 10 32
656 669 10 23
656 670 10 24
656 671 10 25
656 672 10 26
656 673 10 27
656 674 10 28
656 675 10 29
656 676 10 30
656 677 10 31
656 678 10 32
656 679 10 33
656 680 10 34
656 681 10 35
656 682 10 36
656 683 10 37
656 684 10 38
656 685 10 39
656 686 10 40
656 687 10 1
656 688 10 22
656 689 10 23
656 690 10 24
656 691 10 25
656 692 10 26
656 693 10 27
656 694 10 28
656 695 10 29
656 696 10 30
656 697 10 31
656 698 10 32
657 669 10 23
657 670 10 24
657 671 10 25
657 672 10 26
657 673 10 27
657 674 10 28
657 675 10 29
657 676 10 30
657 677 10 31
657 678 10 32
657 679 10 33
657 680 10 34
657 681 10 35
657 682 10 36
657 683 10 37
657 684 10 38
657 685 10 39
657 686 10 40
657 687 10 1
657 688 10 22
657 689 10 23
657 690 10 24
657 691 10 25
657 692 10 26
657 693 10 27
657 694 10 28
657 695 10 29
657 696 10 30
657 697 10 31
657 698 10 32
658 669 10 23
658 670 10 24
658 671 10 25
658 672 10 26
658 673 10 27
658 674 10 28
658 675 10 29
658 676 10 30
658 677 10 31
658 678 10 32
658 679 10 33
658 680 10 34
658 681 10 35
658 682 10 36
658 683 10 37
658 684 10 38
658 685 10 39
658 686 10 40
658 687 10 1
658 688 10 22
658 689 10 23
658 690 10 24
658 691 10 25
658 692 10 26
658 693 10 27
658 694 10 28
658 695 10 29
658 696 10 30
658 697 10 31
658 698 10 32
659 669 10 23
659 670 10 24
659 671 10 25
659 672 10 26
659 673 10 27
659 674 10 28
659 675 10 29
659 676 10 30
659 677 10 31
659 678 10 32
659 679 10 33
659 680 10 34
659 681 10 35
659 682 10 36
659 683 10 37
659 684 10 38
659 685 10 39
659 686 10 40
659 687 10 1
659 688 10 22
659 689 10 23
659 690 10 24
659 691 10 25
659 692 10 26
659 693 10 27
659 694 10 28
659 695 10 29
659 696 10 30
659 697 10 31
659 698 10 32
660 669 10 23
660 670 10 24
660 671 10 25
660 672 10 26
660 673 10 27
660 674 10 28
660 675 10 29
660 676 10 30
660 677 10 31
660 678 10 32
660 679 10 33
660 680 10 34
660 681 10 35
660 682 10 36
660 683 10 37
660 684 10 38
660 685 10 39
660 686 10 40
660 687 10 1
660 688 10 22
660 689 10 23
660 690 10 24
660 691 10 25
660 692 10 26
660 693 10 27
660 694 10 28
660 695 10 29
660 696 10 30
660 697 10 31
660 698 10 32
661 669 10 23
661 670 10 24
661 671 10 25
661 672 10 26
661 673 10 27
661 674 10 28
661 675 10 29
661 676 10 30
661 677 10 31
661 678 10 32
661 679 10 33
661 680 10 34
661 681 10 35
661 682 10 36
661 683 10 37
661 684 10 38
661 685 10 39
661 686 10 40
661 687 10 1
661 688 10 22
661 689 10 23
661 690 10 24
661 691 10 25
661 692 10 26
661 693 10 27
661 694 10 28
661 695 10 29
661 696 10 30
661 697 10 31
661 698 10 32
662 669 10 23
662 670 10 24
662 671 10 25
662 672 10 26
662 673 10 27
662 674 10 28
662 675 10 29
662 676 10 30
662 677 10 31
662 678 10 32
662 679 10 33
662 680 10 34
662 681 10 35
662 682 10 36
662 683 10 37
662 684 10 38
662 685 10 39
662 686 10 40
662 687 10 1
662 688 10 22
662 689 10 23
662 690 10 24
662 691 10 25
662 692 10 26
662 693 10 27
662 694 10 28
662 695 10 29
662 696 10 30
662 697 10 31
662 698 10 32
663 669 10 23
663 670 10 24
663 671 10 25
663 672 10 26
663 673 10 27
663 674 10 28
663 675 10 29
663 676 10 30
663 677 10 31
663 678 10 32
663 679 10 33
663 680 10 34
663 681 10 35
663 682 10 36
663 683 10 37
663 684 10 38
663 685 10 39
663 686 10 40
663 687 10 1
663 688 10 22
663 689 10 23
663 690 10 24
663 691 10 25
663 692 10 26
663 693 10 27
663 694 10 28
663 695 10 29
663 696 10 30
663 697 10 31
663 698 10 32
664 669 10 23
664 670 10 24
664 671 10 25
664 672 10 26
664 673 10 27
664 674 10 28
664 675 10 29
664 676 10 30
664 677 10 31
664 678 10 32
664 679 10 33
664 680 10 34
664 681 10 35
664 682 10 36
664 683 10 37
664 684 10 38
664 685 10 39
664 686 10 40
664 687 10 1
664 688 10 22
664 689 10 23
664 690 10 24
664 691 10 25
664 692 10 26
664 693 10 27
664 694 10 28
664 695 10 29
664 696 10 30
664 697 10 31
664 698 10 32
665 669 10 23
665 670 10 24
665 671 10 25
665 672 10 26
665 673 10 27
665 674 10 28
665 675 10 29
665 676 10 30
665 677 10 31
665 678 10 32
665 679 10 33
665 680 10 34
665 681 10 35
665 682 10 36
665 683 10 37
665 684 10 38
665 685 10 39
665 686 10 40
665 687 10 1
665 688 10 22
665 689 10 23
665 690 10 24
665 691 10 25
665 692 10 26
665 693 10 27
665 694 10 28
665 695 10 29
665 696 10 30
665 697 10 31
665 698 10 32
666 669 10 23
666 670 10 24
666 671 10 25
666 672 10 26
666 673 10 27
666 674 10 28
666 675 10 29
666 676 10 30
666 677 10 31
666 678 10 32
666 679 10 33
666 680 10 34
666 681 10 35
666 682 10 36
666 683 10 37
666 684 10 38
666 685 10 39
666 686 10 40
666 687 10 1
666 688 10 22
666 689 10 23
666 690 10 24
666 691 10 25
666 692 10 26
666 693 10 27
666 694 10 28
666 695 10 29
666 696 10 30
666 697 10 31
666 698 10 32
667 669 10 23
667 670 10 24
667 671 10 25
667 672 10 26
667 673 10 27
667 674 10 28
667 675 10 29
667 676 10 30
667 677 10 31
667 678 10 32
667 679 10 33
667 680 10 34
667 681 10 35
667 682 10 36
667 683 10 37
667 684 10 38
667 685 10 39
667 686 10 40
667 687 10 1
667 688 10 22
667 689 10 23
667 690 10 24
667 691 10 25
667 692 10 26
667 693 10 27
667 694 10 28
667 695 10 29
667 696 10 30
667 697 10 31
667 698 10 32
668 669 10 23
668 670 10 24
668 671 10 25
668 672 10 26
668 673 10 27
668 674 10 28
668 675 10 29
668 676 10 30
668 677 10 31
668 678 10 32
668 679 10 33
668 680 10 34
668 681 10 35
668 682 10 36
668 683 10 37
668 684 10 38
668 685 10 39
668 686 10 40
668 687 10 1
668 688 10 22
668 689 10 23
668 690 10 24
668 691 10 25
668 692 10 26
668 693 10 27
668 694 10 28
668 695 10 29
668 696 10 30
668 697 10 31
668 698 10 32
669 699 10 24
669 700 10 25
669 701 10 26
669 702 10 27
669 703 10 28
669 704 10 29
669 705 10 30
669 706 10 31
669 707 10 32
669 708 10 33
669 709 10 34
669 710 10 35
669 711 10 36
669 712 10 37
669 713 10 38
669 714 10 39
669 715 10 40
669 716 10 1
669 717 10 2
669 718 10 23
669 719 10 24
669 720 10 25
669 721 10 26
669 722 10 27
669 723 10 28
669 724 10 29
669 725 10 30
669 726 10 31
669 727 10 32
669 728 10 33
670 699 10 24
670 700 10 25
670 701 10 26
670 702 10 27
670 703 10 28
670 704 10 29
670 705 10 30
670 706 10 31
670 707 10 32
670 708 10 33
670 709 10 34
670 710 10 35
670 711 10 36
670 712 10 37
670 713 10 38
670 714 10 39
670 715 10 40
670 716 10 1
670 717 10 2
670 718 10 23
670 719 10 24
670 720 10 25
670 721 10 26
670 722 10 27
670 723 10 28
670 724 10 29
670 725 10 30
670 726 10 31
670 727 10 32
670 728 10 33
671 699 10 24
671 700 10 25
671 701 10 26
671 702 10 27
671 703 10 28
671 704 10 29
671 705 10 30
671 706 10 31
671 707 10 32
671 708 10 33
671 709 10 34
671 710 10 35
671 711 10 36
671 712 10 37
671 713 10 38
671 714 10 39
671 715 10 40
671 716 10 1
671 717 10 2
671 718 10 23
671 719 10 24
671 720 10 25
671 721 10 26
671 722 10 27
671 723 10 28
671 724 10 29
671 725 10 30
671 726 10 31
671 727 10 32
671 728 10 33
672 699 10 24
672 700 10 25
672 701 10 26
672 702 10 27
672 703 10 28
672 704 10 29
672 705 10 30
672 706 10 31
672 707 10 32
672 708 10 33
672 709 10 34
672 710 10 35
672 711 10 36
672 712 10 37
672 713 10 38
672 714 10 39
672 715 10 40
672 716 10 1
672 717 10 2
672 718 10 23
672 719 10 24
672 720 10 25
672 721 10 26
672 722 10 27
672 723 10 28
672 724 10 29
672 725 10 30
672 726 10 31
672 727 10 32
672 728 10 33
673 699 10 24
673 700 10 25
673 701 10 26
673 702 10 27
673 703 10 28
673 704 10 29
673 705 10 30
673 706 10 31
673 707 10 32
673 708 10 33
673 709 10 34
673 710 10 35
673 711 10 36
673 712 10 37
673 713 10 38
673 714 10 39
673 715 10 40
673 716 10 1
673 717 10 2
673 718 10 23
673 719 10 24
673 720 10 25
673 721 10 26
673 722 10 27
673 723 10 28
673 724 10 29
673 725 10 30
673 726 10 31
673 727 10 32
673 728 10 33
674 699 10 24
674 700 10 25
674 701 10 26
674 702 10 27
674 703 10 28
674 704 10 29
674 705 10 30
674 706 10 31
674 707 10 32
674 708 10 33
674 709 10 34
674 710 10 35
674 711 10 36
674 712 10 37
674 713 10 38
674 714 10 39
674 715 10 40
674 716 10 1
674 717 10 2
674 718 10 23
674 719 10 24
674 720 10 25
674 721 10 26
674 722 10 27
674 723 10 28
674 724 10 29
674 725 10 30
674 726 10 31
674 727 10 32
674 728 10 33
675 699 10 24
675 700 10 25
675 701 10 26
675 702 10 27
675 703 10 28
675 704 10 29
675 705 10 30
675 706 10 31
675 707 10 32
675 708 10 33
675 709 10 34
675 710 10 35
675 711 10 36
675 712 10 37
675 713 10 38
675 714 10 39
675 715 10 40
675 716 10 1
675 717 10 2
675 718 10 23
675 719 10 24
675 720 10 25
675 721 10 26
675 722 10 27
675 723 10 28
675 724 10 29
675 725 10 30
675 726 10 31
675 727 10 32
675 728 10 33
676 699 10 24
676 700 10 25
676 701 10 26
676 702 10 27
676 703 10 28
676 704 10 29
676 705 10 30
676 706 10 31
676 707 10 32
676 708 10 33
676 709 10 34
676 710 10 35
676 711 10 36
676 712 10 37
676 713 10 38
676 714 10 39
676 715 10 40
676 716 10 1
676 717 10 2
676 718 10 23
676 719 10 24
676 720 10 25
676 721 10 26
676 722 10 27
676 723 10 28
676 724 10 29
676 725 10 30
676 726 10 31
676 727 10 32
676 728 10 33
677 699 10 24
677 700 10 25
677 701 10 26
677 702 10 27
677 703 10 28
677 704 10 29
677 705 10 30
677 706 10 31
677 707 10 32
677 708 10 33
677 709 10 34
677 710 10 35
677 711 10 36
677 712 10 37
677 713 10 38
677 714 10 39
677 715 10 40
677 716 10 1
677 717 10 2
677 718 10 23
677 719 10 24
677 720 10 25
677 721 10 26
677 722 10 27
677 723 10 28
677 724 10 29
677 725 10 30
677 726 10 31
677 727 10 32
677 728 10 33
678 699 10 24
678 700 10 25
678 701 10 26
678 702 10 27
678 703 10 28
678 704 10 29
678 705 10 30
678 706 10 31
678 707 10 32
678 708 10 33
678 709 10 34
678 710 10 35
678 711 10 36
678 712 10 37
678 713 10 38
678 714 10 39
678 715 10 40
678 716 10 1
678 717 10 2
678 718 10 23
678 719 10 24
678 720 10 25
678 721 10 26
678 722 10 27
678 723 10 28
678 724 10 29
678 725 10 30
678 726 10 31
678 727 10 32
678 728 10 33
679 699 10 24
679 700 10 25
679 701 10 26
679 702 10 27
679 703 10 28
679 704 10 29
679 705 10 30
679 706 10 31
679 707 10 32
679 708 10 33
679 709 10 34
679 710 10 35
679 711 10 36
679 712 10 37
679 713 10 38
679 714 10 39
679 715 10 40
679 716 10 1
679 717 10 2
679 718 10 23
679 719 10 24
679 720 10 25
679 721 10 26
679 722 10 27
679 723 10 28
679 724 10 29
679 725 10 30
679 726 10 31
679 727 10 32
679 728 10 33
680 699 10 24
680 700 10 25
680 701 10 26
680 702 10 27
680 703 10 28
680 704 10 29
680 705 10 30
680 706 10 31
680 707 10 32
680 708 10 33
680 709 10 34
680 710 10 35
680 711 10 36
680 712 10 37
680 713 10 38
680 714 10 39
680 715 10 40
680 716 10 1
680 717 10 2
680 718 10 23
680 719 10 24
680 720 10 25
680 721 10 26
680 722 10 27
680 723 10 28
680 724 10 29
680 725 10 30
680 726 10 31
680 727 10 32
680 728 10 33
681 699 10 24
681 700 10 25
681 701 10 26
681 702 10 27
681 703 10 28
681 704 10 29
681 705 10 30
681 706 10 31
681 707 10 32
681 708 10 33
681 709 10 34
681 710 10 35
681 711 10 36
681 712 10 37
681 713 10 38
681 714 10 39
681 715 10 40
681 716 10 1
681 717 10 2
681 718 10 23
681 719 10 24
681 720 10 25
681 721 10 26
681 722 10 27
681 723 10 28
681 724 10 29
681 725 10 30
681 726 10 31
681 727 10 32
681 728 10 33
682 699 10 24
682 700 10 25
682 701 10 26
682 702 10 27
682 703 10 28
682 704 10 29
682 705 10 30
682 706 10 31
682 707 10 32
682 708 10 33
682 709 10 34
682 710 10 35
682 711 10 36
682 712 10 37
682 713 10 38
682 714 10 39
682 715 10 40
682 716 10 1
682 717 10 2
682 718 10 23
682 719 10 24
682 720 10 25
682 721 10 26
682 722 10 27
682 723 10 28
682 724 10 29
682 725 10 30
682 726 10 31
682 727 10 32
682 728 10 33
683 699 10 24
683 700 10 25
683 701 10 26
683 702 10 27
683 703 10 28
683 704 10 29
683 705 10 30
683 706 10 31
683 707 10 32
683 708 10 33
683 709 10 34
683 710 10 35
683 711 10 36
683 712 10 37
683 713 10 38
683 714 10 39
683 715 10 40
683 716 10 1
683 717 10 2
683 718 10 23
683 719 10 24
683 720 10 25
683 721 10 26
683 722 10 27
683 723 10 28
683 724 10 29
683 725 10 30
683 726 10 31
683 727 10 32
683 728 10 33
684 699 10 24
684 700 10 25
684 701 10 26
684 702 10 27
684 703 10 28
684 704 10 29
684 705 10 30
684 706 10 31
684 707 10 32
684 708 10 33
684 709 10 34
684 710 10 35
684 711 10 36
684 712 10 37
684 713 10 38
684 714 10 39
684 715 10 40
684 716 10 1
684 717 10 2
684 718 10 23
684 719 10 24
684 720 10 25
684 721 10 26
684 722 10 27
684 723 10 28
684 724 10 29
684 725 10 30
684 726 10 31
684 727 10 32
684 728 10 33
685 699 10 24
685 700 10 25
685 701 10 26
685 702 10 27
685 703 10 28
685 704 10 29
685 705 10 30
685 706 10 31
685 707 10 32
685 708 10 33
685 709 10 34
685 710 10 35
685 711 10 36
685 712 10 37
685 713 10 38
685 714 10 39
685 715 10 40
685 716 10 1
685 717 10 2
685 718 10 23
685 719 10 24
685 720 10 25
685 721 10 26
685 722 10 27
685 723 10 28
685 724 10 29
685 725 10 30
685 726 10 31
685 727 10 32
685 728 10 33
686 699 10 24
686 700 10 25
686 701 10 26
686 702 10 27
686 703 10 28
686 704 10 29
686 705 10 30
686 706 10 31
686 707 10 32
686 708 10 33
686 709 10 34
686 710 10 35
686 711 10 36
686 712 10 37
686 713 10 38
686 714 10 39
686 715 10 40
686 716 10 1
686 717 10 2
686 718 10 23
686 719 10 24
686 720 10 25
686 721 10 26
686 722 10 27
686 723 10 28
686 724 10 29
686 725 10 30
686 726 10 31
686 727 10 32
686 728 10 33
687 699 10 24
687 700 10 25
687 701 10 26
687 702 10 27
687 703 10 28
687 704 10 29
687 705 10 30
687 706 10 31
687 707 10 32
687 708 10 33
687 709 10 34
687 710 10 35
687 711 10 36
687 712 10 37
687 713 10 38
687 714 10 39
687 715 10 40
687 716 10 1
687 717 10 2
687 718 10 23
687 719 10 24
687 720 10 25
687 721 10 26
687 722 10 27
687 723 10 28
687 724 10 29
687 725 10 30
687 726 10 31
687 727 10 32
687 728 10 33
688 699 10 24
688 700 10 25
688 701 10 26
688 702 10 27
688 703 10 28
688 704 10 29
688 705 10 30
688 706 10 31
688 707 10 32
688 708 10 33
688 709 10 34
688 710 10 35
688 711 10 36
688 712 10 37
688 713 10 38
688 714 10 39
688 715 10 40
688 716 10 1
688 717 10 2
688 718 10 23
688 719 10 24
688 720 10 25
688 721 10 26
688 722 10 27
688 723 10 28
688 724 10 29
688 725 10 30
688 726 10 31
688 727 10 32
688 728 10 33
689 699 10 24
689 700 10 25
689 701 10 26
689 702 10 27
689 703 10 28
689 704 10 29
689 705 10 30
689 706 10 31
689 707 10 32
689 708 10 33
689 709 10 34
689 710 10 35
689 711 10 36
689 712 10 37
689 713 10 38
689 714 10 39
689 715 10 40
689 716 10 1
689 717 10 2
689 718 10 23
689 719 10 24
689 720 10 25
689 721 10 26
689 722 10 27
689 723 10 28
689 724 10 29
689 725 10 30
689 726 10 31
689 727 10 32
689 728 10 33
690 699 10 24
690 700 10 25
690 701 10 26
690 702 10 27
690 703 10 28
690 704 10 29
690 705 10 30
690 706 10 31
690 707 10 32
690 708 10 33
690 709 10 34
690 710 10 35
690 711 10 36
690 712 10 37
690 713 10 38
690 714 10 39
690 715 10 40
690 716 10 1
690 717 10 2
690 718 10 23
690 719 10 24
690 720 10 25
690 721 10 26
690 722 10 27
690 723 10 28
690 724 10 29
690 725 10 30
690 726 10 31
690 727 10 32
690 728 10 33
691 699 10 24
691 700 10 25
691 701 10 26
691 702 10 27
691 703 10 28
691 704 10 29
691 705 10 30
691 706 10 31
691 707 10 32
691 708 10 33
691 709 10 34
691 710 10 35
691 711 10 36
691 712 10 37
691 713 10 38
691 714 10 39
691 715 10 40
691 716 10 1
691 717 10 2
691 718 10 23
691 719 10 24
691 720 10 25
691 721 10 26
691 722 10 27
691 723 10 28
691 724 10 29
691 725 10 30
691 726 10 31
691 727 10 32
691 728 10 33
692 699 10 24
692 700 10 25
692 701 10 26
692 702 10 27
692 703 10 28
692 704 10 29
692 705 10 30
692 706 10 31
692 707 10 32
692 708 10 33
692 709 10 34
692 710 10 35
692 711 10 36
692 712 10 37
692 713 10 38
692 714 10 39
692 715 10 40
692 716 10 1
692 717 10 2
692 718 10 23
692 719 10 24
692 720 10 25
692 721 10 26
692 722 10 27
692 723 10 28
692 724 10 29
692 725 10 30
692 726 10 31
692 727 10 32
692 728 10 33
693 699 10 24
693 700 10 25
693 701 10 26
693 702 10 27
693 703 10 28
693 704 10 29
693 705 10 30
693 706 10 31
693 707 10 32
693 708 10 33
693 709 10 34
693 710 10 35
693 711 10 36
693 712 10 37
693 713 10 38
693 714 10 39
693 715 10 40
693 716 10 1
693 717 10 2
693 718 10 23
693 719 10 24
693 720 10 25
693 721 10 26
693 722 10 27
693 723 10 28
693 724 10 29
693 725 10 30
693 726 10 31
693 727 10 32
693 728 10 33
694 699 10 24
694 700 10 25
694 701 10 26
694 702 10 27
694 703 10 28
694 704 10 29
694 705 10 30
694 706 10 31
694 707 10 32
694 708 10 33
694 709 10 34
694 710 10 35
694 711 10 36
694 712 10 37
694 713 10 38
694 714 10 39
694 715 10 40
694 716 10 1
694 717 10 2
694 718 10 23
694 719 10 24
694 720 10 25
694 721 10 26
694 722 10 27
694 723 10 28
694 724 10 29
694 725 10 30
694 726 10 31
694 727 10 32
694 728 10 33
695 699 10 24
695 700 10 25
695 701 10 26
695 702 10 27
695 703 10 28
695 704 10 29
695 705 10 30
695 706 10 31
695 707 10 32
695 708 10 33
695 709 10 34
695 710 10 35
695 711 10 36
695 712 10 37
695 713 10 38
695 714 10 39
695 715 10 40
695 716 10 1
695 717 10 2
695 718 10 23
695 719 10 24
695 720 10 25
695 721 10 26
695 722 10 27
695 723 10 28
695 724 10 29
695 725 10 30
695 726 10 31
695 727 10 32
695 728 10 33
696 699 10 24
696 700 10 25
696 701 10 26
696 702 10 27
696 703 10 28
696 704 10 29
696 705 10 30
696 706 10 31
696 707 10 32
696 708 10 33
696 709 10 34
696 710 10 35
696 711 10 36
696 712 10 37
696 713 10 38
696 714 10 39
696 715 10 40
696 716 10 1
696 717 10 2
696 718 10 23
696 719 10 24
696 720 10 25
696 721 10 26
696 722 10 27
696 723 10 28
696 724 10 29
696 725 10 30
696 726 10 31
696 727 10 32
696 728 10 33
697 699 10 24
697 700 10 25
697 701 10 26
697 702 10 27
697 703 10 28
697 704 10 29
697 705 10 30
697 706 10 31
697 707 10 32
697 708 10 33
697 709 10 34
697 710 10 35
697 711 10 36
697 712 10 37
697 713 10 38
697 714 10 39
697 715 10 40
697 716 10 1
697 717 10 2
697 718 10 23
697 719 10 24
697 720 10 25
697 721 10 26
697 722 10 27
697 723 10 28
697 724 10 29
697 725 10 30
697 726 10 31
697 727 10 32
697 728 10 33
698 699 10 24
698 700 10 25
698 701 10 26
698 702 10 27
698 703 10 28
698 704 10 29
698 705 10 30
698 706 10 31
698 707 10 32
698 708 10 33
698 709 10 34
698 710 10 35
698 711 10 36
698 712 10 37
698 713 10 38
698 714 10 39
698 715 10 40
698 716 10 1
698 717 10 2
698 718 10 23
698 719 10 24
698 720 10 25
698 721 10 26
698 722 10 27
698 723 10 28
698 724 10 29
698 725 10 30
698 726 10 31
698 727 10 32
698 728 10 33
699 729 10 25
699 730 10 26
699 731 10 27
699 732 10 28
699 733 10 29
699 734 10 30
699 735 10 31
699 736 10 32
699 737 10 33
699 738 10 34
699 739 10 35
699 740 10 36
699 741 10 37
699 742 10 38
699 743 10 39
699 744 10 40
699 745 10 1
699 746 10 2
699 747 10 3
699 748 10 24
699 749 10 25
699 750 10 26
699 751 10 27
699 752 10 28
699 753 10 29
699 754 10 30
699 755 10 31
699 756 10 32
699 757 10 33
699 758 10 34
700 729 10 25
700 730 10 26
700 731 10 27
700 732 10 28
700 733 10 29
700 734 10 30
700 735 10 31
700 736 10 32
700 737 10 33
700 738 10 34
700 739 10 35
700 740 10 36
700 741 10 37
700 742 10 38
700 743 10 39
700 744 10 40
700 745 10 1
700 746 10 2
700 747 10 3
700 748 10 24
700 749 10 25
700 750 10 26
700 751 10 27
700 752 10 28
700 753 10 29
700 754 10 30
700 755 10 31
700 756 10 32
700 757 10 33
700 758 10 34
701 729 10 25
701 730 10 26
701 731 10 27
701 732 10 28
701 733 10 29
701 734 10 30
701 735 10 31
701 736 10 32
701 737 10 33
701 738 10 34
701 739 10 35
701 740 10 36
701 741 10 37
701 742 10 38
701 743 10 39
701 744 10 40
701 745 10 1
701 746 10 2
701 747 10 3
701 748 10 24
701 749 10 25
701 750 10 26
701 751 10 27
701 752 10 28
701 753 10 29
701 754 10 30
701 755 10 31
701 756 10 32
701 757 10 33
701 758 10 34
702 729 10 25
702 730 10 26
702 731 10 27
702 732 10 28
702 733 10 29
702 734 10 30
702 735 10 31
702 736 10 32
702 737 10 33
702 738 10 34
702 739 10 35
702 740 10 36
702 741 10 37
702 742 10 38
702 743 10 39
702 744 10 40
702 745 10 1
702 746 10 2
702 747 10 3
702 748 10 24
702 749 10 25
702 750 10 26
702 751 10 27
702 752 10 28
702 753 10 29
702 754 10 30
702 755 10 31
702 756 10 32
702 757 10 33
702 758 10 34
703 729 10 25
703 730 10 26
703 731 10 27
703 732 10 28
703 733 10 29
703 734 10 30
703 735 10 31
703 736 10 32
703 737 10 33
703 738 10 34
703 739 10 35
703 740 10 36
703 741 10 37
703 742 10 38
703 743 10 39
703 744 10 40
703 745 10 1
703 746 10 2
703 747 10 3
703 748 10 24
703 749 10 25
703 750 10 26
703 751 10 27
703 752 10 28
703 753 10 29
703 754 10 30
703 755 10 31
703 756 10 32
703 757 10 33
703 758 10 34
704 729 10 25
704 730 10 26
704 731 10 27
704 732 10 28
704 733 10 29
704 734 10 30
704 735 10 31
704 736 10 32
704 737 10 33
704 738 10 34
704 739 10 35
704 740 10 36
704 741 10 37
704 742 10 38
704 743 10 39
704 744 10 40
704 745 10 1
704 746 10 2
704 747 10 3
704 748 10 24
704 749 10 25
704 750 10 26
704 751 10 27
704 752 10 28
704 753 10 29
704 754 10 30
704 755 10 31
704 756 10 32
704 757 10 33
704 758 10 34
705 729 10 25
705 730 10 26
705 731 10 27
705 732 10 28
705 733 10 29
705 734 10 30
705 735 10 31
705 736 10 32
705 737 10 33
705 738 10 34
705 739 10 35
705 740 10 36
705 741 10 37
705 742 10 38
705 743 10 39
705 744 10 40
705 745 10 1
705 746 10 2
705 747 10 3
705 748 10 24
705 749 10 25
705 750 10 26
705 751 10 27
705 752 10 28
705 753 10 29
705 754 10 30
705 755 10 31
705 756 10 32
705 757 10 33
705 758 10 34
706 729 10 25
706 730 10 26
706 731 10 27
706 732 10 28
706 733 10 29
706 734 10 30
706 735 10 31
706 736 10 32
706 737 10 33
706 738 10 34
706 739 10 35
706 740 10 36
706 741 10 37
706 742 10 38
706 743 10 39
706 744 10 40
706 745 10 1
706 746 10 2
706 747 10 3
706 748 10 24
706 749 10 25
706 750 10 26
706 751 10 27
706 752 10 28
706 753 10 29
706 754 10 30
706 755 10 31
706 756 10 32
706 757 10 33
706 758 10 34
707 729 10 25
707 730 10 26
707 731 10 27
707 732 10 28
707 733 10 29
707 734 10 30
707 735 10 31
707 736 10 32
707 737 10 33
707 738 10 34
707 739 10 35
707 740 10 36
707 741 10 37
707 742 10 38
707 743 10 39
707 744 10 40
707 745 10 1
707 746 10 2
707 747 10 3
707 748 10 24
707 749 10 25
707 750 10 26
707 751 10 27
707 752 10 28
707 753 10 29
707 754 10 30
707 755 10 31
707 756 10 32
707 757 10 33
707 758 10 34
708 729 10 25
708 730 10 26
708 731 10 27
708 732 10 28
708 733 10 29
708 734 10 30
708 735 10 31
708 736 10 32
708 737 10 33
708 738 10 34
708 739 10 35
708 740 10 36
708 741 10 37
708 742 10 38
708 743 10 39
708 744 10 40
708 745 10 1
708 746 10 2
708 747 10 3
708 748 10 24
708 749 10 25
708 750 10 26
708 751 10 27
708 752 10 28
708 753 10 29
708 754 10 30
708 755 10 31
708 756 10 32
708 757 10 33
708 758 10 34
709 729 10 25
709 730 10 26
709 731 10 27
709 732 10 28
709 733 10 29
709 734 10 30
709 735 10 31
709 736 10 32
709 737 10 33
709 738 10 34
709 739 10 35
709 740 10 36
709 741 10 37
709 742 10 38
709 743 10 39
709 744 10 40
709 745 10 1
709 746 10 2
709 747 10 3
709 748 10 24
709 749 10 25
709 750 10 26
709 751 10 27
709 752 10 28
709 753 10 29
709 754 10 30
709 755 10 31
709 756 10 32
709 757 10 33
709 758 10 34
710 729 10 25
710 730 10 26
710 731 10 27
710 732 10 28
710 733 10 29
710 734 10 30
710 735 10 31
710 736 10 32
710 737 10 33
710 738 10 34
710 739 10 35
710 740 10 36
710 741 10 37
710 742 10 38
710 743 10 39
710 744 10 40
710 745 10 1
710 746 10 2
710 747 10 3
710 748 10 24
710 749 10 25
710 750 10 26
710 751 10 27
710 752 10 28
710 753 10 29
710 754 10 30
710 755 10 31
710 756 10 32
710 757 10 33
710 758 10 34
711 729 10 25
711 730 10 26
711 731 10 27
711 732 10 28
711 733 10 29
711 734 10 30
711 735 10 31
711 736 10 32
711 737 10 33
711 738 10 34
711 739 10 35
711 740 10 36
711 741 10 37
711 742 10 38
711 743 10 39
711 744 10 40
711 745 10 1
711 746 10 2
711 747 10 3
711 748 10 24
711 749 10 25
711 750 10 26
711 751 10 27
711 752 10 28
711 753 10 29
711 754 10 30
711 755 10 31
711 756 10 32
711 757 10 33
711 758 10 34
712 729 10 25
712 730 10 26
712 731 10 27
712 732 10 28
712 733 10 29
712 734 10 30
712 735 10 31
712 736 10 32
712 737 10 33
712 738 10 34
712 739 10 35
712 740 10 36
712 741 10 37
712 742 10 38
712 743 10 39
712 744 10 40
712 745 10 1
712 746 10 2
712 747 10 3
712 748 10 24
712 749 10 25
712 750 10 26
712 751 10 27
712 752 10 28
712 753 10 29
712 754 10 30
712 755 10 31
712 756 10 32
712 757 10 33
712 758 10 34
713 729 10 25
713 730 10 26
713 731 10 27
713 732 10 28
713 733 10 29
713 734 10 30
713 735 10 31
713 736 10 32
713 737 10 33
713 738 10 34
713 739 10 35
713 740 10 36
713 741 10 37
713 742 10 38
713 743 10 39
713 744 10 40
713 745 10 1
713 746 10 2
713 747 10 3
713 748 10 24
713 749 10 25
713 750 10 26
713 751 10 27
713 752 10 28
713 753 10 29
713 754 10 30
713 755 10 31
713 756 10 32
713 757 10 33
713 758 10 34
714 729 10 25
714 730 10 26
714 731 10 27
714 732 10 28
714 733 10 29
714 734 10 30
714 735 10 31
714 736 10 32
714 737 10 33
714 738 10 34
714 739 10 35
714 740 10 36
714 741 10 37
714 742 10 38
714 743 10 39
714 744 10 40
714 745 10 1
714 746 10 2
714 747 10 3
714 748 10 24
714 749 10 25
714 750 10 26
714 751 10 27
714 752 10 28
714 753 10 29
714 754 10 30
714 755 10 31
714 756 10 32
714 757 10 33
714 758 10 34
715 729 10 25
715 730 10 26
715 731 10 27
715 732 10 28
715 733 10 29
715 734 10 30
715 735 10 31
715 736 10 32
715 737 10 33
715 738 10 34
715 739 10 35
715 740 10 36
715 741 10 37
715 742 10 38
715 743 10 39
715 744 10 40
715 745 10 1
715 746 10 2
715 747 10 3
715 748 10 24
715 749 10 25
715 750 10 26
715 751 10 27
715 752 10 28
715 753 10 29
715 754 10 30
715 755 10 31
715 756 10 32
715 757 10 33
715 758 10 34
716 729 10 25
716 730 10 26
716 731 10 27
716 732 10 28
716 733 10 29
716 734 10 30
716 735 10 31
716 736 10 32
716 737 10 33
716 738 10 34
716 739 10 35
716 740 10 36
716 741 10 37
716 742 10 38
716 743 10 39
716 744 10 40
716 745 10 1
716 746 10 2
716 747 10 3
716 748 10 24
716 749 10 25
716 750 10 26
716 751 10 27
716 752 10 28
716 753 10 29
716 754 10 30
716 755 10 31
716 756 10 32
716 757 10 33
716 758 10 34
717 729 10 25
717 730 10 26
717 731 10 27
717 732 10 28
717 733 10 29
717 734 10 30
717 735 10 31
717 736 10 32
717 737 10 33
717 738 10 34
717 739 10 35
717 740 10 36
717 741 10 37
717 742 10 38
717 743 10 39
717 744 10 40
717 745 10 1
717 746 10 2
717 747 10 3
717 748 10 24
717 749 10 25
717 750 10 26
717 751 10 27
717 752 10 28
717 753 10 29
717 754 10 30
717 755 10 31
717 756 10 32
717 757 10 33
717 758 10 34
718 729 10 25
718 730 10 26
718 731 10 27
718 732 10 28
718 733 10 29
718 734 10 30
718 735 10 31
718 736 10 32
718 737 10 33
718 738 10 34
718 739 10 35
718 740 10 36
718 741 10 37
718 742 10 38
718 743 10 39
718 744 10 40
718 745 10 1
718 746 10 2
718 747 10 3
718 748 10 24
718 749 10 25
718 750 10 26
718 751 10 27
718 752 10 28
718 753 10 29
718 754 10 30
718 755 10 31
718 756 10 32
718 757 10 33
718 758 10 34
719 729 10 25
719 730 10 26
719 731 10 27
719 732 10 28
719 733 10 29
719 734 10 30
719 735 10 31
719 736 10 32
719 737 10 33
719 738 10 34
719 739 10 35
719 740 10 36
719 741 10 37
719 742 10 38
719 743 10 39
719 744 10 40
719 745 10 1
719 746 10 2
719 747 10 3
719 748 10 24
719 749 10 25
719 750 10 26
719 751 10 27
719 752 10 28
719 753 10 29
719 754 10 30
719 755 10 31
719 756 10 32
719 757 10 33
719 758 10 34
720 729 10 25
720 730 10 26
720 731 10 27
720 732 10 28
720 733 10 29
720 734 10 30
720 735 10 31
720 736 10 32
720 737 10 33
720 738 10 34
720 739 10 35
720 740 10 36
720 741 10 37
720 742 10 38
720 743 10 39
720 744 10 40
720 745 10 1
720 746 10 2
720 747 10 3
720 748 10 24
720 749 10 25
720 750 10 26
720 751 10 27
720 752 10 28
720 753 10 29
720 754 10 30
720 755 10 31
720 756 10 32
720 757 10 33
720 758 10 34
721 729 10 25
721 730 10 26
721 731 10 27
721 732 10 28
721 733 10 29
721 734 10 30
721 735 10 31
721 736 10 32
721 737 10 33
721 738 10 34
721 739 10 35
721 740 10 36
721 741 10 37
721 742 10 38
721 743 10 39
721 744 10 40
721 745 10 1
721 746 10 2
721 747 10 3
721 748 10 24
721 749 10 25
721 750 10 26
721 751 10 27
721 752 10 28
721 753 10 29
721 754 10 30
721 755 10 31
721 756 10 32
721 757 10 33
721 758 10 34
722 729 10 25
722 730 10 26
722 731 10 27
722 732 10 28
722 733 10 29
722 734 10 30
722 735 10 31
722 736 10 32
722 737 10 33
722 738 10 34
722 739 10 35
722 740 10 36
722 741 10 37
722 742 10 38
722 743 10 39
722 744 10 40
722 745 10 1
722 746 10 2
722 747 10 3
722 748 10 24
722 749 10 25
722 750 10 26
722 751 10 27
722 752 10 28
722 753 10 29
722 754 10 30
722 755 10 31
722 756 10 32
722 757 10 33
722 758 10 34
723 729 10 25
723 730 10 26
723 731 10 27
723 732 10 28
723 733 10 29
723 734 10 30
723 735 10 31
723 736 10 32
723 737 10 33
723 738 10 34
723 739 10 35
723 740 10 36
723 741 10 37
723 742 10 38
723 743 10 39
723 744 10 40
723 745 10 1
723 746 10 2
723 747 10 3
723 748 10 24
723 749 10 25
723 750 10 26
723 751 10 27
723 752 10 28
723 753 10 29
723 754 10 30
723 755 10 31
723 756 10 32
723 757 10 33
723 758 10 34
724 729 10 25
724 730 10 26
724 731 10 27
724 732 10 28
724 733 10 29
724 734 10 30
724 735 10 31
724 736 10 32
724 737 10 33
724 738 10 34
724 739 10 35
724 740 10 36
724 741 10 37
724 742 10 38
724 743 10 39
724 744 10 40
724 745 10 1
724 746 10 2
724 747 10 3
724 748 10 24
724 749 10 25
724 750 10 26
724 751 10 27
724 752 10 28
724 753 10 29
724 754 10 30
724 755 10 31
724 756 10 32
724 757 10 33
724 758 10 34
725 729 10 25
725 730 10 26
725 731 10 27
725 732 10 28
725 733 10 29
725 734 10 30
725 735 10 31
725 736 10 32
725 737 10 33
725 738 10 34
725 739 10 35
725 740 10 36
725 741 10 37
725 742 10 38
725 743 10 39
725 744 10 40
725 745 10 1
725 746 10 2
725 747 10 3
725 748 10 24
725 749 10 25
725 750 10 26
725 751 10 27
725 752 10 28
725 753 10 29
725 754 10 30
725 755 10 31
725 756 10 32
725 757 10 33
725 758 10 34
726 729 10 25
726 730 10 26
726 731 10 27
726 732 10 28
726 733 10 29
726 734 10 30
726 735 10 31
726 736 10 32
726 737 10 33
726 738 10 34
726 739 10 35
726 740 10 36
726 741 10 37
726 742 10 38
726 743 10 39
726 744 10 40
726 745 10 1
726 746 10 2
726 747 10 3
726 748 10 24
726 749 10 25
726 750 10 26
726 751 10 27
726 752 10 28
726 753 10 29
726 754 10 30
726 755 10 31
726 756 10 32
726 757 10 33
726 758 10 34
727 729 10 25
727 730 10 26
727 731 10 27
727 732 10 28
727 733 10 29
727 734 10 30
727 735 10 31
727 736 10 32
727 737 10 33
727 738 10 34
727 739 10 35
727 740 10 36
727 741 10 37
727 742 10 38
727 743 10 39
727 744 10 40
727 745 10 1
727 746 10 2
727 747 10 3
727 748 10 24
727 749 10 25
727 750 10 26
727 751 10 27
727 752 10 28
727 753 10 29
727 754 10 30
727 755 10 31
727 756 10 32
727 757 10 33
727 758 10 34
728 729 10 25
728 730 10 26
728 731 10 27
728 732 10 28
728 733 10 29
728 734 10 30
728 735 10 31
728 736 10 32
728 737 10 33
728 738 10 34
728 739 10 35
728 740 10 36
728 741 10 37
728 742 10 38
728 743 10 39
728 744 10 40
728 745 10 1
728 746 10 2
728 747 10 3
728 748 10 24
728 749 10 25
728 750 10 26
728 751 10 27
728 752 10 28
728 753 10 29
728 754 10 30
728 755 10 31
728 756 10 32
728 757 10 33
728 758 10 34
729 759 10 26
729 760 10 27
729 761 10 28
729 762 10 29
729 763 10 30
729 764 10 31
729 765 10 32
729 766 10 33
729 767 10 34
729 768 10 35
729 769 10 36
729 770 10 37
729 771 10 38
729 772 10 39
729 773 10 40
729 774 10 1
729 775 10 2
729 776 10 3
729 777 10 4
729 778 10 25
729 779 10 26
729 780 10 27
729 781 10 28
729 782 10 29
729 783 10 30
729 784 10 31
729 785 10 32
729 786 10 33
729 787 10 34
729 788 10 35
730 759 10 26
730 760 10 27
730 761 10 28
730 762 10 29
730 763 10 30
730 764 10 31
730 765 10 32
730 766 10 33
730 767 10 34
730 768 10 35
730 769 10 36
730 770 10 37
730 771 10 38
730 772 10 39
730 773 10 40
730 774 10 1
730 775 10 2
730 776 10 3
730 777 10 4
730 778 10 25
730 779 10 26
730 780 10 27
730 781 10 28
730 782 10 29
730 783 10 30
730 784 10 31
730 785 10 32
730 786 10 33
730 787 10 34
730 788 10 35
731 759 10 26
731 760 10 27
731 761 10 28
731 762 10 29
731 763 10 30
731 764 10 31
731 765 10 32
731 766 10 33
731 767 10 34
731 768 10 35
731 769 10 36
731 770 10 37
731 771 10 38
731 772 10 39
731 773 10 40
731 774 10 1
731 775 10 2
731 776 10 3
731 777 10 4
731 778 10 25
731 779 10 26
731 780 10 27
731 781 10 28
731 782 10 29
731 783 10 30
731 784 10 31
731 785 10 32
731 786 10 33
731 787 10 34
731 788 10 35
732 759 10 26
732 760 10 27
732 761 10 28
732 762 10 29
732 763 10 30
732 764 10 31
732 765 10 32
732 766 10 33
732 767 10 34
732 768 10 35
732 769 10 36
732 770 10 37
732 771 10 38
732 772 10 39
732 773 10 40
732 774 10 1
732 775 10 2
732 776 10 3
732 777 10 4
732 778 10 25
732 779 10 26
732 780 10 27
732 781 10 28
732 782 10 29
732 783 10 30
732 784 10 31
732 785 10 32
732 786 10 33
732 787 10 34
732 788 10 35
733 759 10 26
733 760 10 27
733 761 10 28
733 762 10 29
733 763 10 30
733 764 10 31
733 765 10 32
733 766 10 33
733 767 10 34
733 768 10 35
733 769 10 36
733 770 10 37
733 771 10 38
733 772 10 39
733 773 10 40
733 774 10 1
733 775 10 2
733 776 10 3
733 777 10 4
733 778 10 25
733 779 10 26
733 780 10 27
733 781 10 28
733 782 10 29
733 783 10 30
733 784 10 31
733 785 10 32
733 786 10 33
733 787 10 34
733 788 10 35
734 759 10 26
734 760 10 27
734 761 10 28
734 762 10 29
734 763 10 30
734 764 10 31
734 765 10 32
734 766 10 33
734 767 10 34
734 768 10 35
734 769 10 36
734 770 10 37
734 771 10 38
734 772 10 39
734 773 10 40
734 774 10 1
734 775 10 2
734 776 10 3
734 777 10 4
734 778 10 25
734 779 10 26
734 780 10 27
734 781 10 28
734 782 10 29
734 783 10 30
734 784 10 31
734 785 10 32
734 786 10 33
734 787 10 34
734 788 10 35
735 759 10 26
735 760 10 27
735 761 10 28
735 762 10 29
735 763 10 30
735 764 10 31
735 765 10 32
735 766 10 33
735 767 10 34
735 768 10 35
735 769 10 36
735 770 10 37
735 771 10 38
735 772 10 39
735 773 10 40
735 774 10 1
735 775 10 2
735 776 10 3
735 777 10 4
735 778 10 25
735 779 10 26
735 780 10 27
735 781 10 28
735 782 10 29
735 783 10 30
735 784 10 31
735 785 10 32
735 786 10 33
735 787 10 34
735 788 10 35
736 759 10 26
736 760 10 27
736 761 10 28
736 762 10 29
736 763 10 30
736 764 10 31
736 765 10 32
736 766 10 33
736 767 10 34
736 768 10 35
736 769 10 36
736 770 10 37
736 771 10 38
736 772 10 39
736 773 10 40
736 774 10 1
736 775 10 2
736 776 10 3
736 777 10 4
736 778 10 25
736 779 10 26
736 780 10 27
736 781 10 28
736 782 10 29
736 783 10 30
736 784 10 31
736 785 10 32
736 786 10 33
736 787 10 34
736 788 10 35
737 759 10 26
737 760 10 27
737 761 10 28
737 762 10 29
737 763 10 30
737 764 10 31
737 765 10 32
737 766 10 33
737 767 10 34
737 768 10 35
737 769 10 36
737 770 10 37
737 771 10 38
737 772 10 39
737 773 10 40
737 774 10 1
737 775 10 2
737 776 10 3
737 777 10 4
737 778 10 25
737 779 10 26
737 780 10 27
737 781 10 28
737 782 10 29
737 783 10 30
737 784 10 31
737 785 10 32
737 786 10 33
737 787 10 34
737 788 10 35
738 759 10 26
738 760 10 27
738 761 10 28
738 762 10 29
738 763 10 30
738 764 10 31
738 765 10 32
738 766 10 33
738 767 10 34
738 768 10 35
738 769 10 36
738 770 10 37
738 771 10 38
738 772 10 39
738 773 10 40
738 774 10 1
738 775 10 2
738 776 10 3
738 777 10 4
738 778 10 25
738 779 10 26
738 780 10 27
738 781 10 28
738 782 10 29
738 783 10 30
738 784 10 31
738 785 10 32
738 786 10 33
738 787 10 34
738 788 10 35
739 759 10 26
739 760 10 27
739 761 10 28
739 762 10 29
739 763 10 30
739 764 10 31
739 765 10 32
739 766 10 33
739 767 10 34
739 768 10 35
739 769 10 36
739 770 10 37
739 771 10 38
739 772 10 39
739 773 10 40
739 774 10 1
739 775 10 2
739 776 10 3
739 777 10 4
739 778 10 25
739 779 10 26
739 780 10 27
739 781 10 28
739 782 10 29
739 783 10 30
739 784 10 31
739 785 10 32
739 786 10 33
739 787 10 34
739 788 10 35
740 759 10 26
740 760 10 27
740 761 10 28
740 762 10 29
740 763 10 30
740 764 10 31
740 765 10 32
740 766 10 33
740 767 10 34
740 768 10 35
740 769 10 36
740 770 10 37
740 771 10 38
740 772 10 39
740 773 10 40
740 774 10 1
740 775 10 2
740 776 10 3
740 777 10 4
740 778 10 25
740 779 10 26
740 780 10 27
740 781 10 28
740 782 10 29
740 783 10 30
740 784 10 31
740 785 10 32
740 786 10 33
740 787 10 34
740 788 10 35
741 759 10 26
741 760 10 27
741 761 10 28
741 762 10 29
741 763 10 30
741 764 10 31
741 765 10 32
741 766 10 33
741 767 10 34
741 768 10 35
741 769 10 36
741 770 10 37
741 771 10 38
741 772 10 39
741 773 10 40
741 774 10 1
741 775 10 2
741 776 10 3
741 777 10 4
741 778 10 25
741 779 10 26
741 780 10 27
741 781 10 28
741 782 10 29
741 783 10 30
741 784 10 31
741 785 10 32
741 786 10 33
741 787 10 34
741 788 10 35
742 759 10 26
742 760 10 27
742 761 10 28
742 762 10 29
742 763 10 30
742 764 10 31
742 765 10 32
742 766 10 33
742 767 10 34
742 768 10 35
742 769 10 36
742 770 10 37
742 771 10 38
742 772 10 39
742 773 10 40
742 774 10 1
742 775 10 2
742 776 10 3
742 777 10 4
742 778 10 25
742 779 10 26
742 780 10 27
742 781 10 28
742 782 10 29
742 783 10 30
742 784 10 31
742 785 10 32
742 786 10 33
742 787 10 34
742 788 10 35
743 759 10 26
743 760 10 27
743 761 10 28
743 762 10 29
743 763 10 30
743 764 10 31
743 765 10 32
743 766 10 33
743 767 10 34
743 768 10 35
743 769 10 36
743 770 10 37
743 771 10 38
743 772 10 39
743 773 10 40
743 774 10 1
743 775 10 2
743 776 10 3
743 777 10 4
743 778 10 25
743 779 10 26
743 780 10 27
743 781 10 28
743 782 10 29
743 783 10 30
743 784 10 31
743 785 10 32
743 786 10 33
743 787 10 34
743 788 10 35
744 759 10 26
744 760 10 27
744 761 10 28
744 762 10 29
744 763 10 30
744 764 10 31
744 765 10 32
744 766 10 33
744 767 10 34
744 768 10 35
744 769 10 36
744 770 10 37
744 771 10 38
744 772 10 39
744 773 10 40
744 774 10 1
744 775 10 2
744 776 10 3
744 777 10 4
744 778 10 25
744 779 10 26
744 780 10 27
744 781 10 28
744 782 10 29
744 783 10 30
744 784 10 31
744 785 10 32
744 786 10 33
744 787 10 34
744 788 10 35
745 759 10 26
745 760 10 27
745 761 10 28
745 762 10 29
745 763 10 30
745 764 10 31
745 765 10 32
745 766 10 33
745 767 10 34
745 768 10 35
745 769 10 36
745 770 10 37
745 771 10 38
745 772 10 39
745 773 10 40
745 774 10 1
745 775 10 2
745 776 10 3
745 777 10 4
745 778 10 25
745 779 10 26
745 780 10 27
745 781 10 28
745 782 10 29
745 783 10 30
745 784 10 31
745 785 10 32
745 786 10 33
745 787 10 34
745 788 10 35
746 759 10 26
746 760 10 27
746 761 10 28
746 762 10 29
746 763 10 30
746 764 10 31
746 765 10 32
746 766 10 33
746 767 10 34
746 768 10 35
746 769 10 36
746 770 10 37
746 771 10 38
746 772 10 39
746 773 10 40
746 774 10 1
746 775 10 2
746 776 10 3
746 777 10 4
746 778 10 25
746 779 10 26
746 780 10 27
746 781 10 28
746 782 10 29
746 783 10 30
746 784 10 31
746 785 10 32
746 786 10 33
746 787 10 34
746 788 10 35
747 759 10 26
747 760 10 27
747 761 10 28
747 762 10 29
747 763 10 30
747 764 10 31
747 765 10 32
747 766 10 33
747 767 10 34
747 768 10 35
747 769 10 36
747 770 10 37
747 771 10 38
747 772 10 39
747 773 10 40
747 774 10 1
747 775 10 2
747 776 10 3
747 777 10 4
747 778 10 25
747 779 10 26
747 780 10 27
747 781 10 28
747 782 10 29
747 783 10 30
747 784 10 31
747 785 10 32
747 786 10 33
747 787 10 34
747 788 10 35
748 759 10 26
748 760 10 27
748 761 10 28
748 762 10 29
748 763 10 30
748 764 10 31
748 765 10 32
748 766 10 33
748 767 10 34
748 768 10 35
748 769 10 36
748 770 10 37
748 771 10 38
748 772 10 39
748 773 10 40
748 774 10 1
748 775 10 2
748 776 10 3
748 777 10 4
748 778 10 25
748 779 10 26
748 780 10 27
748 781 10 28
748 782 10 29
748 783 10 30
748 784 10 31
748 785 10 32
748 786 10 33
748 787 10 34
748 788 10 35
749 759 10 26
749 760 10 27
749 761 10 28
749 762 10 29
749 763 10 30
749 764 10 31
749 765 10 32
749 766 10 33
749 767 10 34
749 768 10 35
749 769 10 36
749 770 10 37
749 771 10 38
749 772 10 39
749 773 10 40
749 774 10 1
749 775 10 2
749 776 10 3
749 777 10 4
749 778 10 25
749 779 10 26
749 780 10 27
749 781 10 28
749 782 10 29
749 783 10 30
749 784 10 31
749 785 10 32
749 786 10 33
749 787 10 34
749 788 10 35
750 759 10 26
750 760 10 27
750 761 10 28
750 762 10 29
750 763 10 30
750 764 10 31
750 765 10 32
750 766 10 33
750 767 10 34
750 768 10 35
750 769 10 36
750 770 10 37
750 771 10 38
750 772 10 39
750 773 10 40
750 774 10 1
750 775 10 2
750 776 10 3
750 777 10 4
750 778 10 25
750 779 10 26
750 780 10 27
750 781 10 28
750 782 10 29
750 783 10 30
750 784 10 31
750 785 10 32
750 786 10 33
750 787 10 34
750 788 10 35
751 759 10 26
751 760 10 27
751 761 10 28
751 762 10 29
751 763 10 30
751 764 10 31
751 765 10 32
751 766 10 33
751 767 10 34
751 768 10 35
751 769 10 36
751 770 10 37
751 771 10 38
751 772 10 39
751 773 10 40
751 774 10 1
751 775 10 2
751 776 10 3
751 777 10 4
751 778 10 25
751 779 10 26
751 780 10 27
751 781 10 28
751 782 10 29
751 783 10 30
751 784 10 31
751 785 10 32
751 786 10 33
751 787 10 34
751 788 10 35
752 759 10 26
752 760 10 27
752 761 10 28
752 762 10 29
752 763 10 30
752 764 10 31
752 765 10 32
752 766 10 33
752 767 10 34
752 768 10 35
752 769 10 36
752 770 10 37
752 771 10 38
752 772 10 39
752 773 10 40
752 774 10 1
752 775 10 2
752 776 10 3
752 777 10 4
752 778 10 25
752 779 10 26
752 780 10 27
752 781 10 28
752 782 10 29
752 783 10 30
752 784 10 31
752 785 10 32
752 786 10 33
752 787 10 34
752 788 10 35
753 759 10 26
753 760 10 27
753 761 10 28
753 762 10 29
753 763 10 30
753 764 10 31
753 765 10 32
753 766 10 33
753 767 10 34
753 768 10 35
753 769 10 36
753 770 10 37
753 771 10 38
753 772 10 39
753 773 10 40
753 774 10 1
753 775 10 2
753 776 10 3
753 777 10 4
753 778 10 25
753 779 10 26
753 780 10 27
753 781 10 28
753 782 10 29
753 783 10 30
753 784 10 31
753 785 10 32
753 786 10 33
753 787 10 34
753 788 10 35
754 759 10 26
754 760 10 27
754 761 10 28
754 762 10 29
754 763 10 30
754 764 10 31
754 765 10 32
754 766 10 33
754 767 10 34
754 768 10 35
754 769 10 36
754 770 10 37
754 771 10 38
754 772 10 39
754 773 10 40
754 774 10 1
754 775 10 2
754 776 10 3
754 777 10 4
754 778 10 25
754 779 10 26
754 780 10 27
754 781 10 28
754 782 10 29
754 783 10 30
754 784 10 31
754 785 10 32
754 786 10 33
754 787 10 34
754 788 10 35
755 759 10 26
755 760 10 27
755 761 10 28
755 762 10 29
755 763 10 30
755 764 10 31
755 765 10 32
755 766 10 33
755 767 10 34
755 768 10 35
755 769 10 36
755 770 10 37
755 771 10 38
755 772 10 39
755 773 10 40
755 774 10 1
755 775 10 2
755 776 10 3
755 777 10 4
755 778 10 25
755 779 10 26
755 780 10 27
755 781 10 28
755 782 10 29
755 783 10 30
755 784 10 31
755 785 10 32
755 786 10 33
755 787 10 34
755 788 10 35
756 759 10 26
756 760 10 27
756 761 10 28
756 762 10 29
756 763 10 30
756 764 10 31
756 765 10 32
756 766 10 33
756 767 10 34
756 768 10 35
756 769 10 36
756 770 10 37
756 771 10 38
756 772 10 39
756 773 10 40
756 774 10 1
756 775 10 2
756 776 10 3
756 777 10 4
756 778 10 25
756 779 10 26
756 780 10 27
756 781 10 28
756 782 10 29
756 783 10 30
756 784 10 31
756 785 10 32
756 786 10 33
756 787 10 34
756 788 10 35
757 759 10 26
757 760 10 27
757 761 10 28
757 762 10 29
757 763 10 30
757 764 10 31
757 765 10 32
757 766 10 33
757 767 10 34
757 768 10 35
757 769 10 36
757 770 10 37
757 771 10 38
757 772 10 39
757 773 10 40
757 774 10 1
757 775 10 2
757 776 10 3
757 777 10 4
757 778 10 25
757 779 10 26
757 780 10 27
757 781 10 28
757 782 10 29
757 783 10 30
757 784 10 31
757 785 10 32
757 786 10 33
757 787 10 34
757 788 10 35
758 759 10 26
758 760 10 27
758 761 10 28
758 762 10 29
758 763 10 30
758 764 10 31
758 765 10 32
758 766 10 33
758 767 10 34
758 768 10 35
758 769 10 36
758 770 10 37
758 771 10 38
758 772 10 39
758 773 10 40
758 774 10 1
758 775 10 2
758 776 10 3
758 777 10 4
758 778 10 25
758 779 10 26
758 780 10 27
758 781 10 28
758 782 10 29
758 783 10 30
758 784 10 31
758 785 10 32
758 786 10 33
758 787 10 34
758 788 10 35
759 789 10 27
759 790 10 28
759 791 10 29
759 792 10 30
759 793 10 31
759 794 10 32
759 795 10 33
759 796 10 34
759 797 10 35
759 798 10 36
759 799 10 37
759 800 10 38
759 801 10 39
759 802 10 40
759 803 10 1
759 804 10 2
759 805 10 3
759 806 10 4
759 807 10 5
759 808 10 26
759 809 10 27
759 810 10 28
759 811 10 29
759 812 10 30
759 813 10 31
759 814 10 32
759 815 10 33
759 816 10 34
759 817 10 35
759 818 10 36
760 789 10 27
760 790 10 28
760 791 10 29
760 792 10 30
760 793 10 31
760 794 10 32
760 795 10 33
760 796 10 34
760 797 10 35
760 798 10 36
760 799 10 37
760 800 10 38
760 801 10 39
760 802 10 40
760 803 10 1
760 804 10 2
760 805 10 3
760 806 10 4
760 807 10 5
760 808 10 26
760 809 10 27
760 810 10 28
760 811 10 29
760 812 10 30
760 813 10 31
760 814 10 32
760 815 10 33
760 816 10 34
760 817 10 35
760 818 10 36
761 789 10 27
761 790 10 28
761 791 10 29
761 792 10 30
761 793 10 31
761 794 10 32
761 795 10 33
761 796 10 34
761 797 10 35
761 798 10 36
761 799 10 37
761 800 10 38
761 801 10 39
761 802 10 40
761 803 10 1
761 804 10 2
761 805 10 3
761 806 10 4
761 807 10 5
761 808 10 26
761 809 10 27
761 810 10 28
761 811 10 29
761 812 10 30
761 813 10 31
761 814 10 32
761 815 10 33
761 816 10 34
761 817 10 35
761 818 10 36
762 789 10 27
762 790 10 28
762 791 10 29
762 792 10 30
762 793 10 31
762 794 10 32
762 795 10 33
762 796 10 34
762 797 10 35
762 798 10 36
762 799 10 37
762 800 10 38
762 801 10 39
762 802 10 40
762 803 10 1
762 804 10 2
762 805 10 3
762 806 10 4
762 807 10 5
762 808 10 26
762 809 10 27
762 810 10 28
762 811 10 29
762 812 10 30
762 813 10 31
762 814 10 32
762 815 10 33
762 816 10 34
762 817 10 35
762 818 10 36
763 789 10 27
763 790 10 28
763 791 10 29
763 792 10 30
763 793 10 31
763 794 10 32
763 795 10 33
763 796 10 34
763 797 10 35
763 798 10 36
763 799 10 37
763 800 10 38
763 801 10 39
763 802 10 40
763 803 10 1
763 804 10 2
763 805 10 3
763 806 10 4
763 807 10 5
763 808 10 26
763 809 10 27
763 810 10 28
763 811 10 29
763 812 10 30
763 813 10 31
763 814 10 32
763 815 10 33
763 816 10 34
763 817 10 35
763 818 10 36
764 789 10 27
764 790 10 28
764 791 10 29
764 792 10 30
764 793 10 31
764 794 10 32
764 795 10 33
764 796 10 34
764 797 10 35
764 798 10 36
764 799 10 37
764 800 10 38
764 801 10 39
764 802 10 40
764 803 10 1
764 804 10 2
764 805 10 3
764 806 10 4
764 807 10 5
764 808 10 26
764 809 10 27
764 810 10 28
764 811 10 29
764 812 10 30
764 813 10 31
764 814 10 32
764 815 10 33
764 816 10 34
764 817 10 35
764 818 10 36
765 789 10 27
765 790 10 28
765 791 10 29
765 792 10 30
765 793 10 31
765 794 10 32
765 795 10 33
765 796 10 34
765 797 10 35
765 798 10 36
765 799 10 37
765 800 10 38
765 801 10 39
765 802 10 40
765 803 10 1
765 804 10 2
765 805 10 3
765 806 10 4
765 807 10 5
765 808 10 26
765 809 10 27
765 810 10 28
765 811 10 29
765 812 10 30
765 813 10 31
765 814 10 32
765 815 10 33
765 816 10 34
765 817 10 35
765 818 10 36
766 789 10 27
766 790 10 28
766 791 10 29
766 792 10 30
766 793 10 31
766 794 10 32
766 795 10 33
766 796 10 34
766 797 10 35
766 798 10 36
766 799 10 37
766 800 10 38
766 801 10 39
766 802 10 40
766 803 10 1
766 804 10 2
766 805 10 3
766 806 10 4
766 807 10 5
766 808 10 26
766 809 10 27
766 810 10 28
766 811 10 29
766 812 10 30
766 813 10 31
766 814 10 32
766 815 10 33
766 816 10 34
766 817 10 35
766 818 10 36
767 789 10 27
767 790 10 28
767 791 10 29
767 792 10 30
767 793 10 31
767 794 10 32
767 795 10 33
767 796 10 34
767 797 10 35
767 798 10 36
767 799 10 37
767 800 10 38
767 801 10 39
767 802 10 40
767 803 10 1
767 804 10 2
767 805 10 3
767 806 10 4
767 807 10 5
767 808 10 26
767 809 10 27
767 810 10 28
767 811 10 29
767 812 10 30
767 813 10 31
767 814 10 32
767 815 10 33
767 816 10 34
767 817 10 35
767 818 10 36
768 789 10 27
768 790 10 28
768 791 10 29
768 792 10 30
768 793 10 31
768 794 10 32
768 795 10 33
768 796 10 34
768 797 10 35
768 798 10 36
768 799 10 37
768 800 10 38
768 801 10 39
768 802 10 40
768 803 10 1
768 804 10 2
768 805 10 3
768 806 10 4
768 807 10 5
768 808 10 26
768 809 10 27
768 810 10 28
768 811 10 29
768 812 10 30
768 813 10 31
768 814 10 32
768 815 10 33
768 816 10 34
768 817 10 35
768 818 10 36
769 789 10 27
769 790 10 28
769 791 10 29
769 792 10 30
769 793 10 31
769 794 10 32
769 795 10 33
769 796 10 34
769 797 10 35
769 798 10 36
769 799 10 37
769 800 10 38
769 801 10 39
769 802 10 40
769 803 10 1
769 804 10 2
769 805 10 3
769 806 10 4
769 807 10 5
769 808 10 26
769 809 10 27
769 810 10 28
769 811 10 29
769 812 10 30
769 813 10 31
769 814 10 32
769 815 10 33
769 816 10 34
769 817 10 35
769 818 10 36
770 789 10 27
770 790 10 28
770 791 10 29
770 792 10 30
770 793 10 31
770 794 10 32
770 795 10 33
770 796 10 34
770 797 10 35
770 798 10 36
770 799 10 37
770 800 10 38
770 801 10 39
770 802 10 40
770 803 10 1
770 804 10 2
770 805 10 3
770 806 10 4
770 807 10 5
770 808 10 26
770 809 10 27
770 810 10 28
770 811 10 29
770 812 10 30
770 813 10 31
770 814 10 32
770 815 10 33
770 816 10 34
770 817 10 35
770 818 10 36
771 789 10 27
771 790 10 28
771 791 10 29
771 792 10 30
771 793 10 31
771 794 10 32
771 795 10 33
771 796 10 34
771 797 10 35
771 798 10 36
771 799 10 37
771 800 10 38
771 801 10 39
771 802 10 40
771 803 10 1
771 804 10 2
771 805 10 3
771 806 10 4
771 807 10 5
771 808 10 26
771 809 10 27
771 810 10 28
771 811 10 29
771 812 10 30
771 813 10 31
771 814 10 32
771 815 10 33
771 816 10 34
771 817 10 35
771 818 10 36
772 789 10 27
772 790 10 28
772 791 10 29
772 792 10 30
772 793 10 31
772 794 10 32
772 795 10 33
772 796 10 34
772 797 10 35
772 798 10 36
772 799 10 37
772 800 10 38
772 801 10 39
772 802 10 40
772 803 10 1
772 804 10 2
772 805 10 3
772 806 10 4
772 807 10 5
772 808 10 26
772 809 10 27
772 810 10 28
772 811 10 29
772 812 10 30
772 813 10 31
772 814 10 32
772 815 10 33
772 816 10 34
772 817 10 35
772 818 10 36
773 789 10 27
773 790 10 28
773 791 10 29
773 792 10 30
773 793 10 31
773 794 10 32
773 795 10 33
773 796 10 34
773 797 10 35
773 798 10 36
773 799 10 37
773 800 10 38
773 801 10 39
773 802 10 40
773 803 10 1
773 804 10 2
773 805 10 3
773 806 10 4
773 807 10 5
773 808 10 26
773 809 10 27
773 810 10 28
773 811 10 29
773 812 10 30
773 813 10 31
773 814 10 32
773 815 10 33
773 816 10 34
773 817 10 35
773 818 10 36
774 789 10 27
774 790 10 28
774 791 10 29
774 792 10 30
774 793 10 31
774 794 10 32
774 795 10 33
774 796 10 34
774 797 10 35
774 798 10 36
774 799 10 37
774 800 10 38
774 801 10 39
774 802 10 40
774 803 10 1
774 804 10 2
774 805 10 3
774 806 10 4
774 807 10 5
774 808 10 26
774 809 10 27
774 810 10 28
774 811 10 29
774 812 10 30
774 813 10 31
774 814 10 32
774 815 10 33
774 816 10 34
774 817 10 35
774 818 10 36
775 789 10 27
775 790 10 28
775 791 10 29
775 792 10 30
775 793 10 31
775 794 10 32
775 795 10 33
775 796 10 34
775 797 10 35
775 798 10 36
775 799 10 37
775 800 10 38
775 801 10 39
775 802 10 40
775 803 10 1
775 804 10 2
775 805 10 3
775 806 10 4
775 807 10 5
775 808 10 26
775 809 10 27
775 810 10 28
775 811 10 29
775 812 10 30
775 813 10 31
775 814 10 32
775 815 10 33
775 816 10 34
775 817 10 35
775 818 10 36
776 789 10 27
776 790 10 28
776 791 10 29
776 792 10 30
776 793 10 31
776 794 10 32
776 795 10 33
776 796 10 34
776 797 10 35
776 798 10 36
776 799 10 37
776 800 10 38
776 801 10 39
776 802 10 40
776 803 10 1
776 804 10 2
776 805 10 3
776 806 10 4
776 807 10 5
776 808 10 26
776 809 10 27
776 810 10 28
776 811 10 29
776 812 10 30
776 813 10 31
776 814 10 32
776 815 10 33
776 816 10 34
776 817 10 35
776 818 10 36
777 789 10 27
777 790 10 28
777 791 10 29
777 792 10 30
777 793 10 31
777 794 10 32
777 795 10 33
777 796 10 34
777 797 10 35
777 798 10 36
777 799 10 37
777 800 10 38
777 801 10 39
777 802 10 40
777 803 10 1
777 804 10 2
777 805 10 3
777 806 10 4
777 807 10 5
777 808 10 26
777 809 10 27
777 810 10 28
777 811 10 29
777 812 10 30
777 813 10 31
777 814 10 32
777 815 10 33
777 816 10 34
777 817 10 35
777 818 10 36
778 789 10 27
778 790 10 28
778 791 10 29
778 792 10 30
778 793 10 31
778 794 10 32
778 795 10 33
778 796 10 34
778 797 10 35
778 798 10 36
778 799 10 37
778 800 10 38
778 801 10 39
778 802 10 40
778 803 10 1
778 804 10 2
778 805 10 3
778 806 10 4
778 807 10 5
778 808 10 26
778 809 10 27
778 810 10 28
778 811 10 29
778 812 10 30
778 813 10 31
778 814 10 32
778 815 10 33
778 816 10 34
778 817 10 35
778 818 10 36
779 789 10 27
779 790 10 28
779 791 10 29
779 792 10 30
779 793 10 31
779 794 10 32
779 795 10 33
779 796 10 34
779 797 10 35
779 798 10 36
779 799 10 37
779 800 10 38
779 801 10 39
779 802 10 40
779 803 10 1
779 804 10 2
779 805 10 3
779 806 10 4
779 807 10 5
779 808 10 26
779 809 10 27
779 810 10 28
779 811 10 29
779 812 10 30
779 813 10 31
779 814 10 32
779 815 10 33
779 816 10 34
779 817 10 35
779 818 10 36
780 789 10 27
780 790 10 28
780 791 10 29
780 792 10 30
780 793 10 31
780 794 10 32
780 795 10 33
780 796 10 34
780 797 10 35
780 798 10 36
780 799 10 37
780 800 10 38
780 801 10 39
780 802 10 40
780 803 10 1
780 804 10 2
780 805 10 3
780 806 10 4
780 807 10 5
780 808 10 26
780 809 10 27
780 810 10 28
780 811 10 29
780 812 10 30
780 813 10 31
780 814 10 32
780 815 10 33
780 816 10 34
780 817 10 35
780 818 10 36
781 789 10 27
781 790 10 28
781 791 10 29
781 792 10 30
781 793 10 31
781 794 10 32
781 795 10 33
781 796 10 34
781 797 10 35
781 798 10 36
781 799 10 37
781 800 10 38
781 801 10 39
781 802 10 40
781 803 10 1
781 804 10 2
781 805 10 3
781 806 10 4
781 807 10 5
781 808 10 26
781 809 10 27
781 810 10 28
781 811 10 29
781 812 10 30
781 813 10 31
781 814 10 32
781 815 10 33
781 816 10 34
781 817 10 35
781 818 10 36
782 789 10 27
782 790 10 28
782 791 10 29
782 792 10 30
782 793 10 31
782 794 10 32
782 795 10 33
782 796 10 34
782 797 10 35
782 798 10 36
782 799 10 37
782 800 10 38
782 801 10 39
782 802 10 40
782 803 10 1
782 804 10 2
782 805 10 3
782 806 10 4
782 807 10 5
782 808 10 26
782 809 10 27
782 810 10 28
782 811 10 29
782 812 10 30
782 813 10 31
782 814 10 32
782 815 10 33
782 816 10 34
782 817 10 35
782 818 10 36
783 789 10 27
783 790 10 28
783 791 10 29
783 792 10 30
783 793 10 31
783 794 10 32
783 795 10 33
783 796 10 34
783 797 10 35
783 798 10 36
783 799 10 37
783 800 10 38
783 801 10 39
783 802 10 40
783 803 10 1
783 804 10 2
783 805 10 3
783 806 10 4
783 807 10 5
783 808 10 26
783 809 10 27
783 810 10 28
783 811 10 29
783 812 10 30
783 813 10 31
783 814 10 32
783 815 10 33
783 816 10 34
783 817 10 35
783 818 10 36
784 789 10 27
784 790 10 28
784 791 10 29
784 792 10 30
784 793 10 31
784 794 10 32
784 795 10 33
784 796 10 34
784 797 10 35
784 798 10 36
784 799 10 37
784 800 10 38
784 801 10 39
784 802 10 40
784 803 10 1
784 804 10 2
784 805 10 3
784 806 10 4
784 807 10 5
784 808 10 26
784 809 10 27
784 810 10 28
784 811 10 29
784 812 10 30
784 813 10 31
784 814 10 32
784 815 10 33
784 816 10 34
784 817 10 35
784 818 10 36
785 789 10 27
785 790 10 28
785 791 10 29
785 792 10 30
785 793 10 31
785 794 10 32
785 795 10 33
785 796 10 34
785 797 10 35
785 798 10 36
785 799 10 37
785 800 10 38
785 801 10 39
785 802 10 40
785 803 10 1
785 804 10 2
785 805 10 3
785 806 10 4
785 807 10 5
785 808 10 26
785 809 10 27
785 810 10 28
785 811 10 29
785 812 10 30
785 813 10 31
785 814 10 32
785 815 10 33
785 816 10 34
785 817 10 35
785 818 10 36
786 789 10 27
786 790 10 28
786 791 10 29
786 792 10 30
786 793 10 31
786 794 10 32
786 795 10 33
786 796 10 34
786 797 10 35
786 798 10 36
786 799 10 37
786 800 10 38
786 801 10 39
786 802 10 40
786 803 10 1
786 804 10 2
786 805 10 3
786 806 10 4
786 807 10 5
786 808 10 26
786 809 10 27
786 810 10 28
786 811 10 29
786 812 10 30
786 813 10 31
786 814 10 32
786 815 10 33
786 816 10 34
786 817 10 35
786 818 10 36
787 789 10 27
787 790 10 28
787 791 10 29
787 792 10 30
787 793 10 31
787 794 10 32
787 795 10 33
787 796 10 34
787 797 10 35
787 798 10 36
787 799 10 37
787 800 10 38
787 801 10 39
787 802 10 40
787 803 10 1
787 804 10 2
787 805 10 3
787 806 10 4
787 807 10 5
787 808 10 26
787 809 10 27
787 810 10 28
787 811 10 29
787 812 10 30
787 813 10 31
787 814 10 32
787 815 10 33
787 816 10 34
787 817 10 35
787 818 10 36
788 789 10 27
788 790 10 28
788 791 10 29
788 792 10 30
788 793 10 31
788 794 10 32
788 795 10 33
788 796 10 34
788 797 10 35
788 798 10 36
788 799 10 37
788 800 10 38
788 801 10 39
788 802 10 40
788 803 10 1
788 804 10 2
788 805 10 3
788 806 10 4
788 807 10 5
788 808 10 26
788 809 10 27
788 810 10 28
788 811 10 29
788 812 10 30
788 813 10 31
788 814 10 32
788 815 10 33
788 816 10 34
788 817 10 35
788 818 10 36
789 819 10 28
789 820 10 29
789 821 10 30
789 822 10 31
789 823 10 32
789 824 10 33
789 825 10 34
789 826 10 35
789 827 10 36
789 828 10 37
789 829 10 38
789 830 10 39
789 831 10 40
789 832 10 1
789 833 10 2
789 834 10 3
789 835 10 4
789 836 10 5
789 837 10 6
789 838 10 27
789 839 10 28
789 840 10 29
789 841 10 30
789 842 10 31
789 843 10 32
789 844 10 33
789 845 10 34
789 846 10 35
789 847 10 36
789 848 10 37
790 819 10 28
790 820 10 29
790 821 10 30
790 822 10 31
790 823 10 32
790 824 10 33
790 825 10 34
790 826 10 35
790 827 10 36
790 828 10 37
790 829 10 38
790 830 10 39
790 831 10 40
790 832 10 1
790 833 10 2
790 834 10 3
790 835 10 4
790 836 10 5
790 837 10 6
790 838 10 27
790 839 10 28
790 840 10 29
790 841 10 30
790 842 10 31
790 843 10 32
790 844 10 33
790 845 10 34
790 846 10 35
790 847 10 36
790 848 10 37
791 819 10 28
791 820 10 29
791 821 10 30
791 822 10 31
791 823 10 32
791 824 10 33
791 825 10 34
791 826 10 35
791 827 10 36
791 828 10 37
791 829 10 38
791 830 10 39
791 831 10 40
791 832 10 1
791 833 10 2
791 834 10 3
791 835 10 4
791 836 10 5
791 837 10 6
791 838 10 27
791 839 10 28
791 840 10 29
791 841 10 30
791 842 10 31
791 843 10 32
791 844 10 33
791 845 10 34
791 846 10 35
791 847 10 36
791 848 10 37
792 819 10 28
792 820 10 29
792 821 10 30
792 822 10 31
792 823 10 32
792 824 10 33
792 825 10 34
792 826 10 35
792 827 10 36
792 828 10 37
792 829 10 38
792 830 10 39
792 831 10 40
792 832 10 1
792 833 10 2
792 834 10 3
792 835 10 4
792 836 10 5
792 837 10 6
792 838 10 27
792 839 10 28
792 840 10 29
792 841 10 30
792 842 10 31
792 843 10 32
792 844 10 33
792 845 10 34
792 846 10 35
792 847 10 36
792 848 10 37
793 819 10 28
793 820 10 29
793 821 10 30
793 822 10 31
793 823 10 32
793 824 10 33
793 825 10 34
793 826 10 35
793 827 10 36
793 828 10 37
793 829 10 38
793 830 10 39
793 831 10 40
793 832 10 1
793 833 10 2
793 834 10 3
793 835 10 4
793 836 10 5
793 837 10 6
793 838 10 27
793 839 10 28
793 840 10 29
793 841 10 30
793 842 10 31
793 843 10 32
793 844 10 33
793 845 10 34
793 846 10 35
793 847 10 36
793 848 10 37
794 819 10 28
794 820 10 29
794 821 10 30
794 822 10 31
794 823 10 32
794 824 10 33
794 825 10 34
794 826 10 35
794 827 10 36
794 828 10 37
794 829 10 38
794 830 10 39
794 831 10 40
794 832 10 1
794 833 10 2
794 834 10 3
794 835 10 4
794 836 10 5
794 837 10 6
794 838 10 27
794 839 10 28
794 840 10 29
794 841 10 30
794 842 10 31
794 843 10 32
794 844 10 33
794 845 10 34
794 846 10 35
794 847 10 36
794 848 10 37
795 819 10 28
795 820 10 29
795 821 10 30
795 822 10 31
795 823 10 32
795 824 10 33
795 825 10 34
795 826 10 35
795 827 10 36
795 828 10 37
795 829 10 38
795 830 10 39
795 831 10 40
795 832 10 1
795 833 10 2
795 834 10 3
795 835 10 4
795 836 10 5
795 837 10 6
795 838 10 27
795 839 10 28
795 840 10 29
795 841 10 30
795 842 10 31
795 843 10 32
795 844 10 33
795 845 10 34
795 846 10 35
795 847 10 36
795 848 10 37
796 819 10 28
796 820 10 29
796 821 10 30
796 822 10 31
796 823 10 32
796 824 10 33
796 825 10 34
796 826 10 35
796 827 10 36
796 828 10 37
796 829 10 38
796 830 10 39
796 831 10 40
796 832 10 1
796 833 10 2
796 834 10 3
796 835 10 4
796 836 10 5
796 837 10 6
796 838 10 27
796 839 10 28
796 840 10 29
796 841 10 30
796 842 10 31
796 843 10 32
796 844 10 33
796 845 10 34
796 846 10 35
796 847 10 36
796 848 10 37
797 819 10 28
797 820 10 29
797 821 10 30
797 822 10 31
797 823 10 32
797 824 10 33
797 825 10 34
797 826 10 35
797 827 10 36
797 828 10 37
797 829 10 38
797 830 10 39
797 831 10 40
797 832 10 1
797 833 10 2
797 834 10 3
797 835 10 4
797 836 10 5
797 837 10 6
797 838 10 27
797 839 10 28
797 840 10 29
797 841 10 30
797 842 10 31
797 843 10 32
797 844 10 33
797 845 10 34
797 846 10 35
797 847 10 36
797 848 10 37
798 819 10 28
798 820 10 29
798 821 10 30
798 822 10 31
798 823 10 32
798 824 10 33
798 825 10 34
798 826 10 35
798 827 10 36
798 828 10 37
798 829 10 38
798 830 10 39
798 831 10 40
798 832 10 1
798 833 10 2
798 834 10 3
798 835 10 4
798 836 10 5
798 837 10 6
798 838 10 27
798 839 10 28
798 840 10 29
798 841 10 30
798 842 10 31
798 843 10 32
798 844 10 33
798 845 10 34
798 846 10 35
798 847 10 36
798 848 10 37
799 819 10 28
799 820 10 29
799 821 10 30
799 822 10 31
799 823 10 32
799 824 10 33
799 825 10 34
799 826 10 35
799 827 10 36
799 828 10 37
799 829 10 38
799 830 10 39
799 831 10 40
799 832 10 1
799 833 10 2
799 834 10 3
799 835 10 4
799 836 10 5
799 837 10 6
799 838 10 27
799 839 10 28
799 840 10 29
799 841 10 30
799 842 10 31
799 843 10 32
799 844 10 33
799 845 10 34
799 846 10 35
799 847 10 36
799 848 10 37
800 819 10 28
800 820 10 29
800 821 10 30
800 822 10 31
800 823 10 32
800 824 10 33
800 825 10 34
800 826 10 35
800 827 10 36
800 828 10 37
800 829 10 38
800 830 10 39
800 831 10 40
800 832 10 1
800 833 10 2
800 834 10 3
800 835 10 4
800 836 10 5
800 837 10 6
800 838 10 27
800 839 10 28
800 840 10 29
800 841 10 30
800 842 10 31
800 843 10 32
800 844 10 33
800 845 10 34
800 846 10 35
800 847 10 36
800 848 10 37
801 819 10 28
801 820 10 29
801 821 10 30
801 822 10 31
801 823 10 32
801 824 10 33
801 825 10 34
801 826 10 35
801 827 10 36
801 828 10 37
801 829 10 38
801 830 10 39
801 831 10 40
801 832 10 1
801 833 10 2
801 834 10 3
801 835 10 4
801 836 10 5
801 837 10 6
801 838 10 27
801 839 10 28
801 840 10 29
801 841 10 30
801 842 10 31
801 843 10 32
801 844 10 33
801 845 10 34
801 846 10 35
801 847 10 36
801 848 10 37
802 819 10 28
802 820 10 29
802 821 10 30
802 822 10 31
802 823 10 32
802 824 10 33
802 825 10 34
802 826 10 35
802 827 10 36
802 828 10 37
802 829 10 38
802 830 10 39
802 831 10 40
802 832 10 1
802 833 10 2
802 834 10 3
802 835 10 4
802 836 10 5
802 837 10 6
802 838 10 27
802 839 10 28
802 840 10 29
802 841 10 30
802 842 10 31
802 843 10 32
802 844 10 33
802 845 10 34
802 846 10 35
802 847 10 36
802 848 10 37
803 819 10 28
803 820 10 29
803 821 10 30
803 822 10 31
803 823 10 32
803 824 10 33
803 825 10 34
803 826 10 35
803 827 10 36
803 828 10 37
803 829 10 38
803 830 10 39
803 831 10 40
803 832 10 1
803 833 10 2
803 834 10 3
803 835 10 4
803 836 10 5
803 837 10 6
803 838 10 27
803 839 10 28
803 840 10 29
803 841 10 30
803 842 10 31
803 843 10 32
803 844 10 33
803 845 10 34
803 846 10 35
803 847 10 36
803 848 10 37
804 819 10 28
804 820 10 29
804 821 10 30
804 822 10 31
804 823 10 32
804 824 10 33
804 825 10 34
804 826 10 35
804 827 10 36
804 828 10 37
804 829 10 38
804 830 10 39
804 831 10 40
804 832 10 1
804 833 10 2
804 834 10 3
804 835 10 4
804 836 10 5
804 837 10 6
804 838 10 27
804 839 10 28
804 840 10 29
804 841 10 30
804 842 10 31
804 843 10 32
804 844 10 33
804 845 10 34
804 846 10 35
804 847 10 36
804 848 10 37
805 819 10 28
805 820 10 29
805 821 10 30
805 822 10 31
805 823 10 32
805 824 10 33
805 825 10 34
805 826 10 35
805 827 10 36
805 828 10 37
805 829 10 38
805 830 10 39
805 831 10 40
805 832 10 1
805 833 10 2
805 834 10 3
805 835 10 4
805 836 10 5
805 837 10 6
805 838 10 27
805 839 10 28
805 840 10 29
805 841 10 30
805 842 10 31
805 843 10 32
805 844 10 33
805 845 10 34
805 846 10 35
805 847 10 36
805 848 10 37
806 819 10 28
806 820 10 29
806 821 10 30
806 822 10 31
806 823 10 32
806 824 10 33
806 825 10 34
806 826 10 35
806 827 10 36
806 828 10 37
806 829 10 38
806 830 10 39
806 831 10 40
806 832 10 1
806 833 10 2
806 834 10 3
806 835 10 4
806 836 10 5
806 837 10 6
806 838 10 27
806 839 10 28
806 840 10 29
806 841 10 30
806 842 10 31
806 843 10 32
806 844 10 33
806 845 10 34
806 846 10 35
806 847 10 36
806 848 10 37
807 819 10 28
807 820 10 29
807 821 10 30
807 822 10 31
807 823 10 32
807 824 10 33
807 825 10 34
807 826 10 35
807 827 10 36
807 828 10 37
807 829 10 38
807 830 10 39
807 831 10 40
807 832 10 1
807 833 10 2
807 834 10 3
807 835 10 4
807 836 10 5
807 837 10 6
807 838 10 27
807 839 10 28
807 840 10 29
807 841 10 30
807 842 10 31
807 843 10 32
807 844 10 33
807 845 10 34
807 846 10 35
807 847 10 36
807 848 10 37
808 819 10 28
808 820 10 29
808 821 10 30
808 822 10 31
808 823 10 32
808 824 10 33
808 825 10 34
808 826 10 35
808 827 10 36
808 828 10 37
808 829 10 38
808 830 10 39
808 831 10 40
808 832 10 1
808 833 10 2
808 834 10 3
808 835 10 4
808 836 10 5
808 837 10 6
808 838 10 27
808 839 10 28
808 840 10 29
808 841 10 30
808 842 10 31
808 843 10 32
808 844 10 33
808 845 10 34
808 846 10 35
808 847 10 36
808 848 10 37
809 819 10 28
809 820 10 29
809 821 10 30
809 822 10 31
809 823 10 32
809 824 10 33
809 825 10 34
809 826 10 35
809 827 10 36
809 828 10 37
809 829 10 38
809 830 10 39
809 831 10 40
809 832 10 1
809 833 10 2
809 834 10 3
809 835 10 4
809 836 10 5
809 837 10 6
809 838 10 27
809 839 10 28
809 840 10 29
809 841 10 30
809 842 10 31
809 843 10 32
809 844 10 33
809 845 10 34
809 846 10 35
809 847 10 36
809 848 10 37
810 819 10 28
810 820 10 29
810 821 10 30
810 822 10 31
810 823 10 32
810 824 10 33
810 825 10 34
810 826 10 35
810 827 10 36
810 828 10 37
810 829 10 38
810 830 10 39
810 831 10 40
810 832 10 1
810 833 10 2
810 834 10 3
810 835 10 4
810 836 10 5
810 837 10 6
810 838 10 27
810 839 10 28
810 840 10 29
810 841 10 30
810 842 10 31
810 843 10 32
810 844 10 33
810 845 10 34
810 846 10 35
810 847 10 36
810 848 10 37
811 819 10 28
811 820 10 29
811 821 10 30
811 822 10 31
811 823 10 32
811 824 10 33
811 825 10 34
811 826 10 35
811 827 10 36
811 828 10 37
811 829 10 38
811 830 10 39
811 831 10 40
811 832 10 1
811 833 10 2
811 834 10 3
811 835 10 4
811 836 10 5
811 837 10 6
811 838 10 27
811 839 10 28
811 840 10 29
811 841 10 30
811 842 10 31
811 843 10 32
811 844 10 33
811 845 10 34
811 846 10 35
811 847 10 36
811 848 10 37
812 819 10 28
812 820 10 29
812 821 10 30
812 822 10 31
812 823 10 32
812 824 10 33
812 825 10 34
812 826 10 35
812 827 10 36
812 828 10 37
812 829 10 38
812 830 10 39
812 831 10 40
812 832 10 1
812 833 10 2
812 834 10 3
812 835 10 4
812 836 10 5
812 837 10 6
812 838 10 27
812 839 10 28
812 840 10 29
812 841 10 30
812 842 10 31
812 843 10 32
812 844 10 33
812 845 10 34
812 846 10 35
812 847 10 36
812 848 10 37
813 819 10 28
813 820 10 29
813 821 10 30
813 822 10 31
813 823 10 32
813 824 10 33
813 825 10 34
813 826 10 35
813 827 10 36
813 828 10 37
813 829 10 38
813 830 10 39
813 831 10 40
813 832 10 1
813 833 10 2
813 834 10 3
813 835 10 4
813 836 10 5
813 837 10 6
813 838 10 27
813 839 10 28
813 840 10 29
813 841 10 30
813 842 10 31
813 843 10 32
813 844 10 33
813 845 10 34
813 846 10 35
813 847 10 36
813 848 10 37
814 819 10 28
814 820 10 29
814 821 10 30
814 822 10 31
814 823 10 32
814 824 10 33
814 825 10 34
814 826 10 35
814 827 10 36
814 828 10 37
814 829 10 38
814 830 10 39
814 831 10 40
814 832 10 1
814 833 10 2
814 834 10 3
814 835 10 4
814 836 10 5
814 837 10 6
814 838 10 27
814 839 10 28
814 840 10 29
814 841 10 30
814 842 10 31
814 843 10 32
814 844 10 33
814 845 10 34
814 846 10 35
814 847 10 36
814 848 10 37
815 819 10 28
815 820 10 29
815 821 10 30
815 822 10 31
815 823 10 32
815 824 10 33
815 825 10 34
815 826 10 35
815 827 10 36
815 828 10 37
815 829 10 38
815 830 10 39
815 831 10 40
815 832 10 1
815 833 10 2
815 834 10 3
815 835 10 4
815 836 10 5
815 837 10 6
815 838 10 27
815 839 10 28
815 840 10 29
815 841 10 30
815 842 10 31
815 843 10 32
815 844 10 33
815 845 10 34
815 846 10 35
815 847 10 36
815 848 10 37
816 819 10 28
816 820 10 29
816 821 10 30
816 822 10 31
816 823 10 32
816 824 10 33
816 825 10 34
816 826 10 35
816 827 10 36
816 828 10 37
816 829 10 38
816 830 10 39
816 831 10 40
816 832 10 1
816 833 10 2
816 834 10 3
816 835 10 4
816 836 10 5
816 837 10 6
816 838 10 27
816 839 10 28
816 840 10 29
816 841 10 30
816 842 10 31
816 843 10 32
816 844 10 33
816 845 10 34
816 846 10 35
816 847 10 36
816 848 10 37
817 819 10 28
817 820 10 29
817 821 10 30
817 822 10 31
817 823 10 32
817 824 10 33
817 825 10 34
817 826 10 35
817 827 10 36
817 828 10 37
817 829 10 38
817 830 10 39
817 831 10 40
817 832 10 1
817 833 10 2
817 834 10 3
817 835 10 4
817 836 10 5
817 837 10 6
817 838 10 27
817 839 10 28
817 840 10 29
817 841 10 30
817 842 10 31
817 843 10 32
817 844 10 33
817 845 10 34
817 846 10 35
817 847 10 36
817 848 10 37
818 819 10 28
818 820 10 29
818 821 10 30
818 822 10 31
818 823 10 32
818 824 10 33
818 825 10 34
818 826 10 35
818 827 10 36
818 828 10 37
818 829 10 38
818 830 10 39
818 831 10 40
818 832 10 1
818 833 10 2
818 834 10 3
818 835 10 4
818 836 10 5
818 837 10 6
818 838 10 27
818 839 10 28
818 840 10 29
818 841 10 30
818 842 10 31
818 843 10 32
818 844 10 33
818 845 10 34
818 846 10 35
818 847 10 36
818 848 10 37
819 849 10 29
819 850 10 30
819 851 10 31
819 852 10 32
819 853 10 33
819 854 10 34
819 855 10 35
819 856 10 36
819 857 10 37
819 858 10 38
819 859 10 39
819 860 10 40
819 861 10 1
819 862 10 2
819 863 10 3
819 864 10 4
819 865 10 5
819 866 10 6
819 867 10 7
819 868 10 28
819 869 10 29
819 870 10 30
819 871 10 31
819 872 10 32
819 873 10 33
819 874 10 34
819 875 10 35
819 876 10 36
819 877 10 37
819 878 10 38
820 849 10 29
820 850 10 30
820 851 10 31
820 852 10 32
820 853 10 33
820 854 10 34
820 855 10 35
820 856 10 36
820 857 10 37
820 858 10 38
820 859 10 39
820 860 10 40
820 861 10 1
820 862 10 2
820 863 10 3
820 864 10 4
820 865 10 5
820 866 10 6
820 867 10 7
820 868 10 28
820 869 10 29
820 870 10 30
820 871 10 31
820 872 10 32
820 873 10 33
820 874 10 34
820 875 10 35
820 876 10 36
820 877 10 37
820 878 10 38
821 849 10 29
821 850 10 30
821 851 10 31
821 852 10 32
821 853 10 33
821 854 10 34
821 855 10 35
821 856 10 36
821 857 10 37
821 858 10 38
821 859 10 39
821 860 10 40
821 861 10 1
821 862 10 2
821 863 10 3
821 864 10 4
821 865 10 5
821 866 10 6
821 867 10 7
821 868 10 28
821 869 10 29
821 870 10 30
821 871 10 31
821 872 10 32
821 873 10 33
821 874 10 34
821 875 10 35
821 876 10 36
821 877 10 37
821 878 10 38
822 849 10 29
822 850 10 30
822 851 10 31
822 852 10 32
822 853 10 33
822 854 10 34
822 855 10 35
822 856 10 36
822 857 10 37
822 858 10 38
822 859 10 39
822 860 10 40
822 861 10 1
822 862 10 2
822 863 10 3
822 864 10 4
822 865 10 5
822 866 10 6
822 867 10 7
822 868 10 28
822 869 10 29
822 870 10 30
822 871 10 31
822 872 10 32
822 873 10 33
822 874 10 34
822 875 10 35
822 876 10 36
822 877 10 37
822 878 10 38
823 849 10 29
823 850 10 30
823 851 10 31
823 852 10 32
823 853 10 33
823 854 10 34
823 855 10 35
823 856 10 36
823 857 10 37
823 858 10 38
823 859 10 39
823 860 10 40
823 861 10 1
823 862 10 2
823 863 10 3
823 864 10 4
823 865 10 5
823 866 10 6
823 867 10 7
823 868 10 28
823 869 10 29
823 870 10 30
823 871 10 31
823 872 10 32
823 873 10 33
823 874 10 34
823 875 10 35
823 876 10 36
823 877 10 37
823 878 10 38
824 849 10 29
824 850 10 30
824 851 10 31
824 852 10 32
824 853 10 33
824 854 10 34
824 855 10 35
824 856 10 36
824 857 10 37
824 858 10 38
824 859 10 39
824 860 10 40
824 861 10 1
824 862 10 2
824 863 10 3
824 864 10 4
824 865 10 5
824 866 10 6
824 867 10 7
824 868 10 28
824 869 10 29
824 870 10 30
824 871 10 31
824 872 10 32
824 873 10 33
824 874 10 34
824 875 10 35
824 876 10 36
824 877 10 37
824 878 10 38
825 849 10 29
825 850 10 30
825 851 10 31
825 852 10 32
825 853 10 33
825 854 10 34
825 855 10 35
825 856 10 36
825 857 10 37
825 858 10 38
825 859 10 39
825 860 10 40
825 861 10 1
825 862 10 2
825 863 10 3
825 864 10 4
825 865 10 5
825 866 10 6
825 867 10 7
825 868 10 28
825 869 10 29
825 870 10 30
825 871 10 31
825 872 10 32
825 873 10 33
825 874 10 34
825 875 10 35
825 876 10 36
825 877 10 37
825 878 10 38
826 849 10 29
826 850 10 30
826 851 10 31
826 852 10 32
826 853 10 33
826 854 10 34
826 855 10 35
826 856 10 36
826 857 10 37
826 858 10 38
826 859 10 39
826 860 10 40
826 861 10 1
826 862 10 2
826 863 10 3
826 864 10 4
826 865 10 5
826 866 10 6
826 867 10 7
826 868 10 28
826 869 10 29
826 870 10 30
826 871 10 31
826 872 10 32
826 873 10 33
826 874 10 34
826 875 10 35
826 876 10 36
826 877 10 37
826 878 10 38
827 849 10 29
827 850 10 30
827 851 10 31
827 852 10 32
827 853 10 33
827 854 10 34
827 855 10 35
827 856 10 36
827 857 10 37
827 858 10 38
827 859 10 39
827 860 10 40
827 861 10 1
827 862 10 2
827 863 10 3
827 864 10 4
827 865 10 5
827 866 10 6
827 867 10 7
827 868 10 28
827 869 10 29
827 870 10 30
827 871 10 31
827 872 10 32
827 873 10 33
827 874 10 34
827 875 10 35
827 876 10 36
827 877 10 37
827 878 10 38
828 849 10 29
828 850 10 30
828 851 10 31
828 852 10 32
828 853 10 33
828 854 10 34
828 855 10 35
828 856 10 36
828 857 10 37
828 858 10 38
828 859 10 39
828 860 10 40
828 861 10 1
828 862 10 2
828 863 10 3
828 864 10 4
828 865 10 5
828 866 10 6
828 867 10 7
828 868 10 28
828 869 10 29
828 870 10 30
828 871 10 31
828 872 10 32
828 873 10 33
828 874 10 34
828 875 10 35
828 876 10 36
828 877 10 37
828 878 10 38
829 849 10 29
829 850 10 30
829 851 10 31
829 852 10 32
829 853 10 33
829 854 10 34
829 855 10 35
829 856 10 36
829 857 10 37
829 858 10 38
829 859 10 39
829 860 10 40
829 861 10 1
829 862 10 2
829 863 10 3
829 864 10 4
829 865 10 5
829 866 10 6
829 867 10 7
829 868 10 28
829 869 10 29
829 870 10 30
829 871 10 31
829 872 10 32
829 873 10 33
829 874 10 34
829 875 10 35
829 876 10 36
829 877 10 37
829 878 10 38
830 849 10 29
830 850 10 30
830 851 10 31
830 852 10 32
830 853 10 33
830 854 10 34
830 855 10 35
830 856 10 36
830 857 10 37
830 858 10 38
830 859 10 39
830 860 10 40
830 861 10 1
830 862 10 2
830 863 10 3
830 864 10 4
830 865 10 5
830 866 10 6
830 867 10 7
830 868 10 28
830 869 10 29
830 870 10 30
830 871 10 31
830 872 10 32
830 873 10 33
830 874 10 34
830 875 10 35
830 876 10 36
830 877 10 37
830 878 10 38
831 849 10 29
831 850 10 30
831 851 10 31
831 852 10 32
831 853 10 33
831 854 10 34
831 855 10 35
831 856 10 36
831 857 10 37
831 858 10 38
831 859 10 39
831 860 10 40
831 861 10 1
831 862 10 2
831 863 10 3
831 864 10 4
831 865 10 5
831 866 10 6
831 867 10 7
831 868 10 28
831 869 10 29
831 870 10 30
831 871 10 31
831 872 10 32
831 873 10 33
831 874 10 34
831 875 10 35
831 876 10 36
831 877 10 37
831 878 10 38
832 849 10 29
832 850 10 30
832 851 10 31
832 852 10 32
832 853 10 33
832 854 10 34
832 855 10 35
832 856 10 36
832 857 10 37
832 858 10 38
832 859 10 39
832 860 10 40
832 861 10 1
832 862 10 2
832 863 10 3
832 864 10 4
832 865 10 5
832 866 10 6
832 867 10 7
832 868 10 28
832 869 10 29
832 870 10 30
832 871 10 31
832 872 10 32
832 873 10 33
832 874 10 34
832 875 10 35
832 876 10 36
832 877 10 37
832 878 10 38
833 849 10 29
833 850 10 30
833 851 10 31
833 852 10 32
833 853 10 33
833 854 10 34
833 855 10 35
833 856 10 36
833 857 10 37
833 858 10 38
833 859 10 39
833 860 10 40
833 861 10 1
833 862 10 2
833 863 10 3
833 864 10 4
833 865 10 5
833 866 10 6
833 867 10 7
833 868 10 28
833 869 10 29
833 870 10 30
833 871 10 31
833 872 10 32
833 873 10 33
833 874 10 34
833 875 10 35
833 876 10 36
833 877 10 37
833 878 10 38
834 849 10 29
834 850 10 30
834 851 10 31
834 852 10 32
834 853 10 33
834 854 10 34
834 855 10 35
834 856 10 36
834 857 10 37
834 858 10 38
834 859 10 39
834 860 10 40
834 861 10 1
834 862 10 2
834 863 10 3
834 864 10 4
834 865 10 5
834 866 10 6
834 867 10 7
834 868 10 28
834 869 10 29
834 870 10 30
834 871 10 31
834 872 10 32
834 873 10 33
834 874 10 34
834 875 10 35
834 876 10 36
834 877 10 37
834 878 10 38
835 849 10 29
835 850 10 30
835 851 10 31
835 852 10 32
835 853 10 33
835 854 10 34
835 855 10 35
835 856 10 36
835 857 10 37
835 858 10 38
835 859 10 39
835 860 10 40
835 861 10 1
835 862 10 2
835 863 10 3
835 864 10 4
835 865 10 5
835 866 10 6
835 867 10 7
835 868 10 28
835 869 10 29
835 870 10 30
835 871 10 31
835 872 10 32
835 873 10 33
835 874 10 34
835 875 10 35
835 876 10 36
835 877 10 37
835 878 10 38
836 849 10 29
836 850 10 30
836 851 10 31
836 852 10 32
836 853 10 33
836 854 10 34
836 855 10 35
836 856 10 36
836 857 10 37
836 858 10 38
836 859 10 39
836 860 10 40
836 861 10 1
836 862 10 2
836 863 10 3
836 864 10 4
836 865 10 5
836 866 10 6
836 867 10 7
836 868 10 28
836 869 10 29
836 870 10 30
836 871 10 31
836 872 10 32
836 873 10 33
836 874 10 34
836 875 10 35
836 876 10 36
836 877 10 37
836 878 10 38
837 849 10 29
837 850 10 30
837 851 10 31
837 852 10 32
837 853 10 33
837 854 10 34
837 855 10 35
837 856 10 36
837 857 10 37
837 858 10 38
837 859 10 39
837 860 10 40
837 861 10 1
837 862 10 2
837 863 10 3
837 864 10 4
837 865 10 5
837 866 10 6
837 867 10 7
837 868 10 28
837 869 10 29
837 870 10 30
837 871 10 31
837 872 10 32
837 873 10 33
837 874 10 34
837 875 10 35
837 876 10 36
837 877 10 37
837 878 10 38
838 849 10 29
838 850 10 30
838 851 10 31
838 852 10 32
838 853 10 33
838 854 10 34
838 855 10 35
838 856 10 36
838 857 10 37
838 858 10 38
838 859 10 39
838 860 10 40
838 861 10 1
838 862 10 2
838 863 10 3
838 864 10 4
838 865 10 5
838 866 10 6
838 867 10 7
838 868 10 28
838 869 10 29
838 870 10 30
838 871 10 31
838 872 10 32
838 873 10 33
838 874 10 34
838 875 10 35
838 876 10 36
838 877 10 37
838 878 10 38
839 849 10 29
839 850 10 30
839 851 10 31
839 852 10 32
839 853 10 33
839 854 10 34
839 855 10 35
839 856 10 36
839 857 10 37
839 858 10 38
839 859 10 39
839 860 10 40
839 861 10 1
839 862 10 2
839 863 10 3
839 864 10 4
839 865 10 5
839 866 10 6
839 867 10 7
839 868 10 28
839 869 10 29
839 870 10 30
839 871 10 31
839 872 10 32
839 873 10 33
839 874 10 34
839 875 10 35
839 876 10 36
839 877 10 37
839 878 10 38
840 849 10 29
840 850 10 30
840 851 10 31
840 852 10 32
840 853 10 33
840 854 10 34
840 855 10 35
840 856 10 36
840 857 10 37
840 858 10 38
840 859 10 39
840 860 10 40
840 861 10 1
840 862 10 2
840 863 10 3
840 864 10 4
840 865 10 5
840 866 10 6
840 867 10 7
840 868 10 28
840 869 10 29
840 870 10 30
840 871 10 31
840 872 10 32
840 873 10 33
840 874 10 34
840 875 10 35
840 876 10 36
840 877 10 37
840 878 10 38
841 849 10 29
841 850 10 30
841 851 10 31
841 852 10 32
841 853 10 33
841 854 10 34
841 855 10 35
841 856 10 36
841 857 10 37
841 858 10 38
841 859 10 39
841 860 10 40
841 861 10 1
841 862 10 2
841 863 10 3
841 864 10 4
841 865 10 5
841 866 10 6
841 867 10 7
841 868 10 28
841 869 10 29
841 870 10 30
841 871 10 31
841 872 10 32
841 873 10 33
841 874 10 34
841 875 10 35
841 876 10 36
841 877 10 37
841 878 10 38
842 849 10 29
842 850 10 30
842 851 10 31
842 852 10 32
842 853 10 33
842 854 10 34
842 855 10 35
842 856 10 36
842 857 10 37
842 858 10 38
842 859 10 39
842 860 10 40
842 861 10 1
842 862 10 2
842 863 10 3
842 864 10 4
842 865 10 5
842 866 10 6
842 867 10 7
842 868 10 28
842 869 10 29
842 870 10 30
842 871 10 31
842 872 10 32
842 873 10 33
842 874 10 34
842 875 10 35
842 876 10 36
842 877 10 37
842 878 10 38
843 849 10 29
843 850 10 30
843 851 10 31
843 852 10 32
843 853 10 33
843 854 10 34
843 855 10 35
843 856 10 36
843 857 10 37
843 858 10 38
843 859 10 39
843 860 10 40
843 861 10 1
843 862 10 2
843 863 10 3
843 864 10 4
843 865 10 5
843 866 10 6
843 867 10 7
843 868 10 28
843 869 10 29
843 870 10 30
843 871 10 31
843 872 10 32
843 873 10 33
843 874 10 34
843 875 10 35
843 876 10 36
843 877 10 37
843 878 10 38
844 849 10 29
844 850 10 30
844 851 10 31
844 852 10 32
844 853 10 33
844 854 10 34
844 855 10 35
844 856 10 36
844 857 10 37
844 858 10 38
844 859 10 39
844 860 10 40
844 861 10 1
844 862 10 2
844 863 10 3
844 864 10 4
844 865 10 5
844 866 10 6
844 867 10 7
844 868 10 28
844 869 10 29
844 870 10 30
844 871 10 31
844 872 10 32
844 873 10 33
844 874 10 34
844 875 10 35
844 876 10 36
844 877 10 37
844 878 10 38
845 849 10 29
845 850 10 30
845 851 10 31
845 852 10 32
845 853 10 33
845 854 10 34
845 855 10 35
845 856 10 36
845 857 10 37
845 858 10 38
845 859 10 39
845 860 10 40
845 861 10 1
845 862 10 2
845 863 10 3
845 864 10 4
845 865 10 5
845 866 10 6
845 867 10 7
845 868 10 28
845 869 10 29
845 870 10 30
845 871 10 31
845 872 10 32
845 873 10 33
845 874 10 34
845 875 10 35
845 876 10 36
845 877 10 37
845 878 10 38
846 849 10 29
846 850 10 30
846 851 10 31
846 852 10 32
846 853 10 33
846 854 10 34
846 855 10 35
846 856 10 36
846 857 10 37
846 858 10 38
846 859 10 39
846 860 10 40
846 861 10 1
846 862 10 2
846 863 10 3
846 864 10 4
846 865 10 5
846 866 10 6
846 867 10 7
846 868 10 28
846 869 10 29
846 870 10 30
846 871 10 31
846 872 10 32
846 873 10 33
846 874 10 34
846 875 10 35
846 876 10 36
846 877 10 37
846 878 10 38
847 849 10 29
847 850 10 30
847 851 10 31
847 852 10 32
847 853 10 33
847 854 10 34
847 855 10 35
847 856 10 36
847 857 10 37
847 858 10 38
847 859 10 39
847 860 10 40
847 861 10 1
847 862 10 2
847 863 10 3
847 864 10 4
847 865 10 5
847 866 10 6
847 867 10 7
847 868 10 28
847 869 10 29
847 870 10 30
847 871 10 31
847 872 10 32
847 873 10 33
847 874 10 34
847 875 10 35
847 876 10 36
847 877 10 37
847 878 10 38
848 849 10 29
848 850 10 30
848 851 10 31
848 852 10 32
848 853 10 33
848 854 10 34
848 855 10 35
848 856 10 36
848 857 10 37
848 858 10 38
848 859 10 39
848 860 10 40
848 861 10 1
848 862 10 2
848 863 10 3
848 864 10 4
848 865 10 5
848 866 10 6
848 867 10 7
848 868 10 28
848 869 10 29
848 870 10 30
848 871 10 31
848 872 10 32
848 873 10 33
848 874 10 34
848 875 10 35
848 876 10 36
848 877 10 37
848 878 10 38
849 879 10 30
849 880 10 31
849 881 10 32
849 882 10 33
849 883 10 34
849 884 10 35
849 885 10 36
849 886 10 37
849 887 10 38
849 888 10 39
849 889 10 40
849 890 10 1
849 891 10 2
849 892 10 3
849 893 10 4
849 894 10 5
849 895 10 6
849 896 10 7
849 897 10 8
849 898 10 29
849 899 10 30
849 900 10 31
849 901 10 32
849 902 10 33
849 903 10 34
849 904 10 35
849 905 10 36
849 906 10 37
849 907 10 38
849 908 10 39
850 879 10 30
850 880 10 31
850 881 10 32
850 882 10 33
850 883 10 34
850 884 10 35
850 885 10 36
850 886 10 37
850 887 10 38
850 888 10 39
850 889 10 40
850 890 10 1
850 891 10 2
850 892 10 3
850 893 10 4
850 894 10 5
850 895 10 6
850 896 10 7
850 897 10 8
850 898 10 29
850 899 10 30
850 900 10 31
850 901 10 32
850 902 10 33
850 903 10 34
850 904 10 35
850 905 10 36
850 906 10 37
850 907 10 38
850 908 10 39
851 879 10 30
851 880 10 31
851 881 10 32
851 882 10 33
851 883 10 34
851 884 10 35
851 885 10 36
851 886 10 37
851 887 10 38
851 888 10 39
851 889 10 40
851 890 10 1
851 891 10 2
851 892 10 3
851 893 10 4
851 894 10 5
851 895 10 6
851 896 10 7
851 897 10 8
851 898 10 29
851 899 10 30
851 900 10 31
851 901 10 32
851 902 10 33
851 903 10 34
851 904 10 35
851 905 10 36
851 906 10 37
851 907 10 38
851 908 10 39
852 879 10 30
852 880 10 31
852 881 10 32
852 882 10 33
852 883 10 34
852 884 10 35
852 885 10 36
852 886 10 37
852 887 10 38
852 888 10 39
852 889 10 40
852 890 10 1
852 891 10 2
852 892 10 3
852 893 10 4
852 894 10 5
852 895 10 6
852 896 10 7
852 897 10 8
852 898 10 29
852 899 10 30
852 900 10 31
852 901 10 32
852 902 10 33
852 903 10 34
852 904 10 35
852 905 10 36
852 906 10 37
852 907 10 38
852 908 10 39
853 879 10 30
853 880 10 31
853 881 10 32
853 882 10 33
853 883 10 34
853 884 10 35
853 885 10 36
853 886 10 37
853 887 10 38
853 888 10 39
853 889 10 40
853 890 10 1
853 891 10 2
853 892 10 3
853 893 10 4
853 894 10 5
853 895 10 6
853 896 10 7
853 897 10 8
853 898 10 29
853 899 10 30
853 900 10 31
853 901 10 32
853 902 10 33
853 903 10 34
853 904 10 35
853 905 10 36
853 906 10 37
853 907 10 38
853 908 10 39
854 879 10 30
854 880 10 31
854 881 10 32
854 882 10 33
854 883 10 34
854 884 10 35
854 885 10 36
854 886 10 37
854 887 10 38
854 888 10 39
854 889 10 40
854 890 10 1
854 891 10 2
854 892 10 3
854 893 10 4
854 894 10 5
854 895 10 6
854 896 10 7
854 897 10 8
854 898 10 29
854 899 10 30
854 900 10 31
854 901 10 32
854 902 10 33
854 903 10 34
854 904 10 35
854 905 10 36
854 906 10 37
854 907 10 38
854 908 10 39
855 879 10 30
855 880 10 31
855 881 10 32
855 882 10 33
855 883 10 34
855 884 10 35
855 885 10 36
855 886 10 37
855 887 10 38
855 888 10 39
855 889 10 40
855 890 10 1
855 891 10 2
855 892 10 3
855 893 10 4
855 894 10 5
855 895 10 6
855 896 10 7
855 897 10 8
855 898 10 29
855 899 10 30
855 900 10 31
855 901 10 32
855 902 10 33
855 903 10 34
855 904 10 35
855 905 10 36
855 906 10 37
855 907 10 38
855 908 10 39
856 879 10 30
856 880 10 31
856 881 10 32
856 882 10 33
856 883 10 34
856 884 10 35
856 885 10 36
856 886 10 37
856 887 10 38
856 888 10 39
856 889 10 40
856 890 10 1
856 891 10 2
856 892 10 3
856 893 10 4
856 894 10 5
856 895 10 6
856 896 10 7
856 897 10 8
856 898 10 29
856 899 10 30
856 900 10 31
856 901 10 32
856 902 10 33
856 903 10 34
856 904 10 35
856 905 10 36
856 906 10 37
856 907 10 38
856 908 10 39
857 879 10 30
857 880 10 31
857 881 10 32
857 882 10 33
857 883 10 34
857 884 10 35
857 885 10 36
857 886 10 37
857 887 10 38
857 888 10 39
857 889 10 40
857 890 10 1
857 891 10 2
857 892 10 3
857 893 10 4
857 894 10 5
857 895 10 6
857 896 10 7
857 897 10 8
857 898 10 29
857 899 10 30
857 900 10 31
857 901 10 32
857 902 10 33
857 903 10 34
857 904 10 35
857 905 10 36
857 906 10 37
857 907 10 38
857 908 10 39
858 879 10 30
858 880 10 31
858 881 10 32
858 882 10 33
858 883 10 34
858 884 10 35
858 885 10 36
858 886 10 37
858 887 10 38
858 888 10 39
858 889 10 40
858 890 10 1
858 891 10 2
858 892 10 3
858 893 10 4
858 894 10 5
858 895 10 6
858 896 10 7
858 897 10 8
858 898 10 29
858 899 10 30
858 900 10 31
858 901 10 32
858 902 10 33
858 903 10 34
858 904 10 35
858 905 10 36
858 906 10 37
858 907 10 38
858 908 10 39
859 879 10 30
859 880 10 31
859 881 10 32
859 882 10 33
859 883 10 34
859 884 10 35
859 885 10 36
859 886 10 37
859 887 10 38
859 888 10 39
859 889 10 40
859 890 10 1
859 891 10 2
859 892 10 3
859 893 10 4
859 894 10 5
859 895 10 6
859 896 10 7
859 897 10 8
859 898 10 29
859 899 10 30
859 900 10 31
859 901 10 32
859 902 10 33
859 903 10 34
859 904 10 35
859 905 10 36
859 906 10 37
859 907 10 38
859 908 10 39
860 879 10 30
860 880 10 31
860 881 10 32
860 882 10 33
860 883 10 34
860 884 10 35
860 885 10 36
860 886 10 37
860 887 10 38
860 888 10 39
860 889 10 40
860 890 10 1
860 891 10 2
860 892 10 3
860 893 10 4
860 894 10 5
860 895 10 6
860 896 10 7
860 897 10 8
860 898 10 29
860 899 10 30
860 900 10 31
860 901 10 32
860 902 10 33
860 903 10 34
860 904 10 35
860 905 10 36
860 906 10 37
860 907 10 38
860 908 10 39
861 879 10 30
861 880 10 31
861 881 10 32
861 882 10 33
861 883 10 34
861 884 10 35
861 885 10 36
861 886 10 37
861 887 10 38
861 888 10 39
861 889 10 40
861 890 10 1
861 891 10 2
861 892 10 3
861 893 10 4
861 894 10 5
861 895 10 6
861 896 10 7
861 897 10 8
861 898 10 29
861 899 10 30
861 900 10 31
861 901 10 32
861 902 10 33
861 903 10 34
861 904 10 35
861 905 10 36
861 906 10 37
861 907 10 38
861 908 10 39
862 879 10 30
862 880 10 31
862 881 10 32
862 882 10 33
862 883 10 34
862 884 10 35
862 885 10 36
862 886 10 37
862 887 10 38
862 888 10 39
862 889 10 40
862 890 10 1
862 891 10 2
862 892 10 3
862 893 10 4
862 894 10 5
862 895 10 6
862 896 10 7
862 897 10 8
862 898 10 29
862 899 10 30
862 900 10 31
862 901 10 32
862 902 10 33
862 903 10 34
862 904 10 35
862 905 10 36
862 906 10 37
862 907 10 38
862 908 10 39
863 879 10 30
863 880 10 31
863 881 10 32
863 882 10 33
863 883 10 34
863 884 10 35
863 885 10 36
863 886 10 37
863 887 10 38
863 888 10 39
863 889 10 40
863 890 10 1
863 891 10 2
863 892 10 3
863 893 10 4
863 894 10 5
863 895 10 6
863 896 10 7
863 897 10 8
863 898 10 29
863 899 10 30
863 900 10 31
863 901 10 32
863 902 10 33
863 903 10 34
863 904 10 35
863 905 10 36
863 906 10 37
863 907 10 38
863 908 10 39
864 879 10 30
864 880 10 31
864 881 10 32
864 882 10 33
864 883 10 34
864 884 10 35
864 885 10 36
864 886 10 37
864 887 10 38
864 888 10 39
864 889 10 40
864 890 10 1
864 891 10 2
864 892 10 3
864 893 10 4
864 894 10 5
864 895 10 6
864 896 10 7
864 897 10 8
864 898 10 29
864 899 10 30
864 900 10 31
864 901 10 32
864 902 10 33
864 903 10 34
864 904 10 35
864 905 10 36
864 906 10 37
864 907 10 38
864 908 10 39
865 879 10 30
865 880 10 31
865 881 10 32
865 882 10 33
865 883 10 34
865 884 10 35
865 885 10 36
865 886 10 37
865 887 10 38
865 888 10 39
865 889 10 40
865 890 10 1
865 891 10 2
865 892 10 3
865 893 10 4
865 894 10 5
865 895 10 6
865 896 10 7
865 897 10 8
865 898 10 29
865 899 10 30
865 900 10 31
865 901 10 32
865 902 10 33
865 903 10 34
865 904 10 35
865 905 10 36
865 906 10 37
865 907 10 38
865 908 10 39
866 879 10 30
866 880 10 31
866 881 10 32
866 882 10 33
866 883 10 34
866 884 10 35
866 885 10 36
866 886 10 37
866 887 10 38
866 888 10 39
866 889 10 40
866 890 10 1
866 891 10 2
866 892 10 3
866 893 10 4
866 894 10 5
866 895 10 6
866 896 10 7
866 897 10 8
866 898 10 29
866 899 10 30
866 900 10 31
866 901 10 32
866 902 10 33
866 903 10 34
866 904 10 35
866 905 10 36
866 906 10 37
866 907 10 38
866 908 10 39
867 879 10 30
867 880 10 31
867 881 10 32
867 882 10 33
867 883 10 34
867 884 10 35
867 885 10 36
867 886 10 37
867 887 10 38
867 888 10 39
867 889 10 40
867 890 10 1
867 891 10 2
867 892 10 3
867 893 10 4
867 894 10 5
867 895 10 6
867 896 10 7
867 897 10 8
867 898 10 29
867 899 10 30
867 900 10 31
867 901 10 32
867 902 10 33
867 903 10 34
867 904 10 35
867 905 10 36
867 906 10 37
867 907 10 38
867 908 10 39
868 879 10 30
868 880 10 31
868 881 10 32
868 882 10 33
868 883 10 34
868 884 10 35
868 885 10 36
868 886 10 37
868 887 10 38
868 888 10 39
868 889 10 40
868 890 10 1
868 891 10 2
868 892 10 3
868 893 10 4
868 894 10 5
868 895 10 6
868 896 10 7
868 897 10 8
868 898 10 29
868 899 10 30
868 900 10 31
868 901 10 32
868 902 10 33
868 903 10 34
868 904 10 35
868 905 10 36
868 906 10 37
868 907 10 38
868 908 10 39
869 879 10 30
869 880 10 31
869 881 10 32
869 882 10 33
869 883 10 34
869 884 10 35
869 885 10 36
869 886 10 37
869 887 10 38
869 888 10 39
869 889 10 40
869 890 10 1
869 891 10 2
869 892 10 3
869 893 10 4
869 894 10 5
869 895 10 6
869 896 10 7
869 897 10 8
869 898 10 29
869 899 10 30
869 900 10 31
869 901 10 32
869 902 10 33
869 903 10 34
869 904 10 35
869 905 10 36
869 906 10 37
869 907 10 38
869 908 10 39
870 879 10 30
870 880 10 31
870 881 10 32
870 882 10 33
870 883 10 34
870 884 10 35
870 885 10 36
870 886 10 37
870 887 10 38
870 888 10 39
870 889 10 40
870 890 10 1
870 891 10 2
870 892 10 3
870 893 10 4
870 894 10 5
870 895 10 6
870 896 10 7
870 897 10 8
870 898 10 29
870 899 10 30
870 900 10 31
870 901 10 32
870 902 10 33
870 903 10 34
870 904 10 35
870 905 10 36
870 906 10 37
870 907 10 38
870 908 10 39
871 879 10 30
871 880 10 31
871 881 10 32
871 882 10 33
871 883 10 34
871 884 10 35
871 885 10 36
871 886 10 37
871 887 10 38
871 888 10 39
871 889 10 40
871 890 10 1
871 891 10 2
871 892 10 3
871 893 10 4
871 894 10 5
871 895 10 6
871 896 10 7
871 897 10 8
871 898 10 29
871 899 10 30
871 900 10 31
871 901 10 32
871 902 10 33
871 903 10 34
871 904 10 35
871 905 10 36
871 906 10 37
871 907 10 38
871 908 10 39
872 879 10 30
872 880 10 31
872 881 10 32
872 882 10 33
872 883 10 34
872 884 10 35
872 885 10 36
872 886 10 37
872 887 10 38
872 888 10 39
872 889 10 40
872 890 10 1
872 891 10 2
872 892 10 3
872 893 10 4
872 894 10 5
872 895 10 6
872 896 10 7
872 897 10 8
872 898 10 29
872 899 10 30
872 900 10 31
872 901 10 32
872 902 10 33
872 903 10 34
872 904 10 35
872 905 10 36
872 906 10 37
872 907 10 38
872 908 10 39
873 879 10 30
873 880 10 31
873 881 10 32
873 882 10 33
873 883 10 34
873 884 10 35
873 885 10 36
873 886 10 37
873 887 10 38
873 888 10 39
873 889 10 40
873 890 10 1
873 891 10 2
873 892 10 3
873 893 10 4
873 894 10 5
873 895 10 6
873 896 10 7
873 897 10 8
873 898 10 29
873 899 10 30
873 900 10 31
873 901 10 32
873 902 10 33
873 903 10 34
873 904 10 35
873 905 10 36
873 906 10 37
873 907 10 38
873 908 10 39
874 879 10 30
874 880 10 31
874 881 10 32
874 882 10 33
874 883 10 34
874 884 10 35
874 885 10 36
874 886 10 37
874 887 10 38
874 888 10 39
874 889 10 40
874 890 10 1
874 891 10 2
874 892 10 3
874 893 10 4
874 894 10 5
874 895 10 6
874 896 10 7
874 897 10 8
874 898 10 29
874 899 10 30
874 900 10 31
874 901 10 32
874 902 10 33
874 903 10 34
874 904 10 35
874 905 10 36
874 906 10 37
874 907 10 38
874 908 10 39
875 879 10 30
875 880 10 31
875 881 10 32
875 882 10 33
875 883 10 34
875 884 10 35
875 885 10 36
875 886 10 37
875 887 10 38
875 888 10 39
875 889 10 40
875 890 10 1
875 891 10 2
875 892 10 3
875 893 10 4
875 894 10 5
875 895 10 6
875 896 10 7
875 897 10 8
875 898 10 29
875 899 10 30
875 900 10 31
875 901 10 32
875 902 10 33
875 903 10 34
875 904 10 35
875 905 10 36
875 906 10 37
875 907 10 38
875 908 10 39
876 879 10 30
876 880 10 31
876 881 10 32
876 882 10 33
876 883 10 34
876 884 10 35
876 885 10 36
876 886 10 37
876 887 10 38
876 888 10 39
876 889 10 40
876 890 10 1
876 891 10 2
876 892 10 3
876 893 10 4
876 894 10 5
876 895 10 6
876 896 10 7
876 897 10 8
876 898 10 29
876 899 10 30
876 900 10 31
876 901 10 32
876 902 10 33
876 903 10 34
876 904 10 35
876 905 10 36
876 906 10 37
876 907 10 38
876 908 10 39
877 879 10 30
877 880 10 31
877 881 10 32
877 882 10 33
877 883 10 34
877 884 10 35
877 885 10 36
877 886 10 37
877 887 10 38
877 888 10 39
877 889 10 40
877 890 10 1
877 891 10 2
877 892 10 3
877 893 10 4
877 894 10 5
877 895 10 6
877 896 10 7
877 897 10 8
877 898 10 29
877 899 10 30
877 900 10 31
877 901 10 32
877 902 10 33
877 903 10 34
877 904 10 35
877 905 10 36
877 906 10 37
877 907 10 38
877 908 10 39
878 879 10 30
878 880 10 31
878 881 10 32
878 882 10 33
878 883 10 34
878 884 10 35
878 885 10 36
878 886 10 37
878 887 10 38
878 888 10 39
878 889 10 40
878 890 10 1
878 891 10 2
878 892 10 3
878 893 10 4
878 894 10 5
878 895 10 6
878 896 10 7
878 897 10 8
878 898 10 29
878 899 10 30
878 900 10 31
878 901 10 32
878 902 10 33
878 903 10 34
878 904 10 35
878 905 10 36
878 906 10 37
878 907 10 38
878 908 10 39
879 909 10 31
879 910 10 32
879 911 10 33
879 912 10 34
879 913 10 35
879 914 10 36
879 915 10 37
879 916 10 38
879 917 10 39
879 918 10 40
879 919 10 1
879 920 10 2
879 921 10 3
879 922 10 4
879 923 10 5
879 924 10 6
879 925 10 7
879 926 10 8
879 927 10 9
879 928 10 30
879 929 10 31
879 930 10 32
879 931 10 33
879 932 10 34
879 933 10 35
879 934 10 36
879 935 10 37
879 936 10 38
879 937 10 39
879 938 10 40
880 909 10 31
880 910 10 32
880 911 10 33
880 912 10 34
880 913 10 35
880 914 10 36
880 915 10 37
880 916 10 38
880 917 10 39
880 918 10 40
880 919 10 1
880 920 10 2
880 921 10 3
880 922 10 4
880 923 10 5
880 924 10 6
880 925 10 7
880 926 10 8
880 927 10 9
880 928 10 30
880 929 10 31
880 930 10 32
880 931 10 33
880 932 10 34
880 933 10 35
880 934 10 36
880 935 10 37
880 936 10 38
880 937 10 39
880 938 10 40
881 909 10 31
881 910 10 32
881 911 10 33
881 912 10 34
881 913 10 35
881 914 10 36
881 915 10 37
881 916 10 38
881 917 10 39
881 918 10 40
881 919 10 1
881 920 10 2
881 921 10 3
881 922 10 4
881 923 10 5
881 924 10 6
881 925 10 7
881 926 10 8
881 927 10 9
881 928 10 30
881 929 10 31
881 930 10 32
881 931 10 33
881 932 10 34
881 933 10 35
881 934 10 36
881 935 10 37
881 936 10 38
881 937 10 39
881 938 10 40
882 909 10 31
882 910 10 32
882 911 10 33
882 912 10 34
882 913 10 35
882 914 10 36
882 915 10 37
882 916 10 38
882 917 10 39
882 918 10 40
882 919 10 1
882 920 10 2
882 921 10 3
882 922 10 4
882 923 10 5
882 924 10 6
882 925 10 7
882 926 10 8
882 927 10 9
882 928 10 30
882 929 10 31
882 930 10 32
882 931 10 33
882 932 10 34
882 933 10 35
882 934 10 36
882 935 10 37
882 936 10 38
882 937 10 39
882 938 10 40
883 909 10 31
883 910 10 32
883 911 10 33
883 912 10 34
883 913 10 35
883 914 10 36
883 915 10 37
883 916 10 38
883 917 10 39
883 918 10 40
883 919 10 1
883 920 10 2
883 921 10 3
883 922 10 4
883 923 10 5
883 924 10 6
883 925 10 7
883 926 10 8
883 927 10 9
883 928 10 30
883 929 10 31
883 930 10 32
883 931 10 33
883 932 10 34
883 933 10 35
883 934 10 36
883 935 10 37
883 936 10 38
883 937 10 39
883 938 10 40
884 909 10 31
884 910 10 32
884 911 10 33
884 912 10 34
884 913 10 35
884 914 10 36
884 915 10 37
884 916 10 38
884 917 10 39
884 918 10 40
884 919 10 1
884 920 10 2
884 921 10 3
884 922 10 4
884 923 10 5
884 924 10 6
884 925 10 7
884 926 10 8
884 927 10 9
884 928 10 30
884 929 10 31
884 930 10 32
884 931 10 33
884 932 10 34
884 933 10 35
884 934 10 36
884 935 10 37
884 936 10 38
884 937 10 39
884 938 10 40
885 909 10 31
885 910 10 32
885 911 10 33
885 912 10 34
885 913 10 35
885 914 10 36
885 915 10 37
885 916 10 38
885 917 10 39
885 918 10 40
885 919 10 1
885 920 10 2
885 921 10 3
885 922 10 4
885 923 10 5
885 924 10 6
885 925 10 7
885 926 10 8
885 927 10 9
885 928 10 30
885 929 10 31
885 930 10 32
885 931 10 33
885 932 10 34
885 933 10 35
885 934 10 36
885 935 10 37
885 936 10 38
885 937 10 39
885 938 10 40
886 909 10 31
886 910 10 32
886 911 10 33
886 912 10 34
886 913 10 35
886 914 10 36
886 915 10 37
886 916 10 38
886 917 10 39
886 918 10 40
886 919 10 1
886 920 10 2
886 921 10 3
886 922 10 4
886 923 10 5
886 924 10 6
886 925 10 7
886 926 10 8
886 927 10 9
886 928 10 30
886 929 10 31
886 930 10 32
886 931 10 33
886 932 10 34
886 933 10 35
886 934 10 36
886 935 10 37
886 936 10 38
886 937 10 39
886 938 10 40
887 909 10 31
887 910 10 32
887 911 10 33
887 912 10 34
887 913 10 35
887 914 10 36
887 915 10 37
887 916 10 38
887 917 10 39
887 918 10 40
887 919 10 1
887 920 10 2
887 921 10 3
887 922 10 4
887 923 10 5
887 924 10 6
887 925 10 7
887 926 10 8
887 927 10 9
887 928 10 30
887 929 10 31
887 930 10 32
887 931 10 33
887 932 10 34
887 933 10 35
887 934 10 36
887 935 10 37
887 936 10 38
887 937 10 39
887 938 10 40
888 909 10 31
888 910 10 32
888 911 10 33
888 912 10 34
888 913 10 35
888 914 10 36
888 915 10 37
888 916 10 38
888 917 10 39
888 918 10 40
888 919 10 1
888 920 10 2
888 921 10 3
888 922 10 4
888 923 10 5
888 924 10 6
888 925 10 7
888 926 10 8
888 927 10 9
888 928 10 30
888 929 10 31
888 930 10 32
888 931 10 33
888 932 10 34
888 933 10 35
888 934 10 36
888 935 10 37
888 936 10 38
888 937 10 39
888 938 10 40
889 909 10 31
889 910 10 32
889 911 10 33
889 912 10 34
889 913 10 35
889 914 10 36
889 915 10 37
889 916 10 38
889 917 10 39
889 918 10 40
889 919 10 1
889 920 10 2
889 921 10 3
889 922 10 4
889 923 10 5
889 924 10 6
889 925 10 7
889 926 10 8
889 927 10 9
889 928 10 30
889 929 10 31
889 930 10 32
889 931 10 33
889 932 10 34
889 933 10 35
889 934 10 36
889 935 10 37
889 936 10 38
889 937 10 39
889 938 10 40
890 909 10 31
890 910 10 32
890 911 10 33
890 912 10 34
890 913 10 35
890 914 10 36
890 915 10 37
890 916 10 38
890 917 10 39
890 918 10 40
890 919 10 1
890 920 10 2
890 921 10 3
890 922 10 4
890 923 10 5
890 924 10 6
890 925 10 7
890 926 10 8
890 927 10 9
890 928 10 30
890 929 10 31
890 930 10 32
890 931 10 33
890 932 10 34
890 933 10 35
890 934 10 36
890 935 10 37
890 936 10 38
890 937 10 39
890 938 10 40
891 909 10 31
891 910 10 32
891 911 10 33
891 912 10 34
891 913 10 35
891 914 10 36
891 915 10 37
891 916 10 38
891 917 10 39
891 918 10 40
891 919 10 1
891 920 10 2
891 921 10 3
891 922 10 4
891 923 10 5
891 924 10 6
891 925 10 7
891 926 10 8
891 927 10 9
891 928 10 30
891 929 10 31
891 930 10 32
891 931 10 33
891 932 10 34
891 933 10 35
891 934 10 36
891 935 10 37
891 936 10 38
891 937 10 39
891 938 10 40
892 909 10 31
892 910 10 32
892 911 10 33
892 912 10 34
892 913 10 35
892 914 10 36
892 915 10 37
892 916 10 38
892 917 10 39
892 918 10 40
892 919 10 1
892 920 10 2
892 921 10 3
892 922 10 4
892 923 10 5
892 924 10 6
892 925 10 7
892 926 10 8
892 927 10 9
892 928 10 30
892 929 10 31
892 930 10 32
892 931 10 33
892 932 10 34
892 933 10 35
892 934 10 36
892 935 10 37
892 936 10 38
892 937 10 39
892 938 10 40
893 909 10 31
893 910 10 32
893 911 10 33
893 912 10 34
893 913 10 35
893 914 10 36
893 915 10 37
893 916 10 38
893 917 10 39
893 918 10 40
893 919 10 1
893 920 10 2
893 921 10 3
893 922 10 4
893 923 10 5
893 924 10 6
893 925 10 7
893 926 10 8
893 927 10 9
893 928 10 30
893 929 10 31
893 930 10 32
893 931 10 33
893 932 10 34
893 933 10 35
893 934 10 36
893 935 10 37
893 936 10 38
893 937 10 39
893 938 10 40
894 909 10 31
894 910 10 32
894 911 10 33
894 912 10 34
894 913 10 35
894 914 10 36
894 915 10 37
894 916 10 38
894 917 10 39
894 918 10 40
894 919 10 1
894 920 10 2
894 921 10 3
894 922 10 4
894 923 10 5
894 924 10 6
894 925 10 7
894 926 10 8
894 927 10 9
894 928 10 30
894 929 10 31
894 930 10 32
894 931 10 33
894 932 10 34
894 933 10 35
894 934 10 36
894 935 10 37
894 936 10 38
894 937 10 39
894 938 10 40
895 909 10 31
895 910 10 32
895 911 10 33
895 912 10 34
895 913 10 35
895 914 10 36
895 915 10 37
895 916 10 38
895 917 10 39
895 918 10 40
895 919 10 1
895 920 10 2
895 921 10 3
895 922 10 4
895 923 10 5
895 924 10 6
895 925 10 7
895 926 10 8
895 927 10 9
895 928 10 30
895 929 10 31
895 930 10 32
895 931 10 33
895 932 10 34
895 933 10 35
895 934 10 36
895 935 10 37
895 936 10 38
895 937 10 39
895 938 10 40
896 909 10 31
896 910 10 32
896 911 10 33
896 912 10 34
896 913 10 35
896 914 10 36
896 915 10 37
896 916 10 38
896 917 10 39
896 918 10 40
896 919 10 1
896 920 10 2
896 921 10 3
896 922 10 4
896 923 10 5
896 924 10 6
896 925 10 7
896 926 10 8
896 927 10 9
896 928 10 30
896 929 10 31
896 930 10 32
896 931 10 33
896 932 10 34
896 933 10 35
896 934 10 36
896 935 10 37
896 936 10 38
896 937 10 39
896 938 10 40
897 909 10 31
897 910 10 32
897 911 10 33
897 912 10 34
897 913 10 35
897 914 10 36
897 915 10 37
897 916 10 38
897 917 10 39
897 918 10 40
897 919 10 1
897 920 10 2
897 921 10 3
897 922 10 4
897 923 10 5
897 924 10 6
897 925 10 7
897 926 10 8
897 927 10 9
897 928 10 30
897 929 10 31
897 930 10 32
897 931 10 33
897 932 10 34
897 933 10 35
897 934 10 36
897 935 10 37
897 936 10 38
897 937 10 39
897 938 10 40
898 909 10 31
898 910 10 32
898 911 10 33
898 912 10 34
898 913 10 35
898 914 10 36
898 915 10 37
898 916 10 38
898 917 10 39
898 918 10 40
898 919 10 1
898 920 10 2
898 921 10 3
898 922 10 4
898 923 10 5
898 924 10 6
898 925 10 7
898 926 10 8
898 927 10 9
898 928 10 30
898 929 10 31
898 930 10 32
898 931 10 33
898 932 10 34
898 933 10 35
898 934 10 36
898 935 10 37
898 936 10 38
898 937 10 39
898 938 10 40
899 909 10 31
899 910 10 32
899 911 10 33
899 912 10 34
899 913 10 35
899 914 10 36
899 915 10 37
899 916 10 38
899 917 10 39
899 918 10 40
899 919 10 1
899 920 10 2
899 921 10 3
899 922 10 4
899 923 10 5
899 924 10 6
899 925 10 7
899 926 10 8
899 927 10 9
899 928 10 30
899 929 10 31
899 930 10 32
899 931 10 33
899 932 10 34
899 933 10 35
899 934 10 36
899 935 10 37
899 936 10 38
899 937 10 39
899 938 10 40
900 909 10 31
900 910 10 32
900 911 10 33
900 912 10 34
900 913 10 35
900 914 10 36
900 915 10 37
900 916 10 38
900 917 10 39
900 918 10 40
900 919 10 1
900 920 10 2
900 921 10 3
900 922 10 4
900 923 10 5
900 924 10 6
900 925 10 7
900 926 10 8
900 927 10 9
900 928 10 30
900 929 10 31
900 930 10 32
900 931 10 33
900 932 10 34
900 933 10 35
900 934 10 36
900 935 10 37
900 936 10 38
900 937 10 39
900 938 10 40
901 909 10 31
901 910 10 32
901 911 10 33
901 912 10 34
901 913 10 35
901 914 10 36
901 915 10 37
901 916 10 38
901 917 10 39
901 918 10 40
901 919 10 1
901 920 10 2
901 921 10 3
901 922 10 4
901 923 10 5
901 924 10 6
901 925 10 7
901 926 10 8
901 927 10 9
901 928 10 30
901 929 10 31
901 930 10 32
901 931 10 33
901 932 10 34
901 933 10 35
901 934 10 36
901 935 10 37
901 936 10 38
901 937 10 39
901 938 10 40
902 909 10 31
902 910 10 32
902 911 10 33
902 912 10 34
902 913 10 35
902 914 10 36
902 915 10 37
902 916 10 38
902 917 10 39
902 918 10 40
902 919 10 1
902 920 10 2
902 921 10 3
902 922 10 4
902 923 10 5
902 924 10 6
902 925 10 7
902 926 10 8
902 927 10 9
902 928 10 30
902 929 10 31
902 930 10 32
902 931 10 33
902 932 10 34
902 933 10 35
902 934 10 36
902 935 10 37
902 936 10 38
902 937 10 39
902 938 10 40
903 909 10 31
903 910 10 32
903 911 10 33
903 912 10 34
903 913 10 35
903 914 10 36
903 915 10 37
903 916 10 38
903 917 10 39
903 918 10 40
903 919 10 1
903 920 10 2
903 921 10 3
903 922 10 4
903 923 10 5
903 924 10 6
903 925 10 7
903 926 10 8
903 927 10 9
903 928 10 30
903 929 10 31
903 930 10 32
903 931 10 33
903 932 10 34
903 933 10 35
903 934 10 36
903 935 10 37
903 936 10 38
903 937 10 39
903 938 10 40
904 909 10 31
904 910 10 32
904 911 10 33
904 912 10 34
904 913 10 35
904 914 10 36
904 915 10 37
904 916 10 38
904 917 10 39
904 918 10 40
904 919 10 1
904 920 10 2
904 921 10 3
904 922 10 4
904 923 10 5
904 924 10 6
904 925 10 7
904 926 10 8
904 927 10 9
904 928 10 30
904 929 10 31
904 930 10 32
904 931 10 33
904 932 10 34
904 933 10 35
904 934 10 36
904 935 10 37
904 936 10 38
904 937 10 39
904 938 10 40
905 909 10 31
905 910 10 32
905 911 10 33
905 912 10 34
905 913 10 35
905 914 10 36
905 915 10 37
905 916 10 38
905 917 10 39
905 918 10 40
905 919 10 1
905 920 10 2
905 921 10 3
905 922 10 4
905 923 10 5
905 924 10 6
905 925 10 7
905 926 10 8
905 927 10 9
905 928 10 30
905 929 10 31
905 930 10 32
905 931 10 33
905 932 10 34
905 933 10 35
905 934 10 36
905 935 10 37
905 936 10 38
905 937 10 39
905 938 10 40
906 909 10 31
906 910 10 32
906 911 10 33
906 912 10 34
906 913 10 35
906 914 10 36
906 915 10 37
906 916 10 38
906 917 10 39
906 918 10 40
906 919 10 1
906 920 10 2
906 921 10 3
906 922 10 4
906 923 10 5
906 924 10 6
906 925 10 7
906 926 10 8
906 927 10 9
906 928 10 30
906 929 10 31
906 930 10 32
906 931 10 33
906 932 10 34
906 933 10 35
906 934 10 36
906 935 10 37
906 936 10 38
906 937 10 39
906 938 10 40
907 909 10 31
907 910 10 32
907 911 10 33
907 912 10 34
907 913 10 35
907 914 10 36
907 915 10 37
907 916 10 38
907 917 10 39
907 918 10 40
907 919 10 1
907 920 10 2
907 921 10 3
907 922 10 4
907 923 10 5
907 924 10 6
907 925 10 7
907 926 10 8
907 927 10 9
907 928 10 30
907 929 10 31
907 930 10 32
907 931 10 33
907 932 10 34
907 933 10 35
907 934 10 36
907 935 10 37
907 936 10 38
907 937 10 39
907 938 10 40
908 909 10 31
908 910 10 32
908 911 10 33
908 912 10 34
908 913 10 35
908 914 10 36
908 915 10 37
908 916 10 38
908 917 10 39
908 918 10 40
908 919 10 1
908 920 10 2
908 921 10 3
908 922 10 4
908 923 10 5
908 924 10 6
908 925 10 7
908 926 10 8
908 927 10 9
908 928 10 30
908 929 10 31
908 930 10 32
908 931 10 33
908 932 10 34
908 933 10 35
908 934 10 36
908 935 10 37
908 936 10 38
908 937 10 39
908 938 10 40
909 939 10 32
909 940 10 33
909 941 10 34
909 942 10 35
909 943 10 36
909 944 10 37
909 945 10 38
909 946 10 39
909 947 10 40
909 948 10 1
909 949 10 2
909 950 10 3
909 951 10 4
909 952 10 5
909 953 10 6
909 954 10 7
909 955 10 8
909 956 10 9
909 957 10 10
909 958 10 31
909 959 10 32
909 960 10 33
909 961 10 34
909 962 10 35
909 963 10 36
909 964 10 37
909 965 10 38
909 966 10 39
909 967 10 40
909 968 10 1
910 939 10 32
910 940 10 33
910 941 10 34
910 942 10 35
910 943 10 36
910 944 10 37
910 945 10 38
910 946 10 39
910 947 10 40
910 948 10 1
910 949 10 2
910 950 10 3
910 951 10 4
910 952 10 5
910 953 10 6
910 954 10 7
910 955 10 8
910 956 10 9
910 957 10 10
910 958 10 31
910 959 10 32
910 960 10 33
910 961 10 34
910 962 10 35
910 963 10 36
910 964 10 37
910 965 10 38
910 966 10 39
910 967 10 40
910 968 10 1
911 939 10 32
911 940 10 33
911 941 10 34
911 942 10 35
911 943 10 36
911 944 10 37
911 945 10 38
911 946 10 39
911 947 10 40
911 948 10 1
911 949 10 2
911 950 10 3
911 951 10 4
911 952 10 5
911 953 10 6
911 954 10 7
911 955 10 8
911 956 10 9
911 957 10 10
911 958 10 31
911 959 10 32
911 960 10 33
911 961 10 34
911 962 10 35
911 963 10 36
911 964 10 37
911 965 10 38
911 966 10 39
911 967 10 40
911 968 10 1
912 939 10 32
912 940 10 33
912 941 10 34
912 942 10 35
912 943 10 36
912 944 10 37
912 945 10 38
912 946 10 39
912 947 10 40
912 948 10 1
912 949 10 2
912 950 10 3
912 951 10 4
912 952 10 5
912 953 10 6
912 954 10 7
912 955 10 8
912 956 10 9
912 957 10 10
912 958 10 31
912 959 10 32
912 960 10 33
912 961 10 34
912 962 10 35
912 963 10 36
912 964 10 37
912 965 10 38
912 966 10 39
912 967 10 40
912 968 10 1
913 939 10 32
913 940 10 33
913 941 10 34
913 942 10 35
913 943 10 36
913 944 10 37
913 945 10 38
913 946 10 39
913 947 10 40
913 948 10 1
913 949 10 2
913 950 10 3
913 951 10 4
913 952 10 5
913 953 10 6
913 954 10 7
913 955 10 8
913 956 10 9
913 957 10 10
913 958 10 31
913 959 10 32
913 960 10 33
913 961 10 34
913 962 10 35
913 963 10 36
913 964 10 37
913 965 10 38
913 966 10 39
913 967 10 40
913 968 10 1
914 939 10 32
914 940 10 33
914 941 10 34
914 942 10 35
914 943 10 36
914 944 10 37
914 945 10 38
914 946 10 39
914 947 10 40
914 948 10 1
914 949 10 2
914 950 10 3
914 951 10 4
914 952 10 5
914 953 10 6
914 954 10 7
914 955 10 8
914 956 10 9
914 957 10 10
914 958 10 31
914 959 10 32
914 960 10 33
914 961 10 34
914 962 10 35
914 963 10 36
914 964 10 37
914 965 10 38
914 966 10 39
914 967 10 40
914 968 10 1
915 939 10 32
915 940 10 33
915 941 10 34
915 942 10 35
915 943 10 36
915 944 10 37
915 945 10 38
915 946 10 39
915 947 10 40
915 948 10 1
915 949 10 2
915 950 10 3
915 951 10 4
915 952 10 5
915 953 10 6
915 954 10 7
915 955 10 8
915 956 10 9
915 957 10 10
915 958 10 31
915 959 10 32
915 960 10 33
915 961 10 34
915 962 10 35
915 963 10 36
915 964 10 37
915 965 10 38
915 966 10 39
915 967 10 40
915 968 10 1
916 939 10 32
916 940 10 33
916 941 10 34
916 942 10 35
916 943 10 36
916 944 10 37
916 945 10 38
916 946 10 39
916 947 10 40
916 948 10 1
916 949 10 2
916 950 10 3
916 951 10 4
916 952 10 5
916 953 10 6
916 954 10 7
916 955 10 8
916 956 10 9
916 957 10 10
916 958 10 31
916 959 10 32
916 960 10 33
916 961 10 34
916 962 10 35
916 963 10 36
916 964 10 37
916 965 10 38
916 966 10 39
916 967 10 40
916 968 10 1
917 939 10 32
917 940 10 33
917 941 10 34
917 942 10 35
917 943 10 36
917 944 10 37
917 945 10 38
917 946 10 39
917 947 10 40
917 948 10 1
917 949 10 2
917 950 10 3
917 951 10 4
917 952 10 5
917 953 10 6
917 954 10 7
917 955 10 8
917 956 10 9
917 957 10 10
917 958 10 31
917 959 10 32
917 960 10 33
917 961 10 34
917 962 10 35
917 963 10 36
917 964 10 37
917 965 10 38
917 966 10 39
917 967 10 40
917 968 10 1
918 939 10 32
918 940 10 33
918 941 10 34
918 942 10 35
918 943 10 36
918 944 10 37
918 945 10 38
918 946 10 39
918 947 10 40
918 948 10 1
918 949 10 2
918 950 10 3
918 951 10 4
918 952 10 5
918 953 10 6
918 954 10 7
918 955 10 8
918 956 10 9
918 957 10 10
918 958 10 31
918 959 10 32
918 960 10 33
918 961 10 34
918 962 10 35
918 963 10 36
918 964 10 37
918 965 10 38
918 966 10 39
918 967 10 40
918 968 10 1
919 939 10 32
919 940 10 33
919 941 10 34
919 942 10 35
919 943 10 36
919 944 10 37
919 945 10 38
919 946 10 39
919 947 10 40
919 948 10 1
919 949 10 2
919 950 10 3
919 951 10 4
919 952 10 5
919 953 10 6
919 954 10 7
919 955 10 8
919 956 10 9
919 957 10 10
919 958 10 31
919 959 10 32
919 960 10 33
919 961 10 34
919 962 10 35
919 963 10 36
919 964 10 37
919 965 10 38
919 966 10 39
919 967 10 40
919 968 10 1
920 939 10 32
920 940 10 33
920 941 10 34
920 942 10 35
920 943 10 36
920 944 10 37
920 945 10 38
920 946 10 39
920 947 10 40
920 948 10 1
920 949 10 2
920 950 10 3
920 951 10 4
920 952 10 5
920 953 10 6
920 954 10 7
920 955 10 8
920 956 10 9
920 957 10 10
920 958 10 31
920 959 10 32
920 960 10 33
920 961 10 34
920 962 10 35
920 963 10 36
920 964 10 37
920 965 10 38
920 966 10 39
920 967 10 40
920 968 10 1
921 939 10 32
921 940 10 33
921 941 10 34
921 942 10 35
921 943 10 36
921 944 10 37
921 945 10 38
921 946 10 39
921 947 10 40
921 948 10 1
921 949 10 2
921 950 10 3
921 951 10 4
921 952 10 5
921 953 10 6
921 954 10 7
921 955 10 8
921 956 10 9
921 957 10 10
921 958 10 31
921 959 10 32
921 960 10 33
921 961 10 34
921 962 10 35
921 963 10 36
921 964 10 37
921 965 10 38
921 966 10 39
921 967 10 40
921 968 10 1
922 939 10 32
922 940 10 33
922 941 10 34
922 942 10 35
922 943 10 36
922 944 10 37
922 945 10 38
922 946 10 39
922 947 10 40
922 948 10 1
922 949 10 2
922 950 10 3
922 951 10 4
922 952 10 5
922 953 10 6
922 954 10 7
922 955 10 8
922 956 10 9
922 957 10 10
922 958 10 31
922 959 10 32
922 960 10 33
922 961 10 34
922 962 10 35
922 963 10 36
922 964 10 37
922 965 10 38
922 966 10 39
922 967 10 40
922 968 10 1
923 939 10 32
923 940 10 33
923 941 10 34
923 942 10 35
923 943 10 36
923 944 10 37
923 945 10 38
923 946 10 39
923 947 10 40
923 948 10 1
923 949 10 2
923 950 10 3
923 951 10 4
923 952 10 5
923 953 10 6
923 954 10 7
923 955 10 8
923 956 10 9
923 957 10 10
923 958 10 31
923 959 10 32
923 960 10 33
923 961 10 34
923 962 10 35
923 963 10 36
923 964 10 37
923 965 10 38
923 966 10 39
923 967 10 40
923 968 10 1
924 939 10 32
924 940 10 33
924 941 10 34
924 942 10 35
924 943 10 36
924 944 10 37
924 945 10 38
924 946 10 39
924 947 10 40
924 948 10 1
924 949 10 2
924 950 10 3
924 951 10 4
924 952 10 5
924 953 10 6
924 954 10 7
924 955 10 8
924 956 10 9
924 957 10 10
924 958 10 31
924 959 10 32
924 960 10 33
924 961 10 34
924 962 10 35
924 963 10 36
924 964 10 37
924 965 10 38
924 966 10 39
924 967 10 40
924 968 10 1
925 939 10 32
925 940 10 33
925 941 10 34
925 942 10 35
925 943 10 36
925 944 10 37
925 945 10 38
925 946 10 39
925 947 10 40
925 948 10 1
925 949 10 2
925 950 10 3
925 951 10 4
925 952 10 5
925 953 10 6
925 954 10 7
925 955 10 8
925 956 10 9
925 957 10 10
925 958 10 31
925 959 10 32
925 960 10 33
925 961 10 34
925 962 10 35
925 963 10 36
925 964 10 37
925 965 10 38
925 966 10 39
925 967 10 40
925 968 10 1
926 939 10 32
926 940 10 33
926 941 10 34
926 942 10 35
926 943 10 36
926 944 10 37
926 945 10 38
926 946 10 39
926 947 10 40
926 948 10 1
926 949 10 2
926 950 10 3
926 951 10 4
926 952 10 5
926 953 10 6
926 954 10 7
926 955 10 8
926 956 10 9
926 957 10 10
926 958 10 31
926 959 10 32
926 960 10 33
926 961 10 34
926 962 10 35
926 963 10 36
926 964 10 37
926 965 10 38
926 966 10 39
926 967 10 40
926 968 10 1
927 939 10 32
927 940 10 33
927 941 10 34
927 942 10 35
927 943 10 36
927 944 10 37
927 945 10 38
927 946 10 39
927 947 10 40
927 948 10 1
927 949 10 2
927 950 10 3
927 951 10 4
927 952 10 5
927 953 10 6
927 954 10 7
927 955 10 8
927 956 10 9
927 957 10 10
927 958 10 31
927 959 10 32
927 960 10 33
927 961 10 34
927 962 10 35
927 963 10 36
927 964 10 37
927 965 10 38
927 966 10 39
927 967 10 40
927 968 10 1
928 939 10 32
928 940 10 33
928 941 10 34
928 942 10 35
928 943 10 36
928 944 10 37
928 945 10 38
928 946 10 39
928 947 10 40
928 948 10 1
928 949 10 2
928 950 10 3
928 951 10 4
928 952 10 5
928 953 10 6
928 954 10 7
928 955 10 8
928 956 10 9
928 957 10 10
928 958 10 31
928 959 10 32
928 960 10 33
928 961 10 34
928 962 10 35
928 963 10 36
928 964 10 37
928 965 10 38
928 966 10 39
928 967 10 40
928 968 10 1
929 939 10 32
929 940 10 33
929 941 10 34
929 942 10 35
929 943 10 36
929 944 10 37
929 945 10 38
929 946 10 39
929 947 10 40
929 948 10 1
929 949 10 2
929 950 10 3
929 951 10 4
929 952 10 5
929 953 10 6
929 954 10 7
929 955 10 8
929 956 10 9
929 957 10 10
929 958 10 31
929 959 10 32
929 960 10 33
929 961 10 34
929 962 10 35
929 963 10 36
929 964 10 37
929 965 10 38
929 966 10 39
929 967 10 40
929 968 10 1
930 939 10 32
930 940 10 33
930 941 10 34
930 942 10 35
930 943 10 36
930 944 10 37
930 945 10 38
930 946 10 39
930 947 10 40
930 948 10 1
930 949 10 2
930 950 10 3
930 951 10 4
930 952 10 5
930 953 10 6
930 954 10 7
930 955 10 8
930 956 10 9
930 957 10 10
930 958 10 31
930 959 10 32
930 960 10 33
930 961 10 34
930 962 10 35
930 963 10 36
930 964 10 37
930 965 10 38
930 966 10 39
930 967 10 40
930 968 10 1
931 939 10 32
931 940 10 33
931 941 10 34
931 942 10 35
931 943 10 36
931 944 10 37
931 945 10 38
931 946 10 39
931 947 10 40
931 948 10 1
931 949 10 2
931 950 10 3
931 951 10 4
931 952 10 5
931 953 10 6
931 954 10 7
931 955 10 8
931 956 10 9
931 957 10 10
931 958 10 31
931 959 10 32
931 960 10 33
931 961 10 34
931 962 10 35
931 963 10 36
931 964 10 37
931 965 10 38
931 966 10 39
931 967 10 40
931 968 10 1
932 939 10 32
932 940 10 33
932 941 10 34
932 942 10 35
932 943 10 36
932 944 10 37
932 945 10 38
932 946 10 39
932 947 10 40
932 948 10 1
932 949 10 2
932 950 10 3
932 951 10 4
932 952 10 5
932 953 10 6
932 954 10 7
932 955 10 8
932 956 10 9
932 957 10 10
932 958 10 31
932 959 10 32
932 960 10 33
932 961 10 34
932 962 10 35
932 963 10 36
932 964 10 37
932 965 10 38
932 966 10 39
932 967 10 40
932 968 10 1
933 939 10 32
933 940 10 33
933 941 10 34
933 942 10 35
933 943 10 36
933 944 10 37
933 945 10 38
933 946 10 39
933 947 10 40
933 948 10 1
933 949 10 2
933 950 10 3
933 951 10 4
933 952 10 5
933 953 10 6
933 954 10 7
933 955 10 8
933 956 10 9
933 957 10 10
933 958 10 31
933 959 10 32
933 960 10 33
933 961 10 34
933 962 10 35
933 963 10 36
933 964 10 37
933 965 10 38
933 966 10 39
933 967 10 40
933 968 10 1
934 939 10 32
934 940 10 33
934 941 10 34
934 942 10 35
934 943 10 36
934 944 10 37
934 945 10 38
934 946 10 39
934 947 10 40
934 948 10 1
934 949 10 2
934 950 10 3
934 951 10 4
934 952 10 5
934 953 10 6
934 954 10 7
934 955 10 8
934 956 10 9
934 957 10 10
934 958 10 31
934 959 10 32
934 960 10 33
934 961 10 34
934 962 10 35
934 963 10 36
934 964 10 37
934 965 10 38
934 966 10 39
934 967 10 40
934 968 10 1
935 939 10 32
935 940 10 33
935 941 10 34
935 942 10 35
935 943 10 36
935 944 10 37
935 945 10 38
935 946 10 39
935 947 10 40
935 948 10 1
935 949 10 2
935 950 10 3
935 951 10 4
935 952 10 5
935 953 10 6
935 954 10 7
935 955 10 8
935 956 10 9
935 957 10 10
935 958 10 31
935 959 10 32
935 960 10 33
935 961 10 34
935 962 10 35
935 963 10 36
935 964 10 37
935 965 10 38
935 966 10 39
935 967 10 40
935 968 10 1
936 939 10 32
936 940 10 33
936 941 10 34
936 942 10 35
936 943 10 36
936 944 10 37
936 945 10 38
936 946 10 39
936 947 10 40
936 948 10 1
936 949 10 2
936 950 10 3
936 951 10 4
936 952 10 5
936 953 10 6
936 954 10 7
936 955 10 8
936 956 10 9
936 957 10 10
936 958 10 31
936 959 10 32
936 960 10 33
936 961 10 34
936 962 10 35
936 963 10 36
936 964 10 37
936 965 10 38
936 966 10 39
936 967 10 40
936 968 10 1
937 939 10 32
937 940 10 33
937 941 10 34
937 942 10 35
937 943 10 36
937 944 10 37
937 945 10 38
937 946 10 39
937 947 10 40
937 948 10 1
937 949 10 2
937 950 10 3
937 951 10 4
937 952 10 5
937 953 10 6
937 954 10 7
937 955 10 8
937 956 10 9
937 957 10 10
937 958 10 31
937 959 10 32
937 960 10 33
937 961 10 34
937 962 10 35
937 963 10 36
937 964 10 37
937 965 10 38
937 966 10 39
937 967 10 40
937 968 10 1
938 939 10 32
938 940 10 33
938 941 10 34
938 942 10 35
938 943 10 36
938 944 10 37
938 945 10 38
938 946 10 39
938 947 10 40
938 948 10 1
938 949 10 2
938 950 10 3
938 951 10 4
938 952 10 5
938 953 10 6
938 954 10 7
938 955 10 8
938 956 10 9
938 957 10 10
938 958 10 31
938 959 10 32
938 960 10 33
938 961 10 34
938 962 10 35
938 963 10 36
938 964 10 37
938 965 10 38
938 966 10 39
938 967 10 40
938 968 10 1
939 969 10 33
939 970 10 34
939 971 10 35
939 972 10 36
939 973 10 37
939 974 10 38
939 975 10 39
939 976 10 40
939 977 10 1
939 978 10 2
939 979 10 3
939 980 10 4
939 981 10 5
939 982 10 6
939 983 10 7
939 984 10 8
939 985 10 9
939 986 10 10
939 987 10 11
939 988 10 32
939 989 10 33
939 990 10 34
939 991 10 35
939 992 10 36
939 993 10 37
939 994 10 38
939 995 10 39
939 996 10 40
939 997 10 1
939 998 10 2
940 969 10 33
940 970 10 34
940 971 10 35
940 972 10 36
940 973 10 37
940 974 10 38
940 975 10 39
940 976 10 40
940 977 10 1
940 978 10 2
940 979 10 3
940 980 10 4
940 981 10 5
940 982 10 6
940 983 10 7
940 984 10 8
940 985 10 9
940 986 10 10
940 987 10 11
940 988 10 32
940 989 10 33
940 990 10 34
940 991 10 35
940 992 10 36
940 993 10 37
940 994 10 38
940 995 10 39
940 996 10 40
940 997 10 1
940 998 10 2
941 969 10 33
941 970 10 34
941 971 10 35
941 972 10 36
941 973 10 37
941 974 10 38
941 975 10 39
941 976 10 40
941 977 10 1
941 978 10 2
941 979 10 3
941 980 10 4
941 981 10 5
941 982 10 6
941 983 10 7
941 984 10 8
941 985 10 9
941 986 10 10
941 987 10 11
941 988 10 32
941 989 10 33
941 990 10 34
941 991 10 35
941 992 10 36
941 993 10 37
941 994 10 38
941 995 10 39
941 996 10 40
941 997 10 1
941 998 10 2
942 969 10 33
942 970 10 34
942 971 10 35
942 972 10 36
942 973 10 37
942 974 10 38
942 975 10 39
942 976 10 40
942 977 10 1
942 978 10 2
942 979 10 3
942 980 10 4
942 981 10 5
942 982 10 6
942 983 10 7
942 984 10 8
942 985 10 9
942 986 10 10
942 987 10 11
942 988 10 32
942 989 10 33
942 990 10 34
942 991 10 35
942 992 10 36
942 993 10 37
942 994 10 38
942 995 10 39
942 996 10 40
942 997 10 1
942 998 10 2
943 969 10 33
943 970 10 34
943 971 10 35
943 972 10 36
943 973 10 37
943 974 10 38
943 975 10 39
943 976 10 40
943 977 10 1
943 978 10 2
943 979 10 3
943 980 10 4
943 981 10 5
943 982 10 6
943 983 10 7
943 984 10 8
943 985 10 9
943 986 10 10
943 987 10 11
943 988 10 32
943 989 10 33
943 990 10 34
943 991 10 35
943 992 10 36
943 993 10 37
943 994 10 38
943 995 10 39
943 996 10 40
943 997 10 1
943 998 10 2
944 969 10 33
944 970 10 34
944 971 10 35
944 972 10 36
944 973 10 37
944 974 10 38
944 975 10 39
944 976 10 40
944 977 10 1
944 978 10 2
944 979 10 3
944 980 10 4
944 981 10 5
944 982 10 6
944 983 10 7
944 984 10 8
944 985 10 9
944 986 10 10
944 987 10 11
944 988 10 32
944 989 10 33
944 990 10 34
944 991 10 35
944 992 10 36
944 993 10 37
944 994 10 38
944 995 10 39
944 996 10 40
944 997 10 1
944 998 10 2
945 969 10 33
945 970 10 34
945 971 10 35
945 972 10 36
945 973 10 37
945 974 10 38
945 975 10 39
945 976 10 40
945 977 10 1
945 978 10 2
945 979 10 3
945 980 10 4
945 981 10 5
945 982 10 6
945 983 10 7
945 984 10 8
945 985 10 9
945 986 10 10
945 987 10 11
945 988 10 32
945 989 10 33
945 990 10 34
945 991 10 35
945 992 10 36
945 993 10 37
945 994 10 38
945 995 10 39
945 996 10 40
945 997 10 1
945 998 10 2
946 969 10 33
946 970 10 34
946 971 10 35
946 972 10 36
946 973 10 37
946 974 10 38
946 975 10 39
946 976 10 40
946 977 10 1
946 978 10 2
946 979 10 3
946 980 10 4
946 981 10 5
946 982 10 6
946 983 10 7
946 984 10 8
946 985 10 9
946 986 10 10
946 987 10 11
946 988 10 32
946 989 10 33
946 990 10 34
946 991 10 35
946 992 10 36
946 993 10 37
946 994 10 38
946 995 10 39
946 996 10 40
946 997 10 1
946 998 10 2
947 969 10 33
947 970 10 34
947 971 10 35
947 972 10 36
947 973 10 37
947 974 10 38
947 975 10 39
947 976 10 40
947 977 10 1
947 978 10 2
947 979 10 3
947 980 10 4
947 981 10 5
947 982 10 6
947 983 10 7
947 984 10 8
947 985 10 9
947 986 10 10
947 987 10 11
947 988 10 32
947 989 10 33
947 990 10 34
947 991 10 35
947 992 10 36
947 993 10 37
947 994 10 38
947 995 10 39
947 996 10 40
947 997 10 1
947 998 10 2
948 969 10 33
948 970 10 34
948 971 10 35
948 972 10 36
948 973 10 37
948 974 10 38
948 975 10 39
948 976 10 40
948 977 10 1
948 978 10 2
948 979 10 3
948 980 10 4
948 981 10 5
948 982 10 6
948 983 10 7
948 984 10 8
948 985 10 9
948 986 10 10
948 987 10 11
948 988 10 32
948 989 10 33
948 990 10 34
948 991 10 35
948 992 10 36
948 993 10 37
948 994 10 38
948 995 10 39
948 996 10 40
948 997 10 1
948 998 10 2
949 969 10 33
949 970 10 34
949 971 10 35
949 972 10 36
949 973 10 37
949 974 10 38
949 975 10 39
949 976 10 40
949 977 10 1
949 978 10 2
949 979 10 3
949 980 10 4
949 981 10 5
949 982 10 6
949 983 10 7
949 984 10 8
949 985 10 9
949 986 10 10
949 987 10 11
949 988 10 32
949 989 10 33
949 990 10 34
949 991 10 35
949 992 10 36
949 993 10 37
949 994 10 38
949 995 10 39
949 996 10 40
949 997 10 1
949 998 10 2
950 969 10 33
950 970 10 34
950 971 10 35
950 972 10 36
950 973 10 37
950 974 10 38
950 975 10 39
950 976 10 40
950 977 10 1
950 978 10 2
950 979 10 3
950 980 10 4
950 981 10 5
950 982 10 6
950 983 10 7
950 984 10 8
950 985 10 9
950 986 10 10
950 987 10 11
950 988 10 32
950 989 10 33
950 990 10 34
950 991 10 35
950 992 10 36
950 993 10 37
950 994 10 38
950 995 10 39
950 996 10 40
950 997 10 1
950 998 10 2
951 969 10 33
951 970 10 34
951 971 10 35
951 972 10 36
951 973 10 37
951 974 10 38
951 975 10 39
951 976 10 40
951 977 10 1
951 978 10 2
951 979 10 3
951 980 10 4
951 981 10 5
951 982 10 6
951 983 10 7
951 984 10 8
951 985 10 9
951 986 10 10
951 987 10 11
951 988 10 32
951 989 10 33
951 990 10 34
951 991 10 35
951 992 10 36
951 993 10 37
951 994 10 38
951 995 10 39
951 996 10 40
951 997 10 1
951 998 10 2
952 969 10 33
952 970 10 34
952 971 10 35
952 972 10 36
952 973 10 37
952 974 10 38
952 975 10 39
952 976 10 40
952 977 10 1
952 978 10 2
952 979 10 3
952 980 10 4
952 981 10 5
952 982 10 6
952 983 10 7
952 984 10 8
952 985 10 9
952 986 10 10
952 987 10 11
952 988 10 32
952 989 10 33
952 990 10 34
952 991 10 35
952 992 10 36
952 993 10 37
952 994 10 38
952 995 10 39
952 996 10 40
952 997 10 1
952 998 10 2
953 969 10 33
953 970 10 34
953 971 10 35
953 972 10 36
953 973 10 37
953 974 10 38
953 975 10 39
953 976 10 40
953 977 10 1
953 978 10 2
953 979 10 3
953 980 10 4
953 981 10 5
953 982 10 6
953 983 10 7
953 984 10 8
953 985 10 9
953 986 10 10
953 987 10 11
953 988 10 32
953 989 10 33
953 990 10 34
953 991 10 35
953 992 10 36
953 993 10 37
953 994 10 38
953 995 10 39
953 996 10 40
953 997 10 1
953 998 10 2
954 969 10 33
954 970 10 34
954 971 10 35
954 972 10 36
954 973 10 37
954 974 10 38
954 975 10 39
954 976 10 40
954 977 10 1
954 978 10 2
954 979 10 3
954 980 10 4
954 981 10 5
954 982 10 6
954 983 10 7
954 984 10 8
954 985 10 9
954 986 10 10
954 987 10 11
954 988 10 32
954 989 10 33
954 990 10 34
954 991 10 35
954 992 10 36
954 993 10 37
954 994 10 38
954 995 10 39
954 996 10 40
954 997 10 1
954 998 10 2
955 969 10 33
955 970 10 34
955 971 10 35
955 972 10 36
955 973 10 37
955 974 10 38
955 975 10 39
955 976 10 40
955 977 10 1
955 978 10 2
955 979 10 3
955 980 10 4
955 981 10 5
955 982 10 6
955 983 10 7
955 984 10 8
955 985 10 9
955 986 10 10
955 987 10 11
955 988 10 32
955 989 10 33
955 990 10 34
955 991 10 35
955 992 10 36
955 993 10 37
955 994 10 38
955 995 10 39
955 996 10 40
955 997 10 1
955 998 10 2
956 969 10 33
956 970 10 34
956 971 10 35
956 972 10 36
956 973 10 37
956 974 10 38
956 975 10 39
956 976 10 40
956 977 10 1
956 978 10 2
956 979 10 3
956 980 10 4
956 981 10 5
956 982 10 6
956 983 10 7
956 984 10 8
956 985 10 9
956 986 10 10
956 987 10 11
956 988 10 32
956 989 10 33
956 990 10 34
956 991 10 35
956 992 10 36
956 993 10 37
956 994 10 38
956 995 10 39
956 996 10 40
956 997 10 1
956 998 10 2
957 969 10 33
957 970 10 34
957 971 10 35
957 972 10 36
957 973 10 37
957 974 10 38
957 975 10 39
957 976 10 40
957 977 10 1
957 978 10 2
957 979 10 3
957 980 10 4
957 981 10 5
957 982 10 6
957 983 10 7
957 984 10 8
957 985 10 9
957 986 10 10
957 987 10 11
957 988 10 32
957 989 10 33
957 990 10 34
957 991 10 35
957 992 10 36
957 993 10 37
957 994 10 38
957 995 10 39
957 996 10 40
957 997 10 1
957 998 10 2
958 969 10 33
958 970 10 34
958 971 10 35
958 972 10 36
958 973 10 37
958 974 10 38
958 975 10 39
958 976 10 40
958 977 10 1
958 978 10 2
958 979 10 3
958 980 10 4
958 981 10 5
958 982 10 6
958 983 10 7
958 984 10 8
958 985 10 9
958 986 10 10
958 987 10 11
958 988 10 32
958 989 10 33
958 990 10 34
958 991 10 35
958 992 10 36
958 993 10 37
958 994 10 38
958 995 10 39
958 996 10 40
958 997 10 1
958 998 10 2
959 969 10 33
959 970 10 34
959 971 10 35
959 972 10 36
959 973 10 37
959 974 10 38
959 975 10 39
959 976 10 40
959 977 10 1
959 978 10 2
959 979 10 3
959 980 10 4
959 981 10 5
959 982 10 6
959 983 10 7
959 984 10 8
959 985 10 9
959 986 10 10
959 987 10 11
959 988 10 32
959 989 10 33
959 990 10 34
959 991 10 35
959 992 10 36
959 993 10 37
959 994 10 38
959 995 10 39
959 996 10 40
959 997 10 1
959 998 10 2
960 969 10 33
960 970 10 34
960 971 10 35
960 972 10 36
960 973 10 37
960 974 10 38
960 975 10 39
960 976 10 40
960 977 10 1
960 978 10 2
960 979 10 3
960 980 10 4
960 981 10 5
960 982 10 6
960 983 10 7
960 984 10 8
960 985 10 9
960 986 10 10
960 987 10 11
960 988 10 32
960 989 10 33
960 990 10 34
960 991 10 35
960 992 10 36
960 993 10 37
960 994 10 38
960 995 10 39
960 996 10 40
960 997 10 1
960 998 10 2
961 969 10 33
961 970 10 34
961 971 10 35
961 972 10 36
961 973 10 37
961 974 10 38
961 975 10 39
961 976 10 40
961 977 10 1
961 978 10 2
961 979 10 3
961 980 10 4
961 981 10 5
961 982 10 6
961 983 10 7
961 984 10 8
961 985 10 9
961 986 10 10
961 987 10 11
961 988 10 32
961 989 10 33
961 990 10 34
961 991 10 35
961 992 10 36
961 993 10 37
961 994 10 38
961 995 10 39
961 996 10 40
961 997 10 1
961 998 10 2
962 969 10 33
962 970 10 34
962 971 10 35
962 972 10 36
962 973 10 37
962 974 10 38
962 975 10 39
962 976 10 40
962 977 10 1
962 978 10 2
962 979 10 3
962 980 10 4
962 981 10 5
962 982 10 6
962 983 10 7
962 984 10 8
962 985 10 9
962 986 10 10
962 987 10 11
962 988 10 32
962 989 10 33
962 990 10 34
962 991 10 35
962 992 10 36
962 993 10 37
962 994 10 38
962 995 10 39
962 996 10 40
962 997 10 1
962 998 10 2
963 969 10 33
963 970 10 34
963 971 10 35
963 972 10 36
963 973 10 37
963 974 10 38
963 975 10 39
963 976 10 40
963 977 10 1
963 978 10 2
963 979 10 3
963 980 10 4
963 981 10 5
963 982 10 6
963 983 10 7
963 984 10 8
963 985 10 9
963 986 10 10
963 987 10 11
963 988 10 32
963 989 10 33
963 990 10 34
963 991 10 35
963 992 10 36
963 993 10 37
963 994 10 38
963 995 10 39
963 996 10 40
963 997 10 1
963 998 10 2
964 969 10 33
964 970 10 34
964 971 10 35
964 972 10 36
964 973 10 37
964 974 10 38
964 975 10 39
964 976 10 40
964 977 10 1
964 978 10 2
964 979 10 3
964 980 10 4
964 981 10 5
964 982 10 6
964 983 10 7
964 984 10 8
964 985 10 9
964 986 10 10
964 987 10 11
964 988 10 32
964 989 10 33
964 990 10 34
964 991 10 35
964 992 10 36
964 993 10 37
964 994 10 38
964 995 10 39
964 996 10 40
964 997 10 1
964 998 10 2
965 969 10 33
965 970 10 34
965 971 10 35
965 972 10 36
965 973 10 37
965 974 10 38
965 975 10 39
965 976 10 40
965 977 10 1
965 978 10 2
965 979 10 3
965 980 10 4
965 981 10 5
965 982 10 6
965 983 10 7
965 984 10 8
965 985 10 9
965 986 10 10
965 987 10 11
965 988 10 32
965 989 10 33
965 990 10 34
965 991 10 35
965 992 10 36
965 993 10 37
965 994 10 38
965 995 10 39
965 996 10 40
965 997 10 1
965 998 10 2
966 969 10 33
966 970 10 34
966 971 10 35
966 972 10 36
966 973 10 37
966 974 10 38
966 975 10 39
966 976 10 40
966 977 10 1
966 978 10 2
966 979 10 3
966 980 10 4
966 981 10 5
966 982 10 6
966 983 10 7
966 984 10 8
966 985 10 9
966 986 10 10
966 987 10 11
966 988 10 32
966 989 10 33
966 990 10 34
966 991 10 35
966 992 10 36
966 993 10 37
966 994 10 38
966 995 10 39
966 996 10 40
966 997 10 1
966 998 10 2
967 969 10 33
967 970 10 34
967 971 10 35
967 972 10 36
967 973 10 37
967 974 10 38
967 975 10 39
967 976 10 40
967 977 10 1
967 978 10 2
967 979 10 3
967 980 10 4
967 981 10 5
967 982 10 6
967 983 10 7
967 984 10 8
967 985 10 9
967 986 10 10
967 987 10 11
967 988 10 32
967 989 10 33
967 990 10 34
967 991 10 35
967 992 10 36
967 993 10 37
967 994 10 38
967 995 10 39
967 996 10 40
967 997 10 1
967 998 10 2
968 969 10 33
968 970 10 34
968 971 10 35
968 972 10 36
968 973 10 37
968 974 10 38
968 975 10 39
968 976 10 40
968 977 10 1
968 978 10 2
968 979 10 3
968 980 10 4
968 981 10 5
968 982 10 6
968 983 10 7
968 984 10 8
968 985 10 9
968 986 10 10
968 987 10 11
968 988 10 32
968 989 10 33
968 990 10 34
968 991 10 35
968 992 10 36
968 993 10 37
968 994 10 38
968 995 10 39
968 996 10 40
968 997 10 1
968 998 10 2
969 999 10 34
969 1000 10 35
969 1001 10 36
969 1002 10 37
969 1003 10 38
969 1004 10 39
969 1005 10 40
969 1006 10 1
969 1007 10 2
969 1008 10 3
969 1009 10 4
969 1010 10 5
969 1011 10 6
969 1012 10 7
969 1013 10 8
969 1014 10 9
969 1015 10 10
969 1016 10 11
969 1017 10 12
969 1018 10 33
969 1019 10 34
969 1020 10 35
969 1021 10 36
969 1022 10 37
969 1023 10 38
969 1024 10 39
969 1025 10 40
969 1026 10 1
969 1027 10 2
969 1028 10 3
970 999 10 34
970 1000 10 35
970 1001 10 36
970 1002 10 37
970 1003 10 38
970 1004 10 39
970 1005 10 40
970 1006 10 1
970 1007 10 2
970 1008 10 3
970 1009 10 4
970 1010 10 5
970 1011 10 6
970 1012 10 7
970 1013 10 8
970 1014 10 9
970 1015 10 10
970 1016 10 11
970 1017 10 12
970 1018 10 33
970 1019 10 34
970 1020 10 35
970 1021 10 36
970 1022 10 37
970 1023 10 38
970 1024 10 39
970 1025 10 40
970 1026 10 1
970 1027 10 2
970 1028 10 3
971 999 10 34
971 1000 10 35
971 1001 10 36
971 1002 10 37
971 1003 10 38
971 1004 10 39
971 1005 10 40
971 1006 10 1
971 1007 10 2
971 1008 10 3
971 1009 10 4
971 1010 10 5
971 1011 10 6
971 1012 10 7
971 1013 10 8
971 1014 10 9
971 1015 10 10
971 1016 10 11
971 1017 10 12
971 1018 10 33
971 1019 10 34
971 1020 10 35
971 1021 10 36
971 1022 10 37
971 1023 10 38
971 1024 10 39
971 1025 10 40
971 1026 10 1
971 1027 10 2
971 1028 10 3
972 999 10 34
972 1000 10 35
972 1001 10 36
972 1002 10 37
972 1003 10 38
972 1004 10 39
972 1005 10 40
972 1006 10 1
972 1007 10 2
972 1008 10 3
972 1009 10 4
972 1010 10 5
972 1011 10 6
972 1012 10 7
972 1013 10 8
972 1014 10 9
972 1015 10 10
972 1016 10 11
972 1017 10 12
972 1018 10 33
972 1019 10 34
972 1020 10 35
972 1021 10 36
972 1022 10 37
972 1023 10 38
972 1024 10 39
972 1025 10 40
972 1026 10 1
972 1027 10 2
972 1028 10 3
973 999 10 34
973 1000 10 35
973 1001 10 36
973 1002 10 37
973 1003 10 38
973 1004 10 39
973 1005 10 40
973 1006 10 1
973 1007 10 2
973 1008 10 3
973 1009 10 4
973 1010 10 5
973 1011 10 6
973 1012 10 7
973 1013 10 8
973 1014 10 9
973 1015 10 10
973 1016 10 11
973 1017 10 12
973 1018 10 33
973 1019 10 34
973 1020 10 35
973 1021 10 36
973 1022 10 37
973 1023 10 38
973 1024 10 39
973 1025 10 40
973 1026 10 1
973 1027 10 2
973 1028 10 3
974 999 10 34
974 1000 10 35
974 1001 10 36
974 1002 10 37
974 1003 10 38
974 1004 10 39
974 1005 10 40
974 1006 10 1
974 1007 10 2
974 1008 10 3
974 1009 10 4
974 1010 10 5
974 1011 10 6
974 1012 10 7
974 1013 10 8
974 1014 10 9
974 1015 10 10
974 1016 10 11
974 1017 10 12
974 1018 10 33
974 1019 10 34
974 1020 10 35
974 1021 10 36
974 1022 10 37
974 1023 10 38
974 1024 10 39
974 1025 10 40
974 1026 10 1
974 1027 10 2
974 1028 10 3
975 999 10 34
975 1000 10 35
975 1001 10 36
975 1002 10 37
975 1003 10 38
975 1004 10 39
975 1005 10 40
975 1006 10 1
975 1007 10 2
975 1008 10 3
975 1009 10 4
975 1010 10 5
975 1011 10 6
975 1012 10 7
975 1013 10 8
975 1014 10 9
975 1015 10 10
975 1016 10 11
975 1017 10 12
975 1018 10 33
975 1019 10 34
975 1020 10 35
975 1021 10 36
975 1022 10 37
975 1023 10 38
975 1024 10 39
975 1025 10 40
975 1026 10 1
975 1027 10 2
975 1028 10 3
976 999 10 34
976 1000 10 35
976 1001 10 36
976 1002 10 37
976 1003 10 38
976 1004 10 39
976 1005 10 40
976 1006 10 1
976 1007 10 2
976 1008 10 3
976 1009 10 4
976 1010 10 5
976 1011 10 6
976 1012 10 7
976 1013 10 8
976 1014 10 9
976 1015 10 10
976 1016 10 11
976 1017 10 12
976 1018 10 33
976 1019 10 34
976 1020 10 35
976 1021 10 36
976 1022 10 37
976 1023 10 38
976 1024 10 39
976 1025 10 40
976 1026 10 1
976 1027 10 2
976 1028 10 3
977 999 10 34
977 1000 10 35
977 1001 10 36
977 1002 10 37
977 1003 10 38
977 1004 10 39
977 1005 10 40
977 1006 10 1
977 1007 10 2
977 1008 10 3
977 1009 10 4
977 1010 10 5
977 1011 10 6
977 1012 10 7
977 1013 10 8
977 1014 10 9
977 1015 10 10
977 1016 10 11
977 1017 10 12
977 1018 10 33
977 1019 10 34
977 1020 10 35
977 1021 10 36
977 1022 10 37
977 1023 10 38
977 1024 10 39
977 1025 10 40
977 1026 10 1
977 1027 10 2
977 1028 10 3
978 999 10 34
978 1000 10 35
978 1001 10 36
978 1002 10 37
978 1003 10 38
978 1004 10 39
978 1005 10 40
978 1006 10 1
978 1007 10 2
978 1008 10 3
978 1009 10 4
978 1010 10 5
978 1011 10 6
978 1012 10 7
978 1013 10 8
978 1014 10 9
978 1015 10 10
978 1016 10 11
978 1017 10 12
978 1018 10 33
978 1019 10 34
978 1020 10 35
978 1021 10 36
978 1022 10 37
978 1023 10 38
978 1024 10 39
978 1025 10 40
978 1026 10 1
978 1027 10 2
978 1028 10 3
979 999 10 34
979 1000 10 35
979 1001 10 36
979 1002 10 37
979 1003 10 38
979 1004 10 39
979 1005 10 40
979 1006 10 1
979 1007 10 2
979 1008 10 3
979 1009 10 4
979 1010 10 5
979 1011 10 6
979 1012 10 7
979 1013 10 8
979 1014 10 9
979 1015 10 10
979 1016 10 11
979 1017 10 12
979 1018 10 33
979 1019 10 34
979 1020 10 35
979 1021 10 36
979 1022 10 37
979 1023 10 38
979 1024 10 39
979 1025 10 40
979 1026 10 1
979 1027 10 2
979 1028 10 3
980 999 10 34
980 1000 10 35
980 1001 10 36
980 1002 10 37
980 1003 10 38
980 1004 10 39
980 1005 10 40
980 1006 10 1
980 1007 10 2
980 1008 10 3
980 1009 10 4
980 1010 10 5
980 1011 10 6
980 1012 10 7
980 1013 10 8
980 1014 10 9
980 1015 10 10
980 1016 10 11
980 1017 10 12
980 1018 10 33
980 1019 10 34
980 1020 10 35
980 1021 10 36
980 1022 10 37
980 1023 10 38
980 1024 10 39
980 1025 10 40
980 1026 10 1
980 1027 10 2
980 1028 10 3
981 999 10 34
981 1000 10 35
981 1001 10 36
981 1002 10 37
981 1003 10 38
981 1004 10 39
981 1005 10 40
981 1006 10 1
981 1007 10 2
981 1008 10 3
981 1009 10 4
981 1010 10 5
981 1011 10 6
981 1012 10 7
981 1013 10 8
981 1014 10 9
981 1015 10 10
981 1016 10 11
981 1017 10 12
981 1018 10 33
981 1019 10 34
981 1020 10 35
981 1021 10 36
981 1022 10 37
981 1023 10 38
981 1024 10 39
981 1025 10 40
981 1026 10 1
981 1027 10 2
981 1028 10 3
982 999 10 34
982 1000 10 35
982 1001 10 36
982 1002 10 37
982 1003 10 38
982 1004 10 39
982 1005 10 40
982 1006 10 1
982 1007 10 2
982 1008 10 3
982 1009 10 4
982 1010 10 5
982 1011 10 6
982 1012 10 7
982 1013 10 8
982 1014 10 9
982 1015 10 10
982 1016 10 11
982 1017 10 12
982 1018 10 33
982 1019 10 34
982 1020 10 35
982 1021 10 36
982 1022 10 37
982 1023 10 38
982 1024 10 39
982 1025 10 40
982 1026 10 1
982 1027 10 2
982 1028 10 3
983 999 10 34
983 1000 10 35
983 1001 10 36
983 1002 10 37
983 1003 10 38
983 1004 10 39
983 1005 10 40
983 1006 10 1
983 1007 10 2
983 1008 10 3
983 1009 10 4
983 1010 10 5
983 1011 10 6
983 1012 10 7
983 1013 10 8
983 1014 10 9
983 1015 10 10
983 1016 10 11
983 1017 10 12
983 1018 10 33
983 1019 10 34
983 1020 10 35
983 1021 10 36
983 1022 10 37
983 1023 10 38
983 1024 10 39
983 1025 10 40
983 1026 10 1
983 1027 10 2
983 1028 10 3
984 999 10 34
984 1000 10 35
984 1001 10 36
984 1002 10 37
984 1003 10 38
984 1004 10 39
984 1005 10 40
984 1006 10 1
984 1007 10 2
984 1008 10 3
984 1009 10 4
984 1010 10 5
984 1011 10 6
984 1012 10 7
984 1013 10 8
984 1014 10 9
984 1015 10 10
984 1016 10 11
984 1017 10 12
984 1018 10 33
984 1019 10 34
984 1020 10 35
984 1021 10 36
984 1022 10 37
984 1023 10 38
984 1024 10 39
984 1025 10 40
984 1026 10 1
984 1027 10 2
984 1028 10 3
985 999 10 34
985 1000 10 35
985 1001 10 36
985 1002 10 37
985 1003 10 38
985 1004 10 39
985 1005 10 40
985 1006 10 1
985 1007 10 2
985 1008 10 3
985 1009 10 4
985 1010 10 5
985 1011 10 6
985 1012 10 7
985 1013 10 8
985 1014 10 9
985 1015 10 10
985 1016 10 11
985 1017 10 12
985 1018 10 33
985 1019 10 34
985 1020 10 35
985 1021 10 36
985 1022 10 37
985 1023 10 38
985 1024 10 39
985 1025 10 40
985 1026 10 1
985 1027 10 2
985 1028 10 3
986 999 10 34
986 1000 10 35
986 1001 10 36
986 1002 10 37
986 1003 10 38
986 1004 10 39
986 1005 10 40
986 1006 10 1
986 1007 10 2
986 1008 10 3
986 1009 10 4
986 1010 10 5
986 1011 10 6
986 1012 10 7
986 1013 10 8
986 1014 10 9
986 1015 10 10
986 1016 10 11
986 1017 10 12
986 1018 10 33
986 1019 10 34
986 1020 10 35
986 1021 10 36
986 1022 10 37
986 1023 10 38
986 1024 10 39
986 1025 10 40
986 1026 10 1
986 1027 10 2
986 1028 10 3
987 999 10 34
987 1000 10 35
987 1001 10 36
987 1002 10 37
987 1003 10 38
987 1004 10 39
987 1005 10 40
987 1006 10 1
987 1007 10 2
987 1008 10 3
987 1009 10 4
987 1010 10 5
987 1011 10 6
987 1012 10 7
987 1013 10 8
987 1014 10 9
987 1015 10 10
987 1016 10 11
987 1017 10 12
987 1018 10 33
987 1019 10 34
987 1020 10 35
987 1021 10 36
987 1022 10 37
987 1023 10 38
987 1024 10 39
987 1025 10 40
987 1026 10 1
987 1027 10 2
987 1028 10 3
988 999 10 34
988 1000 10 35
988 1001 10 36
988 1002 10 37
988 1003 10 38
988 1004 10 39
988 1005 10 40
988 1006 10 1
988 1007 10 2
988 1008 10 3
988 1009 10 4
988 1010 10 5
988 1011 10 6
988 1012 10 7
988 1013 10 8
988 1014 10 9
988 1015 10 10
988 1016 10 11
988 1017 10 12
988 1018 10 33
988 1019 10 34
988 1020 10 35
988 1021 10 36
988 1022 10 37
988 1023 10 38
988 1024 10 39
988 1025 10 40
988 1026 10 1
988 1027 10 2
988 1028 10 3
989 999 10 34
989 1000 10 35
989 1001 10 36
989 1002 10 37
989 1003 10 38
989 1004 10 39
989 1005 10 40
989 1006 10 1
989 1007 10 2
989 1008 10 3
989 1009 10 4
989 1010 10 5
989 1011 10 6
989 1012 10 7
989 1013 10 8
989 1014 10 9
989 1015 10 10
989 1016 10 11
989 1017 10 12
989 1018 10 33
989 1019 10 34
989 1020 10 35
989 1021 10 36
989 1022 10 37
989 1023 10 38
989 1024 10 39
989 1025 10 40
989 1026 10 1
989 1027 10 2
989 1028 10 3
990 999 10 34
990 1000 10 35
990 1001 10 36
990 1002 10 37
990 1003 10 38
990 1004 10 39
990 1005 10 40
990 1006 10 1
990 1007 10 2
990 1008 10 3
990 1009 10 4
990 1010 10 5
990 1011 10 6
990 1012 10 7
990 1013 10 8
990 1014 10 9
990 1015 10 10
990 1016 10 11
990 1017 10 12
990 1018 10 33
990 1019 10 34
990 1020 10 35
990 1021 10 36
990 1022 10 37
990 1023 10 38
990 1024 10 39
990 1025 10 40
990 1026 10 1
990 1027 10 2
990 1028 10 3
991 999 10 34
991 1000 10 35
991 1001 10 36
991 1002 10 37
991 1003 10 38
991 1004 10 39
991 1005 10 40
991 1006 10 1
991 1007 10 2
991 1008 10 3
991 1009 10 4
991 1010 10 5
991 1011 10 6
991 1012 10 7
991 1013 10 8
991 1014 10 9
991 1015 10 10
991 1016 10 11
991 1017 10 12
991 1018 10 33
991 1019 10 34
991 1020 10 35
991 1021 10 36
991 1022 10 37
991 1023 10 38
991 1024 10 39
991 1025 10 40
991 1026 10 1
991 1027 10 2
991 1028 10 3
992 999 10 34
992 1000 10 35
992 1001 10 36
992 1002 10 37
992 1003 10 38
992 1004 10 39
992 1005 10 40
992 1006 10 1
992 1007 10 2
992 1008 10 3
992 1009 10 4
992 1010 10 5
992 1011 10 6
992 1012 10 7
992 1013 10 8
992 1014 10 9
992 1015 10 10
992 1016 10 11
992 1017 10 12
992 1018 10 33
992 1019 10 34
992 1020 10 35
992 1021 10 36
992 1022 10 37
992 1023 10 38
992 1024 10 39
992 1025 10 40
992 1026 10 1
992 1027 10 2
992 1028 10 3
993 999 10 34
993 1000 10 35
993 1001 10 36
993 1002 10 37
993 1003 10 38
993 1004 10 39
993 1005 10 40
993 1006 10 1
993 1007 10 2
993 1008 10 3
993 1009 10 4
993 1010 10 5
993 1011 10 6
993 1012 10 7
993 1013 10 8
993 1014 10 9
993 1015 10 10
993 1016 10 11
993 1017 10 12
993 1018 10 33
993 1019 10 34
993 1020 10 35
993 1021 10 36
993 1022 10 37
993 1023 10 38
993 1024 10 39
993 1025 10 40
993 1026 10 1
993 1027 10 2
993 1028 10 3
994 999 10 34
994 1000 10 35
994 1001 10 36
994 1002 10 37
994 1003 10 38
994 1004 10 39
994 1005 10 40
994 1006 10 1
994 1007 10 2
994 1008 10 3
994 1009 10 4
994 1010 10 5
994 1011 10 6
994 1012 10 7
994 1013 10 8
994 1014 10 9
994 1015 10 10
994 1016 10 11
994 1017 10 12
994 1018 10 33
994 1019 10 34
994 1020 10 35
994 1021 10 36
994 1022 10 37
994 1023 10 38
994 1024 10 39
994 1025 10 40
994 1026 10 1
994 1027 10 2
994 1028 10 3
995 999 10 34
995 1000 10 35
995 1001 10 36
995 1002 10 37
995 1003 10 38
995 1004 10 39
995 1005 10 40
995 1006 10 1
995 1007 10 2
995 1008 10 3
995 1009 10 4
995 1010 10 5
995 1011 10 6
995 1012 10 7
995 1013 10 8
995 1014 10 9
995 1015 10 10
995 1016 10 11
995 1017 10 12
995 1018 10 33
995 1019 10 34
995 1020 10 35
995 1021 10 36
995 1022 10 37
995 1023 10 38
995 1024 10 39
995 1025 10 40
995 1026 10 1
995 1027 10 2
995 1028 10 3
996 999 10 34
996 1000 10 35
996 1001 10 36
996 1002 10 37
996 1003 10 38
996 1004 10 39
996 1005 10 40
996 1006 10 1
996 1007 10 2
996 1008 10 3
996 1009 10 4
996 1010 10 5
996 1011 10 6
996 1012 10 7
996 1013 10 8
996 1014 10 9
996 1015 10 10
996 1016 10 11
996 1017 10 12
996 1018 10 33
996 1019 10 34
996 1020 10 35
996 1021 10 36
996 1022 10 37
996 1023 10 38
996 1024 10 39
996 1025 10 40
996 1026 10 1
996 1027 10 2
996 1028 10 3
997 999 10 34
997 1000 10 35
997 1001 10 36
997 1002 10 37
997 1003 10 38
997 1004 10 39
997 1005 10 40
997 1006 10 1
997 1007 10 2
997 1008 10 3
997 1009 10 4
997 1010 10 5
997 1011 10 6
997 1012 10 7
997 1013 10 8
997 1014 10 9
997 1015 10 10
997 1016 10 11
997 1017 10 12
997 1018 10 33
997 1019 10 34
997 1020 10 35
997 1021 10 36
997 1022 10 37
997 1023 10 38
997 1024 10 39
997 1025 10 40
997 1026 10 1
997 1027 10 2
997 1028 10 3
998 999 10 34
998 1000 10 35
998 1001 10 36
998 1002 10 37
998 1003 10 38
998 1004 10 39
998 1005 10 40
998 1006 10 1
998 1007 10 2
998 1008 10 3
998 1009 10 4
998 1010 10 5
998 1011 10 6
998 1012 10 7
998 1013 10 8
998 1014 10 9
998 1015 10 10
998 1016 10 11
998 1017 10 12
998 1018 10 33
998 1019 10 34
998 1020 10 35
998 1021 10 36
998 1022 10 37
998 1023 10 38
998 1024 10 39
998 1025 10 40
998 1026 10 1
998 1027 10 2
998 1028 10 3
999 1029 10 35
999 1030 10 36
999 1031 10 37
999 1032 10 38
999 1033 10 39
999 1034 10 40
999 1035 10 1
999 1036 10 2
999 1037 10 3
999 1038 10 4
999 1039 10 5
999 1040 10 6
999 1041 10 7
999 1042 10 8
999 1043 10 9
999 1044 10 10
999 1045 10 11
999 1046 10 12
999 1047 10 13
999 1048 10 34
999 1049 10 35
999 1050 10 36
999 1051 10 37
999 1052 10 38
999 1053 10 39
999 1054 10 40
999 1055 10 1
999 1056 10 2
999 1057 10 3
999 1058 10 4
1000 1029 10 35
1000 1030 10 36
1000 1031 10 37
1000 1032 10 38
1000 1033 10 39
1000 1034 10 40
1000 1035 10 1
1000 1036 10 2
1000 1037 10 3
1000 1038 10 4
1000 1039 10 5
1000 1040 10 6
1000 1041 10 7
1000 1042 10 8
1000 1043 10 9
1000 1044 10 10
1000 1045 10 11
1000 1046 10 12
1000 1047 10 13
1000 1048 10 34
1000 1049 10 35
1000 1050 10 36
1000 1051 10 37
1000 1052 10 38
1000 1053 10 39
1000 1054 10 40
1000 1055 10 1
1000 1056 10 2
1000 1057 10 3
1000 1058 10 4
1001 1029 10 35
1001 1030 10 36
1001 1031 10 37
1001 1032 10 38
1001 1033 10 39
1001 1034 10 40
1001 1035 10 1
1001 1036 10 2
1001 1037 10 3
1001 1038 10 4
1001 1039 10 5
1001 1040 10 6
1001 1041 10 7
1001 1042 10 8
1001 1043 10 9
1001 1044 10 10
1001 1045 10 11
1001 1046 10 12
1001 1047 10 13
1001 1048 10 34
1001 1049 10 35
1001 1050 10 36
1001 1051 10 37
1001 1052 10 38
1001 1053 10 39
1001 1054 10 40
1001 1055 10 1
1001 1056 10 2
1001 1057 10 3
1001 1058 10 4
1002 1029 10 35
1002 1030 10 36
1002 1031 10 37
1002 1032 10 38
1002 1033 10 39
1002 1034 10 40
1002 1035 10 1
1002 1036 10 2
1002 1037 10 3
1002 1038 10 4
1002 1039 10 5
1002 1040 10 6
1002 1041 10 7
1002 1042 10 8
1002 1043 10 9
1002 1044 10 10
1002 1045 10 11
1002 1046 10 12
1002 1047 10 13
1002 1048 10 34
1002 1049 10 35
1002 1050 10 36
1002 1051 10 37
1002 1052 10 38
1002 1053 10 39
1002 1054 10 40
1002 1055 10 1
1002 1056 10 2
1002 1057 10 3
1002 1058 10 4
1003 1029 10 35
1003 1030 10 36
1003 1031 10 37
1003 1032 10 38
1003 1033 10 39
1003 1034 10 40
1003 1035 10 1
1003 1036 10 2
1003 1037 10 3
1003 1038 10 4
1003 1039 10 5
1003 1040 10 6
1003 1041 10 7
1003 1042 10 8
1003 1043 10 9
1003 1044 10 10
1003 1045 10 11
1003 1046 10 12
1003 1047 10 13
1003 1048 10 34
1003 1049 10 35
1003 1050 10 36
1003 1051 10 37
1003 1052 10 38
1003 1053 10 39
1003 1054 10 40
1003 1055 10 1
1003 1056 10 2
1003 1057 10 3
1003 1058 10 4
1004 1029 10 35
1004 1030 10 36
1004 1031 10 37
1004 1032 10 38
1004 1033 10 39
1004 1034 10 40
1004 1035 10 1
1004 1036 10 2
1004 1037 10 3
1004 1038 10 4
1004 1039 10 5
1004 1040 10 6
1004 1041 10 7
1004 1042 10 8
1004 1043 10 9
1004 1044 10 10
1004 1045 10 11
1004 1046 10 12
1004 1047 10 13
1004 1048 10 34
1004 1049 10 35
1004 1050 10 36
1004 1051 10 37
1004 1052 10 38
1004 1053 10 39
1004 1054 10 40
1004 1055 10 1
1004 1056 10 2
1004 1057 10 3
1004 1058 10 4
1005 1029 10 35
1005 1030 10 36
1005 1031 10 37
1005 1032 10 38
1005 1033 10 39
1005 1034 10 40
1005 1035 10 1
1005 1036 10 2
1005 1037 10 3
1005 1038 10 4
1005 1039 10 5
1005 1040 10 6
1005 1041 10 7
1005 1042 10 8
1005 1043 10 9
1005 1044 10 10
1005 1045 10 11
1005 1046 10 12
1005 1047 10 13
1005 1048 10 34
1005 1049 10 35
1005 1050 10 36
1005 1051 10 37
1005 1052 10 38
1005 1053 10 39
1005 1054 10 40
1005 1055 10 1
1005 1056 10 2
1005 1057 10 3
1005 1058 10 4
1006 1029 10 35
1006 1030 10 36
1006 1031 10 37
1006 1032 10 38
1006 1033 10 39
1006 1034 10 40
1006 1035 10 1
1006 1036 10 2
1006 1037 10 3
1006 1038 10 4
1006 1039 10 5
1006 1040 10 6
1006 1041 10 7
1006 1042 10 8
1006 1043 10 9
1006 1044 10 10
1006 1045 10 11
1006 1046 10 12
1006 1047 10 13
1006 1048 10 34
1006 1049 10 35
1006 1050 10 36
1006 1051 10 37
1006 1052 10 38
1006 1053 10 39
1006 1054 10 40
1006 1055 10 1
1006 1056 10 2
1006 1057 10 3
1006 1058 10 4
1007 1029 10 35
1007 1030 10 36
1007 1031 10 37
1007 1032 10 38
1007 1033 10 39
1007 1034 10 40
1007 1035 10 1
1007 1036 10 2
1007 1037 10 3
1007 1038 10 4
1007 1039 10 5
1007 1040 10 6
1007 1041 10 7
1007 1042 10 8
1007 1043 10 9
1007 1044 10 10
1007 1045 10 11
1007 1046 10 12
1007 1047 10 13
1007 1048 10 34
1007 1049 10 35
1007 1050 10 36
1007 1051 10 37
1007 1052 10 38
1007 1053 10 39
1007 1054 10 40
1007 1055 10 1
1007 1056 10 2
1007 1057 10 3
1007 1058 10 4
1008 1029 10 35
1008 1030 10 36
1008 1031 10 37
1008 1032 10 38
1008 1033 10 39
1008 1034 10 40
1008 1035 10 1
1008 1036 10 2
1008 1037 10 3
1008 1038 10 4
1008 1039 10 5
1008 1040 10 6
1008 1041 10 7
1008 1042 10 8
1008 1043 10 9
1008 1044 10 10
1008 1045 10 11
1008 1046 10 12
1008 1047 10 13
1008 1048 10 34
1008 1049 10 35
1008 1050 10 36
1008 1051 10 37
1008 1052 10 38
1008 1053 10 39
1008 1054 10 40
1008 1055 10 1
1008 1056 10 2
1008 1057 10 3
1008 1058 10 4
1009 1029 10 35
1009 1030 10 36
1009 1031 10 37
1009 1032 10 38
1009 1033 10 39
1009 1034 10 40
1009 1035 10 1
1009 1036 10 2
1009 1037 10 3
1009 1038 10 4
1009 1039 10 5
1009 1040 10 6
1009 1041 10 7
1009 1042 10 8
1009 1043 10 9
1009 1044 10 10
1009 1045 10 11
1009 1046 10 12
1009 1047 10 13
1009 1048 10 34
1009 1049 10 35
1009 1050 10 36
1009 1051 10 37
1009 1052 10 38
1009 1053 10 39
1009 1054 10 40
1009 1055 10 1
1009 1056 10 2
1009 1057 10 3
1009 1058 10 4
1010 1029 10 35
1010 1030 10 36
1010 1031 10 37
1010 1032 10 38
1010 1033 10 39
1010 1034 10 40
1010 1035 10 1
1010 1036 10 2
1010 1037 10 3
1010 1038 10 4
1010 1039 10 5
1010 1040 10 6
1010 1041 10 7
1010 1042 10 8
1010 1043 10 9
1010 1044 10 10
1010 1045 10 11
1010 1046 10 12
1010 1047 10 13
1010 1048 10 34
1010 1049 10 35
1010 1050 10 36
1010 1051 10 37
1010 1052 10 38
1010 1053 10 39
1010 1054 10 40
1010 1055 10 1
1010 1056 10 2
1010 1057 10 3
1010 1058 10 4
1011 1029 10 35
1011 1030 10 36
1011 1031 10 37
1011 1032 10 38
1011 1033 10 39
1011 1034 10 40
1011 1035 10 1
1011 1036 10 2
1011 1037 10 3
1011 1038 10 4
1011 1039 10 5
1011 1040 10 6
1011 1041 10 7
1011 1042 10 8
1011 1043 10 9
1011 1044 10 10
1011 1045 10 11
1011 1046 10 12
1011 1047 10 13
1011 1048 10 34
1011 1049 10 35
1011 1050 10 36
1011 1051 10 37
1011 1052 10 38
1011 1053 10 39
1011 1054 10 40
1011 1055 10 1
1011 1056 10 2
1011 1057 10 3
1011 1058 10 4
1012 1029 10 35
1012 1030 10 36
1012 1031 10 37
1012 1032 10 38
1012 1033 10 39
1012 1034 10 40
1012 1035 10 1
1012 1036 10 2
1012 1037 10 3
1012 1038 10 4
1012 1039 10 5
1012 1040 10 6
1012 1041 10 7
1012 1042 10 8
1012 1043 10 9
1012 1044 10 10
1012 1045 10 11
1012 1046 10 12
1012 1047 10 13
1012 1048 10 34
1012 1049 10 35
1012 1050 10 36
1012 1051 10 37
1012 1052 10 38
1012 1053 10 39
1012 1054 10 40
1012 1055 10 1
1012 1056 10 2
1012 1057 10 3
1012 1058 10 4
1013 1029 10 35
1013 1030 10 36
1013 1031 10 37
1013 1032 10 38
1013 1033 10 39
1013 1034 10 40
1013 1035 10 1
1013 1036 10 2
1013 1037 10 3
1013 1038 10 4
1013 1039 10 5
1013 1040 10 6
1013 1041 10 7
1013 1042 10 8
1013 1043 10 9
1013 1044 10 10
1013 1045 10 11
1013 1046 10 12
1013 1047 10 13
1013 1048 10 34
1013 1049 10 35
1013 1050 10 36
1013 1051 10 37
1013 1052 10 38
1013 1053 10 39
1013 1054 10 40
1013 1055 10 1
1013 1056 10 2
1013 1057 10 3
1013 1058 10 4
1014 1029 10 35
1014 1030 10 36
1014 1031 10 37
1014 1032 10 38
1014 1033 10 39
1014 1034 10 40
1014 1035 10 1
1014 1036 10 2
1014 1037 10 3
1014 1038 10 4
1014 1039 10 5
1014 1040 10 6
1014 1041 10 7
1014 1042 10 8
1014 1043 10 9
1014 1044 10 10
1014 1045 10 11
1014 1046 10 12
1014 1047 10 13
1014 1048 10 34
1014 1049 10 35
1014 1050 10 36
1014 1051 10 37
1014 1052 10 38
1014 1053 10 39
1014 1054 10 40
1014 1055 10 1
1014 1056 10 2
1014 1057 10 3
1014 1058 10 4
1015 1029 10 35
1015 1030 10 36
1015 1031 10 37
1015 1032 10 38
1015 1033 10 39
1015 1034 10 40
1015 1035 10 1
1015 1036 10 2
1015 1037 10 3
1015 1038 10 4
1015 1039 10 5
1015 1040 10 6
1015 1041 10 7
1015 1042 10 8
1015 1043 10 9
1015 1044 10 10
1015 1045 10 11
1015 1046 10 12
1015 1047 10 13
1015 1048 10 34
1015 1049 10 35
1015 1050 10 36
1015 1051 10 37
1015 1052 10 38
1015 1053 10 39
1015 1054 10 40
1015 1055 10 1
1015 1056 10 2
1015 1057 10 3
1015 1058 10 4
1016 1029 10 35
1016 1030 10 36
1016 1031 10 37
1016 1032 10 38
1016 1033 10 39
1016 1034 10 40
1016 1035 10 1
1016 1036 10 2
1016 1037 10 3
1016 1038 10 4
1016 1039 10 5
1016 1040 10 6
1016 1041 10 7
1016 1042 10 8
1016 1043 10 9
1016 1044 10 10
1016 1045 10 11
1016 1046 10 12
1016 1047 10 13
1016 1048 10 34
1016 1049 10 35
1016 1050 10 36
1016 1051 10 37
1016 1052 10 38
1016 1053 10 39
1016 1054 10 40
1016 1055 10 1
1016 1056 10 2
1016 1057 10 3
1016 1058 10 4
1017 1029 10 35
1017 1030 10 36
1017 1031 10 37
1017 1032 10 38
1017 1033 10 39
1017 1034 10 40
1017 1035 10 1
1017 1036 10 2
1017 1037 10 3
1017 1038 10 4
1017 1039 10 5
1017 1040 10 6
1017 1041 10 7
1017 1042 10 8
1017 1043 10 9
1017 1044 10 10
1017 1045 10 11
1017 1046 10 12
1017 1047 10 13
1017 1048 10 34
1017 1049 10 35
1017 1050 10 36
1017 1051 10 37
1017 1052 10 38
1017 1053 10 39
1017 1054 10 40
1017 1055 10 1
1017 1056 10 2
1017 1057 10 3
1017 1058 10 4
1018 1029 10 35
1018 1030 10 36
1018 1031 10 37
1018 1032 10 38
1018 1033 10 39
1018 1034 10 40
1018 1035 10 1
1018 1036 10 2
1018 1037 10 3
1018 1038 10 4
1018 1039 10 5
1018 1040 10 6
1018 1041 10 7
1018 1042 10 8
1018 1043 10 9
1018 1044 10 10
1018 1045 10 11
1018 1046 10 12
1018 1047 10 13
1018 1048 10 34
1018 1049 10 35
1018 1050 10 36
1018 1051 10 37
1018 1052 10 38
1018 1053 10 39
1018 1054 10 40
1018 1055 10 1
1018 1056 10 2
1018 1057 10 3
1018 1058 10 4
1019 1029 10 35
1019 1030 10 36
1019 1031 10 37
1019 1032 10 38
1019 1033 10 39
1019 1034 10 40
1019 1035 10 1
1019 1036 10 2
1019 1037 10 3
1019 1038 10 4
1019 1039 10 5
1019 1040 10 6
1019 1041 10 7
1019 1042 10 8
1019 1043 10 9
1019 1044 10 10
1019 1045 10 11
1019 1046 10 12
1019 1047 10 13
1019 1048 10 34
1019 1049 10 35
1019 1050 10 36
1019 1051 10 37
1019 1052 10 38
1019 1053 10 39
1019 1054 10 40
1019 1055 10 1
1019 1056 10 2
1019 1057 10 3
1019 1058 10 4
1020 1029 10 35
1020 1030 10 36
1020 1031 10 37
1020 1032 10 38
1020 1033 10 39
1020 1034 10 40
1020 1035 10 1
1020 1036 10 2
1020 1037 10 3
1020 1038 10 4
1020 1039 10 5
1020 1040 10 6
1020 1041 10 7
1020 1042 10 8
1020 1043 10 9
1020 1044 10 10
1020 1045 10 11
1020 1046 10 12
1020 1047 10 13
1020 1048 10 34
1020 1049 10 35
1020 1050 10 36
1020 1051 10 37
1020 1052 10 38
1020 1053 10 39
1020 1054 10 40
1020 1055 10 1
1020 1056 10 2
1020 1057 10 3
1020 1058 10 4
1021 1029 10 35
1021 1030 10 36
1021 1031 10 37
1021 1032 10 38
1021 1033 10 39
1021 1034 10 40
1021 1035 10 1
1021 1036 10 2
1021 1037 10 3
1021 1038 10 4
1021 1039 10 5
1021 1040 10 6
1021 1041 10 7
1021 1042 10 8
1021 1043 10 9
1021 1044 10 10
1021 1045 10 11
1021 1046 10 12
1021 1047 10 13
1021 1048 10 34
1021 1049 10 35
1021 1050 10 36
1021 1051 10 37
1021 1052 10 38
1021 1053 10 39
1021 1054 10 40
1021 1055 10 1
1021 1056 10 2
1021 1057 10 3
1021 1058 10 4
1022 1029 10 35
1022 1030 10 36
1022 1031 10 37
1022 1032 10 38
1022 1033 10 39
1022 1034 10 40
1022 1035 10 1
1022 1036 10 2
1022 1037 10 3
1022 1038 10 4
1022 1039 10 5
1022 1040 10 6
1022 1041 10 7
1022 1042 10 8
1022 1043 10 9
1022 1044 10 10
1022 1045 10 11
1022 1046 10 12
1022 1047 10 13
1022 1048 10 34
1022 1049 10 35
1022 1050 10 36
1022 1051 10 37
1022 1052 10 38
1022 1053 10 39
1022 1054 10 40
1022 1055 10 1
1022 1056 10 2
1022 1057 10 3
1022 1058 10 4
1023 1029 10 35
1023 1030 10 36
1023 1031 10 37
1023 1032 10 38
1023 1033 10 39
1023 1034 10 40
1023 1035 10 1
1023 1036 10 2
1023 1037 10 3
1023 1038 10 4
1023 1039 10 5
1023 1040 10 6
1023 1041 10 7
1023 1042 10 8
1023 1043 10 9
1023 1044 10 10
1023 1045 10 11
1023 1046 10 12
1023 1047 10 13
1023 1048 10 34
1023 1049 10 35
1023 1050 10 36
1023 1051 10 37
1023 1052 10 38
1023 1053 10 39
1023 1054 10 40
1023 1055 10 1
1023 1056 10 2
1023 1057 10 3
1023 1058 10 4
1024 1029 10 35
1024 1030 10 36
1024 1031 10 37
1024 1032 10 38
1024 1033 10 39
1024 1034 10 40
1024 1035 10 1
1024 1036 10 2
1024 1037 10 3
1024 1038 10 4
1024 1039 10 5
1024 1040 10 6
1024 1041 10 7
1024 1042 10 8
1024 1043 10 9
1024 1044 10 10
1024 1045 10 11
1024 1046 10 12
1024 1047 10 13
1024 1048 10 34
1024 1049 10 35
1024 1050 10 36
1024 1051 10 37
1024 1052 10 38
1024 1053 10 39
1024 1054 10 40
1024 1055 10 1
1024 1056 10 2
1024 1057 10 3
1024 1058 10 4
1025 1029 10 35
1025 1030 10 36
1025 1031 10 37
1025 1032 10 38
1025 1033 10 39
1025 1034 10 40
1025 1035 10 1
1025 1036 10 2
1025 1037 10 3
1025 1038 10 4
1025 1039 10 5
1025 1040 10 6
1025 1041 10 7
1025 1042 10 8
1025 1043 10 9
1025 1044 10 10
1025 1045 10 11
1025 1046 10 12
1025 1047 10 13
1025 1048 10 34
1025 1049 10 35
1025 1050 10 36
1025 1051 10 37
1025 1052 10 38
1025 1053 10 39
1025 1054 10 40
1025 1055 10 1
1025 1056 10 2
1025 1057 10 3
1025 1058 10 4
1026 1029 10 35
1026 1030 10 36
1026 1031 10 37
1026 1032 10 38
1026 1033 10 39
1026 1034 10 40
1026 1035 10 1
1026 1036 10 2
1026 1037 10 3
1026 1038 10 4
1026 1039 10 5
1026 1040 10 6
1026 1041 10 7
1026 1042 10 8
1026 1043 10 9
1026 1044 10 10
1026 1045 10 11
1026 1046 10 12
1026 1047 10 13
1026 1048 10 34
1026 1049 10 35
1026 1050 10 36
1026 1051 10 37
1026 1052 10 38
1026 1053 10 39
1026 1054 10 40
1026 1055 10 1
1026 1056 10 2
1026 1057 10 3
1026 1058 10 4
1027 1029 10 35
1027 1030 10 36
1027 1031 10 37
1027 1032 10 38
1027 1033 10 39
1027 1034 10 40
1027 1035 10 1
1027 1036 10 2
1027 1037 10 3
1027 1038 10 4
1027 1039 10 5
1027 1040 10 6
1027 1041 10 7
1027 1042 10 8
1027 1043 10 9
1027 1044 10 10
1027 1045 10 11
1027 1046 10 12
1027 1047 10 13
1027 1048 10 34
1027 1049 10 35
1027 1050 10 36
1027 1051 10 37
1027 1052 10 38
1027 1053 10 39
1027 1054 10 40
1027 1055 10 1
1027 1056 10 2
1027 1057 10 3
1027 1058 10 4
1028 1029 10 35
1028 1030 10 36
1028 1031 10 37
1028 1032 10 38
1028 1033 10 39
1028 1034 10 40
1028 1035 10 1
1028 1036 10 2
1028 1037 10 3
1028 1038 10 4
1028 1039 10 5
1028 1040 10 6
1028 1041 10 7
1028 1042 10 8
1028 1043 10 9
1028 1044 10 10
1028 1045 10 11
1028 1046 10 12
1028 1047 10 13
1028 1048 10 34
1028 1049 10 35
1028 1050 10 36
1028 1051 10 37
1028 1052 10 38
1028 1053 10 39
1028 1054 10 40
1028 1055 10 1
1028 1056 10 2
1028 1057 10 3
1028 1058 10 4
1029 1059 10 36
1029 1060 10 37
1029 1061 10 38
1029 1062 10 39
1029 1063 10 40
1029 1064 10 1
1029 1065 10 2
1029 1066 10 3
1029 1067 10 4
1029 1068 10 5
1029 1069 10 6
1029 1070 10 7
1029 1071 10 8
1029 1072 10 9
1029 1073 10 10
1029 1074 10 11
1029 1075 10 12
1029 1076 10 13
1029 1077 10 14
1029 1078 10 35
1029 1079 10 36
1029 1080 10 37
1029 1081 10 38
1029 1082 10 39
1029 1083 10 40
1029 1084 10 1
1029 1085 10 2
1029 1086 10 3
1029 1087 10 4
1029 1088 10 5
1030 1059 10 36
1030 1060 10 37
1030 1061 10 38
1030 1062 10 39
1030 1063 10 40
1030 1064 10 1
1030 1065 10 2
1030 1066 10 3
1030 1067 10 4
1030 1068 10 5
1030 1069 10 6
1030 1070 10 7
1030 1071 10 8
1030 1072 10 9
1030 1073 10 10
1030 1074 10 11
1030 1075 10 12
1030 1076 10 13
1030 1077 10 14
1030 1078 10 35
1030 1079 10 36
1030 1080 10 37
1030 1081 10 38
1030 1082 10 39
1030 1083 10 40
1030 1084 10 1
1030 1085 10 2
1030 1086 10 3
1030 1087 10 4
1030 1088 10 5
1031 1059 10 36
1031 1060 10 37
1031 1061 10 38
1031 1062 10 39
1031 1063 10 40
1031 1064 10 1
1031 1065 10 2
1031 1066 10 3
1031 1067 10 4
1031 1068 10 5
1031 1069 10 6
1031 1070 10 7
1031 1071 10 8
1031 1072 10 9
1031 1073 10 10
1031 1074 10 11
1031 1075 10 12
1031 1076 10 13
1031 1077 10 14
1031 1078 10 35
1031 1079 10 36
1031 1080 10 37
1031 1081 10 38
1031 1082 10 39
1031 1083 10 40
1031 1084 10 1
1031 1085 10 2
1031 1086 10 3
1031 1087 10 4
1031 1088 10 5
1032 1059 10 36
1032 1060 10 37
1032 1061 10 38
1032 1062 10 39
1032 1063 10 40
1032 1064 10 1
1032 1065 10 2
1032 1066 10 3
1032 1067 10 4
1032 1068 10 5
1032 1069 10 6
1032 1070 10 7
1032 1071 10 8
1032 1072 10 9
1032 1073 10 10
1032 1074 10 11
1032 1075 10 12
1032 1076 10 13
1032 1077 10 14
1032 1078 10 35
1032 1079 10 36
1032 1080 10 37
1032 1081 10 38
1032 1082 10 39
1032 1083 10 40
1032 1084 10 1
1032 1085 10 2
1032 1086 10 3
1032 1087 10 4
1032 1088 10 5
1033 1059 10 36
1033 1060 10 37
1033 1061 10 38
1033 1062 10 39
1033 1063 10 40
1033 1064 10 1
1033 1065 10 2
1033 1066 10 3
1033 1067 10 4
1033 1068 10 5
1033 1069 10 6
1033 1070 10 7
1033 1071 10 8
1033 1072 10 9
1033 1073 10 10
1033 1074 10 11
1033 1075 10 12
1033 1076 10 13
1033 1077 10 14
1033 1078 10 35
1033 1079 10 36
1033 1080 10 37
1033 1081 10 38
1033 1082 10 39
1033 1083 10 40
1033 1084 10 1
1033 1085 10 2
1033 1086 10 3
1033 1087 10 4
1033 1088 10 5
1034 1059 10 36
1034 1060 10 37
1034 1061 10 38
1034 1062 10 39
1034 1063 10 40
1034 1064 10 1
1034 1065 10 2
1034 1066 10 3
1034 1067 10 4
1034 1068 10 5
1034 1069 10 6
1034 1070 10 7
1034 1071 10 8
1034 1072 10 9
1034 1073 10 10
1034 1074 10 11
1034 1075 10 12
1034 1076 10 13
1034 1077 10 14
1034 1078 10 35
1034 1079 10 36
1034 1080 10 37
1034 1081 10 38
1034 1082 10 39
1034 1083 10 40
1034 1084 10 1
1034 1085 10 2
1034 1086 10 3
1034 1087 10 4
1034 1088 10 5
1035 1059 10 36
1035 1060 10 37
1035 1061 10 38
1035 1062 10 39
1035 1063 10 40
1035 1064 10 1
1035 1065 10 2
1035 1066 10 3
1035 1067 10 4
1035 1068 10 5
1035 1069 10 6
1035 1070 10 7
1035 1071 10 8
1035 1072 10 9
1035 1073 10 10
1035 1074 10 11
1035 1075 10 12
1035 1076 10 13
1035 1077 10 14
1035 1078 10 35
1035 1079 10 36
1035 1080 10 37
1035 1081 10 38
1035 1082 10 39
1035 1083 10 40
1035 1084 10 1
1035 1085 10 2
1035 1086 10 3
1035 1087 10 4
1035 1088 10 5
1036 1059 10 36
1036 1060 10 37
1036 1061 10 38
1036 1062 10 39
1036 1063 10 40
1036 1064 10 1
1036 1065 10 2
1036 1066 10 3
1036 1067 10 4
1036 1068 10 5
1036 1069 10 6
1036 1070 10 7
1036 1071 10 8
1036 1072 10 9
1036 1073 10 10
1036 1074 10 11
1036 1075 10 12
1036 1076 10 13
1036 1077 10 14
1036 1078 10 35
1036 1079 10 36
1036 1080 10 37
1036 1081 10 38
1036 1082 10 39
1036 1083 10 40
1036 1084 10 1
1036 1085 10 2
1036 1086 10 3
1036 1087 10 4
1036 1088 10 5
1037 1059 10 36
1037 1060 10 37
1037 1061 10 38
1037 1062 10 39
1037 1063 10 40
1037 1064 10 1
1037 1065 10 2
1037 1066 10 3
1037 1067 10 4
1037 1068 10 5
1037 1069 10 6
1037 1070 10 7
1037 1071 10 8
1037 1072 10 9
1037 1073 10 10
1037 1074 10 11
1037 1075 10 12
1037 1076 10 13
1037 1077 10 14
1037 1078 10 35
1037 1079 10 36
1037 1080 10 37
1037 1081 10 38
1037 1082 10 39
1037 1083 10 40
1037 1084 10 1
1037 1085 10 2
1037 1086 10 3
1037 1087 10 4
1037 1088 10 5
1038 1059 10 36
1038 1060 10 37
1038 1061 10 38
1038 1062 10 39
1038 1063 10 40
1038 1064 10 1
1038 1065 10 2
1038 1066 10 3
1038 1067 10 4
1038 1068 10 5
1038 1069 10 6
1038 1070 10 7
1038 1071 10 8
1038 1072 10 9
1038 1073 10 10
1038 1074 10 11
1038 1075 10 12
1038 1076 10 13
1038 1077 10 14
1038 1078 10 35
1038 1079 10 36
1038 1080 10 37
1038 1081 10 38
1038 1082 10 39
1038 1083 10 40
1038 1084 10 1
1038 1085 10 2
1038 1086 10 3
1038 1087 10 4
1038 1088 10 5
1039 1059 10 36
1039 1060 10 37
1039 1061 10 38
1039 1062 10 39
1039 1063 10 40
1039 1064 10 1
1039 1065 10 2
1039 1066 10 3
1039 1067 10 4
1039 1068 10 5
1039 1069 10 6
1039 1070 10 7
1039 1071 10 8
1039 1072 10 9
1039 1073 10 10
1039 1074 10 11
1039 1075 10 12
1039 1076 10 13
1039 1077 10 14
1039 1078 10 35
1039 1079 10 36
1039 1080 10 37
1039 1081 10 38
1039 1082 10 39
1039 1083 10 40
1039 1084 10 1
1039 1085 10 2
1039 1086 10 3
1039 1087 10 4
1039 1088 10 5
1040 1059 10 36
1040 1060 10 37
1040 1061 10 38
1040 1062 10 39
1040 1063 10 40
1040 1064 10 1
1040 1065 10 2
1040 1066 10 3
1040 1067 10 4
1040 1068 10 5
1040 1069 10 6
1040 1070 10 7
1040 1071 10 8
1040 1072 10 9
1040 1073 10 10
1040 1074 10 11
1040 1075 10 12
1040 1076 10 13
1040 1077 10 14
1040 1078 10 35
1040 1079 10 36
1040 1080 10 37
1040 1081 10 38
1040 1082 10 39
1040 1083 10 40
1040 1084 10 1
1040 1085 10 2
1040 1086 10 3
1040 1087 10 4
1040 1088 10 5
1041 1059 10 36
1041 1060 10 37
1041 1061 10 38
1041 1062 10 39
1041 1063 10 40
1041 1064 10 1
1041 1065 10 2
1041 1066 10 3
1041 1067 10 4
1041 1068 10 5
1041 1069 10 6
1041 1070 10 7
1041 1071 10 8
1041 1072 10 9
1041 1073 10 10
1041 1074 10 11
1041 1075 10 12
1041 1076 10 13
1041 1077 10 14
1041 1078 10 35
1041 1079 10 36
1041 1080 10 37
1041 1081 10 38
1041 1082 10 39
1041 1083 10 40
1041 1084 10 1
1041 1085 10 2
1041 1086 10 3
1041 1087 10 4
1041 1088 10 5
1042 1059 10 36
1042 1060 10 37
1042 1061 10 38
1042 1062 10 39
1042 1063 10 40
1042 1064 10 1
1042 1065 10 2
1042 1066 10 3
1042 1067 10 4
1042 1068 10 5
1042 1069 10 6
1042 1070 10 7
1042 1071 10 8
1042 1072 10 9
1042 1073 10 10
1042 1074 10 11
1042 1075 10 12
1042 1076 10 13
1042 1077 10 14
1042 1078 10 35
1042 1079 10 36
1042 1080 10 37
1042 1081 10 38
1042 1082 10 39
1042 1083 10 40
1042 1084 10 1
1042 1085 10 2
1042 1086 10 3
1042 1087 10 4
1042 1088 10 5
1043 1059 10 36
1043 1060 10 37
1043 1061 10 38
1043 1062 10 39
1043 1063 10 40
1043 1064 10 1
1043 1065 10 2
1043 1066 10 3
1043 1067 10 4
1043 1068 10 5
1043 1069 10 6
1043 1070 10 7
1043 1071 10 8
1043 1072 10 9
1043 1073 10 10
1043 1074 10 11
1043 1075 10 12
1043 1076 10 13
1043 1077 10 14
1043 1078 10 35
1043 1079 10 36
1043 1080 10 37
1043 1081 10 38
1043 1082 10 39
1043 1083 10 40
1043 1084 10 1
1043 1085 10 2
1043 1086 10 3
1043 1087 10 4
1043 1088 10 5
1044 1059 10 36
1044 1060 10 37
1044 1061 10 38
1044 1062 10 39
1044 1063 10 40
1044 1064 10 1
1044 1065 10 2
1044 1066 10 3
1044 1067 10 4
1044 1068 10 5
1044 1069 10 6
1044 1070 10 7
1044 1071 10 8
1044 1072 10 9
1044 1073 10 10
1044 1074 10 11
1044 1075 10 12
1044 1076 10 13
1044 1077 10 14
1044 1078 10 35
1044 1079 10 36
1044 1080 10 37
1044 1081 10 38
1044 1082 10 39
1044 1083 10 40
1044 1084 10 1
1044 1085 10 2
1044 1086 10 3
1044 1087 10 4
1044 1088 10 5
1045 1059 10 36
1045 1060 10 37
1045 1061 10 38
1045 1062 10 39
1045 1063 10 40
1045 1064 10 1
1045 1065 10 2
1045 1066 10 3
1045 1067 10 4
1045 1068 10 5
1045 1069 10 6
1045 1070 10 7
1045 1071 10 8
1045 1072 10 9
1045 1073 10 10
1045 1074 10 11
1045 1075 10 12
1045 1076 10 13
1045 1077 10 14
1045 1078 10 35
1045 1079 10 36
1045 1080 10 37
1045 1081 10 38
1045 1082 10 39
1045 1083 10 40
1045 1084 10 1
1045 1085 10 2
1045 1086 10 3
1045 1087 10 4
1045 1088 10 5
1046 1059 10 36
1046 1060 10 37
1046 1061 10 38
1046 1062 10 39
1046 1063 10 40
1046 1064 10 1
1046 1065 10 2
1046 1066 10 3
1046 1067 10 4
1046 1068 10 5
1046 1069 10 6
1046 1070 10 7
1046 1071 10 8
1046 1072 10 9
1046 1073 10 10
1046 1074 10 11
1046 1075 10 12
1046 1076 10 13
1046 1077 10 14
1046 1078 10 35
1046 1079 10 36
1046 1080 10 37
1046 1081 10 38
1046 1082 10 39
1046 1083 10 40
1046 1084 10 1
1046 1085 10 2
1046 1086 10 3
1046 1087 10 4
1046 1088 10 5
1047 1059 10 36
1047 1060 10 37
1047 1061 10 38
1047 1062 10 39
1047 1063 10 40
1047 1064 10 1
1047 1065 10 2
1047 1066 10 3
1047 1067 10 4
1047 1068 10 5
1047 1069 10 6
1047 1070 10 7
1047 1071 10 8
1047 1072 10 9
1047 1073 10 10
1047 1074 10 11
1047 1075 10 12
1047 1076 10 13
1047 1077 10 14
1047 1078 10 35
1047 1079 10 36
1047 1080 10 37
1047 1081 10 38
1047 1082 10 39
1047 1083 10 40
1047 1084 10 1
1047 1085 10 2
1047 1086 10 3
1047 1087 10 4
1047 1088 10 5
1048 1059 10 36
1048 1060 10 37
1048 1061 10 38
1048 1062 10 39
1048 1063 10 40
1048 1064 10 1
1048 1065 10 2
1048 1066 10 3
1048 1067 10 4
1048 1068 10 5
1048 1069 10 6
1048 1070 10 7
1048 1071 10 8
1048 1072 10 9
1048 1073 10 10
1048 1074 10 11
1048 1075 10 12
1048 1076 10 13
1048 1077 10 14
1048 1078 10 35
1048 1079 10 36
1048 1080 10 37
1048 1081 10 38
1048 1082 10 39
1048 1083 10 40
1048 1084 10 1
1048 1085 10 2
1048 1086 10 3
1048 1087 10 4
1048 1088 10 5
1049 1059 10 36
1049 1060 10 37
1049 1061 10 38
1049 1062 10 39
1049 1063 10 40
1049 1064 10 1
1049 1065 10 2
1049 1066 10 3
1049 1067 10 4
1049 1068 10 5
1049 1069 10 6
1049 1070 10 7
1049 1071 10 8
1049 1072 10 9
1049 1073 10 10
1049 1074 10 11
1049 1075 10 12
1049 1076 10 13
1049 1077 10 14
1049 1078 10 35
1049 1079 10 36
1049 1080 10 37
1049 1081 10 38
1049 1082 10 39
1049 1083 10 40
1049 1084 10 1
1049 1085 10 2
1049 1086 10 3
1049 1087 10 4
1049 1088 10 5
1050 1059 10 36
1050 1060 10 37
1050 1061 10 38
1050 1062 10 39
1050 1063 10 40
1050 1064 10 1
1050 1065 10 2
1050 1066 10 3
1050 1067 10 4
1050 1068 10 5
1050 1069 10 6
1050 1070 10 7
1050 1071 10 8
1050 1072 10 9
1050 1073 10 10
1050 1074 10 11
1050 1075 10 12
1050 1076 10 13
1050 1077 10 14
1050 1078 10 35
1050 1079 10 36
1050 1080 10 37
1050 1081 10 38
1050 1082 10 39
1050 1083 10 40
1050 1084 10 1
1050 1085 10 2
1050 1086 10 3
1050 1087 10 4
1050 1088 10 5
1051 1059 10 36
1051 1060 10 37
1051 1061 10 38
1051 1062 10 39
1051 1063 10 40
1051 1064 10 1
1051 1065 10 2
1051 1066 10 3
1051 1067 10 4
1051 1068 10 5
1051 1069 10 6
1051 1070 10 7
1051 1071 10 8
1051 1072 10 9
1051 1073 10 10
1051 1074 10 11
1051 1075 10 12
1051 1076 10 13
1051 1077 10 14
1051 1078 10 35
1051 1079 10 36
1051 1080 10 37
1051 1081 10 38
1051 1082 10 39
1051 1083 10 40
1051 1084 10 1
1051 1085 10 2
1051 1086 10 3
1051 1087 10 4
1051 1088 10 5
1052 1059 10 36
1052 1060 10 37
1052 1061 10 38
1052 1062 10 39
1052 1063 10 40
1052 1064 10 1
1052 1065 10 2
1052 1066 10 3
1052 1067 10 4
1052 1068 10 5
1052 1069 10 6
1052 1070 10 7
1052 1071 10 8
1052 1072 10 9
1052 1073 10 10
1052 1074 10 11
1052 1075 10 12
1052 1076 10 13
1052 1077 10 14
1052 1078 10 35
1052 1079 10 36
1052 1080 10 37
1052 1081 10 38
1052 1082 10 39
1052 1083 10 40
1052 1084 10 1
1052 1085 10 2
1052 1086 10 3
1052 1087 10 4
1052 1088 10 5
1053 1059 10 36
1053 1060 10 37
1053 1061 10 38
1053 1062 10 39
1053 1063 10 40
1053 1064 10 1
1053 1065 10 2
1053 1066 10 3
1053 1067 10 4
1053 1068 10 5
1053 1069 10 6
1053 1070 10 7
1053 1071 10 8
1053 1072 10 9
1053 1073 10 10
1053 1074 10 11
1053 1075 10 12
1053 1076 10 13
1053 1077 10 14
1053 1078 10 35
1053 1079 10 36
1053 1080 10 37
1053 1081 10 38
1053 1082 10 39
1053 1083 10 40
1053 1084 10 1
1053 1085 10 2
1053 1086 10 3
1053 1087 10 4
1053 1088 10 5
1054 1059 10 36
1054 1060 10 37
1054 1061 10 38
1054 1062 10 39
1054 1063 10 40
1054 1064 10 1
1054 1065 10 2
1054 1066 10 3
1054 1067 10 4
1054 1068 10 5
1054 1069 10 6
1054 1070 10 7
1054 1071 10 8
1054 1072 10 9
1054 1073 10 10
1054 1074 10 11
1054 1075 10 12
1054 1076 10 13
1054 1077 10 14
1054 1078 10 35
1054 1079 10 36
1054 1080 10 37
1054 1081 10 38
1054 1082 10 39
1054 1083 10 40
1054 1084 10 1
1054 1085 10 2
1054 1086 10 3
1054 1087 10 4
1054 1088 10 5
1055 1059 10 36
1055 1060 10 37
1055 1061 10 38
1055 1062 10 39
1055 1063 10 40
1055 1064 10 1
1055 1065 10 2
1055 1066 10 3
1055 1067 10 4
1055 1068 10 5
1055 1069 10 6
1055 1070 10 7
1055 1071 10 8
1055 1072 10 9
1055 1073 10 10
1055 1074 10 11
1055 1075 10 12
1055 1076 10 13
1055 1077 10 14
1055 1078 10 35
1055 1079 10 36
1055 1080 10 37
1055 1081 10 38
1055 1082 10 39
1055 1083 10 40
1055 1084 10 1
1055 1085 10 2
1055 1086 10 3
1055 1087 10 4
1055 1088 10 5
1056 1059 10 36
1056 1060 10 37
1056 1061 10 38
1056 1062 10 39
1056 1063 10 40
1056 1064 10 1
1056 1065 10 2
1056 1066 10 3
1056 1067 10 4
1056 1068 10 5
1056 1069 10 6
1056 1070 10 7
1056 1071 10 8
1056 1072 10 9
1056 1073 10 10
1056 1074 10 11
1056 1075 10 12
1056 1076 10 13
1056 1077 10 14
1056 1078 10 35
1056 1079 10 36
1056 1080 10 37
1056 1081 10 38
1056 1082 10 39
1056 1083 10 40
1056 1084 10 1
1056 1085 10 2
1056 1086 10 3
1056 1087 10 4
1056 1088 10 5
1057 1059 10 36
1057 1060 10 37
1057 1061 10 38
1057 1062 10 39
1057 1063 10 40
1057 1064 10 1
1057 1065 10 2
1057 1066 10 3
1057 1067 10 4
1057 1068 10 5
1057 1069 10 6
1057 1070 10 7
1057 1071 10 8
1057 1072 10 9
1057 1073 10 10
1057 1074 10 11
1057 1075 10 12
1057 1076 10 13
1057 1077 10 14
1057 1078 10 35
1057 1079 10 36
1057 1080 10 37
1057 1081 10 38
1057 1082 10 39
1057 1083 10 40
1057 1084 10 1
1057 1085 10 2
1057 1086 10 3
1057 1087 10 4
1057 1088 10 5
1058 1059 10 36
1058 1060 10 37
1058 1061 10 38
1058 1062 10 39
1058 1063 10 40
1058 1064 10 1
1058 1065 10 2
1058 1066 10 3
1058 1067 10 4
1058 1068 10 5
1058 1069 10 6
1058 1070 10 7
1058 1071 10 8
1058 1072 10 9
1058 1073 10 10
1058 1074 10 11
1058 1075 10 12
1058 1076 10 13
1058 1077 10 14
1058 1078 10 35
1058 1079 10 36
1058 1080 10 37
1058 1081 10 38
1058 1082 10 39
1058 1083 10 40
1058 1084 10 1
1058 1085 10 2
1058 1086 10 3
1058 1087 10 4
1058 1088 10 5
1059 2 10 1
1060 2 10 1
1061 2 10 1
1062 2 10 1
1063 2 10 1
1064 2 10 1
1065 2 10 1
1066 2 10 1
1067 2 10 1
1068 2 10 1
1069 2 10 1
1070 2 10 1
1071 2 10 1
1072 2 10 1
1073 2 10 1
1074 2 10 1
1075 2 10 1
1076 2 10 1
1077 2 10 1
1078 2 10 1
1079 2 10 1
1080 2 10 1
1081 2 10 1
1082 2 10 1
1083 2 10 1
1084 2 10 1
1085 2 10 1
1086 2 10 1
1087 2 10 1
1088 2 10 1
