1438 54517 1 2 30 999
1 3 500 999
3 4 500 999
4 5 500 999
5 6 500 999
6 7 500 999
7 8 500 999
8 9 500 999
9 10 500 999
10 11 500 999
11 12 500 999
12 13 500 999
13 14 500 999
14 15 500 999
15 16 500 999
16 17 500 999
17 18 500 999
18 19 500 999
19 20 500 999
20 21 500 999
21 22 500 999
22 23 500 999
23 24 500 999
24 25 500 999
25 26 500 999
26 27 500 999
27 28 500 999
28 29 500 999
29 30 500 999
30 31 500 999
31 32 500 999
32 33 500 999
33 34 500 999
34 35 500 999
35 36 500 999
36 37 500 999
37 38 500 999
38 2 500 999
1 39 10 2
1 40 10 3
1 41 10 4
1 42 10 5
1 43 10 6
1 44 10 7
1 45 10 8
1 46 10 9
1 47 10 10
1 48 10 11
1 49 10 12
1 50 10 13
1 51 10 14
1 52 10 15
1 53 10 16
1 54 10 17
1 55 10 18
1 56 10 19
1 57 10 20
1 58 10 21
1 59 10 22
1 60 10 23
1 61 10 24
1 62 10 25
1 63 10 26
1 64 10 27
1 65 10 28
1 66 10 29
1 67 10 30
1 68 10 1
1 69 10 2
1 70 10 3
1 71 10 4
1 72 10 5
1 73 10 6
1 74 10 7
1 75 10 8
1 76 10 9
1 77 10 10
1 78 10 11
39 79 10 3
39 80 10 4
39 81 10 5
39 82 10 6
39 83 10 7
39 84 10 8
39 85 10 9
39 86 10 10
39 87 10 11
39 88 10 12
39 89 10 13
39 90 10 14
39 91 10 15
39 92 10 16
39 93 10 17
39 94 10 18
39 95 10 19
39 96 10 20
39 97 10 21
39 98 10 22
39 99 10 23
39 100 10 24
39 101 10 25
39 102 10 26
39 103 10 27
39 104 10 28
39 105 10 29
39 106 10 30
39 107 10 31
39 108 10 2
39 109 10 3
39 110 10 4
39 111 10 5
39 112 10 6
39 113 10 7
39 114 10 8
39 115 10 9
39 116 10 10
39 117 10 11
39 118 10 12
40 79 10 3
40 80 10 4
40 81 10 5
40 82 10 6
40 83 10 7
40 84 10 8
40 85 10 9
40 86 10 10
40 87 10 11
40 88 10 12
40 89 10 13
40 90 10 14
40 91 10 15
40 92 10 16
40 93 10 17
40 94 10 18
40 95 10 19
40 96 10 20
40 97 10 21
40 98 10 22
40 99 10 23
40 100 10 24
40 101 10 25
40 102 10 26
40 103 10 27
40 104 10 28
40 105 10 29
40 106 10 30
40 107 10 31
40 108 10 2
40 109 10 3
40 110 10 4
40 111 10 5
40 112 10 6
40 113 10 7
40 114 10 8
40 115 10 9
40 116 10 10
40 117 10 11
40 118 10 12
41 79 10 3
41 80 10 4
41 81 10 5
41 82 10 6
41 83 10 7
41 84 10 8
41 85 10 9
41 86 10 10
41 87 10 11
41 88 10 12
41 89 10 13
41 90 10 14
41 91 10 15
41 92 10 16
41 93 10 17
41 94 10 18
41 95 10 19
41 96 10 20
41 97 10 21
41 98 10 22
41 99 10 23
41 100 10 24
41 101 10 25
41 102 10 26
41 103 10 27
41 104 10 28
41 105 10 29
41 106 10 30
41 107 10 31
41 108 10 2
41 109 10 3
41 110 10 4
41 111 10 5
41 112 10 6
41 113 10 7
41 114 10 8
41 115 10 9
41 116 10 10
41 117 10 11
41 118 10 12
42 79 10 3
42 80 10 4
42 81 10 5
42 82 10 6
42 83 10 7
42 84 10 8
42 85 10 9
42 86 10 10
42 87 10 11
42 88 10 12
42 89 10 13
42 90 10 14
42 91 10 15
42 92 10 16
42 93 10 17
42 94 10 18
42 95 10 19
42 96 10 20
42 97 10 21
42 98 10 22
42 99 10 23
42 100 10 24
42 101 10 25
42 102 10 26
42 103 10 27
42 104 10 28
42 105 10 29
42 106 10 30
42 107 10 31
42 108 10 2
42 109 10 3
42 110 10 4
42 111 10 5
42 112 10 6
42 113 10 7
42 114 10 8
42 115 10 9
42 116 10 10
42 117 10 11
42 118 10 12
43 79 10 3
43 80 10 4
43 81 10 5
43 82 10 6
43 83 10 7
43 84 10 8
43 85 10 9
43 86 10 10
43 87 10 11
43 88 10 12
43 89 10 13
43 90 10 14
43 91 10 15
43 92 10 16
43 93 10 17
43 94 10 18
43 95 10 19
43 96 10 20
43 97 10 21
43 98 10 22
43 99 10 23
43 100 10 24
43 101 10 25
43 102 10 26
43 103 10 27
43 104 10 28
43 105 10 29
43 106 10 30
43 107 10 31
43 108 10 2
43 109 10 3
43 110 10 4
43 111 10 5
43 112 10 6
43 113 10 7
43 114 10 8
43 115 10 9
43 116 10 10
43 117 10 11
43 118 10 12
44 79 10 3
44 80 10 4
44 81 10 5
44 82 10 6
44 83 10 7
44 84 10 8
44 85 10 9
44 86 10 10
44 87 10 11
44 88 10 12
44 89 10 13
44 90 10 14
44 91 10 15
44 92 10 16
44 93 10 17
44 94 10 18
44 95 10 19
44 96 10 20
44 97 10 21
44 98 10 22
44 99 10 23
44 100 10 24
44 101 10 25
44 102 10 26
44 103 10 27
44 104 10 28
44 105 10 29
44 106 10 30
44 107 10 31
44 108 10 2
44 109 10 3
44 110 10 4
44 111 10 5
44 112 10 6
44 113 10 7
44 114 10 8
44 115 10 9
44 116 10 10
44 117 10 11
44 118 10 12
45 79 10 3
45 80 10 4
45 81 10 5
45 82 10 6
45 83 10 7
45 84 10 8
45 85 10 9
45 86 10 10
45 87 10 11
45 88 10 12
45 89 10 13
45 90 10 14
45 91 10 15
45 92 10 16
45 93 10 17
45 94 10 18
45 95 10 19
45 96 10 20
45 97 10 21
45 98 10 22
45 99 10 23
45 100 10 24
45 101 10 25
45 102 10 26
45 103 10 27
45 104 10 28
45 105 10 29
45 106 10 30
45 107 10 31
45 108 10 2
45 109 10 3
45 110 10 4
45 111 10 5
45 112 10 6
45 113 10 7
45 114 10 8
45 115 10 9
45 116 10 10
45 117 10 11
45 118 10 12
46 79 10 3
46 80 10 4
46 81 10 5
46 82 10 6
46 83 10 7
46 84 10 8
46 85 10 9
46 86 10 10
46 87 10 11
46 88 10 12
46 89 10 13
46 90 10 14
46 91 10 15
46 92 10 16
46 93 10 17
46 94 10 18
46 95 10 19
46 96 10 20
46 97 10 21
46 98 10 22
46 99 10 23
46 100 10 24
46 101 10 25
46 102 10 26
46 103 10 27
46 104 10 28
46 105 10 29
46 106 10 30
46 107 10 31
46 108 10 2
46 109 10 3
46 110 10 4
46 111 10 5
46 112 10 6
46 113 10 7
46 114 10 8
46 115 10 9
46 116 10 10
46 117 10 11
46 118 10 12
47 79 10 3
47 80 10 4
47 81 10 5
47 82 10 6
47 83 10 7
47 84 10 8
47 85 10 9
47 86 10 10
47 87 10 11
47 88 10 12
47 89 10 13
47 90 10 14
47 91 10 15
47 92 10 16
47 93 10 17
47 94 10 18
47 95 10 19
47 96 10 20
47 97 10 21
47 98 10 22
47 99 10 23
47 100 10 24
47 101 10 25
47 102 10 26
47 103 10 27
47 104 10 28
47 105 10 29
47 106 10 30
47 107 10 31
47 108 10 2
47 109 10 3
47 110 10 4
47 111 10 5
47 112 10 6
47 113 10 7
47 114 10 8
47 115 10 9
47 116 10 10
47 117 10 11
47 118 10 12
48 79 10 3
48 80 10 4
48 81 10 5
48 82 10 6
48 83 10 7
48 84 10 8
48 85 10 9
48 86 10 10
48 87 10 11
48 88 10 12
48 89 10 13
48 90 10 14
48 91 10 15
48 92 10 16
48 93 10 17
48 94 10 18
48 95 10 19
48 96 10 20
48 97 10 21
48 98 10 22
48 99 10 23
48 100 10 24
48 101 10 25
48 102 10 26
48 103 10 27
48 104 10 28
48 105 10 29
48 106 10 30
48 107 10 31
48 108 10 2
48 109 10 3
48 110 10 4
48 111 10 5
48 112 10 6
48 113 10 7
48 114 10 8
48 115 10 9
48 116 10 10
48 117 10 11
48 118 10 12
49 79 10 3
49 80 10 4
49 81 10 5
49 82 10 6
49 83 10 7
49 84 10 8
49 85 10 9
49 86 10 10
49 87 10 11
49 88 10 12
49 89 10 13
49 90 10 14
49 91 10 15
49 92 10 16
49 93 10 17
49 94 10 18
49 95 10 19
49 96 10 20
49 97 10 21
49 98 10 22
49 99 10 23
49 100 10 24
49 101 10 25
49 102 10 26
49 103 10 27
49 104 10 28
49 105 10 29
49 106 10 30
49 107 10 31
49 108 10 2
49 109 10 3
49 110 10 4
49 111 10 5
49 112 10 6
49 113 10 7
49 114 10 8
49 115 10 9
49 116 10 10
49 117 10 11
49 118 10 12
50 79 10 3
50 80 10 4
50 81 10 5
50 82 10 6
50 83 10 7
50 84 10 8
50 85 10 9
50 86 10 10
50 87 10 11
50 88 10 12
50 89 10 13
50 90 10 14
50 91 10 15
50 92 10 16
50 93 10 17
50 94 10 18
50 95 10 19
50 96 10 20
50 97 10 21
50 98 10 22
50 99 10 23
50 100 10 24
50 101 10 25
50 102 10 26
50 103 10 27
50 104 10 28
50 105 10 29
50 106 10 30
50 107 10 31
50 108 10 2
50 109 10 3
50 110 10 4
50 111 10 5
50 112 10 6
50 113 10 7
50 114 10 8
50 115 10 9
50 116 10 10
50 117 10 11
50 118 10 12
51 79 10 3
51 80 10 4
51 81 10 5
51 82 10 6
51 83 10 7
51 84 10 8
51 85 10 9
51 86 10 10
51 87 10 11
51 88 10 12
51 89 10 13
51 90 10 14
51 91 10 15
51 92 10 16
51 93 10 17
51 94 10 18
51 95 10 19
51 96 10 20
51 97 10 21
51 98 10 22
51 99 10 23
51 100 10 24
51 101 10 25
51 102 10 26
51 103 10 27
51 104 10 28
51 105 10 29
51 106 10 30
51 107 10 31
51 108 10 2
51 109 10 3
51 110 10 4
51 111 10 5
51 112 10 6
51 113 10 7
51 114 10 8
51 115 10 9
51 116 10 10
51 117 10 11
51 118 10 12
52 79 10 3
52 80 10 4
52 81 10 5
52 82 10 6
52 83 10 7
52 84 10 8
52 85 10 9
52 86 10 10
52 87 10 11
52 88 10 12
52 89 10 13
52 90 10 14
52 91 10 15
52 92 10 16
52 93 10 17
52 94 10 18
52 95 10 19
52 96 10 20
52 97 10 21
52 98 10 22
52 99 10 23
52 100 10 24
52 101 10 25
52 102 10 26
52 103 10 27
52 104 10 28
52 105 10 29
52 106 10 30
52 107 10 31
52 108 10 2
52 109 10 3
52 110 10 4
52 111 10 5
52 112 10 6
52 113 10 7
52 114 10 8
52 115 10 9
52 116 10 10
52 117 10 11
52 118 10 12
53 79 10 3
53 80 10 4
53 81 10 5
53 82 10 6
53 83 10 7
53 84 10 8
53 85 10 9
53 86 10 10
53 87 10 11
53 88 10 12
53 89 10 13
53 90 10 14
53 91 10 15
53 92 10 16
53 93 10 17
53 94 10 18
53 95 10 19
53 96 10 20
53 97 10 21
53 98 10 22
53 99 10 23
53 100 10 24
53 101 10 25
53 102 10 26
53 103 10 27
53 104 10 28
53 105 10 29
53 106 10 30
53 107 10 31
53 108 10 2
53 109 10 3
53 110 10 4
53 111 10 5
53 112 10 6
53 113 10 7
53 114 10 8
53 115 10 9
53 116 10 10
53 117 10 11
53 118 10 12
54 79 10 3
54 80 10 4
54 81 10 5
54 82 10 6
54 83 10 7
54 84 10 8
54 85 10 9
54 86 10 10
54 87 10 11
54 88 10 12
54 89 10 13
54 90 10 14
54 91 10 15
54 92 10 16
54 93 10 17
54 94 10 18
54 95 10 19
54 96 10 20
54 97 10 21
54 98 10 22
54 99 10 23
54 100 10 24
54 101 10 25
54 102 10 26
54 103 10 27
54 104 10 28
54 105 10 29
54 106 10 30
54 107 10 31
54 108 10 2
54 109 10 3
54 110 10 4
54 111 10 5
54 112 10 6
54 113 10 7
54 114 10 8
54 115 10 9
54 116 10 10
54 117 10 11
54 118 10 12
55 79 10 3
55 80 10 4
55 81 10 5
55 82 10 6
55 83 10 7
55 84 10 8
55 85 10 9
55 86 10 10
55 87 10 11
55 88 10 12
55 89 10 13
55 90 10 14
55 91 10 15
55 92 10 16
55 93 10 17
55 94 10 18
55 95 10 19
55 96 10 20
55 97 10 21
55 98 10 22
55 99 10 23
55 100 10 24
55 101 10 25
55 102 10 26
55 103 10 27
55 104 10 28
55 105 10 29
55 106 10 30
55 107 10 31
55 108 10 2
55 109 10 3
55 110 10 4
55 111 10 5
55 112 10 6
55 113 10 7
55 114 10 8
55 115 10 9
55 116 10 10
55 117 10 11
55 118 10 12
56 79 10 3
56 80 10 4
56 81 10 5
56 82 10 6
56 83 10 7
56 84 10 8
56 85 10 9
56 86 10 10
56 87 10 11
56 88 10 12
56 89 10 13
56 90 10 14
56 91 10 15
56 92 10 16
56 93 10 17
56 94 10 18
56 95 10 19
56 96 10 20
56 97 10 21
56 98 10 22
56 99 10 23
56 100 10 24
56 101 10 25
56 102 10 26
56 103 10 27
56 104 10 28
56 105 10 29
56 106 10 30
56 107 10 31
56 108 10 2
56 109 10 3
56 110 10 4
56 111 10 5
56 112 10 6
56 113 10 7
56 114 10 8
56 115 10 9
56 116 10 10
56 117 10 11
56 118 10 12
57 79 10 3
57 80 10 4
57 81 10 5
57 82 10 6
57 83 10 7
57 84 10 8
57 85 10 9
57 86 10 10
57 87 10 11
57 88 10 12
57 89 10 13
57 90 10 14
57 91 10 15
57 92 10 16
57 93 10 17
57 94 10 18
57 95 10 19
57 96 10 20
57 97 10 21
57 98 10 22
57 99 10 23
57 100 10 24
57 101 10 25
57 102 10 26
57 103 10 27
57 104 10 28
57 105 10 29
57 106 10 30
57 107 10 31
57 108 10 2
57 109 10 3
57 110 10 4
57 111 10 5
57 112 10 6
57 113 10 7
57 114 10 8
57 115 10 9
57 116 10 10
57 117 10 11
57 118 10 12
58 79 10 3
58 80 10 4
58 81 10 5
58 82 10 6
58 83 10 7
58 84 10 8
58 85 10 9
58 86 10 10
58 87 10 11
58 88 10 12
58 89 10 13
58 90 10 14
58 91 10 15
58 92 10 16
58 93 10 17
58 94 10 18
58 95 10 19
58 96 10 20
58 97 10 21
58 98 10 22
58 99 10 23
58 100 10 24
58 101 10 25
58 102 10 26
58 103 10 27
58 104 10 28
58 105 10 29
58 106 10 30
58 107 10 31
58 108 10 2
58 109 10 3
58 110 10 4
58 111 10 5
58 112 10 6
58 113 10 7
58 114 10 8
58 115 10 9
58 116 10 10
58 117 10 11
58 118 10 12
59 79 10 3
59 80 10 4
59 81 10 5
59 82 10 6
59 83 10 7
59 84 10 8
59 85 10 9
59 86 10 10
59 87 10 11
59 88 10 12
59 89 10 13
59 90 10 14
59 91 10 15
59 92 10 16
59 93 10 17
59 94 10 18
59 95 10 19
59 96 10 20
59 97 10 21
59 98 10 22
59 99 10 23
59 100 10 24
59 101 10 25
59 102 10 26
59 103 10 27
59 104 10 28
59 105 10 29
59 106 10 30
59 107 10 31
59 108 10 2
59 109 10 3
59 110 10 4
59 111 10 5
59 112 10 6
59 113 10 7
59 114 10 8
59 115 10 9
59 116 10 10
59 117 10 11
59 118 10 12
60 79 10 3
60 80 10 4
60 81 10 5
60 82 10 6
60 83 10 7
60 84 10 8
60 85 10 9
60 86 10 10
60 87 10 11
60 88 10 12
60 89 10 13
60 90 10 14
60 91 10 15
60 92 10 16
60 93 10 17
60 94 10 18
60 95 10 19
60 96 10 20
60 97 10 21
60 98 10 22
60 99 10 23
60 100 10 24
60 101 10 25
60 102 10 26
60 103 10 27
60 104 10 28
60 105 10 29
60 106 10 30
60 107 10 31
60 108 10 2
60 109 10 3
60 110 10 4
60 111 10 5
60 112 10 6
60 113 10 7
60 114 10 8
60 115 10 9
60 116 10 10
60 117 10 11
60 118 10 12
61 79 10 3
61 80 10 4
61 81 10 5
61 82 10 6
61 83 10 7
61 84 10 8
61 85 10 9
61 86 10 10
61 87 10 11
61 88 10 12
61 89 10 13
61 90 10 14
61 91 10 15
61 92 10 16
61 93 10 17
61 94 10 18
61 95 10 19
61 96 10 20
61 97 10 21
61 98 10 22
61 99 10 23
61 100 10 24
61 101 10 25
61 102 10 26
61 103 10 27
61 104 10 28
61 105 10 29
61 106 10 30
61 107 10 31
61 108 10 2
61 109 10 3
61 110 10 4
61 111 10 5
61 112 10 6
61 113 10 7
61 114 10 8
61 115 10 9
61 116 10 10
61 117 10 11
61 118 10 12
62 79 10 3
62 80 10 4
62 81 10 5
62 82 10 6
62 83 10 7
62 84 10 8
62 85 10 9
62 86 10 10
62 87 10 11
62 88 10 12
62 89 10 13
62 90 10 14
62 91 10 15
62 92 10 16
62 93 10 17
62 94 10 18
62 95 10 19
62 96 10 20
62 97 10 21
62 98 10 22
62 99 10 23
62 100 10 24
62 101 10 25
62 102 10 26
62 103 10 27
62 104 10 28
62 105 10 29
62 106 10 30
62 107 10 31
62 108 10 2
62 109 10 3
62 110 10 4
62 111 10 5
62 112 10 6
62 113 10 7
62 114 10 8
62 115 10 9
62 116 10 10
62 117 10 11
62 118 10 12
63 79 10 3
63 80 10 4
63 81 10 5
63 82 10 6
63 83 10 7
63 84 10 8
63 85 10 9
63 86 10 10
63 87 10 11
63 88 10 12
63 89 10 13
63 90 10 14
63 91 10 15
63 92 10 16
63 93 10 17
63 94 10 18
63 95 10 19
63 96 10 20
63 97 10 21
63 98 10 22
63 99 10 23
63 100 10 24
63 101 10 25
63 102 10 26
63 103 10 27
63 104 10 28
63 105 10 29
63 106 10 30
63 107 10 31
63 108 10 2
63 109 10 3
63 110 10 4
63 111 10 5
63 112 10 6
63 113 10 7
63 114 10 8
63 115 10 9
63 116 10 10
63 117 10 11
63 118 10 12
64 79 10 3
64 80 10 4
64 81 10 5
64 82 10 6
64 83 10 7
64 84 10 8
64 85 10 9
64 86 10 10
64 87 10 11
64 88 10 12
64 89 10 13
64 90 10 14
64 91 10 15
64 92 10 16
64 93 10 17
64 94 10 18
64 95 10 19
64 96 10 20
64 97 10 21
64 98 10 22
64 99 10 23
64 100 10 24
64 101 10 25
64 102 10 26
64 103 10 27
64 104 10 28
64 105 10 29
64 106 10 30
64 107 10 31
64 108 10 2
64 109 10 3
64 110 10 4
64 111 10 5
64 112 10 6
64 113 10 7
64 114 10 8
64 115 10 9
64 116 10 10
64 117 10 11
64 118 10 12
65 79 10 3
65 80 10 4
65 81 10 5
65 82 10 6
65 83 10 7
65 84 10 8
65 85 10 9
65 86 10 10
65 87 10 11
65 88 10 12
65 89 10 13
65 90 10 14
65 91 10 15
65 92 10 16
65 93 10 17
65 94 10 18
65 95 10 19
65 96 10 20
65 97 10 21
65 98 10 22
65 99 10 23
65 100 10 24
65 101 10 25
65 102 10 26
65 103 10 27
65 104 10 28
65 105 10 29
65 106 10 30
65 107 10 31
65 108 10 2
65 109 10 3
65 110 10 4
65 111 10 5
65 112 10 6
65 113 10 7
65 114 10 8
65 115 10 9
65 116 10 10
65 117 10 11
65 118 10 12
66 79 10 3
66 80 10 4
66 81 10 5
66 82 10 6
66 83 10 7
66 84 10 8
66 85 10 9
66 86 10 10
66 87 10 11
66 88 10 12
66 89 10 13
66 90 10 14
66 91 10 15
66 92 10 16
66 93 10 17
66 94 10 18
66 95 10 19
66 96 10 20
66 97 10 21
66 98 10 22
66 99 10 23
66 100 10 24
66 101 10 25
66 102 10 26
66 103 10 27
66 104 10 28
66 105 10 29
66 106 10 30
66 107 10 31
66 108 10 2
66 109 10 3
66 110 10 4
66 111 10 5
66 112 10 6
66 113 10 7
66 114 10 8
66 115 10 9
66 116 10 10
66 117 10 11
66 118 10 12
67 79 10 3
67 80 10 4
67 81 10 5
67 82 10 6
67 83 10 7
67 84 10 8
67 85 10 9
67 86 10 10
67 87 10 11
67 88 10 12
67 89 10 13
67 90 10 14
67 91 10 15
67 92 10 16
67 93 10 17
67 94 10 18
67 95 10 19
67 96 10 20
67 97 10 21
67 98 10 22
67 99 10 23
67 100 10 24
67 101 10 25
67 102 10 26
67 103 10 27
67 104 10 28
67 105 10 29
67 106 10 30
67 107 10 31
67 108 10 2
67 109 10 3
67 110 10 4
67 111 10 5
67 112 10 6
67 113 10 7
67 114 10 8
67 115 10 9
67 116 10 10
67 117 10 11
67 118 10 12
68 79 10 3
68 80 10 4
68 81 10 5
68 82 10 6
68 83 10 7
68 84 10 8
68 85 10 9
68 86 10 10
68 87 10 11
68 88 10 12
68 89 10 13
68 90 10 14
68 91 10 15
68 92 10 16
68 93 10 17
68 94 10 18
68 95 10 19
68 96 10 20
68 97 10 21
68 98 10 22
68 99 10 23
68 100 10 24
68 101 10 25
68 102 10 26
68 103 10 27
68 104 10 28
68 105 10 29
68 106 10 30
68 107 10 31
68 108 10 2
68 109 10 3
68 110 10 4
68 111 10 5
68 112 10 6
68 113 10 7
68 114 10 8
68 115 10 9
68 116 10 10
68 117 10 11
68 118 10 12
69 79 10 3
69 80 10 4
69 81 10 5
69 82 10 6
69 83 10 7
69 84 10 8
69 85 10 9
69 86 10 10
69 87 10 11
69 88 10 12
69 89 10 13
69 90 10 14
69 91 10 15
69 92 10 16
69 93 10 17
69 94 10 18
69 95 10 19
69 96 10 20
69 97 10 21
69 98 10 22
69 99 10 23
69 100 10 24
69 101 10 25
69 102 10 26
69 103 10 27
69 104 10 28
69 105 10 29
69 106 10 30
69 107 10 31
69 108 10 2
69 109 10 3
69 110 10 4
69 111 10 5
69 112 10 6
69 113 10 7
69 114 10 8
69 115 10 9
69 116 10 10
69 117 10 11
69 118 10 12
70 79 10 3
70 80 10 4
70 81 10 5
70 82 10 6
70 83 10 7
70 84 10 8
70 85 10 9
70 86 10 10
70 87 10 11
70 88 10 12
70 89 10 13
70 90 10 14
70 91 10 15
70 92 10 16
70 93 10 17
70 94 10 18
70 95 10 19
70 96 10 20
70 97 10 21
70 98 10 22
70 99 10 23
70 100 10 24
70 101 10 25
70 102 10 26
70 103 10 27
70 104 10 28
70 105 10 29
70 106 10 30
70 107 10 31
70 108 10 2
70 109 10 3
70 110 10 4
70 111 10 5
70 112 10 6
70 113 10 7
70 114 10 8
70 115 10 9
70 116 10 10
70 117 10 11
70 118 10 12
71 79 10 3
71 80 10 4
71 81 10 5
71 82 10 6
71 83 10 7
71 84 10 8
71 85 10 9
71 86 10 10
71 87 10 11
71 88 10 12
71 89 10 13
71 90 10 14
71 91 10 15
71 92 10 16
71 93 10 17
71 94 10 18
71 95 10 19
71 96 10 20
71 97 10 21
71 98 10 22
71 99 10 23
71 100 10 24
71 101 10 25
71 102 10 26
71 103 10 27
71 104 10 28
71 105 10 29
71 106 10 30
71 107 10 31
71 108 10 2
71 109 10 3
71 110 10 4
71 111 10 5
71 112 10 6
71 113 10 7
71 114 10 8
71 115 10 9
71 116 10 10
71 117 10 11
71 118 10 12
72 79 10 3
72 80 10 4
72 81 10 5
72 82 10 6
72 83 10 7
72 84 10 8
72 85 10 9
72 86 10 10
72 87 10 11
72 88 10 12
72 89 10 13
72 90 10 14
72 91 10 15
72 92 10 16
72 93 10 17
72 94 10 18
72 95 10 19
72 96 10 20
72 97 10 21
72 98 10 22
72 99 10 23
72 100 10 24
72 101 10 25
72 102 10 26
72 103 10 27
72 104 10 28
72 105 10 29
72 106 10 30
72 107 10 31
72 108 10 2
72 109 10 3
72 110 10 4
72 111 10 5
72 112 10 6
72 113 10 7
72 114 10 8
72 115 10 9
72 116 10 10
72 117 10 11
72 118 10 12
73 79 10 3
73 80 10 4
73 81 10 5
73 82 10 6
73 83 10 7
73 84 10 8
73 85 10 9
73 86 10 10
73 87 10 11
73 88 10 12
73 89 10 13
73 90 10 14
73 91 10 15
73 92 10 16
73 93 10 17
73 94 10 18
73 95 10 19
73 96 10 20
73 97 10 21
73 98 10 22
73 99 10 23
73 100 10 24
73 101 10 25
73 102 10 26
73 103 10 27
73 104 10 28
73 105 10 29
73 106 10 30
73 107 10 31
73 108 10 2
73 109 10 3
73 110 10 4
73 111 10 5
73 112 10 6
73 113 10 7
73 114 10 8
73 115 10 9
73 116 10 10
73 117 10 11
73 118 10 12
74 79 10 3
74 80 10 4
74 81 10 5
74 82 10 6
74 83 10 7
74 84 10 8
74 85 10 9
74 86 10 10
74 87 10 11
74 88 10 12
74 89 10 13
74 90 10 14
74 91 10 15
74 92 10 16
74 93 10 17
74 94 10 18
74 95 10 19
74 96 10 20
74 97 10 21
74 98 10 22
74 99 10 23
74 100 10 24
74 101 10 25
74 102 10 26
74 103 10 27
74 104 10 28
74 105 10 29
74 106 10 30
74 107 10 31
74 108 10 2
74 109 10 3
74 110 10 4
74 111 10 5
74 112 10 6
74 113 10 7
74 114 10 8
74 115 10 9
74 116 10 10
74 117 10 11
74 118 10 12
75 79 10 3
75 80 10 4
75 81 10 5
75 82 10 6
75 83 10 7
75 84 10 8
75 85 10 9
75 86 10 10
75 87 10 11
75 88 10 12
75 89 10 13
75 90 10 14
75 91 10 15
75 92 10 16
75 93 10 17
75 94 10 18
75 95 10 19
75 96 10 20
75 97 10 21
75 98 10 22
75 99 10 23
75 100 10 24
75 101 10 25
75 102 10 26
75 103 10 27
75 104 10 28
75 105 10 29
75 106 10 30
75 107 10 31
75 108 10 2
75 109 10 3
75 110 10 4
75 111 10 5
75 112 10 6
75 113 10 7
75 114 10 8
75 115 10 9
75 116 10 10
75 117 10 11
75 118 10 12
76 79 10 3
76 80 10 4
76 81 10 5
76 82 10 6
76 83 10 7
76 84 10 8
76 85 10 9
76 86 10 10
76 87 10 11
76 88 10 12
76 89 10 13
76 90 10 14
76 91 10 15
76 92 10 16
76 93 10 17
76 94 10 18
76 95 10 19
76 96 10 20
76 97 10 21
76 98 10 22
76 99 10 23
76 100 10 24
76 101 10 25
76 102 10 26
76 103 10 27
76 104 10 28
76 105 10 29
76 106 10 30
76 107 10 31
76 108 10 2
76 109 10 3
76 110 10 4
76 111 10 5
76 112 10 6
76 113 10 7
76 114 10 8
76 115 10 9
76 116 10 10
76 117 10 11
76 118 10 12
77 79 10 3
77 80 10 4
77 81 10 5
77 82 10 6
77 83 10 7
77 84 10 8
77 85 10 9
77 86 10 10
77 87 10 11
77 88 10 12
77 89 10 13
77 90 10 14
77 91 10 15
77 92 10 16
77 93 10 17
77 94 10 18
77 95 10 19
77 96 10 20
77 97 10 21
77 98 10 22
77 99 10 23
77 100 10 24
77 101 10 25
77 102 10 26
77 103 10 27
77 104 10 28
77 105 10 29
77 106 10 30
77 107 10 31
77 108 10 2
77 109 10 3
77 110 10 4
77 111 10 5
77 112 10 6
77 113 10 7
77 114 10 8
77 115 10 9
77 116 10 10
77 117 10 11
77 118 10 12
78 79 10 3
78 80 10 4
78 81 10 5
78 82 10 6
78 83 10 7
78 84 10 8
78 85 10 9
78 86 10 10
78 87 10 11
78 88 10 12
78 89 10 13
78 90 10 14
78 91 10 15
78 92 10 16
78 93 10 17
78 94 10 18
78 95 10 19
78 96 10 20
78 97 10 21
78 98 10 22
78 99 10 23
78 100 10 24
78 101 10 25
78 102 10 26
78 103 10 27
78 104 10 28
78 105 10 29
78 106 10 30
78 107 10 31
78 108 10 2
78 109 10 3
78 110 10 4
78 111 10 5
78 112 10 6
78 113 10 7
78 114 10 8
78 115 10 9
78 116 10 10
78 117 10 11
78 118 10 12
79 119 10 4
79 120 10 5
79 121 10 6
79 122 10 7
79 123 10 8
79 124 10 9
79 125 10 10
79 126 10 11
79 127 10 12
79 128 10 13
79 129 10 14
79 130 10 15
79 131 10 16
79 132 10 17
79 133 10 18
79 134 10 19
79 135 10 20
79 136 10 21
79 137 10 22
79 138 10 23
79 139 10 24
79 140 10 25
79 141 10 26
79 142 10 27
79 143 10 28
79 144 10 29
79 145 10 30
79 146 10 31
79 147 10 32
79 148 10 3
79 149 10 4
79 150 10 5
79 151 10 6
79 152 10 7
79 153 10 8
79 154 10 9
79 155 10 10
79 156 10 11
79 157 10 12
79 158 10 13
80 119 10 4
80 120 10 5
80 121 10 6
80 122 10 7
80 123 10 8
80 124 10 9
80 125 10 10
80 126 10 11
80 127 10 12
80 128 10 13
80 129 10 14
80 130 10 15
80 131 10 16
80 132 10 17
80 133 10 18
80 134 10 19
80 135 10 20
80 136 10 21
80 137 10 22
80 138 10 23
80 139 10 24
80 140 10 25
80 141 10 26
80 142 10 27
80 143 10 28
80 144 10 29
80 145 10 30
80 146 10 31
80 147 10 32
80 148 10 3
80 149 10 4
80 150 10 5
80 151 10 6
80 152 10 7
80 153 10 8
80 154 10 9
80 155 10 10
80 156 10 11
80 157 10 12
80 158 10 13
81 119 10 4
81 120 10 5
81 121 10 6
81 122 10 7
81 123 10 8
81 124 10 9
81 125 10 10
81 126 10 11
81 127 10 12
81 128 10 13
81 129 10 14
81 130 10 15
81 131 10 16
81 132 10 17
81 133 10 18
81 134 10 19
81 135 10 20
81 136 10 21
81 137 10 22
81 138 10 23
81 139 10 24
81 140 10 25
81 141 10 26
81 142 10 27
81 143 10 28
81 144 10 29
81 145 10 30
81 146 10 31
81 147 10 32
81 148 10 3
81 149 10 4
81 150 10 5
81 151 10 6
81 152 10 7
81 153 10 8
81 154 10 9
81 155 10 10
81 156 10 11
81 157 10 12
81 158 10 13
82 119 10 4
82 120 10 5
82 121 10 6
82 122 10 7
82 123 10 8
82 124 10 9
82 125 10 10
82 126 10 11
82 127 10 12
82 128 10 13
82 129 10 14
82 130 10 15
82 131 10 16
82 132 10 17
82 133 10 18
82 134 10 19
82 135 10 20
82 136 10 21
82 137 10 22
82 138 10 23
82 139 10 24
82 140 10 25
82 141 10 26
82 142 10 27
82 143 10 28
82 144 10 29
82 145 10 30
82 146 10 31
82 147 10 32
82 148 10 3
82 149 10 4
82 150 10 5
82 151 10 6
82 152 10 7
82 153 10 8
82 154 10 9
82 155 10 10
82 156 10 11
82 157 10 12
82 158 10 13
83 119 10 4
83 120 10 5
83 121 10 6
83 122 10 7
83 123 10 8
83 124 10 9
83 125 10 10
83 126 10 11
83 127 10 12
83 128 10 13
83 129 10 14
83 130 10 15
83 131 10 16
83 132 10 17
83 133 10 18
83 134 10 19
83 135 10 20
83 136 10 21
83 137 10 22
83 138 10 23
83 139 10 24
83 140 10 25
83 141 10 26
83 142 10 27
83 143 10 28
83 144 10 29
83 145 10 30
83 146 10 31
83 147 10 32
83 148 10 3
83 149 10 4
83 150 10 5
83 151 10 6
83 152 10 7
83 153 10 8
83 154 10 9
83 155 10 10
83 156 10 11
83 157 10 12
83 158 10 13
84 119 10 4
84 120 10 5
84 121 10 6
84 122 10 7
84 123 10 8
84 124 10 9
84 125 10 10
84 126 10 11
84 127 10 12
84 128 10 13
84 129 10 14
84 130 10 15
84 131 10 16
84 132 10 17
84 133 10 18
84 134 10 19
84 135 10 20
84 136 10 21
84 137 10 22
84 138 10 23
84 139 10 24
84 140 10 25
84 141 10 26
84 142 10 27
84 143 10 28
84 144 10 29
84 145 10 30
84 146 10 31
84 147 10 32
84 148 10 3
84 149 10 4
84 150 10 5
84 151 10 6
84 152 10 7
84 153 10 8
84 154 10 9
84 155 10 10
84 156 10 11
84 157 10 12
84 158 10 13
85 119 10 4
85 120 10 5
85 121 10 6
85 122 10 7
85 123 10 8
85 124 10 9
85 125 10 10
85 126 10 11
85 127 10 12
85 128 10 13
85 129 10 14
85 130 10 15
85 131 10 16
85 132 10 17
85 133 10 18
85 134 10 19
85 135 10 20
85 136 10 21
85 137 10 22
85 138 10 23
85 139 10 24
85 140 10 25
85 141 10 26
85 142 10 27
85 143 10 28
85 144 10 29
85 145 10 30
85 146 10 31
85 147 10 32
85 148 10 3
85 149 10 4
85 150 10 5
85 151 10 6
85 152 10 7
85 153 10 8
85 154 10 9
85 155 10 10
85 156 10 11
85 157 10 12
85 158 10 13
86 119 10 4
86 120 10 5
86 121 10 6
86 122 10 7
86 123 10 8
86 124 10 9
86 125 10 10
86 126 10 11
86 127 10 12
86 128 10 13
86 129 10 14
86 130 10 15
86 131 10 16
86 132 10 17
86 133 10 18
86 134 10 19
86 135 10 20
86 136 10 21
86 137 10 22
86 138 10 23
86 139 10 24
86 140 10 25
86 141 10 26
86 142 10 27
86 143 10 28
86 144 10 29
86 145 10 30
86 146 10 31
86 147 10 32
86 148 10 3
86 149 10 4
86 150 10 5
86 151 10 6
86 152 10 7
86 153 10 8
86 154 10 9
86 155 10 10
86 156 10 11
86 157 10 12
86 158 10 13
87 119 10 4
87 120 10 5
87 121 10 6
87 122 10 7
87 123 10 8
87 124 10 9
87 125 10 10
87 126 10 11
87 127 10 12
87 128 10 13
87 129 10 14
87 130 10 15
87 131 10 16
87 132 10 17
87 133 10 18
87 134 10 19
87 135 10 20
87 136 10 21
87 137 10 22
87 138 10 23
87 139 10 24
87 140 10 25
87 141 10 26
87 142 10 27
87 143 10 28
87 144 10 29
87 145 10 30
87 146 10 31
87 147 10 32
87 148 10 3
87 149 10 4
87 150 10 5
87 151 10 6
87 152 10 7
87 153 10 8
87 154 10 9
87 155 10 10
87 156 10 11
87 157 10 12
87 158 10 13
88 119 10 4
88 120 10 5
88 121 10 6
88 122 10 7
88 123 10 8
88 124 10 9
88 125 10 10
88 126 10 11
88 127 10 12
88 128 10 13
88 129 10 14
88 130 10 15
88 131 10 16
88 132 10 17
88 133 10 18
88 134 10 19
88 135 10 20
88 136 10 21
88 137 10 22
88 138 10 23
88 139 10 24
88 140 10 25
88 141 10 26
88 142 10 27
88 143 10 28
88 144 10 29
88 145 10 30
88 146 10 31
88 147 10 32
88 148 10 3
88 149 10 4
88 150 10 5
88 151 10 6
88 152 10 7
88 153 10 8
88 154 10 9
88 155 10 10
88 156 10 11
88 157 10 12
88 158 10 13
89 119 10 4
89 120 10 5
89 121 10 6
89 122 10 7
89 123 10 8
89 124 10 9
89 125 10 10
89 126 10 11
89 127 10 12
89 128 10 13
89 129 10 14
89 130 10 15
89 131 10 16
89 132 10 17
89 133 10 18
89 134 10 19
89 135 10 20
89 136 10 21
89 137 10 22
89 138 10 23
89 139 10 24
89 140 10 25
89 141 10 26
89 142 10 27
89 143 10 28
89 144 10 29
89 145 10 30
89 146 10 31
89 147 10 32
89 148 10 3
89 149 10 4
89 150 10 5
89 151 10 6
89 152 10 7
89 153 10 8
89 154 10 9
89 155 10 10
89 156 10 11
89 157 10 12
89 158 10 13
90 119 10 4
90 120 10 5
90 121 10 6
90 122 10 7
90 123 10 8
90 124 10 9
90 125 10 10
90 126 10 11
90 127 10 12
90 128 10 13
90 129 10 14
90 130 10 15
90 131 10 16
90 132 10 17
90 133 10 18
90 134 10 19
90 135 10 20
90 136 10 21
90 137 10 22
90 138 10 23
90 139 10 24
90 140 10 25
90 141 10 26
90 142 10 27
90 143 10 28
90 144 10 29
90 145 10 30
90 146 10 31
90 147 10 32
90 148 10 3
90 149 10 4
90 150 10 5
90 151 10 6
90 152 10 7
90 153 10 8
90 154 10 9
90 155 10 10
90 156 10 11
90 157 10 12
90 158 10 13
91 119 10 4
91 120 10 5
91 121 10 6
91 122 10 7
91 123 10 8
91 124 10 9
91 125 10 10
91 126 10 11
91 127 10 12
91 128 10 13
91 129 10 14
91 130 10 15
91 131 10 16
91 132 10 17
91 133 10 18
91 134 10 19
91 135 10 20
91 136 10 21
91 137 10 22
91 138 10 23
91 139 10 24
91 140 10 25
91 141 10 26
91 142 10 27
91 143 10 28
91 144 10 29
91 145 10 30
91 146 10 31
91 147 10 32
91 148 10 3
91 149 10 4
91 150 10 5
91 151 10 6
91 152 10 7
91 153 10 8
91 154 10 9
91 155 10 10
91 156 10 11
91 157 10 12
91 158 10 13
92 119 10 4
92 120 10 5
92 121 10 6
92 122 10 7
92 123 10 8
92 124 10 9
92 125 10 10
92 126 10 11
92 127 10 12
92 128 10 13
92 129 10 14
92 130 10 15
92 131 10 16
92 132 10 17
92 133 10 18
92 134 10 19
92 135 10 20
92 136 10 21
92 137 10 22
92 138 10 23
92 139 10 24
92 140 10 25
92 141 10 26
92 142 10 27
92 143 10 28
92 144 10 29
92 145 10 30
92 146 10 31
92 147 10 32
92 148 10 3
92 149 10 4
92 150 10 5
92 151 10 6
92 152 10 7
92 153 10 8
92 154 10 9
92 155 10 10
92 156 10 11
92 157 10 12
92 158 10 13
93 119 10 4
93 120 10 5
93 121 10 6
93 122 10 7
93 123 10 8
93 124 10 9
93 125 10 10
93 126 10 11
93 127 10 12
93 128 10 13
93 129 10 14
93 130 10 15
93 131 10 16
93 132 10 17
93 133 10 18
93 134 10 19
93 135 10 20
93 136 10 21
93 137 10 22
93 138 10 23
93 139 10 24
93 140 10 25
93 141 10 26
93 142 10 27
93 143 10 28
93 144 10 29
93 145 10 30
93 146 10 31
93 147 10 32
93 148 10 3
93 149 10 4
93 150 10 5
93 151 10 6
93 152 10 7
93 153 10 8
93 154 10 9
93 155 10 10
93 156 10 11
93 157 10 12
93 158 10 13
94 119 10 4
94 120 10 5
94 121 10 6
94 122 10 7
94 123 10 8
94 124 10 9
94 125 10 10
94 126 10 11
94 127 10 12
94 128 10 13
94 129 10 14
94 130 10 15
94 131 10 16
94 132 10 17
94 133 10 18
94 134 10 19
94 135 10 20
94 136 10 21
94 137 10 22
94 138 10 23
94 139 10 24
94 140 10 25
94 141 10 26
94 142 10 27
94 143 10 28
94 144 10 29
94 145 10 30
94 146 10 31
94 147 10 32
94 148 10 3
94 149 10 4
94 150 10 5
94 151 10 6
94 152 10 7
94 153 10 8
94 154 10 9
94 155 10 10
94 156 10 11
94 157 10 12
94 158 10 13
95 119 10 4
95 120 10 5
95 121 10 6
95 122 10 7
95 123 10 8
95 124 10 9
95 125 10 10
95 126 10 11
95 127 10 12
95 128 10 13
95 129 10 14
95 130 10 15
95 131 10 16
95 132 10 17
95 133 10 18
95 134 10 19
95 135 10 20
95 136 10 21
95 137 10 22
95 138 10 23
95 139 10 24
95 140 10 25
95 141 10 26
95 142 10 27
95 143 10 28
95 144 10 29
95 145 10 30
95 146 10 31
95 147 10 32
95 148 10 3
95 149 10 4
95 150 10 5
95 151 10 6
95 152 10 7
95 153 10 8
95 154 10 9
95 155 10 10
95 156 10 11
95 157 10 12
95 158 10 13
96 119 10 4
96 120 10 5
96 121 10 6
96 122 10 7
96 123 10 8
96 124 10 9
96 125 10 10
96 126 10 11
96 127 10 12
96 128 10 13
96 129 10 14
96 130 10 15
96 131 10 16
96 132 10 17
96 133 10 18
96 134 10 19
96 135 10 20
96 136 10 21
96 137 10 22
96 138 10 23
96 139 10 24
96 140 10 25
96 141 10 26
96 142 10 27
96 143 10 28
96 144 10 29
96 145 10 30
96 146 10 31
96 147 10 32
96 148 10 3
96 149 10 4
96 150 10 5
96 151 10 6
96 152 10 7
96 153 10 8
96 154 10 9
96 155 10 10
96 156 10 11
96 157 10 12
96 158 10 13
97 119 10 4
97 120 10 5
97 121 10 6
97 122 10 7
97 123 10 8
97 124 10 9
97 125 10 10
97 126 10 11
97 127 10 12
97 128 10 13
97 129 10 14
97 130 10 15
97 131 10 16
97 132 10 17
97 133 10 18
97 134 10 19
97 135 10 20
97 136 10 21
97 137 10 22
97 138 10 23
97 139 10 24
97 140 10 25
97 141 10 26
97 142 10 27
97 143 10 28
97 144 10 29
97 145 10 30
97 146 10 31
97 147 10 32
97 148 10 3
97 149 10 4
97 150 10 5
97 151 10 6
97 152 10 7
97 153 10 8
97 154 10 9
97 155 10 10
97 156 10 11
97 157 10 12
97 158 10 13
98 119 10 4
98 120 10 5
98 121 10 6
98 122 10 7
98 123 10 8
98 124 10 9
98 125 10 10
98 126 10 11
98 127 10 12
98 128 10 13
98 129 10 14
98 130 10 15
98 131 10 16
98 132 10 17
98 133 10 18
98 134 10 19
98 135 10 20
98 136 10 21
98 137 10 22
98 138 10 23
98 139 10 24
98 140 10 25
98 141 10 26
98 142 10 27
98 143 10 28
98 144 10 29
98 145 10 30
98 146 10 31
98 147 10 32
98 148 10 3
98 149 10 4
98 150 10 5
98 151 10 6
98 152 10 7
98 153 10 8
98 154 10 9
98 155 10 10
98 156 10 11
98 157 10 12
98 158 10 13
99 119 10 4
99 120 10 5
99 121 10 6
99 122 10 7
99 123 10 8
99 124 10 9
99 125 10 10
99 126 10 11
99 127 10 12
99 128 10 13
99 129 10 14
99 130 10 15
99 131 10 16
99 132 10 17
99 133 10 18
99 134 10 19
99 135 10 20
99 136 10 21
99 137 10 22
99 138 10 23
99 139 10 24
99 140 10 25
99 141 10 26
99 142 10 27
99 143 10 28
99 144 10 29
99 145 10 30
99 146 10 31
99 147 10 32
99 148 10 3
99 149 10 4
99 150 10 5
99 151 10 6
99 152 10 7
99 153 10 8
99 154 10 9
99 155 10 10
99 156 10 11
99 157 10 12
99 158 10 13
100 119 10 4
100 120 10 5
100 121 10 6
100 122 10 7
100 123 10 8
100 124 10 9
100 125 10 10
100 126 10 11
100 127 10 12
100 128 10 13
100 129 10 14
100 130 10 15
100 131 10 16
100 132 10 17
100 133 10 18
100 134 10 19
100 135 10 20
100 136 10 21
100 137 10 22
100 138 10 23
100 139 10 24
100 140 10 25
100 141 10 26
100 142 10 27
100 143 10 28
100 144 10 29
100 145 10 30
100 146 10 31
100 147 10 32
100 148 10 3
100 149 10 4
100 150 10 5
100 151 10 6
100 152 10 7
100 153 10 8
100 154 10 9
100 155 10 10
100 156 10 11
100 157 10 12
100 158 10 13
101 119 10 4
101 120 10 5
101 121 10 6
101 122 10 7
101 123 10 8
101 124 10 9
101 125 10 10
101 126 10 11
101 127 10 12
101 128 10 13
101 129 10 14
101 130 10 15
101 131 10 16
101 132 10 17
101 133 10 18
101 134 10 19
101 135 10 20
101 136 10 21
101 137 10 22
101 138 10 23
101 139 10 24
101 140 10 25
101 141 10 26
101 142 10 27
101 143 10 28
101 144 10 29
101 145 10 30
101 146 10 31
101 147 10 32
101 148 10 3
101 149 10 4
101 150 10 5
101 151 10 6
101 152 10 7
101 153 10 8
101 154 10 9
101 155 10 10
101 156 10 11
101 157 10 12
101 158 10 13
102 119 10 4
102 120 10 5
102 121 10 6
102 122 10 7
102 123 10 8
102 124 10 9
102 125 10 10
102 126 10 11
102 127 10 12
102 128 10 13
102 129 10 14
102 130 10 15
102 131 10 16
102 132 10 17
102 133 10 18
102 134 10 19
102 135 10 20
102 136 10 21
102 137 10 22
102 138 10 23
102 139 10 24
102 140 10 25
102 141 10 26
102 142 10 27
102 143 10 28
102 144 10 29
102 145 10 30
102 146 10 31
102 147 10 32
102 148 10 3
102 149 10 4
102 150 10 5
102 151 10 6
102 152 10 7
102 153 10 8
102 154 10 9
102 155 10 10
102 156 10 11
102 157 10 12
102 158 10 13
103 119 10 4
103 120 10 5
103 121 10 6
103 122 10 7
103 123 10 8
103 124 10 9
103 125 10 10
103 126 10 11
103 127 10 12
103 128 10 13
103 129 10 14
103 130 10 15
103 131 10 16
103 132 10 17
103 133 10 18
103 134 10 19
103 135 10 20
103 136 10 21
103 137 10 22
103 138 10 23
103 139 10 24
103 140 10 25
103 141 10 26
103 142 10 27
103 143 10 28
103 144 10 29
103 145 10 30
103 146 10 31
103 147 10 32
103 148 10 3
103 149 10 4
103 150 10 5
103 151 10 6
103 152 10 7
103 153 10 8
103 154 10 9
103 155 10 10
103 156 10 11
103 157 10 12
103 158 10 13
104 119 10 4
104 120 10 5
104 121 10 6
104 122 10 7
104 123 10 8
104 124 10 9
104 125 10 10
104 126 10 11
104 127 10 12
104 128 10 13
104 129 10 14
104 130 10 15
104 131 10 16
104 132 10 17
104 133 10 18
104 134 10 19
104 135 10 20
104 136 10 21
104 137 10 22
104 138 10 23
104 139 10 24
104 140 10 25
104 141 10 26
104 142 10 27
104 143 10 28
104 144 10 29
104 145 10 30
104 146 10 31
104 147 10 32
104 148 10 3
104 149 10 4
104 150 10 5
104 151 10 6
104 152 10 7
104 153 10 8
104 154 10 9
104 155 10 10
104 156 10 11
104 157 10 12
104 158 10 13
105 119 10 4
105 120 10 5
105 121 10 6
105 122 10 7
105 123 10 8
105 124 10 9
105 125 10 10
105 126 10 11
105 127 10 12
105 128 10 13
105 129 10 14
105 130 10 15
105 131 10 16
105 132 10 17
105 133 10 18
105 134 10 19
105 135 10 20
105 136 10 21
105 137 10 22
105 138 10 23
105 139 10 24
105 140 10 25
105 141 10 26
105 142 10 27
105 143 10 28
105 144 10 29
105 145 10 30
105 146 10 31
105 147 10 32
105 148 10 3
105 149 10 4
105 150 10 5
105 151 10 6
105 152 10 7
105 153 10 8
105 154 10 9
105 155 10 10
105 156 10 11
105 157 10 12
105 158 10 13
106 119 10 4
106 120 10 5
106 121 10 6
106 122 10 7
106 123 10 8
106 124 10 9
106 125 10 10
106 126 10 11
106 127 10 12
106 128 10 13
106 129 10 14
106 130 10 15
106 131 10 16
106 132 10 17
106 133 10 18
106 134 10 19
106 135 10 20
106 136 10 21
106 137 10 22
106 138 10 23
106 139 10 24
106 140 10 25
106 141 10 26
106 142 10 27
106 143 10 28
106 144 10 29
106 145 10 30
106 146 10 31
106 147 10 32
106 148 10 3
106 149 10 4
106 150 10 5
106 151 10 6
106 152 10 7
106 153 10 8
106 154 10 9
106 155 10 10
106 156 10 11
106 157 10 12
106 158 10 13
107 119 10 4
107 120 10 5
107 121 10 6
107 122 10 7
107 123 10 8
107 124 10 9
107 125 10 10
107 126 10 11
107 127 10 12
107 128 10 13
107 129 10 14
107 130 10 15
107 131 10 16
107 132 10 17
107 133 10 18
107 134 10 19
107 135 10 20
107 136 10 21
107 137 10 22
107 138 10 23
107 139 10 24
107 140 10 25
107 141 10 26
107 142 10 27
107 143 10 28
107 144 10 29
107 145 10 30
107 146 10 31
107 147 10 32
107 148 10 3
107 149 10 4
107 150 10 5
107 151 10 6
107 152 10 7
107 153 10 8
107 154 10 9
107 155 10 10
107 156 10 11
107 157 10 12
107 158 10 13
108 119 10 4
108 120 10 5
108 121 10 6
108 122 10 7
108 123 10 8
108 124 10 9
108 125 10 10
108 126 10 11
108 127 10 12
108 128 10 13
108 129 10 14
108 130 10 15
108 131 10 16
108 132 10 17
108 133 10 18
108 134 10 19
108 135 10 20
108 136 10 21
108 137 10 22
108 138 10 23
108 139 10 24
108 140 10 25
108 141 10 26
108 142 10 27
108 143 10 28
108 144 10 29
108 145 10 30
108 146 10 31
108 147 10 32
108 148 10 3
108 149 10 4
108 150 10 5
108 151 10 6
108 152 10 7
108 153 10 8
108 154 10 9
108 155 10 10
108 156 10 11
108 157 10 12
108 158 10 13
109 119 10 4
109 120 10 5
109 121 10 6
109 122 10 7
109 123 10 8
109 124 10 9
109 125 10 10
109 126 10 11
109 127 10 12
109 128 10 13
109 129 10 14
109 130 10 15
109 131 10 16
109 132 10 17
109 133 10 18
109 134 10 19
109 135 10 20
109 136 10 21
109 137 10 22
109 138 10 23
109 139 10 24
109 140 10 25
109 141 10 26
109 142 10 27
109 143 10 28
109 144 10 29
109 145 10 30
109 146 10 31
109 147 10 32
109 148 10 3
109 149 10 4
109 150 10 5
109 151 10 6
109 152 10 7
109 153 10 8
109 154 10 9
109 155 10 10
109 156 10 11
109 157 10 12
109 158 10 13
110 119 10 4
110 120 10 5
110 121 10 6
110 122 10 7
110 123 10 8
110 124 10 9
110 125 10 10
110 126 10 11
110 127 10 12
110 128 10 13
110 129 10 14
110 130 10 15
110 131 10 16
110 132 10 17
110 133 10 18
110 134 10 19
110 135 10 20
110 136 10 21
110 137 10 22
110 138 10 23
110 139 10 24
110 140 10 25
110 141 10 26
110 142 10 27
110 143 10 28
110 144 10 29
110 145 10 30
110 146 10 31
110 147 10 32
110 148 10 3
110 149 10 4
110 150 10 5
110 151 10 6
110 152 10 7
110 153 10 8
110 154 10 9
110 155 10 10
110 156 10 11
110 157 10 12
110 158 10 13
111 119 10 4
111 120 10 5
111 121 10 6
111 122 10 7
111 123 10 8
111 124 10 9
111 125 10 10
111 126 10 11
111 127 10 12
111 128 10 13
111 129 10 14
111 130 10 15
111 131 10 16
111 132 10 17
111 133 10 18
111 134 10 19
111 135 10 20
111 136 10 21
111 137 10 22
111 138 10 23
111 139 10 24
111 140 10 25
111 141 10 26
111 142 10 27
111 143 10 28
111 144 10 29
111 145 10 30
111 146 10 31
111 147 10 32
111 148 10 3
111 149 10 4
111 150 10 5
111 151 10 6
111 152 10 7
111 153 10 8
111 154 10 9
111 155 10 10
111 156 10 11
111 157 10 12
111 158 10 13
112 119 10 4
112 120 10 5
112 121 10 6
112 122 10 7
112 123 10 8
112 124 10 9
112 125 10 10
112 126 10 11
112 127 10 12
112 128 10 13
112 129 10 14
112 130 10 15
112 131 10 16
112 132 10 17
112 133 10 18
112 134 10 19
112 135 10 20
112 136 10 21
112 137 10 22
112 138 10 23
112 139 10 24
112 140 10 25
112 141 10 26
112 142 10 27
112 143 10 28
112 144 10 29
112 145 10 30
112 146 10 31
112 147 10 32
112 148 10 3
112 149 10 4
112 150 10 5
112 151 10 6
112 152 10 7
112 153 10 8
112 154 10 9
112 155 10 10
112 156 10 11
112 157 10 12
112 158 10 13
113 119 10 4
113 120 10 5
113 121 10 6
113 122 10 7
113 123 10 8
113 124 10 9
113 125 10 10
113 126 10 11
113 127 10 12
113 128 10 13
113 129 10 14
113 130 10 15
113 131 10 16
113 132 10 17
113 133 10 18
113 134 10 19
113 135 10 20
113 136 10 21
113 137 10 22
113 138 10 23
113 139 10 24
113 140 10 25
113 141 10 26
113 142 10 27
113 143 10 28
113 144 10 29
113 145 10 30
113 146 10 31
113 147 10 32
113 148 10 3
113 149 10 4
113 150 10 5
113 151 10 6
113 152 10 7
113 153 10 8
113 154 10 9
113 155 10 10
113 156 10 11
113 157 10 12
113 158 10 13
114 119 10 4
114 120 10 5
114 121 10 6
114 122 10 7
114 123 10 8
114 124 10 9
114 125 10 10
114 126 10 11
114 127 10 12
114 128 10 13
114 129 10 14
114 130 10 15
114 131 10 16
114 132 10 17
114 133 10 18
114 134 10 19
114 135 10 20
114 136 10 21
114 137 10 22
114 138 10 23
114 139 10 24
114 140 10 25
114 141 10 26
114 142 10 27
114 143 10 28
114 144 10 29
114 145 10 30
114 146 10 31
114 147 10 32
114 148 10 3
114 149 10 4
114 150 10 5
114 151 10 6
114 152 10 7
114 153 10 8
114 154 10 9
114 155 10 10
114 156 10 11
114 157 10 12
114 158 10 13
115 119 10 4
115 120 10 5
115 121 10 6
115 122 10 7
115 123 10 8
115 124 10 9
115 125 10 10
115 126 10 11
115 127 10 12
115 128 10 13
115 129 10 14
115 130 10 15
115 131 10 16
115 132 10 17
115 133 10 18
115 134 10 19
115 135 10 20
115 136 10 21
115 137 10 22
115 138 10 23
115 139 10 24
115 140 10 25
115 141 10 26
115 142 10 27
115 143 10 28
115 144 10 29
115 145 10 30
115 146 10 31
115 147 10 32
115 148 10 3
115 149 10 4
115 150 10 5
115 151 10 6
115 152 10 7
115 153 10 8
115 154 10 9
115 155 10 10
115 156 10 11
115 157 10 12
115 158 10 13
116 119 10 4
116 120 10 5
116 121 10 6
116 122 10 7
116 123 10 8
116 124 10 9
116 125 10 10
116 126 10 11
116 127 10 12
116 128 10 13
116 129 10 14
116 130 10 15
116 131 10 16
116 132 10 17
116 133 10 18
116 134 10 19
116 135 10 20
116 136 10 21
116 137 10 22
116 138 10 23
116 139 10 24
116 140 10 25
116 141 10 26
116 142 10 27
116 143 10 28
116 144 10 29
116 145 10 30
116 146 10 31
116 147 10 32
116 148 10 3
116 149 10 4
116 150 10 5
116 151 10 6
116 152 10 7
116 153 10 8
116 154 10 9
116 155 10 10
116 156 10 11
116 157 10 12
116 158 10 13
117 119 10 4
117 120 10 5
117 121 10 6
117 122 10 7
117 123 10 8
117 124 10 9
117 125 10 10
117 126 10 11
117 127 10 12
117 128 10 13
117 129 10 14
117 130 10 15
117 131 10 16
117 132 10 17
117 133 10 18
117 134 10 19
117 135 10 20
117 136 10 21
117 137 10 22
117 138 10 23
117 139 10 24
117 140 10 25
117 141 10 26
117 142 10 27
117 143 10 28
117 144 10 29
117 145 10 30
117 146 10 31
117 147 10 32
117 148 10 3
117 149 10 4
117 150 10 5
117 151 10 6
117 152 10 7
117 153 10 8
117 154 10 9
117 155 10 10
117 156 10 11
117 157 10 12
117 158 10 13
118 119 10 4
118 120 10 5
118 121 10 6
118 122 10 7
118 123 10 8
118 124 10 9
118 125 10 10
118 126 10 11
118 127 10 12
118 128 10 13
118 129 10 14
118 130 10 15
118 131 10 16
118 132 10 17
118 133 10 18
118 134 10 19
118 135 10 20
118 136 10 21
118 137 10 22
118 138 10 23
118 139 10 24
118 140 10 25
118 141 10 26
118 142 10 27
118 143 10 28
118 144 10 29
118 145 10 30
118 146 10 31
118 147 10 32
118 148 10 3
118 149 10 4
118 150 10 5
118 151 10 6
118 152 10 7
118 153 10 8
118 154 10 9
118 155 10 10
118 156 10 11
118 157 10 12
118 158 10 13
119 159 10 5
119 160 10 6
119 161 10 7
119 162 10 8
119 163 10 9
119 164 10 10
119 165 10 11
119 166 10 12
119 167 10 13
119 168 10 14
119 169 10 15
119 170 10 16
119 171 10 17
119 172 10 18
119 173 10 19
119 174 10 20
119 175 10 21
119 176 10 22
119 177 10 23
119 178 10 24
119 179 10 25
119 180 10 26
119 181 10 27
119 182 10 28
119 183 10 29
119 184 10 30
119 185 10 31
119 186 10 32
119 187 10 33
119 188 10 4
119 189 10 5
119 190 10 6
119 191 10 7
119 192 10 8
119 193 10 9
119 194 10 10
119 195 10 11
119 196 10 12
119 197 10 13
119 198 10 14
120 159 10 5
120 160 10 6
120 161 10 7
120 162 10 8
120 163 10 9
120 164 10 10
120 165 10 11
120 166 10 12
120 167 10 13
120 168 10 14
120 169 10 15
120 170 10 16
120 171 10 17
120 172 10 18
120 173 10 19
120 174 10 20
120 175 10 21
120 176 10 22
120 177 10 23
120 178 10 24
120 179 10 25
120 180 10 26
120 181 10 27
120 182 10 28
120 183 10 29
120 184 10 30
120 185 10 31
120 186 10 32
120 187 10 33
120 188 10 4
120 189 10 5
120 190 10 6
120 191 10 7
120 192 10 8
120 193 10 9
120 194 10 10
120 195 10 11
120 196 10 12
120 197 10 13
120 198 10 14
121 159 10 5
121 160 10 6
121 161 10 7
121 162 10 8
121 163 10 9
121 164 10 10
121 165 10 11
121 166 10 12
121 167 10 13
121 168 10 14
121 169 10 15
121 170 10 16
121 171 10 17
121 172 10 18
121 173 10 19
121 174 10 20
121 175 10 21
121 176 10 22
121 177 10 23
121 178 10 24
121 179 10 25
121 180 10 26
121 181 10 27
121 182 10 28
121 183 10 29
121 184 10 30
121 185 10 31
121 186 10 32
121 187 10 33
121 188 10 4
121 189 10 5
121 190 10 6
121 191 10 7
121 192 10 8
121 193 10 9
121 194 10 10
121 195 10 11
121 196 10 12
121 197 10 13
121 198 10 14
122 159 10 5
122 160 10 6
122 161 10 7
122 162 10 8
122 163 10 9
122 164 10 10
122 165 10 11
122 166 10 12
122 167 10 13
122 168 10 14
122 169 10 15
122 170 10 16
122 171 10 17
122 172 10 18
122 173 10 19
122 174 10 20
122 175 10 21
122 176 10 22
122 177 10 23
122 178 10 24
122 179 10 25
122 180 10 26
122 181 10 27
122 182 10 28
122 183 10 29
122 184 10 30
122 185 10 31
122 186 10 32
122 187 10 33
122 188 10 4
122 189 10 5
122 190 10 6
122 191 10 7
122 192 10 8
122 193 10 9
122 194 10 10
122 195 10 11
122 196 10 12
122 197 10 13
122 198 10 14
123 159 10 5
123 160 10 6
123 161 10 7
123 162 10 8
123 163 10 9
123 164 10 10
123 165 10 11
123 166 10 12
123 167 10 13
123 168 10 14
123 169 10 15
123 170 10 16
123 171 10 17
123 172 10 18
123 173 10 19
123 174 10 20
123 175 10 21
123 176 10 22
123 177 10 23
123 178 10 24
123 179 10 25
123 180 10 26
123 181 10 27
123 182 10 28
123 183 10 29
123 184 10 30
123 185 10 31
123 186 10 32
123 187 10 33
123 188 10 4
123 189 10 5
123 190 10 6
123 191 10 7
123 192 10 8
123 193 10 9
123 194 10 10
123 195 10 11
123 196 10 12
123 197 10 13
123 198 10 14
124 159 10 5
124 160 10 6
124 161 10 7
124 162 10 8
124 163 10 9
124 164 10 10
124 165 10 11
124 166 10 12
124 167 10 13
124 168 10 14
124 169 10 15
124 170 10 16
124 171 10 17
124 172 10 18
124 173 10 19
124 174 10 20
124 175 10 21
124 176 10 22
124 177 10 23
124 178 10 24
124 179 10 25
124 180 10 26
124 181 10 27
124 182 10 28
124 183 10 29
124 184 10 30
124 185 10 31
124 186 10 32
124 187 10 33
124 188 10 4
124 189 10 5
124 190 10 6
124 191 10 7
124 192 10 8
124 193 10 9
124 194 10 10
124 195 10 11
124 196 10 12
124 197 10 13
124 198 10 14
125 159 10 5
125 160 10 6
125 161 10 7
125 162 10 8
125 163 10 9
125 164 10 10
125 165 10 11
125 166 10 12
125 167 10 13
125 168 10 14
125 169 10 15
125 170 10 16
125 171 10 17
125 172 10 18
125 173 10 19
125 174 10 20
125 175 10 21
125 176 10 22
125 177 10 23
125 178 10 24
125 179 10 25
125 180 10 26
125 181 10 27
125 182 10 28
125 183 10 29
125 184 10 30
125 185 10 31
125 186 10 32
125 187 10 33
125 188 10 4
125 189 10 5
125 190 10 6
125 191 10 7
125 192 10 8
125 193 10 9
125 194 10 10
125 195 10 11
125 196 10 12
125 197 10 13
125 198 10 14
126 159 10 5
126 160 10 6
126 161 10 7
126 162 10 8
126 163 10 9
126 164 10 10
126 165 10 11
126 166 10 12
126 167 10 13
126 168 10 14
126 169 10 15
126 170 10 16
126 171 10 17
126 172 10 18
126 173 10 19
126 174 10 20
126 175 10 21
126 176 10 22
126 177 10 23
126 178 10 24
126 179 10 25
126 180 10 26
126 181 10 27
126 182 10 28
126 183 10 29
126 184 10 30
126 185 10 31
126 186 10 32
126 187 10 33
126 188 10 4
126 189 10 5
126 190 10 6
126 191 10 7
126 192 10 8
126 193 10 9
126 194 10 10
126 195 10 11
126 196 10 12
126 197 10 13
126 198 10 14
127 159 10 5
127 160 10 6
127 161 10 7
127 162 10 8
127 163 10 9
127 164 10 10
127 165 10 11
127 166 10 12
127 167 10 13
127 168 10 14
127 169 10 15
127 170 10 16
127 171 10 17
127 172 10 18
127 173 10 19
127 174 10 20
127 175 10 21
127 176 10 22
127 177 10 23
127 178 10 24
127 179 10 25
127 180 10 26
127 181 10 27
127 182 10 28
127 183 10 29
127 184 10 30
127 185 10 31
127 186 10 32
127 187 10 33
127 188 10 4
127 189 10 5
127 190 10 6
127 191 10 7
127 192 10 8
127 193 10 9
127 194 10 10
127 195 10 11
127 196 10 12
127 197 10 13
127 198 10 14
128 159 10 5
128 160 10 6
128 161 10 7
128 162 10 8
128 163 10 9
128 164 10 10
128 165 10 11
128 166 10 12
128 167 10 13
128 168 10 14
128 169 10 15
128 170 10 16
128 171 10 17
128 172 10 18
128 173 10 19
128 174 10 20
128 175 10 21
128 176 10 22
128 177 10 23
128 178 10 24
128 179 10 25
128 180 10 26
128 181 10 27
128 182 10 28
128 183 10 29
128 184 10 30
128 185 10 31
128 186 10 32
128 187 10 33
128 188 10 4
128 189 10 5
128 190 10 6
128 191 10 7
128 192 10 8
128 193 10 9
128 194 10 10
128 195 10 11
128 196 10 12
128 197 10 13
128 198 10 14
129 159 10 5
129 160 10 6
129 161 10 7
129 162 10 8
129 163 10 9
129 164 10 10
129 165 10 11
129 166 10 12
129 167 10 13
129 168 10 14
129 169 10 15
129 170 10 16
129 171 10 17
129 172 10 18
129 173 10 19
129 174 10 20
129 175 10 21
129 176 10 22
129 177 10 23
129 178 10 24
129 179 10 25
129 180 10 26
129 181 10 27
129 182 10 28
129 183 10 29
129 184 10 30
129 185 10 31
129 186 10 32
129 187 10 33
129 188 10 4
129 189 10 5
129 190 10 6
129 191 10 7
129 192 10 8
129 193 10 9
129 194 10 10
129 195 10 11
129 196 10 12
129 197 10 13
129 198 10 14
130 159 10 5
130 160 10 6
130 161 10 7
130 162 10 8
130 163 10 9
130 164 10 10
130 165 10 11
130 166 10 12
130 167 10 13
130 168 10 14
130 169 10 15
130 170 10 16
130 171 10 17
130 172 10 18
130 173 10 19
130 174 10 20
130 175 10 21
130 176 10 22
130 177 10 23
130 178 10 24
130 179 10 25
130 180 10 26
130 181 10 27
130 182 10 28
130 183 10 29
130 184 10 30
130 185 10 31
130 186 10 32
130 187 10 33
130 188 10 4
130 189 10 5
130 190 10 6
130 191 10 7
130 192 10 8
130 193 10 9
130 194 10 10
130 195 10 11
130 196 10 12
130 197 10 13
130 198 10 14
131 159 10 5
131 160 10 6
131 161 10 7
131 162 10 8
131 163 10 9
131 164 10 10
131 165 10 11
131 166 10 12
131 167 10 13
131 168 10 14
131 169 10 15
131 170 10 16
131 171 10 17
131 172 10 18
131 173 10 19
131 174 10 20
131 175 10 21
131 176 10 22
131 177 10 23
131 178 10 24
131 179 10 25
131 180 10 26
131 181 10 27
131 182 10 28
131 183 10 29
131 184 10 30
131 185 10 31
131 186 10 32
131 187 10 33
131 188 10 4
131 189 10 5
131 190 10 6
131 191 10 7
131 192 10 8
131 193 10 9
131 194 10 10
131 195 10 11
131 196 10 12
131 197 10 13
131 198 10 14
132 159 10 5
132 160 10 6
132 161 10 7
132 162 10 8
132 163 10 9
132 164 10 10
132 165 10 11
132 166 10 12
132 167 10 13
132 168 10 14
132 169 10 15
132 170 10 16
132 171 10 17
132 172 10 18
132 173 10 19
132 174 10 20
132 175 10 21
132 176 10 22
132 177 10 23
132 178 10 24
132 179 10 25
132 180 10 26
132 181 10 27
132 182 10 28
132 183 10 29
132 184 10 30
132 185 10 31
132 186 10 32
132 187 10 33
132 188 10 4
132 189 10 5
132 190 10 6
132 191 10 7
132 192 10 8
132 193 10 9
132 194 10 10
132 195 10 11
132 196 10 12
132 197 10 13
132 198 10 14
133 159 10 5
133 160 10 6
133 161 10 7
133 162 10 8
133 163 10 9
133 164 10 10
133 165 10 11
133 166 10 12
133 167 10 13
133 168 10 14
133 169 10 15
133 170 10 16
133 171 10 17
133 172 10 18
133 173 10 19
133 174 10 20
133 175 10 21
133 176 10 22
133 177 10 23
133 178 10 24
133 179 10 25
133 180 10 26
133 181 10 27
133 182 10 28
133 183 10 29
133 184 10 30
133 185 10 31
133 186 10 32
133 187 10 33
133 188 10 4
133 189 10 5
133 190 10 6
133 191 10 7
133 192 10 8
133 193 10 9
133 194 10 10
133 195 10 11
133 196 10 12
133 197 10 13
133 198 10 14
134 159 10 5
134 160 10 6
134 161 10 7
134 162 10 8
134 163 10 9
134 164 10 10
134 165 10 11
134 166 10 12
134 167 10 13
134 168 10 14
134 169 10 15
134 170 10 16
134 171 10 17
134 172 10 18
134 173 10 19
134 174 10 20
134 175 10 21
134 176 10 22
134 177 10 23
134 178 10 24
134 179 10 25
134 180 10 26
134 181 10 27
134 182 10 28
134 183 10 29
134 184 10 30
134 185 10 31
134 186 10 32
134 187 10 33
134 188 10 4
134 189 10 5
134 190 10 6
134 191 10 7
134 192 10 8
134 193 10 9
134 194 10 10
134 195 10 11
134 196 10 12
134 197 10 13
134 198 10 14
135 159 10 5
135 160 10 6
135 161 10 7
135 162 10 8
135 163 10 9
135 164 10 10
135 165 10 11
135 166 10 12
135 167 10 13
135 168 10 14
135 169 10 15
135 170 10 16
135 171 10 17
135 172 10 18
135 173 10 19
135 174 10 20
135 175 10 21
135 176 10 22
135 177 10 23
135 178 10 24
135 179 10 25
135 180 10 26
135 181 10 27
135 182 10 28
135 183 10 29
135 184 10 30
135 185 10 31
135 186 10 32
135 187 10 33
135 188 10 4
135 189 10 5
135 190 10 6
135 191 10 7
135 192 10 8
135 193 10 9
135 194 10 10
135 195 10 11
135 196 10 12
135 197 10 13
135 198 10 14
136 159 10 5
136 160 10 6
136 161 10 7
136 162 10 8
136 163 10 9
136 164 10 10
136 165 10 11
136 166 10 12
136 167 10 13
136 168 10 14
136 169 10 15
136 170 10 16
136 171 10 17
136 172 10 18
136 173 10 19
136 174 10 20
136 175 10 21
136 176 10 22
136 177 10 23
136 178 10 24
136 179 10 25
136 180 10 26
136 181 10 27
136 182 10 28
136 183 10 29
136 184 10 30
136 185 10 31
136 186 10 32
136 187 10 33
136 188 10 4
136 189 10 5
136 190 10 6
136 191 10 7
136 192 10 8
136 193 10 9
136 194 10 10
136 195 10 11
136 196 10 12
136 197 10 13
136 198 10 14
137 159 10 5
137 160 10 6
137 161 10 7
137 162 10 8
137 163 10 9
137 164 10 10
137 165 10 11
137 166 10 12
137 167 10 13
137 168 10 14
137 169 10 15
137 170 10 16
137 171 10 17
137 172 10 18
137 173 10 19
137 174 10 20
137 175 10 21
137 176 10 22
137 177 10 23
137 178 10 24
137 179 10 25
137 180 10 26
137 181 10 27
137 182 10 28
137 183 10 29
137 184 10 30
137 185 10 31
137 186 10 32
137 187 10 33
137 188 10 4
137 189 10 5
137 190 10 6
137 191 10 7
137 192 10 8
137 193 10 9
137 194 10 10
137 195 10 11
137 196 10 12
137 197 10 13
137 198 10 14
138 159 10 5
138 160 10 6
138 161 10 7
138 162 10 8
138 163 10 9
138 164 10 10
138 165 10 11
138 166 10 12
138 167 10 13
138 168 10 14
138 169 10 15
138 170 10 16
138 171 10 17
138 172 10 18
138 173 10 19
138 174 10 20
138 175 10 21
138 176 10 22
138 177 10 23
138 178 10 24
138 179 10 25
138 180 10 26
138 181 10 27
138 182 10 28
138 183 10 29
138 184 10 30
138 185 10 31
138 186 10 32
138 187 10 33
138 188 10 4
138 189 10 5
138 190 10 6
138 191 10 7
138 192 10 8
138 193 10 9
138 194 10 10
138 195 10 11
138 196 10 12
138 197 10 13
138 198 10 14
139 159 10 5
139 160 10 6
139 161 10 7
139 162 10 8
139 163 10 9
139 164 10 10
139 165 10 11
139 166 10 12
139 167 10 13
139 168 10 14
139 169 10 15
139 170 10 16
139 171 10 17
139 172 10 18
139 173 10 19
139 174 10 20
139 175 10 21
139 176 10 22
139 177 10 23
139 178 10 24
139 179 10 25
139 180 10 26
139 181 10 27
139 182 10 28
139 183 10 29
139 184 10 30
139 185 10 31
139 186 10 32
139 187 10 33
139 188 10 4
139 189 10 5
139 190 10 6
139 191 10 7
139 192 10 8
139 193 10 9
139 194 10 10
139 195 10 11
139 196 10 12
139 197 10 13
139 198 10 14
140 159 10 5
140 160 10 6
140 161 10 7
140 162 10 8
140 163 10 9
140 164 10 10
140 165 10 11
140 166 10 12
140 167 10 13
140 168 10 14
140 169 10 15
140 170 10 16
140 171 10 17
140 172 10 18
140 173 10 19
140 174 10 20
140 175 10 21
140 176 10 22
140 177 10 23
140 178 10 24
140 179 10 25
140 180 10 26
140 181 10 27
140 182 10 28
140 183 10 29
140 184 10 30
140 185 10 31
140 186 10 32
140 187 10 33
140 188 10 4
140 189 10 5
140 190 10 6
140 191 10 7
140 192 10 8
140 193 10 9
140 194 10 10
140 195 10 11
140 196 10 12
140 197 10 13
140 198 10 14
141 159 10 5
141 160 10 6
141 161 10 7
141 162 10 8
141 163 10 9
141 164 10 10
141 165 10 11
141 166 10 12
141 167 10 13
141 168 10 14
141 169 10 15
141 170 10 16
141 171 10 17
141 172 10 18
141 173 10 19
141 174 10 20
141 175 10 21
141 176 10 22
141 177 10 23
141 178 10 24
141 179 10 25
141 180 10 26
141 181 10 27
141 182 10 28
141 183 10 29
141 184 10 30
141 185 10 31
141 186 10 32
141 187 10 33
141 188 10 4
141 189 10 5
141 190 10 6
141 191 10 7
141 192 10 8
141 193 10 9
141 194 10 10
141 195 10 11
141 196 10 12
141 197 10 13
141 198 10 14
142 159 10 5
142 160 10 6
142 161 10 7
142 162 10 8
142 163 10 9
142 164 10 10
142 165 10 11
142 166 10 12
142 167 10 13
142 168 10 14
142 169 10 15
142 170 10 16
142 171 10 17
142 172 10 18
142 173 10 19
142 174 10 20
142 175 10 21
142 176 10 22
142 177 10 23
142 178 10 24
142 179 10 25
142 180 10 26
142 181 10 27
142 182 10 28
142 183 10 29
142 184 10 30
142 185 10 31
142 186 10 32
142 187 10 33
142 188 10 4
142 189 10 5
142 190 10 6
142 191 10 7
142 192 10 8
142 193 10 9
142 194 10 10
142 195 10 11
142 196 10 12
142 197 10 13
142 198 10 14
143 159 10 5
143 160 10 6
143 161 10 7
143 162 10 8
143 163 10 9
143 164 10 10
143 165 10 11
143 166 10 12
143 167 10 13
143 168 10 14
143 169 10 15
143 170 10 16
143 171 10 17
143 172 10 18
143 173 10 19
143 174 10 20
143 175 10 21
143 176 10 22
143 177 10 23
143 178 10 24
143 179 10 25
143 180 10 26
143 181 10 27
143 182 10 28
143 183 10 29
143 184 10 30
143 185 10 31
143 186 10 32
143 187 10 33
143 188 10 4
143 189 10 5
143 190 10 6
143 191 10 7
143 192 10 8
143 193 10 9
143 194 10 10
143 195 10 11
143 196 10 12
143 197 10 13
143 198 10 14
144 159 10 5
144 160 10 6
144 161 10 7
144 162 10 8
144 163 10 9
144 164 10 10
144 165 10 11
144 166 10 12
144 167 10 13
144 168 10 14
144 169 10 15
144 170 10 16
144 171 10 17
144 172 10 18
144 173 10 19
144 174 10 20
144 175 10 21
144 176 10 22
144 177 10 23
144 178 10 24
144 179 10 25
144 180 10 26
144 181 10 27
144 182 10 28
144 183 10 29
144 184 10 30
144 185 10 31
144 186 10 32
144 187 10 33
144 188 10 4
144 189 10 5
144 190 10 6
144 191 10 7
144 192 10 8
144 193 10 9
144 194 10 10
144 195 10 11
144 196 10 12
144 197 10 13
144 198 10 14
145 159 10 5
145 160 10 6
145 161 10 7
145 162 10 8
145 163 10 9
145 164 10 10
145 165 10 11
145 166 10 12
145 167 10 13
145 168 10 14
145 169 10 15
145 170 10 16
145 171 10 17
145 172 10 18
145 173 10 19
145 174 10 20
145 175 10 21
145 176 10 22
145 177 10 23
145 178 10 24
145 179 10 25
145 180 10 26
145 181 10 27
145 182 10 28
145 183 10 29
145 184 10 30
145 185 10 31
145 186 10 32
145 187 10 33
145 188 10 4
145 189 10 5
145 190 10 6
145 191 10 7
145 192 10 8
145 193 10 9
145 194 10 10
145 195 10 11
145 196 10 12
145 197 10 13
145 198 10 14
146 159 10 5
146 160 10 6
146 161 10 7
146 162 10 8
146 163 10 9
146 164 10 10
146 165 10 11
146 166 10 12
146 167 10 13
146 168 10 14
146 169 10 15
146 170 10 16
146 171 10 17
146 172 10 18
146 173 10 19
146 174 10 20
146 175 10 21
146 176 10 22
146 177 10 23
146 178 10 24
146 179 10 25
146 180 10 26
146 181 10 27
146 182 10 28
146 183 10 29
146 184 10 30
146 185 10 31
146 186 10 32
146 187 10 33
146 188 10 4
146 189 10 5
146 190 10 6
146 191 10 7
146 192 10 8
146 193 10 9
146 194 10 10
146 195 10 11
146 196 10 12
146 197 10 13
146 198 10 14
147 159 10 5
147 160 10 6
147 161 10 7
147 162 10 8
147 163 10 9
147 164 10 10
147 165 10 11
147 166 10 12
147 167 10 13
147 168 10 14
147 169 10 15
147 170 10 16
147 171 10 17
147 172 10 18
147 173 10 19
147 174 10 20
147 175 10 21
147 176 10 22
147 177 10 23
147 178 10 24
147 179 10 25
147 180 10 26
147 181 10 27
147 182 10 28
147 183 10 29
147 184 10 30
147 185 10 31
147 186 10 32
147 187 10 33
147 188 10 4
147 189 10 5
147 190 10 6
147 191 10 7
147 192 10 8
147 193 10 9
147 194 10 10
147 195 10 11
147 196 10 12
147 197 10 13
147 198 10 14
148 159 10 5
148 160 10 6
148 161 10 7
148 162 10 8
148 163 10 9
148 164 10 10
148 165 10 11
148 166 10 12
148 167 10 13
148 168 10 14
148 169 10 15
148 170 10 16
148 171 10 17
148 172 10 18
148 173 10 19
148 174 10 20
148 175 10 21
148 176 10 22
148 177 10 23
148 178 10 24
148 179 10 25
148 180 10 26
148 181 10 27
148 182 10 28
148 183 10 29
148 184 10 30
148 185 10 31
148 186 10 32
148 187 10 33
148 188 10 4
148 189 10 5
148 190 10 6
148 191 10 7
148 192 10 8
148 193 10 9
148 194 10 10
148 195 10 11
148 196 10 12
148 197 10 13
148 198 10 14
149 159 10 5
149 160 10 6
149 161 10 7
149 162 10 8
149 163 10 9
149 164 10 10
149 165 10 11
149 166 10 12
149 167 10 13
149 168 10 14
149 169 10 15
149 170 10 16
149 171 10 17
149 172 10 18
149 173 10 19
149 174 10 20
149 175 10 21
149 176 10 22
149 177 10 23
149 178 10 24
149 179 10 25
149 180 10 26
149 181 10 27
149 182 10 28
149 183 10 29
149 184 10 30
149 185 10 31
149 186 10 32
149 187 10 33
149 188 10 4
149 189 10 5
149 190 10 6
149 191 10 7
149 192 10 8
149 193 10 9
149 194 10 10
149 195 10 11
149 196 10 12
149 197 10 13
149 198 10 14
150 159 10 5
150 160 10 6
150 161 10 7
150 162 10 8
150 163 10 9
150 164 10 10
150 165 10 11
150 166 10 12
150 167 10 13
150 168 10 14
150 169 10 15
150 170 10 16
150 171 10 17
150 172 10 18
150 173 10 19
150 174 10 20
150 175 10 21
150 176 10 22
150 177 10 23
150 178 10 24
150 179 10 25
150 180 10 26
150 181 10 27
150 182 10 28
150 183 10 29
150 184 10 30
150 185 10 31
150 186 10 32
150 187 10 33
150 188 10 4
150 189 10 5
150 190 10 6
150 191 10 7
150 192 10 8
150 193 10 9
150 194 10 10
150 195 10 11
150 196 10 12
150 197 10 13
150 198 10 14
151 159 10 5
151 160 10 6
151 161 10 7
151 162 10 8
151 163 10 9
151 164 10 10
151 165 10 11
151 166 10 12
151 167 10 13
151 168 10 14
151 169 10 15
151 170 10 16
151 171 10 17
151 172 10 18
151 173 10 19
151 174 10 20
151 175 10 21
151 176 10 22
151 177 10 23
151 178 10 24
151 179 10 25
151 180 10 26
151 181 10 27
151 182 10 28
151 183 10 29
151 184 10 30
151 185 10 31
151 186 10 32
151 187 10 33
151 188 10 4
151 189 10 5
151 190 10 6
151 191 10 7
151 192 10 8
151 193 10 9
151 194 10 10
151 195 10 11
151 196 10 12
151 197 10 13
151 198 10 14
152 159 10 5
152 160 10 6
152 161 10 7
152 162 10 8
152 163 10 9
152 164 10 10
152 165 10 11
152 166 10 12
152 167 10 13
152 168 10 14
152 169 10 15
152 170 10 16
152 171 10 17
152 172 10 18
152 173 10 19
152 174 10 20
152 175 10 21
152 176 10 22
152 177 10 23
152 178 10 24
152 179 10 25
152 180 10 26
152 181 10 27
152 182 10 28
152 183 10 29
152 184 10 30
152 185 10 31
152 186 10 32
152 187 10 33
152 188 10 4
152 189 10 5
152 190 10 6
152 191 10 7
152 192 10 8
152 193 10 9
152 194 10 10
152 195 10 11
152 196 10 12
152 197 10 13
152 198 10 14
153 159 10 5
153 160 10 6
153 161 10 7
153 162 10 8
153 163 10 9
153 164 10 10
153 165 10 11
153 166 10 12
153 167 10 13
153 168 10 14
153 169 10 15
153 170 10 16
153 171 10 17
153 172 10 18
153 173 10 19
153 174 10 20
153 175 10 21
153 176 10 22
153 177 10 23
153 178 10 24
153 179 10 25
153 180 10 26
153 181 10 27
153 182 10 28
153 183 10 29
153 184 10 30
153 185 10 31
153 186 10 32
153 187 10 33
153 188 10 4
153 189 10 5
153 190 10 6
153 191 10 7
153 192 10 8
153 193 10 9
153 194 10 10
153 195 10 11
153 196 10 12
153 197 10 13
153 198 10 14
154 159 10 5
154 160 10 6
154 161 10 7
154 162 10 8
154 163 10 9
154 164 10 10
154 165 10 11
154 166 10 12
154 167 10 13
154 168 10 14
154 169 10 15
154 170 10 16
154 171 10 17
154 172 10 18
154 173 10 19
154 174 10 20
154 175 10 21
154 176 10 22
154 177 10 23
154 178 10 24
154 179 10 25
154 180 10 26
154 181 10 27
154 182 10 28
154 183 10 29
154 184 10 30
154 185 10 31
154 186 10 32
154 187 10 33
154 188 10 4
154 189 10 5
154 190 10 6
154 191 10 7
154 192 10 8
154 193 10 9
154 194 10 10
154 195 10 11
154 196 10 12
154 197 10 13
154 198 10 14
155 159 10 5
155 160 10 6
155 161 10 7
155 162 10 8
155 163 10 9
155 164 10 10
155 165 10 11
155 166 10 12
155 167 10 13
155 168 10 14
155 169 10 15
155 170 10 16
155 171 10 17
155 172 10 18
155 173 10 19
155 174 10 20
155 175 10 21
155 176 10 22
155 177 10 23
155 178 10 24
155 179 10 25
155 180 10 26
155 181 10 27
155 182 10 28
155 183 10 29
155 184 10 30
155 185 10 31
155 186 10 32
155 187 10 33
155 188 10 4
155 189 10 5
155 190 10 6
155 191 10 7
155 192 10 8
155 193 10 9
155 194 10 10
155 195 10 11
155 196 10 12
155 197 10 13
155 198 10 14
156 159 10 5
156 160 10 6
156 161 10 7
156 162 10 8
156 163 10 9
156 164 10 10
156 165 10 11
156 166 10 12
156 167 10 13
156 168 10 14
156 169 10 15
156 170 10 16
156 171 10 17
156 172 10 18
156 173 10 19
156 174 10 20
156 175 10 21
156 176 10 22
156 177 10 23
156 178 10 24
156 179 10 25
156 180 10 26
156 181 10 27
156 182 10 28
156 183 10 29
156 184 10 30
156 185 10 31
156 186 10 32
156 187 10 33
156 188 10 4
156 189 10 5
156 190 10 6
156 191 10 7
156 192 10 8
156 193 10 9
156 194 10 10
156 195 10 11
156 196 10 12
156 197 10 13
156 198 10 14
157 159 10 5
157 160 10 6
157 161 10 7
157 162 10 8
157 163 10 9
157 164 10 10
157 165 10 11
157 166 10 12
157 167 10 13
157 168 10 14
157 169 10 15
157 170 10 16
157 171 10 17
157 172 10 18
157 173 10 19
157 174 10 20
157 175 10 21
157 176 10 22
157 177 10 23
157 178 10 24
157 179 10 25
157 180 10 26
157 181 10 27
157 182 10 28
157 183 10 29
157 184 10 30
157 185 10 31
157 186 10 32
157 187 10 33
157 188 10 4
157 189 10 5
157 190 10 6
157 191 10 7
157 192 10 8
157 193 10 9
157 194 10 10
157 195 10 11
157 196 10 12
157 197 10 13
157 198 10 14
158 159 10 5
158 160 10 6
158 161 10 7
158 162 10 8
158 163 10 9
158 164 10 10
158 165 10 11
158 166 10 12
158 167 10 13
158 168 10 14
158 169 10 15
158 170 10 16
158 171 10 17
158 172 10 18
158 173 10 19
158 174 10 20
158 175 10 21
158 176 10 22
158 177 10 23
158 178 10 24
158 179 10 25
158 180 10 26
158 181 10 27
158 182 10 28
158 183 10 29
158 184 10 30
158 185 10 31
158 186 10 32
158 187 10 33
158 188 10 4
158 189 10 5
158 190 10 6
158 191 10 7
158 192 10 8
158 193 10 9
158 194 10 10
158 195 10 11
158 196 10 12
158 197 10 13
158 198 10 14
159 199 10 6
159 200 10 7
159 201 10 8
159 202 10 9
159 203 10 10
159 204 10 11
159 205 10 12
159 206 10 13
159 207 10 14
159 208 10 15
159 209 10 16
159 210 10 17
159 211 10 18
159 212 10 19
159 213 10 20
159 214 10 21
159 215 10 22
159 216 10 23
159 217 10 24
159 218 10 25
159 219 10 26
159 220 10 27
159 221 10 28
159 222 10 29
159 223 10 30
159 224 10 31
159 225 10 32
159 226 10 33
159 227 10 34
159 228 10 5
159 229 10 6
159 230 10 7
159 231 10 8
159 232 10 9
159 233 10 10
159 234 10 11
159 235 10 12
159 236 10 13
159 237 10 14
159 238 10 15
160 199 10 6
160 200 10 7
160 201 10 8
160 202 10 9
160 203 10 10
160 204 10 11
160 205 10 12
160 206 10 13
160 207 10 14
160 208 10 15
160 209 10 16
160 210 10 17
160 211 10 18
160 212 10 19
160 213 10 20
160 214 10 21
160 215 10 22
160 216 10 23
160 217 10 24
160 218 10 25
160 219 10 26
160 220 10 27
160 221 10 28
160 222 10 29
160 223 10 30
160 224 10 31
160 225 10 32
160 226 10 33
160 227 10 34
160 228 10 5
160 229 10 6
160 230 10 7
160 231 10 8
160 232 10 9
160 233 10 10
160 234 10 11
160 235 10 12
160 236 10 13
160 237 10 14
160 238 10 15
161 199 10 6
161 200 10 7
161 201 10 8
161 202 10 9
161 203 10 10
161 204 10 11
161 205 10 12
161 206 10 13
161 207 10 14
161 208 10 15
161 209 10 16
161 210 10 17
161 211 10 18
161 212 10 19
161 213 10 20
161 214 10 21
161 215 10 22
161 216 10 23
161 217 10 24
161 218 10 25
161 219 10 26
161 220 10 27
161 221 10 28
161 222 10 29
161 223 10 30
161 224 10 31
161 225 10 32
161 226 10 33
161 227 10 34
161 228 10 5
161 229 10 6
161 230 10 7
161 231 10 8
161 232 10 9
161 233 10 10
161 234 10 11
161 235 10 12
161 236 10 13
161 237 10 14
161 238 10 15
162 199 10 6
162 200 10 7
162 201 10 8
162 202 10 9
162 203 10 10
162 204 10 11
162 205 10 12
162 206 10 13
162 207 10 14
162 208 10 15
162 209 10 16
162 210 10 17
162 211 10 18
162 212 10 19
162 213 10 20
162 214 10 21
162 215 10 22
162 216 10 23
162 217 10 24
162 218 10 25
162 219 10 26
162 220 10 27
162 221 10 28
162 222 10 29
162 223 10 30
162 224 10 31
162 225 10 32
162 226 10 33
162 227 10 34
162 228 10 5
162 229 10 6
162 230 10 7
162 231 10 8
162 232 10 9
162 233 10 10
162 234 10 11
162 235 10 12
162 236 10 13
162 237 10 14
162 238 10 15
163 199 10 6
163 200 10 7
163 201 10 8
163 202 10 9
163 203 10 10
163 204 10 11
163 205 10 12
163 206 10 13
163 207 10 14
163 208 10 15
163 209 10 16
163 210 10 17
163 211 10 18
163 212 10 19
163 213 10 20
163 214 10 21
163 215 10 22
163 216 10 23
163 217 10 24
163 218 10 25
163 219 10 26
163 220 10 27
163 221 10 28
163 222 10 29
163 223 10 30
163 224 10 31
163 225 10 32
163 226 10 33
163 227 10 34
163 228 10 5
163 229 10 6
163 230 10 7
163 231 10 8
163 232 10 9
163 233 10 10
163 234 10 11
163 235 10 12
163 236 10 13
163 237 10 14
163 238 10 15
164 199 10 6
164 200 10 7
164 201 10 8
164 202 10 9
164 203 10 10
164 204 10 11
164 205 10 12
164 206 10 13
164 207 10 14
164 208 10 15
164 209 10 16
164 210 10 17
164 211 10 18
164 212 10 19
164 213 10 20
164 214 10 21
164 215 10 22
164 216 10 23
164 217 10 24
164 218 10 25
164 219 10 26
164 220 10 27
164 221 10 28
164 222 10 29
164 223 10 30
164 224 10 31
164 225 10 32
164 226 10 33
164 227 10 34
164 228 10 5
164 229 10 6
164 230 10 7
164 231 10 8
164 232 10 9
164 233 10 10
164 234 10 11
164 235 10 12
164 236 10 13
164 237 10 14
164 238 10 15
165 199 10 6
165 200 10 7
165 201 10 8
165 202 10 9
165 203 10 10
165 204 10 11
165 205 10 12
165 206 10 13
165 207 10 14
165 208 10 15
165 209 10 16
165 210 10 17
165 211 10 18
165 212 10 19
165 213 10 20
165 214 10 21
165 215 10 22
165 216 10 23
165 217 10 24
165 218 10 25
165 219 10 26
165 220 10 27
165 221 10 28
165 222 10 29
165 223 10 30
165 224 10 31
165 225 10 32
165 226 10 33
165 227 10 34
165 228 10 5
165 229 10 6
165 230 10 7
165 231 10 8
165 232 10 9
165 233 10 10
165 234 10 11
165 235 10 12
165 236 10 13
165 237 10 14
165 238 10 15
166 199 10 6
166 200 10 7
166 201 10 8
166 202 10 9
166 203 10 10
166 204 10 11
166 205 10 12
166 206 10 13
166 207 10 14
166 208 10 15
166 209 10 16
166 210 10 17
166 211 10 18
166 212 10 19
166 213 10 20
166 214 10 21
166 215 10 22
166 216 10 23
166 217 10 24
166 218 10 25
166 219 10 26
166 220 10 27
166 221 10 28
166 222 10 29
166 223 10 30
166 224 10 31
166 225 10 32
166 226 10 33
166 227 10 34
166 228 10 5
166 229 10 6
166 230 10 7
166 231 10 8
166 232 10 9
166 233 10 10
166 234 10 11
166 235 10 12
166 236 10 13
166 237 10 14
166 238 10 15
167 199 10 6
167 200 10 7
167 201 10 8
167 202 10 9
167 203 10 10
167 204 10 11
167 205 10 12
167 206 10 13
167 207 10 14
167 208 10 15
167 209 10 16
167 210 10 17
167 211 10 18
167 212 10 19
167 213 10 20
167 214 10 21
167 215 10 22
167 216 10 23
167 217 10 24
167 218 10 25
167 219 10 26
167 220 10 27
167 221 10 28
167 222 10 29
167 223 10 30
167 224 10 31
167 225 10 32
167 226 10 33
167 227 10 34
167 228 10 5
167 229 10 6
167 230 10 7
167 231 10 8
167 232 10 9
167 233 10 10
167 234 10 11
167 235 10 12
167 236 10 13
167 237 10 14
167 238 10 15
168 199 10 6
168 200 10 7
168 201 10 8
168 202 10 9
168 203 10 10
168 204 10 11
168 205 10 12
168 206 10 13
168 207 10 14
168 208 10 15
168 209 10 16
168 210 10 17
168 211 10 18
168 212 10 19
168 213 10 20
168 214 10 21
168 215 10 22
168 216 10 23
168 217 10 24
168 218 10 25
168 219 10 26
168 220 10 27
168 221 10 28
168 222 10 29
168 223 10 30
168 224 10 31
168 225 10 32
168 226 10 33
168 227 10 34
168 228 10 5
168 229 10 6
168 230 10 7
168 231 10 8
168 232 10 9
168 233 10 10
168 234 10 11
168 235 10 12
168 236 10 13
168 237 10 14
168 238 10 15
169 199 10 6
169 200 10 7
169 201 10 8
169 202 10 9
169 203 10 10
169 204 10 11
169 205 10 12
169 206 10 13
169 207 10 14
169 208 10 15
169 209 10 16
169 210 10 17
169 211 10 18
169 212 10 19
169 213 10 20
169 214 10 21
169 215 10 22
169 216 10 23
169 217 10 24
169 218 10 25
169 219 10 26
169 220 10 27
169 221 10 28
169 222 10 29
169 223 10 30
169 224 10 31
169 225 10 32
169 226 10 33
169 227 10 34
169 228 10 5
169 229 10 6
169 230 10 7
169 231 10 8
169 232 10 9
169 233 10 10
169 234 10 11
169 235 10 12
169 236 10 13
169 237 10 14
169 238 10 15
170 199 10 6
170 200 10 7
170 201 10 8
170 202 10 9
170 203 10 10
170 204 10 11
170 205 10 12
170 206 10 13
170 207 10 14
170 208 10 15
170 209 10 16
170 210 10 17
170 211 10 18
170 212 10 19
170 213 10 20
170 214 10 21
170 215 10 22
170 216 10 23
170 217 10 24
170 218 10 25
170 219 10 26
170 220 10 27
170 221 10 28
170 222 10 29
170 223 10 30
170 224 10 31
170 225 10 32
170 226 10 33
170 227 10 34
170 228 10 5
170 229 10 6
170 230 10 7
170 231 10 8
170 232 10 9
170 233 10 10
170 234 10 11
170 235 10 12
170 236 10 13
170 237 10 14
170 238 10 15
171 199 10 6
171 200 10 7
171 201 10 8
171 202 10 9
171 203 10 10
171 204 10 11
171 205 10 12
171 206 10 13
171 207 10 14
171 208 10 15
171 209 10 16
171 210 10 17
171 211 10 18
171 212 10 19
171 213 10 20
171 214 10 21
171 215 10 22
171 216 10 23
171 217 10 24
171 218 10 25
171 219 10 26
171 220 10 27
171 221 10 28
171 222 10 29
171 223 10 30
171 224 10 31
171 225 10 32
171 226 10 33
171 227 10 34
171 228 10 5
171 229 10 6
171 230 10 7
171 231 10 8
171 232 10 9
171 233 10 10
171 234 10 11
171 235 10 12
171 236 10 13
171 237 10 14
171 238 10 15
172 199 10 6
172 200 10 7
172 201 10 8
172 202 10 9
172 203 10 10
172 204 10 11
172 205 10 12
172 206 10 13
172 207 10 14
172 208 10 15
172 209 10 16
172 210 10 17
172 211 10 18
172 212 10 19
172 213 10 20
172 214 10 21
172 215 10 22
172 216 10 23
172 217 10 24
172 218 10 25
172 219 10 26
172 220 10 27
172 221 10 28
172 222 10 29
172 223 10 30
172 224 10 31
172 225 10 32
172 226 10 33
172 227 10 34
172 228 10 5
172 229 10 6
172 230 10 7
172 231 10 8
172 232 10 9
172 233 10 10
172 234 10 11
172 235 10 12
172 236 10 13
172 237 10 14
172 238 10 15
173 199 10 6
173 200 10 7
173 201 10 8
173 202 10 9
173 203 10 10
173 204 10 11
173 205 10 12
173 206 10 13
173 207 10 14
173 208 10 15
173 209 10 16
173 210 10 17
173 211 10 18
173 212 10 19
173 213 10 20
173 214 10 21
173 215 10 22
173 216 10 23
173 217 10 24
173 218 10 25
173 219 10 26
173 220 10 27
173 221 10 28
173 222 10 29
173 223 10 30
173 224 10 31
173 225 10 32
173 226 10 33
173 227 10 34
173 228 10 5
173 229 10 6
173 230 10 7
173 231 10 8
173 232 10 9
173 233 10 10
173 234 10 11
173 235 10 12
173 236 10 13
173 237 10 14
173 238 10 15
174 199 10 6
174 200 10 7
174 201 10 8
174 202 10 9
174 203 10 10
174 204 10 11
174 205 10 12
174 206 10 13
174 207 10 14
174 208 10 15
174 209 10 16
174 210 10 17
174 211 10 18
174 212 10 19
174 213 10 20
174 214 10 21
174 215 10 22
174 216 10 23
174 217 10 24
174 218 10 25
174 219 10 26
174 220 10 27
174 221 10 28
174 222 10 29
174 223 10 30
174 224 10 31
174 225 10 32
174 226 10 33
174 227 10 34
174 228 10 5
174 229 10 6
174 230 10 7
174 231 10 8
174 232 10 9
174 233 10 10
174 234 10 11
174 235 10 12
174 236 10 13
174 237 10 14
174 238 10 15
175 199 10 6
175 200 10 7
175 201 10 8
175 202 10 9
175 203 10 10
175 204 10 11
175 205 10 12
175 206 10 13
175 207 10 14
175 208 10 15
175 209 10 16
175 210 10 17
175 211 10 18
175 212 10 19
175 213 10 20
175 214 10 21
175 215 10 22
175 216 10 23
175 217 10 24
175 218 10 25
175 219 10 26
175 220 10 27
175 221 10 28
175 222 10 29
175 223 10 30
175 224 10 31
175 225 10 32
175 226 10 33
175 227 10 34
175 228 10 5
175 229 10 6
175 230 10 7
175 231 10 8
175 232 10 9
175 233 10 10
175 234 10 11
175 235 10 12
175 236 10 13
175 237 10 14
175 238 10 15
176 199 10 6
176 200 10 7
176 201 10 8
176 202 10 9
176 203 10 10
176 204 10 11
176 205 10 12
176 206 10 13
176 207 10 14
176 208 10 15
176 209 10 16
176 210 10 17
176 211 10 18
176 212 10 19
176 213 10 20
176 214 10 21
176 215 10 22
176 216 10 23
176 217 10 24
176 218 10 25
176 219 10 26
176 220 10 27
176 221 10 28
176 222 10 29
176 223 10 30
176 224 10 31
176 225 10 32
176 226 10 33
176 227 10 34
176 228 10 5
176 229 10 6
176 230 10 7
176 231 10 8
176 232 10 9
176 233 10 10
176 234 10 11
176 235 10 12
176 236 10 13
176 237 10 14
176 238 10 15
177 199 10 6
177 200 10 7
177 201 10 8
177 202 10 9
177 203 10 10
177 204 10 11
177 205 10 12
177 206 10 13
177 207 10 14
177 208 10 15
177 209 10 16
177 210 10 17
177 211 10 18
177 212 10 19
177 213 10 20
177 214 10 21
177 215 10 22
177 216 10 23
177 217 10 24
177 218 10 25
177 219 10 26
177 220 10 27
177 221 10 28
177 222 10 29
177 223 10 30
177 224 10 31
177 225 10 32
177 226 10 33
177 227 10 34
177 228 10 5
177 229 10 6
177 230 10 7
177 231 10 8
177 232 10 9
177 233 10 10
177 234 10 11
177 235 10 12
177 236 10 13
177 237 10 14
177 238 10 15
178 199 10 6
178 200 10 7
178 201 10 8
178 202 10 9
178 203 10 10
178 204 10 11
178 205 10 12
178 206 10 13
178 207 10 14
178 208 10 15
178 209 10 16
178 210 10 17
178 211 10 18
178 212 10 19
178 213 10 20
178 214 10 21
178 215 10 22
178 216 10 23
178 217 10 24
178 218 10 25
178 219 10 26
178 220 10 27
178 221 10 28
178 222 10 29
178 223 10 30
178 224 10 31
178 225 10 32
178 226 10 33
178 227 10 34
178 228 10 5
178 229 10 6
178 230 10 7
178 231 10 8
178 232 10 9
178 233 10 10
178 234 10 11
178 235 10 12
178 236 10 13
178 237 10 14
178 238 10 15
179 199 10 6
179 200 10 7
179 201 10 8
179 202 10 9
179 203 10 10
179 204 10 11
179 205 10 12
179 206 10 13
179 207 10 14
179 208 10 15
179 209 10 16
179 210 10 17
179 211 10 18
179 212 10 19
179 213 10 20
179 214 10 21
179 215 10 22
179 216 10 23
179 217 10 24
179 218 10 25
179 219 10 26
179 220 10 27
179 221 10 28
179 222 10 29
179 223 10 30
179 224 10 31
179 225 10 32
179 226 10 33
179 227 10 34
179 228 10 5
179 229 10 6
179 230 10 7
179 231 10 8
179 232 10 9
179 233 10 10
179 234 10 11
179 235 10 12
179 236 10 13
179 237 10 14
179 238 10 15
180 199 10 6
180 200 10 7
180 201 10 8
180 202 10 9
180 203 10 10
180 204 10 11
180 205 10 12
180 206 10 13
180 207 10 14
180 208 10 15
180 209 10 16
180 210 10 17
180 211 10 18
180 212 10 19
180 213 10 20
180 214 10 21
180 215 10 22
180 216 10 23
180 217 10 24
180 218 10 25
180 219 10 26
180 220 10 27
180 221 10 28
180 222 10 29
180 223 10 30
180 224 10 31
180 225 10 32
180 226 10 33
180 227 10 34
180 228 10 5
180 229 10 6
180 230 10 7
180 231 10 8
180 232 10 9
180 233 10 10
180 234 10 11
180 235 10 12
180 236 10 13
180 237 10 14
180 238 10 15
181 199 10 6
181 200 10 7
181 201 10 8
181 202 10 9
181 203 10 10
181 204 10 11
181 205 10 12
181 206 10 13
181 207 10 14
181 208 10 15
181 209 10 16
181 210 10 17
181 211 10 18
181 212 10 19
181 213 10 20
181 214 10 21
181 215 10 22
181 216 10 23
181 217 10 24
181 218 10 25
181 219 10 26
181 220 10 27
181 221 10 28
181 222 10 29
181 223 10 30
181 224 10 31
181 225 10 32
181 226 10 33
181 227 10 34
181 228 10 5
181 229 10 6
181 230 10 7
181 231 10 8
181 232 10 9
181 233 10 10
181 234 10 11
181 235 10 12
181 236 10 13
181 237 10 14
181 238 10 15
182 199 10 6
182 200 10 7
182 201 10 8
182 202 10 9
182 203 10 10
182 204 10 11
182 205 10 12
182 206 10 13
182 207 10 14
182 208 10 15
182 209 10 16
182 210 10 17
182 211 10 18
182 212 10 19
182 213 10 20
182 214 10 21
182 215 10 22
182 216 10 23
182 217 10 24
182 218 10 25
182 219 10 26
182 220 10 27
182 221 10 28
182 222 10 29
182 223 10 30
182 224 10 31
182 225 10 32
182 226 10 33
182 227 10 34
182 228 10 5
182 229 10 6
182 230 10 7
182 231 10 8
182 232 10 9
182 233 10 10
182 234 10 11
182 235 10 12
182 236 10 13
182 237 10 14
182 238 10 15
183 199 10 6
183 200 10 7
183 201 10 8
183 202 10 9
183 203 10 10
183 204 10 11
183 205 10 12
183 206 10 13
183 207 10 14
183 208 10 15
183 209 10 16
183 210 10 17
183 211 10 18
183 212 10 19
183 213 10 20
183 214 10 21
183 215 10 22
183 216 10 23
183 217 10 24
183 218 10 25
183 219 10 26
183 220 10 27
183 221 10 28
183 222 10 29
183 223 10 30
183 224 10 31
183 225 10 32
183 226 10 33
183 227 10 34
183 228 10 5
183 229 10 6
183 230 10 7
183 231 10 8
183 232 10 9
183 233 10 10
183 234 10 11
183 235 10 12
183 236 10 13
183 237 10 14
183 238 10 15
184 199 10 6
184 200 10 7
184 201 10 8
184 202 10 9
184 203 10 10
184 204 10 11
184 205 10 12
184 206 10 13
184 207 10 14
184 208 10 15
184 209 10 16
184 210 10 17
184 211 10 18
184 212 10 19
184 213 10 20
184 214 10 21
184 215 10 22
184 216 10 23
184 217 10 24
184 218 10 25
184 219 10 26
184 220 10 27
184 221 10 28
184 222 10 29
184 223 10 30
184 224 10 31
184 225 10 32
184 226 10 33
184 227 10 34
184 228 10 5
184 229 10 6
184 230 10 7
184 231 10 8
184 232 10 9
184 233 10 10
184 234 10 11
184 235 10 12
184 236 10 13
184 237 10 14
184 238 10 15
185 199 10 6
185 200 10 7
185 201 10 8
185 202 10 9
185 203 10 10
185 204 10 11
185 205 10 12
185 206 10 13
185 207 10 14
185 208 10 15
185 209 10 16
185 210 10 17
185 211 10 18
185 212 10 19
185 213 10 20
185 214 10 21
185 215 10 22
185 216 10 23
185 217 10 24
185 218 10 25
185 219 10 26
185 220 10 27
185 221 10 28
185 222 10 29
185 223 10 30
185 224 10 31
185 225 10 32
185 226 10 33
185 227 10 34
185 228 10 5
185 229 10 6
185 230 10 7
185 231 10 8
185 232 10 9
185 233 10 10
185 234 10 11
185 235 10 12
185 236 10 13
185 237 10 14
185 238 10 15
186 199 10 6
186 200 10 7
186 201 10 8
186 202 10 9
186 203 10 10
186 204 10 11
186 205 10 12
186 206 10 13
186 207 10 14
186 208 10 15
186 209 10 16
186 210 10 17
186 211 10 18
186 212 10 19
186 213 10 20
186 214 10 21
186 215 10 22
186 216 10 23
186 217 10 24
186 218 10 25
186 219 10 26
186 220 10 27
186 221 10 28
186 222 10 29
186 223 10 30
186 224 10 31
186 225 10 32
186 226 10 33
186 227 10 34
186 228 10 5
186 229 10 6
186 230 10 7
186 231 10 8
186 232 10 9
186 233 10 10
186 234 10 11
186 235 10 12
186 236 10 13
186 237 10 14
186 238 10 15
187 199 10 6
187 200 10 7
187 201 10 8
187 202 10 9
187 203 10 10
187 204 10 11
187 205 10 12
187 206 10 13
187 207 10 14
187 208 10 15
187 209 10 16
187 210 10 17
187 211 10 18
187 212 10 19
187 213 10 20
187 214 10 21
187 215 10 22
187 216 10 23
187 217 10 24
187 218 10 25
187 219 10 26
187 220 10 27
187 221 10 28
187 222 10 29
187 223 10 30
187 224 10 31
187 225 10 32
187 226 10 33
187 227 10 34
187 228 10 5
187 229 10 6
187 230 10 7
187 231 10 8
187 232 10 9
187 233 10 10
187 234 10 11
187 235 10 12
187 236 10 13
187 237 10 14
187 238 10 15
188 199 10 6
188 200 10 7
188 201 10 8
188 202 10 9
188 203 10 10
188 204 10 11
188 205 10 12
188 206 10 13
188 207 10 14
188 208 10 15
188 209 10 16
188 210 10 17
188 211 10 18
188 212 10 19
188 213 10 20
188 214 10 21
188 215 10 22
188 216 10 23
188 217 10 24
188 218 10 25
188 219 10 26
188 220 10 27
188 221 10 28
188 222 10 29
188 223 10 30
188 224 10 31
188 225 10 32
188 226 10 33
188 227 10 34
188 228 10 5
188 229 10 6
188 230 10 7
188 231 10 8
188 232 10 9
188 233 10 10
188 234 10 11
188 235 10 12
188 236 10 13
188 237 10 14
188 238 10 15
189 199 10 6
189 200 10 7
189 201 10 8
189 202 10 9
189 203 10 10
189 204 10 11
189 205 10 12
189 206 10 13
189 207 10 14
189 208 10 15
189 209 10 16
189 210 10 17
189 211 10 18
189 212 10 19
189 213 10 20
189 214 10 21
189 215 10 22
189 216 10 23
189 217 10 24
189 218 10 25
189 219 10 26
189 220 10 27
189 221 10 28
189 222 10 29
189 223 10 30
189 224 10 31
189 225 10 32
189 226 10 33
189 227 10 34
189 228 10 5
189 229 10 6
189 230 10 7
189 231 10 8
189 232 10 9
189 233 10 10
189 234 10 11
189 235 10 12
189 236 10 13
189 237 10 14
189 238 10 15
190 199 10 6
190 200 10 7
190 201 10 8
190 202 10 9
190 203 10 10
190 204 10 11
190 205 10 12
190 206 10 13
190 207 10 14
190 208 10 15
190 209 10 16
190 210 10 17
190 211 10 18
190 212 10 19
190 213 10 20
190 214 10 21
190 215 10 22
190 216 10 23
190 217 10 24
190 218 10 25
190 219 10 26
190 220 10 27
190 221 10 28
190 222 10 29
190 223 10 30
190 224 10 31
190 225 10 32
190 226 10 33
190 227 10 34
190 228 10 5
190 229 10 6
190 230 10 7
190 231 10 8
190 232 10 9
190 233 10 10
190 234 10 11
190 235 10 12
190 236 10 13
190 237 10 14
190 238 10 15
191 199 10 6
191 200 10 7
191 201 10 8
191 202 10 9
191 203 10 10
191 204 10 11
191 205 10 12
191 206 10 13
191 207 10 14
191 208 10 15
191 209 10 16
191 210 10 17
191 211 10 18
191 212 10 19
191 213 10 20
191 214 10 21
191 215 10 22
191 216 10 23
191 217 10 24
191 218 10 25
191 219 10 26
191 220 10 27
191 221 10 28
191 222 10 29
191 223 10 30
191 224 10 31
191 225 10 32
191 226 10 33
191 227 10 34
191 228 10 5
191 229 10 6
191 230 10 7
191 231 10 8
191 232 10 9
191 233 10 10
191 234 10 11
191 235 10 12
191 236 10 13
191 237 10 14
191 238 10 15
192 199 10 6
192 200 10 7
192 201 10 8
192 202 10 9
192 203 10 10
192 204 10 11
192 205 10 12
192 206 10 13
192 207 10 14
192 208 10 15
192 209 10 16
192 210 10 17
192 211 10 18
192 212 10 19
192 213 10 20
192 214 10 21
192 215 10 22
192 216 10 23
192 217 10 24
192 218 10 25
192 219 10 26
192 220 10 27
192 221 10 28
192 222 10 29
192 223 10 30
192 224 10 31
192 225 10 32
192 226 10 33
192 227 10 34
192 228 10 5
192 229 10 6
192 230 10 7
192 231 10 8
192 232 10 9
192 233 10 10
192 234 10 11
192 235 10 12
192 236 10 13
192 237 10 14
192 238 10 15
193 199 10 6
193 200 10 7
193 201 10 8
193 202 10 9
193 203 10 10
193 204 10 11
193 205 10 12
193 206 10 13
193 207 10 14
193 208 10 15
193 209 10 16
193 210 10 17
193 211 10 18
193 212 10 19
193 213 10 20
193 214 10 21
193 215 10 22
193 216 10 23
193 217 10 24
193 218 10 25
193 219 10 26
193 220 10 27
193 221 10 28
193 222 10 29
193 223 10 30
193 224 10 31
193 225 10 32
193 226 10 33
193 227 10 34
193 228 10 5
193 229 10 6
193 230 10 7
193 231 10 8
193 232 10 9
193 233 10 10
193 234 10 11
193 235 10 12
193 236 10 13
193 237 10 14
193 238 10 15
194 199 10 6
194 200 10 7
194 201 10 8
194 202 10 9
194 203 10 10
194 204 10 11
194 205 10 12
194 206 10 13
194 207 10 14
194 208 10 15
194 209 10 16
194 210 10 17
194 211 10 18
194 212 10 19
194 213 10 20
194 214 10 21
194 215 10 22
194 216 10 23
194 217 10 24
194 218 10 25
194 219 10 26
194 220 10 27
194 221 10 28
194 222 10 29
194 223 10 30
194 224 10 31
194 225 10 32
194 226 10 33
194 227 10 34
194 228 10 5
194 229 10 6
194 230 10 7
194 231 10 8
194 232 10 9
194 233 10 10
194 234 10 11
194 235 10 12
194 236 10 13
194 237 10 14
194 238 10 15
195 199 10 6
195 200 10 7
195 201 10 8
195 202 10 9
195 203 10 10
195 204 10 11
195 205 10 12
195 206 10 13
195 207 10 14
195 208 10 15
195 209 10 16
195 210 10 17
195 211 10 18
195 212 10 19
195 213 10 20
195 214 10 21
195 215 10 22
195 216 10 23
195 217 10 24
195 218 10 25
195 219 10 26
195 220 10 27
195 221 10 28
195 222 10 29
195 223 10 30
195 224 10 31
195 225 10 32
195 226 10 33
195 227 10 34
195 228 10 5
195 229 10 6
195 230 10 7
195 231 10 8
195 232 10 9
195 233 10 10
195 234 10 11
195 235 10 12
195 236 10 13
195 237 10 14
195 238 10 15
196 199 10 6
196 200 10 7
196 201 10 8
196 202 10 9
196 203 10 10
196 204 10 11
196 205 10 12
196 206 10 13
196 207 10 14
196 208 10 15
196 209 10 16
196 210 10 17
196 211 10 18
196 212 10 19
196 213 10 20
196 214 10 21
196 215 10 22
196 216 10 23
196 217 10 24
196 218 10 25
196 219 10 26
196 220 10 27
196 221 10 28
196 222 10 29
196 223 10 30
196 224 10 31
196 225 10 32
196 226 10 33
196 227 10 34
196 228 10 5
196 229 10 6
196 230 10 7
196 231 10 8
196 232 10 9
196 233 10 10
196 234 10 11
196 235 10 12
196 236 10 13
196 237 10 14
196 238 10 15
197 199 10 6
197 200 10 7
197 201 10 8
197 202 10 9
197 203 10 10
197 204 10 11
197 205 10 12
197 206 10 13
197 207 10 14
197 208 10 15
197 209 10 16
197 210 10 17
197 211 10 18
197 212 10 19
197 213 10 20
197 214 10 21
197 215 10 22
197 216 10 23
197 217 10 24
197 218 10 25
197 219 10 26
197 220 10 27
197 221 10 28
197 222 10 29
197 223 10 30
197 224 10 31
197 225 10 32
197 226 10 33
197 227 10 34
197 228 10 5
197 229 10 6
197 230 10 7
197 231 10 8
197 232 10 9
197 233 10 10
197 234 10 11
197 235 10 12
197 236 10 13
197 237 10 14
197 238 10 15
198 199 10 6
198 200 10 7
198 201 10 8
198 202 10 9
198 203 10 10
198 204 10 11
198 205 10 12
198 206 10 13
198 207 10 14
198 208 10 15
198 209 10 16
198 210 10 17
198 211 10 18
198 212 10 19
198 213 10 20
198 214 10 21
198 215 10 22
198 216 10 23
198 217 10 24
198 218 10 25
198 219 10 26
198 220 10 27
198 221 10 28
198 222 10 29
198 223 10 30
198 224 10 31
198 225 10 32
198 226 10 33
198 227 10 34
198 228 10 5
198 229 10 6
198 230 10 7
198 231 10 8
198 232 10 9
198 233 10 10
198 234 10 11
198 235 10 12
198 236 10 13
198 237 10 14
198 238 10 15
199 239 10 7
199 240 10 8
199 241 10 9
199 242 10 10
199 243 10 11
199 244 10 12
199 245 10 13
199 246 10 14
199 247 10 15
199 248 10 16
199 249 10 17
199 250 10 18
199 251 10 19
199 252 10 20
199 253 10 21
199 254 10 22
199 255 10 23
199 256 10 24
199 257 10 25
199 258 10 26
199 259 10 27
199 260 10 28
199 261 10 29
199 262 10 30
199 263 10 31
199 264 10 32
199 265 10 33
199 266 10 34
199 267 10 35
199 268 10 6
199 269 10 7
199 270 10 8
199 271 10 9
199 272 10 10
199 273 10 11
199 274 10 12
199 275 10 13
199 276 10 14
199 277 10 15
199 278 10 16
200 239 10 7
200 240 10 8
200 241 10 9
200 242 10 10
200 243 10 11
200 244 10 12
200 245 10 13
200 246 10 14
200 247 10 15
200 248 10 16
200 249 10 17
200 250 10 18
200 251 10 19
200 252 10 20
200 253 10 21
200 254 10 22
200 255 10 23
200 256 10 24
200 257 10 25
200 258 10 26
200 259 10 27
200 260 10 28
200 261 10 29
200 262 10 30
200 263 10 31
200 264 10 32
200 265 10 33
200 266 10 34
200 267 10 35
200 268 10 6
200 269 10 7
200 270 10 8
200 271 10 9
200 272 10 10
200 273 10 11
200 274 10 12
200 275 10 13
200 276 10 14
200 277 10 15
200 278 10 16
201 239 10 7
201 240 10 8
201 241 10 9
201 242 10 10
201 243 10 11
201 244 10 12
201 245 10 13
201 246 10 14
201 247 10 15
201 248 10 16
201 249 10 17
201 250 10 18
201 251 10 19
201 252 10 20
201 253 10 21
201 254 10 22
201 255 10 23
201 256 10 24
201 257 10 25
201 258 10 26
201 259 10 27
201 260 10 28
201 261 10 29
201 262 10 30
201 263 10 31
201 264 10 32
201 265 10 33
201 266 10 34
201 267 10 35
201 268 10 6
201 269 10 7
201 270 10 8
201 271 10 9
201 272 10 10
201 273 10 11
201 274 10 12
201 275 10 13
201 276 10 14
201 277 10 15
201 278 10 16
202 239 10 7
202 240 10 8
202 241 10 9
202 242 10 10
202 243 10 11
202 244 10 12
202 245 10 13
202 246 10 14
202 247 10 15
202 248 10 16
202 249 10 17
202 250 10 18
202 251 10 19
202 252 10 20
202 253 10 21
202 254 10 22
202 255 10 23
202 256 10 24
202 257 10 25
202 258 10 26
202 259 10 27
202 260 10 28
202 261 10 29
202 262 10 30
202 263 10 31
202 264 10 32
202 265 10 33
202 266 10 34
202 267 10 35
202 268 10 6
202 269 10 7
202 270 10 8
202 271 10 9
202 272 10 10
202 273 10 11
202 274 10 12
202 275 10 13
202 276 10 14
202 277 10 15
202 278 10 16
203 239 10 7
203 240 10 8
203 241 10 9
203 242 10 10
203 243 10 11
203 244 10 12
203 245 10 13
203 246 10 14
203 247 10 15
203 248 10 16
203 249 10 17
203 250 10 18
203 251 10 19
203 252 10 20
203 253 10 21
203 254 10 22
203 255 10 23
203 256 10 24
203 257 10 25
203 258 10 26
203 259 10 27
203 260 10 28
203 261 10 29
203 262 10 30
203 263 10 31
203 264 10 32
203 265 10 33
203 266 10 34
203 267 10 35
203 268 10 6
203 269 10 7
203 270 10 8
203 271 10 9
203 272 10 10
203 273 10 11
203 274 10 12
203 275 10 13
203 276 10 14
203 277 10 15
203 278 10 16
204 239 10 7
204 240 10 8
204 241 10 9
204 242 10 10
204 243 10 11
204 244 10 12
204 245 10 13
204 246 10 14
204 247 10 15
204 248 10 16
204 249 10 17
204 250 10 18
204 251 10 19
204 252 10 20
204 253 10 21
204 254 10 22
204 255 10 23
204 256 10 24
204 257 10 25
204 258 10 26
204 259 10 27
204 260 10 28
204 261 10 29
204 262 10 30
204 263 10 31
204 264 10 32
204 265 10 33
204 266 10 34
204 267 10 35
204 268 10 6
204 269 10 7
204 270 10 8
204 271 10 9
204 272 10 10
204 273 10 11
204 274 10 12
204 275 10 13
204 276 10 14
204 277 10 15
204 278 10 16
205 239 10 7
205 240 10 8
205 241 10 9
205 242 10 10
205 243 10 11
205 244 10 12
205 245 10 13
205 246 10 14
205 247 10 15
205 248 10 16
205 249 10 17
205 250 10 18
205 251 10 19
205 252 10 20
205 253 10 21
205 254 10 22
205 255 10 23
205 256 10 24
205 257 10 25
205 258 10 26
205 259 10 27
205 260 10 28
205 261 10 29
205 262 10 30
205 263 10 31
205 264 10 32
205 265 10 33
205 266 10 34
205 267 10 35
205 268 10 6
205 269 10 7
205 270 10 8
205 271 10 9
205 272 10 10
205 273 10 11
205 274 10 12
205 275 10 13
205 276 10 14
205 277 10 15
205 278 10 16
206 239 10 7
206 240 10 8
206 241 10 9
206 242 10 10
206 243 10 11
206 244 10 12
206 245 10 13
206 246 10 14
206 247 10 15
206 248 10 16
206 249 10 17
206 250 10 18
206 251 10 19
206 252 10 20
206 253 10 21
206 254 10 22
206 255 10 23
206 256 10 24
206 257 10 25
206 258 10 26
206 259 10 27
206 260 10 28
206 261 10 29
206 262 10 30
206 263 10 31
206 264 10 32
206 265 10 33
206 266 10 34
206 267 10 35
206 268 10 6
206 269 10 7
206 270 10 8
206 271 10 9
206 272 10 10
206 273 10 11
206 274 10 12
206 275 10 13
206 276 10 14
206 277 10 15
206 278 10 16
207 239 10 7
207 240 10 8
207 241 10 9
207 242 10 10
207 243 10 11
207 244 10 12
207 245 10 13
207 246 10 14
207 247 10 15
207 248 10 16
207 249 10 17
207 250 10 18
207 251 10 19
207 252 10 20
207 253 10 21
207 254 10 22
207 255 10 23
207 256 10 24
207 257 10 25
207 258 10 26
207 259 10 27
207 260 10 28
207 261 10 29
207 262 10 30
207 263 10 31
207 264 10 32
207 265 10 33
207 266 10 34
207 267 10 35
207 268 10 6
207 269 10 7
207 270 10 8
207 271 10 9
207 272 10 10
207 273 10 11
207 274 10 12
207 275 10 13
207 276 10 14
207 277 10 15
207 278 10 16
208 239 10 7
208 240 10 8
208 241 10 9
208 242 10 10
208 243 10 11
208 244 10 12
208 245 10 13
208 246 10 14
208 247 10 15
208 248 10 16
208 249 10 17
208 250 10 18
208 251 10 19
208 252 10 20
208 253 10 21
208 254 10 22
208 255 10 23
208 256 10 24
208 257 10 25
208 258 10 26
208 259 10 27
208 260 10 28
208 261 10 29
208 262 10 30
208 263 10 31
208 264 10 32
208 265 10 33
208 266 10 34
208 267 10 35
208 268 10 6
208 269 10 7
208 270 10 8
208 271 10 9
208 272 10 10
208 273 10 11
208 274 10 12
208 275 10 13
208 276 10 14
208 277 10 15
208 278 10 16
209 239 10 7
209 240 10 8
209 241 10 9
209 242 10 10
209 243 10 11
209 244 10 12
209 245 10 13
209 246 10 14
209 247 10 15
209 248 10 16
209 249 10 17
209 250 10 18
209 251 10 19
209 252 10 20
209 253 10 21
209 254 10 22
209 255 10 23
209 256 10 24
209 257 10 25
209 258 10 26
209 259 10 27
209 260 10 28
209 261 10 29
209 262 10 30
209 263 10 31
209 264 10 32
209 265 10 33
209 266 10 34
209 267 10 35
209 268 10 6
209 269 10 7
209 270 10 8
209 271 10 9
209 272 10 10
209 273 10 11
209 274 10 12
209 275 10 13
209 276 10 14
209 277 10 15
209 278 10 16
210 239 10 7
210 240 10 8
210 241 10 9
210 242 10 10
210 243 10 11
210 244 10 12
210 245 10 13
210 246 10 14
210 247 10 15
210 248 10 16
210 249 10 17
210 250 10 18
210 251 10 19
210 252 10 20
210 253 10 21
210 254 10 22
210 255 10 23
210 256 10 24
210 257 10 25
210 258 10 26
210 259 10 27
210 260 10 28
210 261 10 29
210 262 10 30
210 263 10 31
210 264 10 32
210 265 10 33
210 266 10 34
210 267 10 35
210 268 10 6
210 269 10 7
210 270 10 8
210 271 10 9
210 272 10 10
210 273 10 11
210 274 10 12
210 275 10 13
210 276 10 14
210 277 10 15
210 278 10 16
211 239 10 7
211 240 10 8
211 241 10 9
211 242 10 10
211 243 10 11
211 244 10 12
211 245 10 13
211 246 10 14
211 247 10 15
211 248 10 16
211 249 10 17
211 250 10 18
211 251 10 19
211 252 10 20
211 253 10 21
211 254 10 22
211 255 10 23
211 256 10 24
211 257 10 25
211 258 10 26
211 259 10 27
211 260 10 28
211 261 10 29
211 262 10 30
211 263 10 31
211 264 10 32
211 265 10 33
211 266 10 34
211 267 10 35
211 268 10 6
211 269 10 7
211 270 10 8
211 271 10 9
211 272 10 10
211 273 10 11
211 274 10 12
211 275 10 13
211 276 10 14
211 277 10 15
211 278 10 16
212 239 10 7
212 240 10 8
212 241 10 9
212 242 10 10
212 243 10 11
212 244 10 12
212 245 10 13
212 246 10 14
212 247 10 15
212 248 10 16
212 249 10 17
212 250 10 18
212 251 10 19
212 252 10 20
212 253 10 21
212 254 10 22
212 255 10 23
212 256 10 24
212 257 10 25
212 258 10 26
212 259 10 27
212 260 10 28
212 261 10 29
212 262 10 30
212 263 10 31
212 264 10 32
212 265 10 33
212 266 10 34
212 267 10 35
212 268 10 6
212 269 10 7
212 270 10 8
212 271 10 9
212 272 10 10
212 273 10 11
212 274 10 12
212 275 10 13
212 276 10 14
212 277 10 15
212 278 10 16
213 239 10 7
213 240 10 8
213 241 10 9
213 242 10 10
213 243 10 11
213 244 10 12
213 245 10 13
213 246 10 14
213 247 10 15
213 248 10 16
213 249 10 17
213 250 10 18
213 251 10 19
213 252 10 20
213 253 10 21
213 254 10 22
213 255 10 23
213 256 10 24
213 257 10 25
213 258 10 26
213 259 10 27
213 260 10 28
213 261 10 29
213 262 10 30
213 263 10 31
213 264 10 32
213 265 10 33
213 266 10 34
213 267 10 35
213 268 10 6
213 269 10 7
213 270 10 8
213 271 10 9
213 272 10 10
213 273 10 11
213 274 10 12
213 275 10 13
213 276 10 14
213 277 10 15
213 278 10 16
214 239 10 7
214 240 10 8
214 241 10 9
214 242 10 10
214 243 10 11
214 244 10 12
214 245 10 13
214 246 10 14
214 247 10 15
214 248 10 16
214 249 10 17
214 250 10 18
214 251 10 19
214 252 10 20
214 253 10 21
214 254 10 22
214 255 10 23
214 256 10 24
214 257 10 25
214 258 10 26
214 259 10 27
214 260 10 28
214 261 10 29
214 262 10 30
214 263 10 31
214 264 10 32
214 265 10 33
214 266 10 34
214 267 10 35
214 268 10 6
214 269 10 7
214 270 10 8
214 271 10 9
214 272 10 10
214 273 10 11
214 274 10 12
214 275 10 13
214 276 10 14
214 277 10 15
214 278 10 16
215 239 10 7
215 240 10 8
215 241 10 9
215 242 10 10
215 243 10 11
215 244 10 12
215 245 10 13
215 246 10 14
215 247 10 15
215 248 10 16
215 249 10 17
215 250 10 18
215 251 10 19
215 252 10 20
215 253 10 21
215 254 10 22
215 255 10 23
215 256 10 24
215 257 10 25
215 258 10 26
215 259 10 27
215 260 10 28
215 261 10 29
215 262 10 30
215 263 10 31
215 264 10 32
215 265 10 33
215 266 10 34
215 267 10 35
215 268 10 6
215 269 10 7
215 270 10 8
215 271 10 9
215 272 10 10
215 273 10 11
215 274 10 12
215 275 10 13
215 276 10 14
215 277 10 15
215 278 10 16
216 239 10 7
216 240 10 8
216 241 10 9
216 242 10 10
216 243 10 11
216 244 10 12
216 245 10 13
216 246 10 14
216 247 10 15
216 248 10 16
216 249 10 17
216 250 10 18
216 251 10 19
216 252 10 20
216 253 10 21
216 254 10 22
216 255 10 23
216 256 10 24
216 257 10 25
216 258 10 26
216 259 10 27
216 260 10 28
216 261 10 29
216 262 10 30
216 263 10 31
216 264 10 32
216 265 10 33
216 266 10 34
216 267 10 35
216 268 10 6
216 269 10 7
216 270 10 8
216 271 10 9
216 272 10 10
216 273 10 11
216 274 10 12
216 275 10 13
216 276 10 14
216 277 10 15
216 278 10 16
217 239 10 7
217 240 10 8
217 241 10 9
217 242 10 10
217 243 10 11
217 244 10 12
217 245 10 13
217 246 10 14
217 247 10 15
217 248 10 16
217 249 10 17
217 250 10 18
217 251 10 19
217 252 10 20
217 253 10 21
217 254 10 22
217 255 10 23
217 256 10 24
217 257 10 25
217 258 10 26
217 259 10 27
217 260 10 28
217 261 10 29
217 262 10 30
217 263 10 31
217 264 10 32
217 265 10 33
217 266 10 34
217 267 10 35
217 268 10 6
217 269 10 7
217 270 10 8
217 271 10 9
217 272 10 10
217 273 10 11
217 274 10 12
217 275 10 13
217 276 10 14
217 277 10 15
217 278 10 16
218 239 10 7
218 240 10 8
218 241 10 9
218 242 10 10
218 243 10 11
218 244 10 12
218 245 10 13
218 246 10 14
218 247 10 15
218 248 10 16
218 249 10 17
218 250 10 18
218 251 10 19
218 252 10 20
218 253 10 21
218 254 10 22
218 255 10 23
218 256 10 24
218 257 10 25
218 258 10 26
218 259 10 27
218 260 10 28
218 261 10 29
218 262 10 30
218 263 10 31
218 264 10 32
218 265 10 33
218 266 10 34
218 267 10 35
218 268 10 6
218 269 10 7
218 270 10 8
218 271 10 9
218 272 10 10
218 273 10 11
218 274 10 12
218 275 10 13
218 276 10 14
218 277 10 15
218 278 10 16
219 239 10 7
219 240 10 8
219 241 10 9
219 242 10 10
219 243 10 11
219 244 10 12
219 245 10 13
219 246 10 14
219 247 10 15
219 248 10 16
219 249 10 17
219 250 10 18
219 251 10 19
219 252 10 20
219 253 10 21
219 254 10 22
219 255 10 23
219 256 10 24
219 257 10 25
219 258 10 26
219 259 10 27
219 260 10 28
219 261 10 29
219 262 10 30
219 263 10 31
219 264 10 32
219 265 10 33
219 266 10 34
219 267 10 35
219 268 10 6
219 269 10 7
219 270 10 8
219 271 10 9
219 272 10 10
219 273 10 11
219 274 10 12
219 275 10 13
219 276 10 14
219 277 10 15
219 278 10 16
220 239 10 7
220 240 10 8
220 241 10 9
220 242 10 10
220 243 10 11
220 244 10 12
220 245 10 13
220 246 10 14
220 247 10 15
220 248 10 16
220 249 10 17
220 250 10 18
220 251 10 19
220 252 10 20
220 253 10 21
220 254 10 22
220 255 10 23
220 256 10 24
220 257 10 25
220 258 10 26
220 259 10 27
220 260 10 28
220 261 10 29
220 262 10 30
220 263 10 31
220 264 10 32
220 265 10 33
220 266 10 34
220 267 10 35
220 268 10 6
220 269 10 7
220 270 10 8
220 271 10 9
220 272 10 10
220 273 10 11
220 274 10 12
220 275 10 13
220 276 10 14
220 277 10 15
220 278 10 16
221 239 10 7
221 240 10 8
221 241 10 9
221 242 10 10
221 243 10 11
221 244 10 12
221 245 10 13
221 246 10 14
221 247 10 15
221 248 10 16
221 249 10 17
221 250 10 18
221 251 10 19
221 252 10 20
221 253 10 21
221 254 10 22
221 255 10 23
221 256 10 24
221 257 10 25
221 258 10 26
221 259 10 27
221 260 10 28
221 261 10 29
221 262 10 30
221 263 10 31
221 264 10 32
221 265 10 33
221 266 10 34
221 267 10 35
221 268 10 6
221 269 10 7
221 270 10 8
221 271 10 9
221 272 10 10
221 273 10 11
221 274 10 12
221 275 10 13
221 276 10 14
221 277 10 15
221 278 10 16
222 239 10 7
222 240 10 8
222 241 10 9
222 242 10 10
222 243 10 11
222 244 10 12
222 245 10 13
222 246 10 14
222 247 10 15
222 248 10 16
222 249 10 17
222 250 10 18
222 251 10 19
222 252 10 20
222 253 10 21
222 254 10 22
222 255 10 23
222 256 10 24
222 257 10 25
222 258 10 26
222 259 10 27
222 260 10 28
222 261 10 29
222 262 10 30
222 263 10 31
222 264 10 32
222 265 10 33
222 266 10 34
222 267 10 35
222 268 10 6
222 269 10 7
222 270 10 8
222 271 10 9
222 272 10 10
222 273 10 11
222 274 10 12
222 275 10 13
222 276 10 14
222 277 10 15
222 278 10 16
223 239 10 7
223 240 10 8
223 241 10 9
223 242 10 10
223 243 10 11
223 244 10 12
223 245 10 13
223 246 10 14
223 247 10 15
223 248 10 16
223 249 10 17
223 250 10 18
223 251 10 19
223 252 10 20
223 253 10 21
223 254 10 22
223 255 10 23
223 256 10 24
223 257 10 25
223 258 10 26
223 259 10 27
223 260 10 28
223 261 10 29
223 262 10 30
223 263 10 31
223 264 10 32
223 265 10 33
223 266 10 34
223 267 10 35
223 268 10 6
223 269 10 7
223 270 10 8
223 271 10 9
223 272 10 10
223 273 10 11
223 274 10 12
223 275 10 13
223 276 10 14
223 277 10 15
223 278 10 16
224 239 10 7
224 240 10 8
224 241 10 9
224 242 10 10
224 243 10 11
224 244 10 12
224 245 10 13
224 246 10 14
224 247 10 15
224 248 10 16
224 249 10 17
224 250 10 18
224 251 10 19
224 252 10 20
224 253 10 21
224 254 10 22
224 255 10 23
224 256 10 24
224 257 10 25
224 258 10 26
224 259 10 27
224 260 10 28
224 261 10 29
224 262 10 30
224 263 10 31
224 264 10 32
224 265 10 33
224 266 10 34
224 267 10 35
224 268 10 6
224 269 10 7
224 270 10 8
224 271 10 9
224 272 10 10
224 273 10 11
224 274 10 12
224 275 10 13
224 276 10 14
224 277 10 15
224 278 10 16
225 239 10 7
225 240 10 8
225 241 10 9
225 242 10 10
225 243 10 11
225 244 10 12
225 245 10 13
225 246 10 14
225 247 10 15
225 248 10 16
225 249 10 17
225 250 10 18
225 251 10 19
225 252 10 20
225 253 10 21
225 254 10 22
225 255 10 23
225 256 10 24
225 257 10 25
225 258 10 26
225 259 10 27
225 260 10 28
225 261 10 29
225 262 10 30
225 263 10 31
225 264 10 32
225 265 10 33
225 266 10 34
225 267 10 35
225 268 10 6
225 269 10 7
225 270 10 8
225 271 10 9
225 272 10 10
225 273 10 11
225 274 10 12
225 275 10 13
225 276 10 14
225 277 10 15
225 278 10 16
226 239 10 7
226 240 10 8
226 241 10 9
226 242 10 10
226 243 10 11
226 244 10 12
226 245 10 13
226 246 10 14
226 247 10 15
226 248 10 16
226 249 10 17
226 250 10 18
226 251 10 19
226 252 10 20
226 253 10 21
226 254 10 22
226 255 10 23
226 256 10 24
226 257 10 25
226 258 10 26
226 259 10 27
226 260 10 28
226 261 10 29
226 262 10 30
226 263 10 31
226 264 10 32
226 265 10 33
226 266 10 34
226 267 10 35
226 268 10 6
226 269 10 7
226 270 10 8
226 271 10 9
226 272 10 10
226 273 10 11
226 274 10 12
226 275 10 13
226 276 10 14
226 277 10 15
226 278 10 16
227 239 10 7
227 240 10 8
227 241 10 9
227 242 10 10
227 243 10 11
227 244 10 12
227 245 10 13
227 246 10 14
227 247 10 15
227 248 10 16
227 249 10 17
227 250 10 18
227 251 10 19
227 252 10 20
227 253 10 21
227 254 10 22
227 255 10 23
227 256 10 24
227 257 10 25
227 258 10 26
227 259 10 27
227 260 10 28
227 261 10 29
227 262 10 30
227 263 10 31
227 264 10 32
227 265 10 33
227 266 10 34
227 267 10 35
227 268 10 6
227 269 10 7
227 270 10 8
227 271 10 9
227 272 10 10
227 273 10 11
227 274 10 12
227 275 10 13
227 276 10 14
227 277 10 15
227 278 10 16
228 239 10 7
228 240 10 8
228 241 10 9
228 242 10 10
228 243 10 11
228 244 10 12
228 245 10 13
228 246 10 14
228 247 10 15
228 248 10 16
228 249 10 17
228 250 10 18
228 251 10 19
228 252 10 20
228 253 10 21
228 254 10 22
228 255 10 23
228 256 10 24
228 257 10 25
228 258 10 26
228 259 10 27
228 260 10 28
228 261 10 29
228 262 10 30
228 263 10 31
228 264 10 32
228 265 10 33
228 266 10 34
228 267 10 35
228 268 10 6
228 269 10 7
228 270 10 8
228 271 10 9
228 272 10 10
228 273 10 11
228 274 10 12
228 275 10 13
228 276 10 14
228 277 10 15
228 278 10 16
229 239 10 7
229 240 10 8
229 241 10 9
229 242 10 10
229 243 10 11
229 244 10 12
229 245 10 13
229 246 10 14
229 247 10 15
229 248 10 16
229 249 10 17
229 250 10 18
229 251 10 19
229 252 10 20
229 253 10 21
229 254 10 22
229 255 10 23
229 256 10 24
229 257 10 25
229 258 10 26
229 259 10 27
229 260 10 28
229 261 10 29
229 262 10 30
229 263 10 31
229 264 10 32
229 265 10 33
229 266 10 34
229 267 10 35
229 268 10 6
229 269 10 7
229 270 10 8
229 271 10 9
229 272 10 10
229 273 10 11
229 274 10 12
229 275 10 13
229 276 10 14
229 277 10 15
229 278 10 16
230 239 10 7
230 240 10 8
230 241 10 9
230 242 10 10
230 243 10 11
230 244 10 12
230 245 10 13
230 246 10 14
230 247 10 15
230 248 10 16
230 249 10 17
230 250 10 18
230 251 10 19
230 252 10 20
230 253 10 21
230 254 10 22
230 255 10 23
230 256 10 24
230 257 10 25
230 258 10 26
230 259 10 27
230 260 10 28
230 261 10 29
230 262 10 30
230 263 10 31
230 264 10 32
230 265 10 33
230 266 10 34
230 267 10 35
230 268 10 6
230 269 10 7
230 270 10 8
230 271 10 9
230 272 10 10
230 273 10 11
230 274 10 12
230 275 10 13
230 276 10 14
230 277 10 15
230 278 10 16
231 239 10 7
231 240 10 8
231 241 10 9
231 242 10 10
231 243 10 11
231 244 10 12
231 245 10 13
231 246 10 14
231 247 10 15
231 248 10 16
231 249 10 17
231 250 10 18
231 251 10 19
231 252 10 20
231 253 10 21
231 254 10 22
231 255 10 23
231 256 10 24
231 257 10 25
231 258 10 26
231 259 10 27
231 260 10 28
231 261 10 29
231 262 10 30
231 263 10 31
231 264 10 32
231 265 10 33
231 266 10 34
231 267 10 35
231 268 10 6
231 269 10 7
231 270 10 8
231 271 10 9
231 272 10 10
231 273 10 11
231 274 10 12
231 275 10 13
231 276 10 14
231 277 10 15
231 278 10 16
232 239 10 7
232 240 10 8
232 241 10 9
232 242 10 10
232 243 10 11
232 244 10 12
232 245 10 13
232 246 10 14
232 247 10 15
232 248 10 16
232 249 10 17
232 250 10 18
232 251 10 19
232 252 10 20
232 253 10 21
232 254 10 22
232 255 10 23
232 256 10 24
232 257 10 25
232 258 10 26
232 259 10 27
232 260 10 28
232 261 10 29
232 262 10 30
232 263 10 31
232 264 10 32
232 265 10 33
232 266 10 34
232 267 10 35
232 268 10 6
232 269 10 7
232 270 10 8
232 271 10 9
232 272 10 10
232 273 10 11
232 274 10 12
232 275 10 13
232 276 10 14
232 277 10 15
232 278 10 16
233 239 10 7
233 240 10 8
233 241 10 9
233 242 10 10
233 243 10 11
233 244 10 12
233 245 10 13
233 246 10 14
233 247 10 15
233 248 10 16
233 249 10 17
233 250 10 18
233 251 10 19
233 252 10 20
233 253 10 21
233 254 10 22
233 255 10 23
233 256 10 24
233 257 10 25
233 258 10 26
233 259 10 27
233 260 10 28
233 261 10 29
233 262 10 30
233 263 10 31
233 264 10 32
233 265 10 33
233 266 10 34
233 267 10 35
233 268 10 6
233 269 10 7
233 270 10 8
233 271 10 9
233 272 10 10
233 273 10 11
233 274 10 12
233 275 10 13
233 276 10 14
233 277 10 15
233 278 10 16
234 239 10 7
234 240 10 8
234 241 10 9
234 242 10 10
234 243 10 11
234 244 10 12
234 245 10 13
234 246 10 14
234 247 10 15
234 248 10 16
234 249 10 17
234 250 10 18
234 251 10 19
234 252 10 20
234 253 10 21
234 254 10 22
234 255 10 23
234 256 10 24
234 257 10 25
234 258 10 26
234 259 10 27
234 260 10 28
234 261 10 29
234 262 10 30
234 263 10 31
234 264 10 32
234 265 10 33
234 266 10 34
234 267 10 35
234 268 10 6
234 269 10 7
234 270 10 8
234 271 10 9
234 272 10 10
234 273 10 11
234 274 10 12
234 275 10 13
234 276 10 14
234 277 10 15
234 278 10 16
235 239 10 7
235 240 10 8
235 241 10 9
235 242 10 10
235 243 10 11
235 244 10 12
235 245 10 13
235 246 10 14
235 247 10 15
235 248 10 16
235 249 10 17
235 250 10 18
235 251 10 19
235 252 10 20
235 253 10 21
235 254 10 22
235 255 10 23
235 256 10 24
235 257 10 25
235 258 10 26
235 259 10 27
235 260 10 28
235 261 10 29
235 262 10 30
235 263 10 31
235 264 10 32
235 265 10 33
235 266 10 34
235 267 10 35
235 268 10 6
235 269 10 7
235 270 10 8
235 271 10 9
235 272 10 10
235 273 10 11
235 274 10 12
235 275 10 13
235 276 10 14
235 277 10 15
235 278 10 16
236 239 10 7
236 240 10 8
236 241 10 9
236 242 10 10
236 243 10 11
236 244 10 12
236 245 10 13
236 246 10 14
236 247 10 15
236 248 10 16
236 249 10 17
236 250 10 18
236 251 10 19
236 252 10 20
236 253 10 21
236 254 10 22
236 255 10 23
236 256 10 24
236 257 10 25
236 258 10 26
236 259 10 27
236 260 10 28
236 261 10 29
236 262 10 30
236 263 10 31
236 264 10 32
236 265 10 33
236 266 10 34
236 267 10 35
236 268 10 6
236 269 10 7
236 270 10 8
236 271 10 9
236 272 10 10
236 273 10 11
236 274 10 12
236 275 10 13
236 276 10 14
236 277 10 15
236 278 10 16
237 239 10 7
237 240 10 8
237 241 10 9
237 242 10 10
237 243 10 11
237 244 10 12
237 245 10 13
237 246 10 14
237 247 10 15
237 248 10 16
237 249 10 17
237 250 10 18
237 251 10 19
237 252 10 20
237 253 10 21
237 254 10 22
237 255 10 23
237 256 10 24
237 257 10 25
237 258 10 26
237 259 10 27
237 260 10 28
237 261 10 29
237 262 10 30
237 263 10 31
237 264 10 32
237 265 10 33
237 266 10 34
237 267 10 35
237 268 10 6
237 269 10 7
237 270 10 8
237 271 10 9
237 272 10 10
237 273 10 11
237 274 10 12
237 275 10 13
237 276 10 14
237 277 10 15
237 278 10 16
238 239 10 7
238 240 10 8
238 241 10 9
238 242 10 10
238 243 10 11
238 244 10 12
238 245 10 13
238 246 10 14
238 247 10 15
238 248 10 16
238 249 10 17
238 250 10 18
238 251 10 19
238 252 10 20
238 253 10 21
238 254 10 22
238 255 10 23
238 256 10 24
238 257 10 25
238 258 10 26
238 259 10 27
238 260 10 28
238 261 10 29
238 262 10 30
238 263 10 31
238 264 10 32
238 265 10 33
238 266 10 34
238 267 10 35
238 268 10 6
238 269 10 7
238 270 10 8
238 271 10 9
238 272 10 10
238 273 10 11
238 274 10 12
238 275 10 13
238 276 10 14
238 277 10 15
238 278 10 16
239 279 10 8
239 280 10 9
239 281 10 10
239 282 10 11
239 283 10 12
239 284 10 13
239 285 10 14
239 286 10 15
239 287 10 16
239 288 10 17
239 289 10 18
239 290 10 19
239 291 10 20
239 292 10 21
239 293 10 22
239 294 10 23
239 295 10 24
239 296 10 25
239 297 10 26
239 298 10 27
239 299 10 28
239 300 10 29
239 301 10 30
239 302 10 31
239 303 10 32
239 304 10 33
239 305 10 34
239 306 10 35
239 307 10 36
239 308 10 7
239 309 10 8
239 310 10 9
239 311 10 10
239 312 10 11
239 313 10 12
239 314 10 13
239 315 10 14
239 316 10 15
239 317 10 16
239 318 10 17
240 279 10 8
240 280 10 9
240 281 10 10
240 282 10 11
240 283 10 12
240 284 10 13
240 285 10 14
240 286 10 15
240 287 10 16
240 288 10 17
240 289 10 18
240 290 10 19
240 291 10 20
240 292 10 21
240 293 10 22
240 294 10 23
240 295 10 24
240 296 10 25
240 297 10 26
240 298 10 27
240 299 10 28
240 300 10 29
240 301 10 30
240 302 10 31
240 303 10 32
240 304 10 33
240 305 10 34
240 306 10 35
240 307 10 36
240 308 10 7
240 309 10 8
240 310 10 9
240 311 10 10
240 312 10 11
240 313 10 12
240 314 10 13
240 315 10 14
240 316 10 15
240 317 10 16
240 318 10 17
241 279 10 8
241 280 10 9
241 281 10 10
241 282 10 11
241 283 10 12
241 284 10 13
241 285 10 14
241 286 10 15
241 287 10 16
241 288 10 17
241 289 10 18
241 290 10 19
241 291 10 20
241 292 10 21
241 293 10 22
241 294 10 23
241 295 10 24
241 296 10 25
241 297 10 26
241 298 10 27
241 299 10 28
241 300 10 29
241 301 10 30
241 302 10 31
241 303 10 32
241 304 10 33
241 305 10 34
241 306 10 35
241 307 10 36
241 308 10 7
241 309 10 8
241 310 10 9
241 311 10 10
241 312 10 11
241 313 10 12
241 314 10 13
241 315 10 14
241 316 10 15
241 317 10 16
241 318 10 17
242 279 10 8
242 280 10 9
242 281 10 10
242 282 10 11
242 283 10 12
242 284 10 13
242 285 10 14
242 286 10 15
242 287 10 16
242 288 10 17
242 289 10 18
242 290 10 19
242 291 10 20
242 292 10 21
242 293 10 22
242 294 10 23
242 295 10 24
242 296 10 25
242 297 10 26
242 298 10 27
242 299 10 28
242 300 10 29
242 301 10 30
242 302 10 31
242 303 10 32
242 304 10 33
242 305 10 34
242 306 10 35
242 307 10 36
242 308 10 7
242 309 10 8
242 310 10 9
242 311 10 10
242 312 10 11
242 313 10 12
242 314 10 13
242 315 10 14
242 316 10 15
242 317 10 16
242 318 10 17
243 279 10 8
243 280 10 9
243 281 10 10
243 282 10 11
243 283 10 12
243 284 10 13
243 285 10 14
243 286 10 15
243 287 10 16
243 288 10 17
243 289 10 18
243 290 10 19
243 291 10 20
243 292 10 21
243 293 10 22
243 294 10 23
243 295 10 24
243 296 10 25
243 297 10 26
243 298 10 27
243 299 10 28
243 300 10 29
243 301 10 30
243 302 10 31
243 303 10 32
243 304 10 33
243 305 10 34
243 306 10 35
243 307 10 36
243 308 10 7
243 309 10 8
243 310 10 9
243 311 10 10
243 312 10 11
243 313 10 12
243 314 10 13
243 315 10 14
243 316 10 15
243 317 10 16
243 318 10 17
244 279 10 8
244 280 10 9
244 281 10 10
244 282 10 11
244 283 10 12
244 284 10 13
244 285 10 14
244 286 10 15
244 287 10 16
244 288 10 17
244 289 10 18
244 290 10 19
244 291 10 20
244 292 10 21
244 293 10 22
244 294 10 23
244 295 10 24
244 296 10 25
244 297 10 26
244 298 10 27
244 299 10 28
244 300 10 29
244 301 10 30
244 302 10 31
244 303 10 32
244 304 10 33
244 305 10 34
244 306 10 35
244 307 10 36
244 308 10 7
244 309 10 8
244 310 10 9
244 311 10 10
244 312 10 11
244 313 10 12
244 314 10 13
244 315 10 14
244 316 10 15
244 317 10 16
244 318 10 17
245 279 10 8
245 280 10 9
245 281 10 10
245 282 10 11
245 283 10 12
245 284 10 13
245 285 10 14
245 286 10 15
245 287 10 16
245 288 10 17
245 289 10 18
245 290 10 19
245 291 10 20
245 292 10 21
245 293 10 22
245 294 10 23
245 295 10 24
245 296 10 25
245 297 10 26
245 298 10 27
245 299 10 28
245 300 10 29
245 301 10 30
245 302 10 31
245 303 10 32
245 304 10 33
245 305 10 34
245 306 10 35
245 307 10 36
245 308 10 7
245 309 10 8
245 310 10 9
245 311 10 10
245 312 10 11
245 313 10 12
245 314 10 13
245 315 10 14
245 316 10 15
245 317 10 16
245 318 10 17
246 279 10 8
246 280 10 9
246 281 10 10
246 282 10 11
246 283 10 12
246 284 10 13
246 285 10 14
246 286 10 15
246 287 10 16
246 288 10 17
246 289 10 18
246 290 10 19
246 291 10 20
246 292 10 21
246 293 10 22
246 294 10 23
246 295 10 24
246 296 10 25
246 297 10 26
246 298 10 27
246 299 10 28
246 300 10 29
246 301 10 30
246 302 10 31
246 303 10 32
246 304 10 33
246 305 10 34
246 306 10 35
246 307 10 36
246 308 10 7
246 309 10 8
246 310 10 9
246 311 10 10
246 312 10 11
246 313 10 12
246 314 10 13
246 315 10 14
246 316 10 15
246 317 10 16
246 318 10 17
247 279 10 8
247 280 10 9
247 281 10 10
247 282 10 11
247 283 10 12
247 284 10 13
247 285 10 14
247 286 10 15
247 287 10 16
247 288 10 17
247 289 10 18
247 290 10 19
247 291 10 20
247 292 10 21
247 293 10 22
247 294 10 23
247 295 10 24
247 296 10 25
247 297 10 26
247 298 10 27
247 299 10 28
247 300 10 29
247 301 10 30
247 302 10 31
247 303 10 32
247 304 10 33
247 305 10 34
247 306 10 35
247 307 10 36
247 308 10 7
247 309 10 8
247 310 10 9
247 311 10 10
247 312 10 11
247 313 10 12
247 314 10 13
247 315 10 14
247 316 10 15
247 317 10 16
247 318 10 17
248 279 10 8
248 280 10 9
248 281 10 10
248 282 10 11
248 283 10 12
248 284 10 13
248 285 10 14
248 286 10 15
248 287 10 16
248 288 10 17
248 289 10 18
248 290 10 19
248 291 10 20
248 292 10 21
248 293 10 22
248 294 10 23
248 295 10 24
248 296 10 25
248 297 10 26
248 298 10 27
248 299 10 28
248 300 10 29
248 301 10 30
248 302 10 31
248 303 10 32
248 304 10 33
248 305 10 34
248 306 10 35
248 307 10 36
248 308 10 7
248 309 10 8
248 310 10 9
248 311 10 10
248 312 10 11
248 313 10 12
248 314 10 13
248 315 10 14
248 316 10 15
248 317 10 16
248 318 10 17
249 279 10 8
249 280 10 9
249 281 10 10
249 282 10 11
249 283 10 12
249 284 10 13
249 285 10 14
249 286 10 15
249 287 10 16
249 288 10 17
249 289 10 18
249 290 10 19
249 291 10 20
249 292 10 21
249 293 10 22
249 294 10 23
249 295 10 24
249 296 10 25
249 297 10 26
249 298 10 27
249 299 10 28
249 300 10 29
249 301 10 30
249 302 10 31
249 303 10 32
249 304 10 33
249 305 10 34
249 306 10 35
249 307 10 36
249 308 10 7
249 309 10 8
249 310 10 9
249 311 10 10
249 312 10 11
249 313 10 12
249 314 10 13
249 315 10 14
249 316 10 15
249 317 10 16
249 318 10 17
250 279 10 8
250 280 10 9
250 281 10 10
250 282 10 11
250 283 10 12
250 284 10 13
250 285 10 14
250 286 10 15
250 287 10 16
250 288 10 17
250 289 10 18
250 290 10 19
250 291 10 20
250 292 10 21
250 293 10 22
250 294 10 23
250 295 10 24
250 296 10 25
250 297 10 26
250 298 10 27
250 299 10 28
250 300 10 29
250 301 10 30
250 302 10 31
250 303 10 32
250 304 10 33
250 305 10 34
250 306 10 35
250 307 10 36
250 308 10 7
250 309 10 8
250 310 10 9
250 311 10 10
250 312 10 11
250 313 10 12
250 314 10 13
250 315 10 14
250 316 10 15
250 317 10 16
250 318 10 17
251 279 10 8
251 280 10 9
251 281 10 10
251 282 10 11
251 283 10 12
251 284 10 13
251 285 10 14
251 286 10 15
251 287 10 16
251 288 10 17
251 289 10 18
251 290 10 19
251 291 10 20
251 292 10 21
251 293 10 22
251 294 10 23
251 295 10 24
251 296 10 25
251 297 10 26
251 298 10 27
251 299 10 28
251 300 10 29
251 301 10 30
251 302 10 31
251 303 10 32
251 304 10 33
251 305 10 34
251 306 10 35
251 307 10 36
251 308 10 7
251 309 10 8
251 310 10 9
251 311 10 10
251 312 10 11
251 313 10 12
251 314 10 13
251 315 10 14
251 316 10 15
251 317 10 16
251 318 10 17
252 279 10 8
252 280 10 9
252 281 10 10
252 282 10 11
252 283 10 12
252 284 10 13
252 285 10 14
252 286 10 15
252 287 10 16
252 288 10 17
252 289 10 18
252 290 10 19
252 291 10 20
252 292 10 21
252 293 10 22
252 294 10 23
252 295 10 24
252 296 10 25
252 297 10 26
252 298 10 27
252 299 10 28
252 300 10 29
252 301 10 30
252 302 10 31
252 303 10 32
252 304 10 33
252 305 10 34
252 306 10 35
252 307 10 36
252 308 10 7
252 309 10 8
252 310 10 9
252 311 10 10
252 312 10 11
252 313 10 12
252 314 10 13
252 315 10 14
252 316 10 15
252 317 10 16
252 318 10 17
253 279 10 8
253 280 10 9
253 281 10 10
253 282 10 11
253 283 10 12
253 284 10 13
253 285 10 14
253 286 10 15
253 287 10 16
253 288 10 17
253 289 10 18
253 290 10 19
253 291 10 20
253 292 10 21
253 293 10 22
253 294 10 23
253 295 10 24
253 296 10 25
253 297 10 26
253 298 10 27
253 299 10 28
253 300 10 29
253 301 10 30
253 302 10 31
253 303 10 32
253 304 10 33
253 305 10 34
253 306 10 35
253 307 10 36
253 308 10 7
253 309 10 8
253 310 10 9
253 311 10 10
253 312 10 11
253 313 10 12
253 314 10 13
253 315 10 14
253 316 10 15
253 317 10 16
253 318 10 17
254 279 10 8
254 280 10 9
254 281 10 10
254 282 10 11
254 283 10 12
254 284 10 13
254 285 10 14
254 286 10 15
254 287 10 16
254 288 10 17
254 289 10 18
254 290 10 19
254 291 10 20
254 292 10 21
254 293 10 22
254 294 10 23
254 295 10 24
254 296 10 25
254 297 10 26
254 298 10 27
254 299 10 28
254 300 10 29
254 301 10 30
254 302 10 31
254 303 10 32
254 304 10 33
254 305 10 34
254 306 10 35
254 307 10 36
254 308 10 7
254 309 10 8
254 310 10 9
254 311 10 10
254 312 10 11
254 313 10 12
254 314 10 13
254 315 10 14
254 316 10 15
254 317 10 16
254 318 10 17
255 279 10 8
255 280 10 9
255 281 10 10
255 282 10 11
255 283 10 12
255 284 10 13
255 285 10 14
255 286 10 15
255 287 10 16
255 288 10 17
255 289 10 18
255 290 10 19
255 291 10 20
255 292 10 21
255 293 10 22
255 294 10 23
255 295 10 24
255 296 10 25
255 297 10 26
255 298 10 27
255 299 10 28
255 300 10 29
255 301 10 30
255 302 10 31
255 303 10 32
255 304 10 33
255 305 10 34
255 306 10 35
255 307 10 36
255 308 10 7
255 309 10 8
255 310 10 9
255 311 10 10
255 312 10 11
255 313 10 12
255 314 10 13
255 315 10 14
255 316 10 15
255 317 10 16
255 318 10 17
256 279 10 8
256 280 10 9
256 281 10 10
256 282 10 11
256 283 10 12
256 284 10 13
256 285 10 14
256 286 10 15
256 287 10 16
256 288 10 17
256 289 10 18
256 290 10 19
256 291 10 20
256 292 10 21
256 293 10 22
256 294 10 23
256 295 10 24
256 296 10 25
256 297 10 26
256 298 10 27
256 299 10 28
256 300 10 29
256 301 10 30
256 302 10 31
256 303 10 32
256 304 10 33
256 305 10 34
256 306 10 35
256 307 10 36
256 308 10 7
256 309 10 8
256 310 10 9
256 311 10 10
256 312 10 11
256 313 10 12
256 314 10 13
256 315 10 14
256 316 10 15
256 317 10 16
256 318 10 17
257 279 10 8
257 280 10 9
257 281 10 10
257 282 10 11
257 283 10 12
257 284 10 13
257 285 10 14
257 286 10 15
257 287 10 16
257 288 10 17
257 289 10 18
257 290 10 19
257 291 10 20
257 292 10 21
257 293 10 22
257 294 10 23
257 295 10 24
257 296 10 25
257 297 10 26
257 298 10 27
257 299 10 28
257 300 10 29
257 301 10 30
257 302 10 31
257 303 10 32
257 304 10 33
257 305 10 34
257 306 10 35
257 307 10 36
257 308 10 7
257 309 10 8
257 310 10 9
257 311 10 10
257 312 10 11
257 313 10 12
257 314 10 13
257 315 10 14
257 316 10 15
257 317 10 16
257 318 10 17
258 279 10 8
258 280 10 9
258 281 10 10
258 282 10 11
258 283 10 12
258 284 10 13
258 285 10 14
258 286 10 15
258 287 10 16
258 288 10 17
258 289 10 18
258 290 10 19
258 291 10 20
258 292 10 21
258 293 10 22
258 294 10 23
258 295 10 24
258 296 10 25
258 297 10 26
258 298 10 27
258 299 10 28
258 300 10 29
258 301 10 30
258 302 10 31
258 303 10 32
258 304 10 33
258 305 10 34
258 306 10 35
258 307 10 36
258 308 10 7
258 309 10 8
258 310 10 9
258 311 10 10
258 312 10 11
258 313 10 12
258 314 10 13
258 315 10 14
258 316 10 15
258 317 10 16
258 318 10 17
259 279 10 8
259 280 10 9
259 281 10 10
259 282 10 11
259 283 10 12
259 284 10 13
259 285 10 14
259 286 10 15
259 287 10 16
259 288 10 17
259 289 10 18
259 290 10 19
259 291 10 20
259 292 10 21
259 293 10 22
259 294 10 23
259 295 10 24
259 296 10 25
259 297 10 26
259 298 10 27
259 299 10 28
259 300 10 29
259 301 10 30
259 302 10 31
259 303 10 32
259 304 10 33
259 305 10 34
259 306 10 35
259 307 10 36
259 308 10 7
259 309 10 8
259 310 10 9
259 311 10 10
259 312 10 11
259 313 10 12
259 314 10 13
259 315 10 14
259 316 10 15
259 317 10 16
259 318 10 17
260 279 10 8
260 280 10 9
260 281 10 10
260 282 10 11
260 283 10 12
260 284 10 13
260 285 10 14
260 286 10 15
260 287 10 16
260 288 10 17
260 289 10 18
260 290 10 19
260 291 10 20
260 292 10 21
260 293 10 22
260 294 10 23
260 295 10 24
260 296 10 25
260 297 10 26
260 298 10 27
260 299 10 28
260 300 10 29
260 301 10 30
260 302 10 31
260 303 10 32
260 304 10 33
260 305 10 34
260 306 10 35
260 307 10 36
260 308 10 7
260 309 10 8
260 310 10 9
260 311 10 10
260 312 10 11
260 313 10 12
260 314 10 13
260 315 10 14
260 316 10 15
260 317 10 16
260 318 10 17
261 279 10 8
261 280 10 9
261 281 10 10
261 282 10 11
261 283 10 12
261 284 10 13
261 285 10 14
261 286 10 15
261 287 10 16
261 288 10 17
261 289 10 18
261 290 10 19
261 291 10 20
261 292 10 21
261 293 10 22
261 294 10 23
261 295 10 24
261 296 10 25
261 297 10 26
261 298 10 27
261 299 10 28
261 300 10 29
261 301 10 30
261 302 10 31
261 303 10 32
261 304 10 33
261 305 10 34
261 306 10 35
261 307 10 36
261 308 10 7
261 309 10 8
261 310 10 9
261 311 10 10
261 312 10 11
261 313 10 12
261 314 10 13
261 315 10 14
261 316 10 15
261 317 10 16
261 318 10 17
262 279 10 8
262 280 10 9
262 281 10 10
262 282 10 11
262 283 10 12
262 284 10 13
262 285 10 14
262 286 10 15
262 287 10 16
262 288 10 17
262 289 10 18
262 290 10 19
262 291 10 20
262 292 10 21
262 293 10 22
262 294 10 23
262 295 10 24
262 296 10 25
262 297 10 26
262 298 10 27
262 299 10 28
262 300 10 29
262 301 10 30
262 302 10 31
262 303 10 32
262 304 10 33
262 305 10 34
262 306 10 35
262 307 10 36
262 308 10 7
262 309 10 8
262 310 10 9
262 311 10 10
262 312 10 11
262 313 10 12
262 314 10 13
262 315 10 14
262 316 10 15
262 317 10 16
262 318 10 17
263 279 10 8
263 280 10 9
263 281 10 10
263 282 10 11
263 283 10 12
263 284 10 13
263 285 10 14
263 286 10 15
263 287 10 16
263 288 10 17
263 289 10 18
263 290 10 19
263 291 10 20
263 292 10 21
263 293 10 22
263 294 10 23
263 295 10 24
263 296 10 25
263 297 10 26
263 298 10 27
263 299 10 28
263 300 10 29
263 301 10 30
263 302 10 31
263 303 10 32
263 304 10 33
263 305 10 34
263 306 10 35
263 307 10 36
263 308 10 7
263 309 10 8
263 310 10 9
263 311 10 10
263 312 10 11
263 313 10 12
263 314 10 13
263 315 10 14
263 316 10 15
263 317 10 16
263 318 10 17
264 279 10 8
264 280 10 9
264 281 10 10
264 282 10 11
264 283 10 12
264 284 10 13
264 285 10 14
264 286 10 15
264 287 10 16
264 288 10 17
264 289 10 18
264 290 10 19
264 291 10 20
264 292 10 21
264 293 10 22
264 294 10 23
264 295 10 24
264 296 10 25
264 297 10 26
264 298 10 27
264 299 10 28
264 300 10 29
264 301 10 30
264 302 10 31
264 303 10 32
264 304 10 33
264 305 10 34
264 306 10 35
264 307 10 36
264 308 10 7
264 309 10 8
264 310 10 9
264 311 10 10
264 312 10 11
264 313 10 12
264 314 10 13
264 315 10 14
264 316 10 15
264 317 10 16
264 318 10 17
265 279 10 8
265 280 10 9
265 281 10 10
265 282 10 11
265 283 10 12
265 284 10 13
265 285 10 14
265 286 10 15
265 287 10 16
265 288 10 17
265 289 10 18
265 290 10 19
265 291 10 20
265 292 10 21
265 293 10 22
265 294 10 23
265 295 10 24
265 296 10 25
265 297 10 26
265 298 10 27
265 299 10 28
265 300 10 29
265 301 10 30
265 302 10 31
265 303 10 32
265 304 10 33
265 305 10 34
265 306 10 35
265 307 10 36
265 308 10 7
265 309 10 8
265 310 10 9
265 311 10 10
265 312 10 11
265 313 10 12
265 314 10 13
265 315 10 14
265 316 10 15
265 317 10 16
265 318 10 17
266 279 10 8
266 280 10 9
266 281 10 10
266 282 10 11
266 283 10 12
266 284 10 13
266 285 10 14
266 286 10 15
266 287 10 16
266 288 10 17
266 289 10 18
266 290 10 19
266 291 10 20
266 292 10 21
266 293 10 22
266 294 10 23
266 295 10 24
266 296 10 25
266 297 10 26
266 298 10 27
266 299 10 28
266 300 10 29
266 301 10 30
266 302 10 31
266 303 10 32
266 304 10 33
266 305 10 34
266 306 10 35
266 307 10 36
266 308 10 7
266 309 10 8
266 310 10 9
266 311 10 10
266 312 10 11
266 313 10 12
266 314 10 13
266 315 10 14
266 316 10 15
266 317 10 16
266 318 10 17
267 279 10 8
267 280 10 9
267 281 10 10
267 282 10 11
267 283 10 12
267 284 10 13
267 285 10 14
267 286 10 15
267 287 10 16
267 288 10 17
267 289 10 18
267 290 10 19
267 291 10 20
267 292 10 21
267 293 10 22
267 294 10 23
267 295 10 24
267 296 10 25
267 297 10 26
267 298 10 27
267 299 10 28
267 300 10 29
267 301 10 30
267 302 10 31
267 303 10 32
267 304 10 33
267 305 10 34
267 306 10 35
267 307 10 36
267 308 10 7
267 309 10 8
267 310 10 9
267 311 10 10
267 312 10 11
267 313 10 12
267 314 10 13
267 315 10 14
267 316 10 15
267 317 10 16
267 318 10 17
268 279 10 8
268 280 10 9
268 281 10 10
268 282 10 11
268 283 10 12
268 284 10 13
268 285 10 14
268 286 10 15
268 287 10 16
268 288 10 17
268 289 10 18
268 290 10 19
268 291 10 20
268 292 10 21
268 293 10 22
268 294 10 23
268 295 10 24
268 296 10 25
268 297 10 26
268 298 10 27
268 299 10 28
268 300 10 29
268 301 10 30
268 302 10 31
268 303 10 32
268 304 10 33
268 305 10 34
268 306 10 35
268 307 10 36
268 308 10 7
268 309 10 8
268 310 10 9
268 311 10 10
268 312 10 11
268 313 10 12
268 314 10 13
268 315 10 14
268 316 10 15
268 317 10 16
268 318 10 17
269 279 10 8
269 280 10 9
269 281 10 10
269 282 10 11
269 283 10 12
269 284 10 13
269 285 10 14
269 286 10 15
269 287 10 16
269 288 10 17
269 289 10 18
269 290 10 19
269 291 10 20
269 292 10 21
269 293 10 22
269 294 10 23
269 295 10 24
269 296 10 25
269 297 10 26
269 298 10 27
269 299 10 28
269 300 10 29
269 301 10 30
269 302 10 31
269 303 10 32
269 304 10 33
269 305 10 34
269 306 10 35
269 307 10 36
269 308 10 7
269 309 10 8
269 310 10 9
269 311 10 10
269 312 10 11
269 313 10 12
269 314 10 13
269 315 10 14
269 316 10 15
269 317 10 16
269 318 10 17
270 279 10 8
270 280 10 9
270 281 10 10
270 282 10 11
270 283 10 12
270 284 10 13
270 285 10 14
270 286 10 15
270 287 10 16
270 288 10 17
270 289 10 18
270 290 10 19
270 291 10 20
270 292 10 21
270 293 10 22
270 294 10 23
270 295 10 24
270 296 10 25
270 297 10 26
270 298 10 27
270 299 10 28
270 300 10 29
270 301 10 30
270 302 10 31
270 303 10 32
270 304 10 33
270 305 10 34
270 306 10 35
270 307 10 36
270 308 10 7
270 309 10 8
270 310 10 9
270 311 10 10
270 312 10 11
270 313 10 12
270 314 10 13
270 315 10 14
270 316 10 15
270 317 10 16
270 318 10 17
271 279 10 8
271 280 10 9
271 281 10 10
271 282 10 11
271 283 10 12
271 284 10 13
271 285 10 14
271 286 10 15
271 287 10 16
271 288 10 17
271 289 10 18
271 290 10 19
271 291 10 20
271 292 10 21
271 293 10 22
271 294 10 23
271 295 10 24
271 296 10 25
271 297 10 26
271 298 10 27
271 299 10 28
271 300 10 29
271 301 10 30
271 302 10 31
271 303 10 32
271 304 10 33
271 305 10 34
271 306 10 35
271 307 10 36
271 308 10 7
271 309 10 8
271 310 10 9
271 311 10 10
271 312 10 11
271 313 10 12
271 314 10 13
271 315 10 14
271 316 10 15
271 317 10 16
271 318 10 17
272 279 10 8
272 280 10 9
272 281 10 10
272 282 10 11
272 283 10 12
272 284 10 13
272 285 10 14
272 286 10 15
272 287 10 16
272 288 10 17
272 289 10 18
272 290 10 19
272 291 10 20
272 292 10 21
272 293 10 22
272 294 10 23
272 295 10 24
272 296 10 25
272 297 10 26
272 298 10 27
272 299 10 28
272 300 10 29
272 301 10 30
272 302 10 31
272 303 10 32
272 304 10 33
272 305 10 34
272 306 10 35
272 307 10 36
272 308 10 7
272 309 10 8
272 310 10 9
272 311 10 10
272 312 10 11
272 313 10 12
272 314 10 13
272 315 10 14
272 316 10 15
272 317 10 16
272 318 10 17
273 279 10 8
273 280 10 9
273 281 10 10
273 282 10 11
273 283 10 12
273 284 10 13
273 285 10 14
273 286 10 15
273 287 10 16
273 288 10 17
273 289 10 18
273 290 10 19
273 291 10 20
273 292 10 21
273 293 10 22
273 294 10 23
273 295 10 24
273 296 10 25
273 297 10 26
273 298 10 27
273 299 10 28
273 300 10 29
273 301 10 30
273 302 10 31
273 303 10 32
273 304 10 33
273 305 10 34
273 306 10 35
273 307 10 36
273 308 10 7
273 309 10 8
273 310 10 9
273 311 10 10
273 312 10 11
273 313 10 12
273 314 10 13
273 315 10 14
273 316 10 15
273 317 10 16
273 318 10 17
274 279 10 8
274 280 10 9
274 281 10 10
274 282 10 11
274 283 10 12
274 284 10 13
274 285 10 14
274 286 10 15
274 287 10 16
274 288 10 17
274 289 10 18
274 290 10 19
274 291 10 20
274 292 10 21
274 293 10 22
274 294 10 23
274 295 10 24
274 296 10 25
274 297 10 26
274 298 10 27
274 299 10 28
274 300 10 29
274 301 10 30
274 302 10 31
274 303 10 32
274 304 10 33
274 305 10 34
274 306 10 35
274 307 10 36
274 308 10 7
274 309 10 8
274 310 10 9
274 311 10 10
274 312 10 11
274 313 10 12
274 314 10 13
274 315 10 14
274 316 10 15
274 317 10 16
274 318 10 17
275 279 10 8
275 280 10 9
275 281 10 10
275 282 10 11
275 283 10 12
275 284 10 13
275 285 10 14
275 286 10 15
275 287 10 16
275 288 10 17
275 289 10 18
275 290 10 19
275 291 10 20
275 292 10 21
275 293 10 22
275 294 10 23
275 295 10 24
275 296 10 25
275 297 10 26
275 298 10 27
275 299 10 28
275 300 10 29
275 301 10 30
275 302 10 31
275 303 10 32
275 304 10 33
275 305 10 34
275 306 10 35
275 307 10 36
275 308 10 7
275 309 10 8
275 310 10 9
275 311 10 10
275 312 10 11
275 313 10 12
275 314 10 13
275 315 10 14
275 316 10 15
275 317 10 16
275 318 10 17
276 279 10 8
276 280 10 9
276 281 10 10
276 282 10 11
276 283 10 12
276 284 10 13
276 285 10 14
276 286 10 15
276 287 10 16
276 288 10 17
276 289 10 18
276 290 10 19
276 291 10 20
276 292 10 21
276 293 10 22
276 294 10 23
276 295 10 24
276 296 10 25
276 297 10 26
276 298 10 27
276 299 10 28
276 300 10 29
276 301 10 30
276 302 10 31
276 303 10 32
276 304 10 33
276 305 10 34
276 306 10 35
276 307 10 36
276 308 10 7
276 309 10 8
276 310 10 9
276 311 10 10
276 312 10 11
276 313 10 12
276 314 10 13
276 315 10 14
276 316 10 15
276 317 10 16
276 318 10 17
277 279 10 8
277 280 10 9
277 281 10 10
277 282 10 11
277 283 10 12
277 284 10 13
277 285 10 14
277 286 10 15
277 287 10 16
277 288 10 17
277 289 10 18
277 290 10 19
277 291 10 20
277 292 10 21
277 293 10 22
277 294 10 23
277 295 10 24
277 296 10 25
277 297 10 26
277 298 10 27
277 299 10 28
277 300 10 29
277 301 10 30
277 302 10 31
277 303 10 32
277 304 10 33
277 305 10 34
277 306 10 35
277 307 10 36
277 308 10 7
277 309 10 8
277 310 10 9
277 311 10 10
277 312 10 11
277 313 10 12
277 314 10 13
277 315 10 14
277 316 10 15
277 317 10 16
277 318 10 17
278 279 10 8
278 280 10 9
278 281 10 10
278 282 10 11
278 283 10 12
278 284 10 13
278 285 10 14
278 286 10 15
278 287 10 16
278 288 10 17
278 289 10 18
278 290 10 19
278 291 10 20
278 292 10 21
278 293 10 22
278 294 10 23
278 295 10 24
278 296 10 25
278 297 10 26
278 298 10 27
278 299 10 28
278 300 10 29
278 301 10 30
278 302 10 31
278 303 10 32
278 304 10 33
278 305 10 34
278 306 10 35
278 307 10 36
278 308 10 7
278 309 10 8
278 310 10 9
278 311 10 10
278 312 10 11
278 313 10 12
278 314 10 13
278 315 10 14
278 316 10 15
278 317 10 16
278 318 10 17
279 319 10 9
279 320 10 10
279 321 10 11
279 322 10 12
279 323 10 13
279 324 10 14
279 325 10 15
279 326 10 16
279 327 10 17
279 328 10 18
279 329 10 19
279 330 10 20
279 331 10 21
279 332 10 22
279 333 10 23
279 334 10 24
279 335 10 25
279 336 10 26
279 337 10 27
279 338 10 28
279 339 10 29
279 340 10 30
279 341 10 31
279 342 10 32
279 343 10 33
279 344 10 34
279 345 10 35
279 346 10 36
279 347 10 37
279 348 10 8
279 349 10 9
279 350 10 10
279 351 10 11
279 352 10 12
279 353 10 13
279 354 10 14
279 355 10 15
279 356 10 16
279 357 10 17
279 358 10 18
280 319 10 9
280 320 10 10
280 321 10 11
280 322 10 12
280 323 10 13
280 324 10 14
280 325 10 15
280 326 10 16
280 327 10 17
280 328 10 18
280 329 10 19
280 330 10 20
280 331 10 21
280 332 10 22
280 333 10 23
280 334 10 24
280 335 10 25
280 336 10 26
280 337 10 27
280 338 10 28
280 339 10 29
280 340 10 30
280 341 10 31
280 342 10 32
280 343 10 33
280 344 10 34
280 345 10 35
280 346 10 36
280 347 10 37
280 348 10 8
280 349 10 9
280 350 10 10
280 351 10 11
280 352 10 12
280 353 10 13
280 354 10 14
280 355 10 15
280 356 10 16
280 357 10 17
280 358 10 18
281 319 10 9
281 320 10 10
281 321 10 11
281 322 10 12
281 323 10 13
281 324 10 14
281 325 10 15
281 326 10 16
281 327 10 17
281 328 10 18
281 329 10 19
281 330 10 20
281 331 10 21
281 332 10 22
281 333 10 23
281 334 10 24
281 335 10 25
281 336 10 26
281 337 10 27
281 338 10 28
281 339 10 29
281 340 10 30
281 341 10 31
281 342 10 32
281 343 10 33
281 344 10 34
281 345 10 35
281 346 10 36
281 347 10 37
281 348 10 8
281 349 10 9
281 350 10 10
281 351 10 11
281 352 10 12
281 353 10 13
281 354 10 14
281 355 10 15
281 356 10 16
281 357 10 17
281 358 10 18
282 319 10 9
282 320 10 10
282 321 10 11
282 322 10 12
282 323 10 13
282 324 10 14
282 325 10 15
282 326 10 16
282 327 10 17
282 328 10 18
282 329 10 19
282 330 10 20
282 331 10 21
282 332 10 22
282 333 10 23
282 334 10 24
282 335 10 25
282 336 10 26
282 337 10 27
282 338 10 28
282 339 10 29
282 340 10 30
282 341 10 31
282 342 10 32
282 343 10 33
282 344 10 34
282 345 10 35
282 346 10 36
282 347 10 37
282 348 10 8
282 349 10 9
282 350 10 10
282 351 10 11
282 352 10 12
282 353 10 13
282 354 10 14
282 355 10 15
282 356 10 16
282 357 10 17
282 358 10 18
283 319 10 9
283 320 10 10
283 321 10 11
283 322 10 12
283 323 10 13
283 324 10 14
283 325 10 15
283 326 10 16
283 327 10 17
283 328 10 18
283 329 10 19
283 330 10 20
283 331 10 21
283 332 10 22
283 333 10 23
283 334 10 24
283 335 10 25
283 336 10 26
283 337 10 27
283 338 10 28
283 339 10 29
283 340 10 30
283 341 10 31
283 342 10 32
283 343 10 33
283 344 10 34
283 345 10 35
283 346 10 36
283 347 10 37
283 348 10 8
283 349 10 9
283 350 10 10
283 351 10 11
283 352 10 12
283 353 10 13
283 354 10 14
283 355 10 15
283 356 10 16
283 357 10 17
283 358 10 18
284 319 10 9
284 320 10 10
284 321 10 11
284 322 10 12
284 323 10 13
284 324 10 14
284 325 10 15
284 326 10 16
284 327 10 17
284 328 10 18
284 329 10 19
284 330 10 20
284 331 10 21
284 332 10 22
284 333 10 23
284 334 10 24
284 335 10 25
284 336 10 26
284 337 10 27
284 338 10 28
284 339 10 29
284 340 10 30
284 341 10 31
284 342 10 32
284 343 10 33
284 344 10 34
284 345 10 35
284 346 10 36
284 347 10 37
284 348 10 8
284 349 10 9
284 350 10 10
284 351 10 11
284 352 10 12
284 353 10 13
284 354 10 14
284 355 10 15
284 356 10 16
284 357 10 17
284 358 10 18
285 319 10 9
285 320 10 10
285 321 10 11
285 322 10 12
285 323 10 13
285 324 10 14
285 325 10 15
285 326 10 16
285 327 10 17
285 328 10 18
285 329 10 19
285 330 10 20
285 331 10 21
285 332 10 22
285 333 10 23
285 334 10 24
285 335 10 25
285 336 10 26
285 337 10 27
285 338 10 28
285 339 10 29
285 340 10 30
285 341 10 31
285 342 10 32
285 343 10 33
285 344 10 34
285 345 10 35
285 346 10 36
285 347 10 37
285 348 10 8
285 349 10 9
285 350 10 10
285 351 10 11
285 352 10 12
285 353 10 13
285 354 10 14
285 355 10 15
285 356 10 16
285 357 10 17
285 358 10 18
286 319 10 9
286 320 10 10
286 321 10 11
286 322 10 12
286 323 10 13
286 324 10 14
286 325 10 15
286 326 10 16
286 327 10 17
286 328 10 18
286 329 10 19
286 330 10 20
286 331 10 21
286 332 10 22
286 333 10 23
286 334 10 24
286 335 10 25
286 336 10 26
286 337 10 27
286 338 10 28
286 339 10 29
286 340 10 30
286 341 10 31
286 342 10 32
286 343 10 33
286 344 10 34
286 345 10 35
286 346 10 36
286 347 10 37
286 348 10 8
286 349 10 9
286 350 10 10
286 351 10 11
286 352 10 12
286 353 10 13
286 354 10 14
286 355 10 15
286 356 10 16
286 357 10 17
286 358 10 18
287 319 10 9
287 320 10 10
287 321 10 11
287 322 10 12
287 323 10 13
287 324 10 14
287 325 10 15
287 326 10 16
287 327 10 17
287 328 10 18
287 329 10 19
287 330 10 20
287 331 10 21
287 332 10 22
287 333 10 23
287 334 10 24
287 335 10 25
287 336 10 26
287 337 10 27
287 338 10 28
287 339 10 29
287 340 10 30
287 341 10 31
287 342 10 32
287 343 10 33
287 344 10 34
287 345 10 35
287 346 10 36
287 347 10 37
287 348 10 8
287 349 10 9
287 350 10 10
287 351 10 11
287 352 10 12
287 353 10 13
287 354 10 14
287 355 10 15
287 356 10 16
287 357 10 17
287 358 10 18
288 319 10 9
288 320 10 10
288 321 10 11
288 322 10 12
288 323 10 13
288 324 10 14
288 325 10 15
288 326 10 16
288 327 10 17
288 328 10 18
288 329 10 19
288 330 10 20
288 331 10 21
288 332 10 22
288 333 10 23
288 334 10 24
288 335 10 25
288 336 10 26
288 337 10 27
288 338 10 28
288 339 10 29
288 340 10 30
288 341 10 31
288 342 10 32
288 343 10 33
288 344 10 34
288 345 10 35
288 346 10 36
288 347 10 37
288 348 10 8
288 349 10 9
288 350 10 10
288 351 10 11
288 352 10 12
288 353 10 13
288 354 10 14
288 355 10 15
288 356 10 16
288 357 10 17
288 358 10 18
289 319 10 9
289 320 10 10
289 321 10 11
289 322 10 12
289 323 10 13
289 324 10 14
289 325 10 15
289 326 10 16
289 327 10 17
289 328 10 18
289 329 10 19
289 330 10 20
289 331 10 21
289 332 10 22
289 333 10 23
289 334 10 24
289 335 10 25
289 336 10 26
289 337 10 27
289 338 10 28
289 339 10 29
289 340 10 30
289 341 10 31
289 342 10 32
289 343 10 33
289 344 10 34
289 345 10 35
289 346 10 36
289 347 10 37
289 348 10 8
289 349 10 9
289 350 10 10
289 351 10 11
289 352 10 12
289 353 10 13
289 354 10 14
289 355 10 15
289 356 10 16
289 357 10 17
289 358 10 18
290 319 10 9
290 320 10 10
290 321 10 11
290 322 10 12
290 323 10 13
290 324 10 14
290 325 10 15
290 326 10 16
290 327 10 17
290 328 10 18
290 329 10 19
290 330 10 20
290 331 10 21
290 332 10 22
290 333 10 23
290 334 10 24
290 335 10 25
290 336 10 26
290 337 10 27
290 338 10 28
290 339 10 29
290 340 10 30
290 341 10 31
290 342 10 32
290 343 10 33
290 344 10 34
290 345 10 35
290 346 10 36
290 347 10 37
290 348 10 8
290 349 10 9
290 350 10 10
290 351 10 11
290 352 10 12
290 353 10 13
290 354 10 14
290 355 10 15
290 356 10 16
290 357 10 17
290 358 10 18
291 319 10 9
291 320 10 10
291 321 10 11
291 322 10 12
291 323 10 13
291 324 10 14
291 325 10 15
291 326 10 16
291 327 10 17
291 328 10 18
291 329 10 19
291 330 10 20
291 331 10 21
291 332 10 22
291 333 10 23
291 334 10 24
291 335 10 25
291 336 10 26
291 337 10 27
291 338 10 28
291 339 10 29
291 340 10 30
291 341 10 31
291 342 10 32
291 343 10 33
291 344 10 34
291 345 10 35
291 346 10 36
291 347 10 37
291 348 10 8
291 349 10 9
291 350 10 10
291 351 10 11
291 352 10 12
291 353 10 13
291 354 10 14
291 355 10 15
291 356 10 16
291 357 10 17
291 358 10 18
292 319 10 9
292 320 10 10
292 321 10 11
292 322 10 12
292 323 10 13
292 324 10 14
292 325 10 15
292 326 10 16
292 327 10 17
292 328 10 18
292 329 10 19
292 330 10 20
292 331 10 21
292 332 10 22
292 333 10 23
292 334 10 24
292 335 10 25
292 336 10 26
292 337 10 27
292 338 10 28
292 339 10 29
292 340 10 30
292 341 10 31
292 342 10 32
292 343 10 33
292 344 10 34
292 345 10 35
292 346 10 36
292 347 10 37
292 348 10 8
292 349 10 9
292 350 10 10
292 351 10 11
292 352 10 12
292 353 10 13
292 354 10 14
292 355 10 15
292 356 10 16
292 357 10 17
292 358 10 18
293 319 10 9
293 320 10 10
293 321 10 11
293 322 10 12
293 323 10 13
293 324 10 14
293 325 10 15
293 326 10 16
293 327 10 17
293 328 10 18
293 329 10 19
293 330 10 20
293 331 10 21
293 332 10 22
293 333 10 23
293 334 10 24
293 335 10 25
293 336 10 26
293 337 10 27
293 338 10 28
293 339 10 29
293 340 10 30
293 341 10 31
293 342 10 32
293 343 10 33
293 344 10 34
293 345 10 35
293 346 10 36
293 347 10 37
293 348 10 8
293 349 10 9
293 350 10 10
293 351 10 11
293 352 10 12
293 353 10 13
293 354 10 14
293 355 10 15
293 356 10 16
293 357 10 17
293 358 10 18
294 319 10 9
294 320 10 10
294 321 10 11
294 322 10 12
294 323 10 13
294 324 10 14
294 325 10 15
294 326 10 16
294 327 10 17
294 328 10 18
294 329 10 19
294 330 10 20
294 331 10 21
294 332 10 22
294 333 10 23
294 334 10 24
294 335 10 25
294 336 10 26
294 337 10 27
294 338 10 28
294 339 10 29
294 340 10 30
294 341 10 31
294 342 10 32
294 343 10 33
294 344 10 34
294 345 10 35
294 346 10 36
294 347 10 37
294 348 10 8
294 349 10 9
294 350 10 10
294 351 10 11
294 352 10 12
294 353 10 13
294 354 10 14
294 355 10 15
294 356 10 16
294 357 10 17
294 358 10 18
295 319 10 9
295 320 10 10
295 321 10 11
295 322 10 12
295 323 10 13
295 324 10 14
295 325 10 15
295 326 10 16
295 327 10 17
295 328 10 18
295 329 10 19
295 330 10 20
295 331 10 21
295 332 10 22
295 333 10 23
295 334 10 24
295 335 10 25
295 336 10 26
295 337 10 27
295 338 10 28
295 339 10 29
295 340 10 30
295 341 10 31
295 342 10 32
295 343 10 33
295 344 10 34
295 345 10 35
295 346 10 36
295 347 10 37
295 348 10 8
295 349 10 9
295 350 10 10
295 351 10 11
295 352 10 12
295 353 10 13
295 354 10 14
295 355 10 15
295 356 10 16
295 357 10 17
295 358 10 18
296 319 10 9
296 320 10 10
296 321 10 11
296 322 10 12
296 323 10 13
296 324 10 14
296 325 10 15
296 326 10 16
296 327 10 17
296 328 10 18
296 329 10 19
296 330 10 20
296 331 10 21
296 332 10 22
296 333 10 23
296 334 10 24
296 335 10 25
296 336 10 26
296 337 10 27
296 338 10 28
296 339 10 29
296 340 10 30
296 341 10 31
296 342 10 32
296 343 10 33
296 344 10 34
296 345 10 35
296 346 10 36
296 347 10 37
296 348 10 8
296 349 10 9
296 350 10 10
296 351 10 11
296 352 10 12
296 353 10 13
296 354 10 14
296 355 10 15
296 356 10 16
296 357 10 17
296 358 10 18
297 319 10 9
297 320 10 10
297 321 10 11
297 322 10 12
297 323 10 13
297 324 10 14
297 325 10 15
297 326 10 16
297 327 10 17
297 328 10 18
297 329 10 19
297 330 10 20
297 331 10 21
297 332 10 22
297 333 10 23
297 334 10 24
297 335 10 25
297 336 10 26
297 337 10 27
297 338 10 28
297 339 10 29
297 340 10 30
297 341 10 31
297 342 10 32
297 343 10 33
297 344 10 34
297 345 10 35
297 346 10 36
297 347 10 37
297 348 10 8
297 349 10 9
297 350 10 10
297 351 10 11
297 352 10 12
297 353 10 13
297 354 10 14
297 355 10 15
297 356 10 16
297 357 10 17
297 358 10 18
298 319 10 9
298 320 10 10
298 321 10 11
298 322 10 12
298 323 10 13
298 324 10 14
298 325 10 15
298 326 10 16
298 327 10 17
298 328 10 18
298 329 10 19
298 330 10 20
298 331 10 21
298 332 10 22
298 333 10 23
298 334 10 24
298 335 10 25
298 336 10 26
298 337 10 27
298 338 10 28
298 339 10 29
298 340 10 30
298 341 10 31
298 342 10 32
298 343 10 33
298 344 10 34
298 345 10 35
298 346 10 36
298 347 10 37
298 348 10 8
298 349 10 9
298 350 10 10
298 351 10 11
298 352 10 12
298 353 10 13
298 354 10 14
298 355 10 15
298 356 10 16
298 357 10 17
298 358 10 18
299 319 10 9
299 320 10 10
299 321 10 11
299 322 10 12
299 323 10 13
299 324 10 14
299 325 10 15
299 326 10 16
299 327 10 17
299 328 10 18
299 329 10 19
299 330 10 20
299 331 10 21
299 332 10 22
299 333 10 23
299 334 10 24
299 335 10 25
299 336 10 26
299 337 10 27
299 338 10 28
299 339 10 29
299 340 10 30
299 341 10 31
299 342 10 32
299 343 10 33
299 344 10 34
299 345 10 35
299 346 10 36
299 347 10 37
299 348 10 8
299 349 10 9
299 350 10 10
299 351 10 11
299 352 10 12
299 353 10 13
299 354 10 14
299 355 10 15
299 356 10 16
299 357 10 17
299 358 10 18
300 319 10 9
300 320 10 10
300 321 10 11
300 322 10 12
300 323 10 13
300 324 10 14
300 325 10 15
300 326 10 16
300 327 10 17
300 328 10 18
300 329 10 19
300 330 10 20
300 331 10 21
300 332 10 22
300 333 10 23
300 334 10 24
300 335 10 25
300 336 10 26
300 337 10 27
300 338 10 28
300 339 10 29
300 340 10 30
300 341 10 31
300 342 10 32
300 343 10 33
300 344 10 34
300 345 10 35
300 346 10 36
300 347 10 37
300 348 10 8
300 349 10 9
300 350 10 10
300 351 10 11
300 352 10 12
300 353 10 13
300 354 10 14
300 355 10 15
300 356 10 16
300 357 10 17
300 358 10 18
301 319 10 9
301 320 10 10
301 321 10 11
301 322 10 12
301 323 10 13
301 324 10 14
301 325 10 15
301 326 10 16
301 327 10 17
301 328 10 18
301 329 10 19
301 330 10 20
301 331 10 21
301 332 10 22
301 333 10 23
301 334 10 24
301 335 10 25
301 336 10 26
301 337 10 27
301 338 10 28
301 339 10 29
301 340 10 30
301 341 10 31
301 342 10 32
301 343 10 33
301 344 10 34
301 345 10 35
301 346 10 36
301 347 10 37
301 348 10 8
301 349 10 9
301 350 10 10
301 351 10 11
301 352 10 12
301 353 10 13
301 354 10 14
301 355 10 15
301 356 10 16
301 357 10 17
301 358 10 18
302 319 10 9
302 320 10 10
302 321 10 11
302 322 10 12
302 323 10 13
302 324 10 14
302 325 10 15
302 326 10 16
302 327 10 17
302 328 10 18
302 329 10 19
302 330 10 20
302 331 10 21
302 332 10 22
302 333 10 23
302 334 10 24
302 335 10 25
302 336 10 26
302 337 10 27
302 338 10 28
302 339 10 29
302 340 10 30
302 341 10 31
302 342 10 32
302 343 10 33
302 344 10 34
302 345 10 35
302 346 10 36
302 347 10 37
302 348 10 8
302 349 10 9
302 350 10 10
302 351 10 11
302 352 10 12
302 353 10 13
302 354 10 14
302 355 10 15
302 356 10 16
302 357 10 17
302 358 10 18
303 319 10 9
303 320 10 10
303 321 10 11
303 322 10 12
303 323 10 13
303 324 10 14
303 325 10 15
303 326 10 16
303 327 10 17
303 328 10 18
303 329 10 19
303 330 10 20
303 331 10 21
303 332 10 22
303 333 10 23
303 334 10 24
303 335 10 25
303 336 10 26
303 337 10 27
303 338 10 28
303 339 10 29
303 340 10 30
303 341 10 31
303 342 10 32
303 343 10 33
303 344 10 34
303 345 10 35
303 346 10 36
303 347 10 37
303 348 10 8
303 349 10 9
303 350 10 10
303 351 10 11
303 352 10 12
303 353 10 13
303 354 10 14
303 355 10 15
303 356 10 16
303 357 10 17
303 358 10 18
304 319 10 9
304 320 10 10
304 321 10 11
304 322 10 12
304 323 10 13
304 324 10 14
304 325 10 15
304 326 10 16
304 327 10 17
304 328 10 18
304 329 10 19
304 330 10 20
304 331 10 21
304 332 10 22
304 333 10 23
304 334 10 24
304 335 10 25
304 336 10 26
304 337 10 27
304 338 10 28
304 339 10 29
304 340 10 30
304 341 10 31
304 342 10 32
304 343 10 33
304 344 10 34
304 345 10 35
304 346 10 36
304 347 10 37
304 348 10 8
304 349 10 9
304 350 10 10
304 351 10 11
304 352 10 12
304 353 10 13
304 354 10 14
304 355 10 15
304 356 10 16
304 357 10 17
304 358 10 18
305 319 10 9
305 320 10 10
305 321 10 11
305 322 10 12
305 323 10 13
305 324 10 14
305 325 10 15
305 326 10 16
305 327 10 17
305 328 10 18
305 329 10 19
305 330 10 20
305 331 10 21
305 332 10 22
305 333 10 23
305 334 10 24
305 335 10 25
305 336 10 26
305 337 10 27
305 338 10 28
305 339 10 29
305 340 10 30
305 341 10 31
305 342 10 32
305 343 10 33
305 344 10 34
305 345 10 35
305 346 10 36
305 347 10 37
305 348 10 8
305 349 10 9
305 350 10 10
305 351 10 11
305 352 10 12
305 353 10 13
305 354 10 14
305 355 10 15
305 356 10 16
305 357 10 17
305 358 10 18
306 319 10 9
306 320 10 10
306 321 10 11
306 322 10 12
306 323 10 13
306 324 10 14
306 325 10 15
306 326 10 16
306 327 10 17
306 328 10 18
306 329 10 19
306 330 10 20
306 331 10 21
306 332 10 22
306 333 10 23
306 334 10 24
306 335 10 25
306 336 10 26
306 337 10 27
306 338 10 28
306 339 10 29
306 340 10 30
306 341 10 31
306 342 10 32
306 343 10 33
306 344 10 34
306 345 10 35
306 346 10 36
306 347 10 37
306 348 10 8
306 349 10 9
306 350 10 10
306 351 10 11
306 352 10 12
306 353 10 13
306 354 10 14
306 355 10 15
306 356 10 16
306 357 10 17
306 358 10 18
307 319 10 9
307 320 10 10
307 321 10 11
307 322 10 12
307 323 10 13
307 324 10 14
307 325 10 15
307 326 10 16
307 327 10 17
307 328 10 18
307 329 10 19
307 330 10 20
307 331 10 21
307 332 10 22
307 333 10 23
307 334 10 24
307 335 10 25
307 336 10 26
307 337 10 27
307 338 10 28
307 339 10 29
307 340 10 30
307 341 10 31
307 342 10 32
307 343 10 33
307 344 10 34
307 345 10 35
307 346 10 36
307 347 10 37
307 348 10 8
307 349 10 9
307 350 10 10
307 351 10 11
307 352 10 12
307 353 10 13
307 354 10 14
307 355 10 15
307 356 10 16
307 357 10 17
307 358 10 18
308 319 10 9
308 320 10 10
308 321 10 11
308 322 10 12
308 323 10 13
308 324 10 14
308 325 10 15
308 326 10 16
308 327 10 17
308 328 10 18
308 329 10 19
308 330 10 20
308 331 10 21
308 332 10 22
308 333 10 23
308 334 10 24
308 335 10 25
308 336 10 26
308 337 10 27
308 338 10 28
308 339 10 29
308 340 10 30
308 341 10 31
308 342 10 32
308 343 10 33
308 344 10 34
308 345 10 35
308 346 10 36
308 347 10 37
308 348 10 8
308 349 10 9
308 350 10 10
308 351 10 11
308 352 10 12
308 353 10 13
308 354 10 14
308 355 10 15
308 356 10 16
308 357 10 17
308 358 10 18
309 319 10 9
309 320 10 10
309 321 10 11
309 322 10 12
309 323 10 13
309 324 10 14
309 325 10 15
309 326 10 16
309 327 10 17
309 328 10 18
309 329 10 19
309 330 10 20
309 331 10 21
309 332 10 22
309 333 10 23
309 334 10 24
309 335 10 25
309 336 10 26
309 337 10 27
309 338 10 28
309 339 10 29
309 340 10 30
309 341 10 31
309 342 10 32
309 343 10 33
309 344 10 34
309 345 10 35
309 346 10 36
309 347 10 37
309 348 10 8
309 349 10 9
309 350 10 10
309 351 10 11
309 352 10 12
309 353 10 13
309 354 10 14
309 355 10 15
309 356 10 16
309 357 10 17
309 358 10 18
310 319 10 9
310 320 10 10
310 321 10 11
310 322 10 12
310 323 10 13
310 324 10 14
310 325 10 15
310 326 10 16
310 327 10 17
310 328 10 18
310 329 10 19
310 330 10 20
310 331 10 21
310 332 10 22
310 333 10 23
310 334 10 24
310 335 10 25
310 336 10 26
310 337 10 27
310 338 10 28
310 339 10 29
310 340 10 30
310 341 10 31
310 342 10 32
310 343 10 33
310 344 10 34
310 345 10 35
310 346 10 36
310 347 10 37
310 348 10 8
310 349 10 9
310 350 10 10
310 351 10 11
310 352 10 12
310 353 10 13
310 354 10 14
310 355 10 15
310 356 10 16
310 357 10 17
310 358 10 18
311 319 10 9
311 320 10 10
311 321 10 11
311 322 10 12
311 323 10 13
311 324 10 14
311 325 10 15
311 326 10 16
311 327 10 17
311 328 10 18
311 329 10 19
311 330 10 20
311 331 10 21
311 332 10 22
311 333 10 23
311 334 10 24
311 335 10 25
311 336 10 26
311 337 10 27
311 338 10 28
311 339 10 29
311 340 10 30
311 341 10 31
311 342 10 32
311 343 10 33
311 344 10 34
311 345 10 35
311 346 10 36
311 347 10 37
311 348 10 8
311 349 10 9
311 350 10 10
311 351 10 11
311 352 10 12
311 353 10 13
311 354 10 14
311 355 10 15
311 356 10 16
311 357 10 17
311 358 10 18
312 319 10 9
312 320 10 10
312 321 10 11
312 322 10 12
312 323 10 13
312 324 10 14
312 325 10 15
312 326 10 16
312 327 10 17
312 328 10 18
312 329 10 19
312 330 10 20
312 331 10 21
312 332 10 22
312 333 10 23
312 334 10 24
312 335 10 25
312 336 10 26
312 337 10 27
312 338 10 28
312 339 10 29
312 340 10 30
312 341 10 31
312 342 10 32
312 343 10 33
312 344 10 34
312 345 10 35
312 346 10 36
312 347 10 37
312 348 10 8
312 349 10 9
312 350 10 10
312 351 10 11
312 352 10 12
312 353 10 13
312 354 10 14
312 355 10 15
312 356 10 16
312 357 10 17
312 358 10 18
313 319 10 9
313 320 10 10
313 321 10 11
313 322 10 12
313 323 10 13
313 324 10 14
313 325 10 15
313 326 10 16
313 327 10 17
313 328 10 18
313 329 10 19
313 330 10 20
313 331 10 21
313 332 10 22
313 333 10 23
313 334 10 24
313 335 10 25
313 336 10 26
313 337 10 27
313 338 10 28
313 339 10 29
313 340 10 30
313 341 10 31
313 342 10 32
313 343 10 33
313 344 10 34
313 345 10 35
313 346 10 36
313 347 10 37
313 348 10 8
313 349 10 9
313 350 10 10
313 351 10 11
313 352 10 12
313 353 10 13
313 354 10 14
313 355 10 15
313 356 10 16
313 357 10 17
313 358 10 18
314 319 10 9
314 320 10 10
314 321 10 11
314 322 10 12
314 323 10 13
314 324 10 14
314 325 10 15
314 326 10 16
314 327 10 17
314 328 10 18
314 329 10 19
314 330 10 20
314 331 10 21
314 332 10 22
314 333 10 23
314 334 10 24
314 335 10 25
314 336 10 26
314 337 10 27
314 338 10 28
314 339 10 29
314 340 10 30
314 341 10 31
314 342 10 32
314 343 10 33
314 344 10 34
314 345 10 35
314 346 10 36
314 347 10 37
314 348 10 8
314 349 10 9
314 350 10 10
314 351 10 11
314 352 10 12
314 353 10 13
314 354 10 14
314 355 10 15
314 356 10 16
314 357 10 17
314 358 10 18
315 319 10 9
315 320 10 10
315 321 10 11
315 322 10 12
315 323 10 13
315 324 10 14
315 325 10 15
315 326 10 16
315 327 10 17
315 328 10 18
315 329 10 19
315 330 10 20
315 331 10 21
315 332 10 22
315 333 10 23
315 334 10 24
315 335 10 25
315 336 10 26
315 337 10 27
315 338 10 28
315 339 10 29
315 340 10 30
315 341 10 31
315 342 10 32
315 343 10 33
315 344 10 34
315 345 10 35
315 346 10 36
315 347 10 37
315 348 10 8
315 349 10 9
315 350 10 10
315 351 10 11
315 352 10 12
315 353 10 13
315 354 10 14
315 355 10 15
315 356 10 16
315 357 10 17
315 358 10 18
316 319 10 9
316 320 10 10
316 321 10 11
316 322 10 12
316 323 10 13
316 324 10 14
316 325 10 15
316 326 10 16
316 327 10 17
316 328 10 18
316 329 10 19
316 330 10 20
316 331 10 21
316 332 10 22
316 333 10 23
316 334 10 24
316 335 10 25
316 336 10 26
316 337 10 27
316 338 10 28
316 339 10 29
316 340 10 30
316 341 10 31
316 342 10 32
316 343 10 33
316 344 10 34
316 345 10 35
316 346 10 36
316 347 10 37
316 348 10 8
316 349 10 9
316 350 10 10
316 351 10 11
316 352 10 12
316 353 10 13
316 354 10 14
316 355 10 15
316 356 10 16
316 357 10 17
316 358 10 18
317 319 10 9
317 320 10 10
317 321 10 11
317 322 10 12
317 323 10 13
317 324 10 14
317 325 10 15
317 326 10 16
317 327 10 17
317 328 10 18
317 329 10 19
317 330 10 20
317 331 10 21
317 332 10 22
317 333 10 23
317 334 10 24
317 335 10 25
317 336 10 26
317 337 10 27
317 338 10 28
317 339 10 29
317 340 10 30
317 341 10 31
317 342 10 32
317 343 10 33
317 344 10 34
317 345 10 35
317 346 10 36
317 347 10 37
317 348 10 8
317 349 10 9
317 350 10 10
317 351 10 11
317 352 10 12
317 353 10 13
317 354 10 14
317 355 10 15
317 356 10 16
317 357 10 17
317 358 10 18
318 319 10 9
318 320 10 10
318 321 10 11
318 322 10 12
318 323 10 13
318 324 10 14
318 325 10 15
318 326 10 16
318 327 10 17
318 328 10 18
318 329 10 19
318 330 10 20
318 331 10 21
318 332 10 22
318 333 10 23
318 334 10 24
318 335 10 25
318 336 10 26
318 337 10 27
318 338 10 28
318 339 10 29
318 340 10 30
318 341 10 31
318 342 10 32
318 343 10 33
318 344 10 34
318 345 10 35
318 346 10 36
318 347 10 37
318 348 10 8
318 349 10 9
318 350 10 10
318 351 10 11
318 352 10 12
318 353 10 13
318 354 10 14
318 355 10 15
318 356 10 16
318 357 10 17
318 358 10 18
319 359 10 10
319 360 10 11
319 361 10 12
319 362 10 13
319 363 10 14
319 364 10 15
319 365 10 16
319 366 10 17
319 367 10 18
319 368 10 19
319 369 10 20
319 370 10 21
319 371 10 22
319 372 10 23
319 373 10 24
319 374 10 25
319 375 10 26
319 376 10 27
319 377 10 28
319 378 10 29
319 379 10 30
319 380 10 31
319 381 10 32
319 382 10 33
319 383 10 34
319 384 10 35
319 385 10 36
319 386 10 37
319 387 10 38
319 388 10 9
319 389 10 10
319 390 10 11
319 391 10 12
319 392 10 13
319 393 10 14
319 394 10 15
319 395 10 16
319 396 10 17
319 397 10 18
319 398 10 19
320 359 10 10
320 360 10 11
320 361 10 12
320 362 10 13
320 363 10 14
320 364 10 15
320 365 10 16
320 366 10 17
320 367 10 18
320 368 10 19
320 369 10 20
320 370 10 21
320 371 10 22
320 372 10 23
320 373 10 24
320 374 10 25
320 375 10 26
320 376 10 27
320 377 10 28
320 378 10 29
320 379 10 30
320 380 10 31
320 381 10 32
320 382 10 33
320 383 10 34
320 384 10 35
320 385 10 36
320 386 10 37
320 387 10 38
320 388 10 9
320 389 10 10
320 390 10 11
320 391 10 12
320 392 10 13
320 393 10 14
320 394 10 15
320 395 10 16
320 396 10 17
320 397 10 18
320 398 10 19
321 359 10 10
321 360 10 11
321 361 10 12
321 362 10 13
321 363 10 14
321 364 10 15
321 365 10 16
321 366 10 17
321 367 10 18
321 368 10 19
321 369 10 20
321 370 10 21
321 371 10 22
321 372 10 23
321 373 10 24
321 374 10 25
321 375 10 26
321 376 10 27
321 377 10 28
321 378 10 29
321 379 10 30
321 380 10 31
321 381 10 32
321 382 10 33
321 383 10 34
321 384 10 35
321 385 10 36
321 386 10 37
321 387 10 38
321 388 10 9
321 389 10 10
321 390 10 11
321 391 10 12
321 392 10 13
321 393 10 14
321 394 10 15
321 395 10 16
321 396 10 17
321 397 10 18
321 398 10 19
322 359 10 10
322 360 10 11
322 361 10 12
322 362 10 13
322 363 10 14
322 364 10 15
322 365 10 16
322 366 10 17
322 367 10 18
322 368 10 19
322 369 10 20
322 370 10 21
322 371 10 22
322 372 10 23
322 373 10 24
322 374 10 25
322 375 10 26
322 376 10 27
322 377 10 28
322 378 10 29
322 379 10 30
322 380 10 31
322 381 10 32
322 382 10 33
322 383 10 34
322 384 10 35
322 385 10 36
322 386 10 37
322 387 10 38
322 388 10 9
322 389 10 10
322 390 10 11
322 391 10 12
322 392 10 13
322 393 10 14
322 394 10 15
322 395 10 16
322 396 10 17
322 397 10 18
322 398 10 19
323 359 10 10
323 360 10 11
323 361 10 12
323 362 10 13
323 363 10 14
323 364 10 15
323 365 10 16
323 366 10 17
323 367 10 18
323 368 10 19
323 369 10 20
323 370 10 21
323 371 10 22
323 372 10 23
323 373 10 24
323 374 10 25
323 375 10 26
323 376 10 27
323 377 10 28
323 378 10 29
323 379 10 30
323 380 10 31
323 381 10 32
323 382 10 33
323 383 10 34
323 384 10 35
323 385 10 36
323 386 10 37
323 387 10 38
323 388 10 9
323 389 10 10
323 390 10 11
323 391 10 12
323 392 10 13
323 393 10 14
323 394 10 15
323 395 10 16
323 396 10 17
323 397 10 18
323 398 10 19
324 359 10 10
324 360 10 11
324 361 10 12
324 362 10 13
324 363 10 14
324 364 10 15
324 365 10 16
324 366 10 17
324 367 10 18
324 368 10 19
324 369 10 20
324 370 10 21
324 371 10 22
324 372 10 23
324 373 10 24
324 374 10 25
324 375 10 26
324 376 10 27
324 377 10 28
324 378 10 29
324 379 10 30
324 380 10 31
324 381 10 32
324 382 10 33
324 383 10 34
324 384 10 35
324 385 10 36
324 386 10 37
324 387 10 38
324 388 10 9
324 389 10 10
324 390 10 11
324 391 10 12
324 392 10 13
324 393 10 14
324 394 10 15
324 395 10 16
324 396 10 17
324 397 10 18
324 398 10 19
325 359 10 10
325 360 10 11
325 361 10 12
325 362 10 13
325 363 10 14
325 364 10 15
325 365 10 16
325 366 10 17
325 367 10 18
325 368 10 19
325 369 10 20
325 370 10 21
325 371 10 22
325 372 10 23
325 373 10 24
325 374 10 25
325 375 10 26
325 376 10 27
325 377 10 28
325 378 10 29
325 379 10 30
325 380 10 31
325 381 10 32
325 382 10 33
325 383 10 34
325 384 10 35
325 385 10 36
325 386 10 37
325 387 10 38
325 388 10 9
325 389 10 10
325 390 10 11
325 391 10 12
325 392 10 13
325 393 10 14
325 394 10 15
325 395 10 16
325 396 10 17
325 397 10 18
325 398 10 19
326 359 10 10
326 360 10 11
326 361 10 12
326 362 10 13
326 363 10 14
326 364 10 15
326 365 10 16
326 366 10 17
326 367 10 18
326 368 10 19
326 369 10 20
326 370 10 21
326 371 10 22
326 372 10 23
326 373 10 24
326 374 10 25
326 375 10 26
326 376 10 27
326 377 10 28
326 378 10 29
326 379 10 30
326 380 10 31
326 381 10 32
326 382 10 33
326 383 10 34
326 384 10 35
326 385 10 36
326 386 10 37
326 387 10 38
326 388 10 9
326 389 10 10
326 390 10 11
326 391 10 12
326 392 10 13
326 393 10 14
326 394 10 15
326 395 10 16
326 396 10 17
326 397 10 18
326 398 10 19
327 359 10 10
327 360 10 11
327 361 10 12
327 362 10 13
327 363 10 14
327 364 10 15
327 365 10 16
327 366 10 17
327 367 10 18
327 368 10 19
327 369 10 20
327 370 10 21
327 371 10 22
327 372 10 23
327 373 10 24
327 374 10 25
327 375 10 26
327 376 10 27
327 377 10 28
327 378 10 29
327 379 10 30
327 380 10 31
327 381 10 32
327 382 10 33
327 383 10 34
327 384 10 35
327 385 10 36
327 386 10 37
327 387 10 38
327 388 10 9
327 389 10 10
327 390 10 11
327 391 10 12
327 392 10 13
327 393 10 14
327 394 10 15
327 395 10 16
327 396 10 17
327 397 10 18
327 398 10 19
328 359 10 10
328 360 10 11
328 361 10 12
328 362 10 13
328 363 10 14
328 364 10 15
328 365 10 16
328 366 10 17
328 367 10 18
328 368 10 19
328 369 10 20
328 370 10 21
328 371 10 22
328 372 10 23
328 373 10 24
328 374 10 25
328 375 10 26
328 376 10 27
328 377 10 28
328 378 10 29
328 379 10 30
328 380 10 31
328 381 10 32
328 382 10 33
328 383 10 34
328 384 10 35
328 385 10 36
328 386 10 37
328 387 10 38
328 388 10 9
328 389 10 10
328 390 10 11
328 391 10 12
328 392 10 13
328 393 10 14
328 394 10 15
328 395 10 16
328 396 10 17
328 397 10 18
328 398 10 19
329 359 10 10
329 360 10 11
329 361 10 12
329 362 10 13
329 363 10 14
329 364 10 15
329 365 10 16
329 366 10 17
329 367 10 18
329 368 10 19
329 369 10 20
329 370 10 21
329 371 10 22
329 372 10 23
329 373 10 24
329 374 10 25
329 375 10 26
329 376 10 27
329 377 10 28
329 378 10 29
329 379 10 30
329 380 10 31
329 381 10 32
329 382 10 33
329 383 10 34
329 384 10 35
329 385 10 36
329 386 10 37
329 387 10 38
329 388 10 9
329 389 10 10
329 390 10 11
329 391 10 12
329 392 10 13
329 393 10 14
329 394 10 15
329 395 10 16
329 396 10 17
329 397 10 18
329 398 10 19
330 359 10 10
330 360 10 11
330 361 10 12
330 362 10 13
330 363 10 14
330 364 10 15
330 365 10 16
330 366 10 17
330 367 10 18
330 368 10 19
330 369 10 20
330 370 10 21
330 371 10 22
330 372 10 23
330 373 10 24
330 374 10 25
330 375 10 26
330 376 10 27
330 377 10 28
330 378 10 29
330 379 10 30
330 380 10 31
330 381 10 32
330 382 10 33
330 383 10 34
330 384 10 35
330 385 10 36
330 386 10 37
330 387 10 38
330 388 10 9
330 389 10 10
330 390 10 11
330 391 10 12
330 392 10 13
330 393 10 14
330 394 10 15
330 395 10 16
330 396 10 17
330 397 10 18
330 398 10 19
331 359 10 10
331 360 10 11
331 361 10 12
331 362 10 13
331 363 10 14
331 364 10 15
331 365 10 16
331 366 10 17
331 367 10 18
331 368 10 19
331 369 10 20
331 370 10 21
331 371 10 22
331 372 10 23
331 373 10 24
331 374 10 25
331 375 10 26
331 376 10 27
331 377 10 28
331 378 10 29
331 379 10 30
331 380 10 31
331 381 10 32
331 382 10 33
331 383 10 34
331 384 10 35
331 385 10 36
331 386 10 37
331 387 10 38
331 388 10 9
331 389 10 10
331 390 10 11
331 391 10 12
331 392 10 13
331 393 10 14
331 394 10 15
331 395 10 16
331 396 10 17
331 397 10 18
331 398 10 19
332 359 10 10
332 360 10 11
332 361 10 12
332 362 10 13
332 363 10 14
332 364 10 15
332 365 10 16
332 366 10 17
332 367 10 18
332 368 10 19
332 369 10 20
332 370 10 21
332 371 10 22
332 372 10 23
332 373 10 24
332 374 10 25
332 375 10 26
332 376 10 27
332 377 10 28
332 378 10 29
332 379 10 30
332 380 10 31
332 381 10 32
332 382 10 33
332 383 10 34
332 384 10 35
332 385 10 36
332 386 10 37
332 387 10 38
332 388 10 9
332 389 10 10
332 390 10 11
332 391 10 12
332 392 10 13
332 393 10 14
332 394 10 15
332 395 10 16
332 396 10 17
332 397 10 18
332 398 10 19
333 359 10 10
333 360 10 11
333 361 10 12
333 362 10 13
333 363 10 14
333 364 10 15
333 365 10 16
333 366 10 17
333 367 10 18
333 368 10 19
333 369 10 20
333 370 10 21
333 371 10 22
333 372 10 23
333 373 10 24
333 374 10 25
333 375 10 26
333 376 10 27
333 377 10 28
333 378 10 29
333 379 10 30
333 380 10 31
333 381 10 32
333 382 10 33
333 383 10 34
333 384 10 35
333 385 10 36
333 386 10 37
333 387 10 38
333 388 10 9
333 389 10 10
333 390 10 11
333 391 10 12
333 392 10 13
333 393 10 14
333 394 10 15
333 395 10 16
333 396 10 17
333 397 10 18
333 398 10 19
334 359 10 10
334 360 10 11
334 361 10 12
334 362 10 13
334 363 10 14
334 364 10 15
334 365 10 16
334 366 10 17
334 367 10 18
334 368 10 19
334 369 10 20
334 370 10 21
334 371 10 22
334 372 10 23
334 373 10 24
334 374 10 25
334 375 10 26
334 376 10 27
334 377 10 28
334 378 10 29
334 379 10 30
334 380 10 31
334 381 10 32
334 382 10 33
334 383 10 34
334 384 10 35
334 385 10 36
334 386 10 37
334 387 10 38
334 388 10 9
334 389 10 10
334 390 10 11
334 391 10 12
334 392 10 13
334 393 10 14
334 394 10 15
334 395 10 16
334 396 10 17
334 397 10 18
334 398 10 19
335 359 10 10
335 360 10 11
335 361 10 12
335 362 10 13
335 363 10 14
335 364 10 15
335 365 10 16
335 366 10 17
335 367 10 18
335 368 10 19
335 369 10 20
335 370 10 21
335 371 10 22
335 372 10 23
335 373 10 24
335 374 10 25
335 375 10 26
335 376 10 27
335 377 10 28
335 378 10 29
335 379 10 30
335 380 10 31
335 381 10 32
335 382 10 33
335 383 10 34
335 384 10 35
335 385 10 36
335 386 10 37
335 387 10 38
335 388 10 9
335 389 10 10
335 390 10 11
335 391 10 12
335 392 10 13
335 393 10 14
335 394 10 15
335 395 10 16
335 396 10 17
335 397 10 18
335 398 10 19
336 359 10 10
336 360 10 11
336 361 10 12
336 362 10 13
336 363 10 14
336 364 10 15
336 365 10 16
336 366 10 17
336 367 10 18
336 368 10 19
336 369 10 20
336 370 10 21
336 371 10 22
336 372 10 23
336 373 10 24
336 374 10 25
336 375 10 26
336 376 10 27
336 377 10 28
336 378 10 29
336 379 10 30
336 380 10 31
336 381 10 32
336 382 10 33
336 383 10 34
336 384 10 35
336 385 10 36
336 386 10 37
336 387 10 38
336 388 10 9
336 389 10 10
336 390 10 11
336 391 10 12
336 392 10 13
336 393 10 14
336 394 10 15
336 395 10 16
336 396 10 17
336 397 10 18
336 398 10 19
337 359 10 10
337 360 10 11
337 361 10 12
337 362 10 13
337 363 10 14
337 364 10 15
337 365 10 16
337 366 10 17
337 367 10 18
337 368 10 19
337 369 10 20
337 370 10 21
337 371 10 22
337 372 10 23
337 373 10 24
337 374 10 25
337 375 10 26
337 376 10 27
337 377 10 28
337 378 10 29
337 379 10 30
337 380 10 31
337 381 10 32
337 382 10 33
337 383 10 34
337 384 10 35
337 385 10 36
337 386 10 37
337 387 10 38
337 388 10 9
337 389 10 10
337 390 10 11
337 391 10 12
337 392 10 13
337 393 10 14
337 394 10 15
337 395 10 16
337 396 10 17
337 397 10 18
337 398 10 19
338 359 10 10
338 360 10 11
338 361 10 12
338 362 10 13
338 363 10 14
338 364 10 15
338 365 10 16
338 366 10 17
338 367 10 18
338 368 10 19
338 369 10 20
338 370 10 21
338 371 10 22
338 372 10 23
338 373 10 24
338 374 10 25
338 375 10 26
338 376 10 27
338 377 10 28
338 378 10 29
338 379 10 30
338 380 10 31
338 381 10 32
338 382 10 33
338 383 10 34
338 384 10 35
338 385 10 36
338 386 10 37
338 387 10 38
338 388 10 9
338 389 10 10
338 390 10 11
338 391 10 12
338 392 10 13
338 393 10 14
338 394 10 15
338 395 10 16
338 396 10 17
338 397 10 18
338 398 10 19
339 359 10 10
339 360 10 11
339 361 10 12
339 362 10 13
339 363 10 14
339 364 10 15
339 365 10 16
339 366 10 17
339 367 10 18
339 368 10 19
339 369 10 20
339 370 10 21
339 371 10 22
339 372 10 23
339 373 10 24
339 374 10 25
339 375 10 26
339 376 10 27
339 377 10 28
339 378 10 29
339 379 10 30
339 380 10 31
339 381 10 32
339 382 10 33
339 383 10 34
339 384 10 35
339 385 10 36
339 386 10 37
339 387 10 38
339 388 10 9
339 389 10 10
339 390 10 11
339 391 10 12
339 392 10 13
339 393 10 14
339 394 10 15
339 395 10 16
339 396 10 17
339 397 10 18
339 398 10 19
340 359 10 10
340 360 10 11
340 361 10 12
340 362 10 13
340 363 10 14
340 364 10 15
340 365 10 16
340 366 10 17
340 367 10 18
340 368 10 19
340 369 10 20
340 370 10 21
340 371 10 22
340 372 10 23
340 373 10 24
340 374 10 25
340 375 10 26
340 376 10 27
340 377 10 28
340 378 10 29
340 379 10 30
340 380 10 31
340 381 10 32
340 382 10 33
340 383 10 34
340 384 10 35
340 385 10 36
340 386 10 37
340 387 10 38
340 388 10 9
340 389 10 10
340 390 10 11
340 391 10 12
340 392 10 13
340 393 10 14
340 394 10 15
340 395 10 16
340 396 10 17
340 397 10 18
340 398 10 19
341 359 10 10
341 360 10 11
341 361 10 12
341 362 10 13
341 363 10 14
341 364 10 15
341 365 10 16
341 366 10 17
341 367 10 18
341 368 10 19
341 369 10 20
341 370 10 21
341 371 10 22
341 372 10 23
341 373 10 24
341 374 10 25
341 375 10 26
341 376 10 27
341 377 10 28
341 378 10 29
341 379 10 30
341 380 10 31
341 381 10 32
341 382 10 33
341 383 10 34
341 384 10 35
341 385 10 36
341 386 10 37
341 387 10 38
341 388 10 9
341 389 10 10
341 390 10 11
341 391 10 12
341 392 10 13
341 393 10 14
341 394 10 15
341 395 10 16
341 396 10 17
341 397 10 18
341 398 10 19
342 359 10 10
342 360 10 11
342 361 10 12
342 362 10 13
342 363 10 14
342 364 10 15
342 365 10 16
342 366 10 17
342 367 10 18
342 368 10 19
342 369 10 20
342 370 10 21
342 371 10 22
342 372 10 23
342 373 10 24
342 374 10 25
342 375 10 26
342 376 10 27
342 377 10 28
342 378 10 29
342 379 10 30
342 380 10 31
342 381 10 32
342 382 10 33
342 383 10 34
342 384 10 35
342 385 10 36
342 386 10 37
342 387 10 38
342 388 10 9
342 389 10 10
342 390 10 11
342 391 10 12
342 392 10 13
342 393 10 14
342 394 10 15
342 395 10 16
342 396 10 17
342 397 10 18
342 398 10 19
343 359 10 10
343 360 10 11
343 361 10 12
343 362 10 13
343 363 10 14
343 364 10 15
343 365 10 16
343 366 10 17
343 367 10 18
343 368 10 19
343 369 10 20
343 370 10 21
343 371 10 22
343 372 10 23
343 373 10 24
343 374 10 25
343 375 10 26
343 376 10 27
343 377 10 28
343 378 10 29
343 379 10 30
343 380 10 31
343 381 10 32
343 382 10 33
343 383 10 34
343 384 10 35
343 385 10 36
343 386 10 37
343 387 10 38
343 388 10 9
343 389 10 10
343 390 10 11
343 391 10 12
343 392 10 13
343 393 10 14
343 394 10 15
343 395 10 16
343 396 10 17
343 397 10 18
343 398 10 19
344 359 10 10
344 360 10 11
344 361 10 12
344 362 10 13
344 363 10 14
344 364 10 15
344 365 10 16
344 366 10 17
344 367 10 18
344 368 10 19
344 369 10 20
344 370 10 21
344 371 10 22
344 372 10 23
344 373 10 24
344 374 10 25
344 375 10 26
344 376 10 27
344 377 10 28
344 378 10 29
344 379 10 30
344 380 10 31
344 381 10 32
344 382 10 33
344 383 10 34
344 384 10 35
344 385 10 36
344 386 10 37
344 387 10 38
344 388 10 9
344 389 10 10
344 390 10 11
344 391 10 12
344 392 10 13
344 393 10 14
344 394 10 15
344 395 10 16
344 396 10 17
344 397 10 18
344 398 10 19
345 359 10 10
345 360 10 11
345 361 10 12
345 362 10 13
345 363 10 14
345 364 10 15
345 365 10 16
345 366 10 17
345 367 10 18
345 368 10 19
345 369 10 20
345 370 10 21
345 371 10 22
345 372 10 23
345 373 10 24
345 374 10 25
345 375 10 26
345 376 10 27
345 377 10 28
345 378 10 29
345 379 10 30
345 380 10 31
345 381 10 32
345 382 10 33
345 383 10 34
345 384 10 35
345 385 10 36
345 386 10 37
345 387 10 38
345 388 10 9
345 389 10 10
345 390 10 11
345 391 10 12
345 392 10 13
345 393 10 14
345 394 10 15
345 395 10 16
345 396 10 17
345 397 10 18
345 398 10 19
346 359 10 10
346 360 10 11
346 361 10 12
346 362 10 13
346 363 10 14
346 364 10 15
346 365 10 16
346 366 10 17
346 367 10 18
346 368 10 19
346 369 10 20
346 370 10 21
346 371 10 22
346 372 10 23
346 373 10 24
346 374 10 25
346 375 10 26
346 376 10 27
346 377 10 28
346 378 10 29
346 379 10 30
346 380 10 31
346 381 10 32
346 382 10 33
346 383 10 34
346 384 10 35
346 385 10 36
346 386 10 37
346 387 10 38
346 388 10 9
346 389 10 10
346 390 10 11
346 391 10 12
346 392 10 13
346 393 10 14
346 394 10 15
346 395 10 16
346 396 10 17
346 397 10 18
346 398 10 19
347 359 10 10
347 360 10 11
347 361 10 12
347 362 10 13
347 363 10 14
347 364 10 15
347 365 10 16
347 366 10 17
347 367 10 18
347 368 10 19
347 369 10 20
347 370 10 21
347 371 10 22
347 372 10 23
347 373 10 24
347 374 10 25
347 375 10 26
347 376 10 27
347 377 10 28
347 378 10 29
347 379 10 30
347 380 10 31
347 381 10 32
347 382 10 33
347 383 10 34
347 384 10 35
347 385 10 36
347 386 10 37
347 387 10 38
347 388 10 9
347 389 10 10
347 390 10 11
347 391 10 12
347 392 10 13
347 393 10 14
347 394 10 15
347 395 10 16
347 396 10 17
347 397 10 18
347 398 10 19
348 359 10 10
348 360 10 11
348 361 10 12
348 362 10 13
348 363 10 14
348 364 10 15
348 365 10 16
348 366 10 17
348 367 10 18
348 368 10 19
348 369 10 20
348 370 10 21
348 371 10 22
348 372 10 23
348 373 10 24
348 374 10 25
348 375 10 26
348 376 10 27
348 377 10 28
348 378 10 29
348 379 10 30
348 380 10 31
348 381 10 32
348 382 10 33
348 383 10 34
348 384 10 35
348 385 10 36
348 386 10 37
348 387 10 38
348 388 10 9
348 389 10 10
348 390 10 11
348 391 10 12
348 392 10 13
348 393 10 14
348 394 10 15
348 395 10 16
348 396 10 17
348 397 10 18
348 398 10 19
349 359 10 10
349 360 10 11
349 361 10 12
349 362 10 13
349 363 10 14
349 364 10 15
349 365 10 16
349 366 10 17
349 367 10 18
349 368 10 19
349 369 10 20
349 370 10 21
349 371 10 22
349 372 10 23
349 373 10 24
349 374 10 25
349 375 10 26
349 376 10 27
349 377 10 28
349 378 10 29
349 379 10 30
349 380 10 31
349 381 10 32
349 382 10 33
349 383 10 34
349 384 10 35
349 385 10 36
349 386 10 37
349 387 10 38
349 388 10 9
349 389 10 10
349 390 10 11
349 391 10 12
349 392 10 13
349 393 10 14
349 394 10 15
349 395 10 16
349 396 10 17
349 397 10 18
349 398 10 19
350 359 10 10
350 360 10 11
350 361 10 12
350 362 10 13
350 363 10 14
350 364 10 15
350 365 10 16
350 366 10 17
350 367 10 18
350 368 10 19
350 369 10 20
350 370 10 21
350 371 10 22
350 372 10 23
350 373 10 24
350 374 10 25
350 375 10 26
350 376 10 27
350 377 10 28
350 378 10 29
350 379 10 30
350 380 10 31
350 381 10 32
350 382 10 33
350 383 10 34
350 384 10 35
350 385 10 36
350 386 10 37
350 387 10 38
350 388 10 9
350 389 10 10
350 390 10 11
350 391 10 12
350 392 10 13
350 393 10 14
350 394 10 15
350 395 10 16
350 396 10 17
350 397 10 18
350 398 10 19
351 359 10 10
351 360 10 11
351 361 10 12
351 362 10 13
351 363 10 14
351 364 10 15
351 365 10 16
351 366 10 17
351 367 10 18
351 368 10 19
351 369 10 20
351 370 10 21
351 371 10 22
351 372 10 23
351 373 10 24
351 374 10 25
351 375 10 26
351 376 10 27
351 377 10 28
351 378 10 29
351 379 10 30
351 380 10 31
351 381 10 32
351 382 10 33
351 383 10 34
351 384 10 35
351 385 10 36
351 386 10 37
351 387 10 38
351 388 10 9
351 389 10 10
351 390 10 11
351 391 10 12
351 392 10 13
351 393 10 14
351 394 10 15
351 395 10 16
351 396 10 17
351 397 10 18
351 398 10 19
352 359 10 10
352 360 10 11
352 361 10 12
352 362 10 13
352 363 10 14
352 364 10 15
352 365 10 16
352 366 10 17
352 367 10 18
352 368 10 19
352 369 10 20
352 370 10 21
352 371 10 22
352 372 10 23
352 373 10 24
352 374 10 25
352 375 10 26
352 376 10 27
352 377 10 28
352 378 10 29
352 379 10 30
352 380 10 31
352 381 10 32
352 382 10 33
352 383 10 34
352 384 10 35
352 385 10 36
352 386 10 37
352 387 10 38
352 388 10 9
352 389 10 10
352 390 10 11
352 391 10 12
352 392 10 13
352 393 10 14
352 394 10 15
352 395 10 16
352 396 10 17
352 397 10 18
352 398 10 19
353 359 10 10
353 360 10 11
353 361 10 12
353 362 10 13
353 363 10 14
353 364 10 15
353 365 10 16
353 366 10 17
353 367 10 18
353 368 10 19
353 369 10 20
353 370 10 21
353 371 10 22
353 372 10 23
353 373 10 24
353 374 10 25
353 375 10 26
353 376 10 27
353 377 10 28
353 378 10 29
353 379 10 30
353 380 10 31
353 381 10 32
353 382 10 33
353 383 10 34
353 384 10 35
353 385 10 36
353 386 10 37
353 387 10 38
353 388 10 9
353 389 10 10
353 390 10 11
353 391 10 12
353 392 10 13
353 393 10 14
353 394 10 15
353 395 10 16
353 396 10 17
353 397 10 18
353 398 10 19
354 359 10 10
354 360 10 11
354 361 10 12
354 362 10 13
354 363 10 14
354 364 10 15
354 365 10 16
354 366 10 17
354 367 10 18
354 368 10 19
354 369 10 20
354 370 10 21
354 371 10 22
354 372 10 23
354 373 10 24
354 374 10 25
354 375 10 26
354 376 10 27
354 377 10 28
354 378 10 29
354 379 10 30
354 380 10 31
354 381 10 32
354 382 10 33
354 383 10 34
354 384 10 35
354 385 10 36
354 386 10 37
354 387 10 38
354 388 10 9
354 389 10 10
354 390 10 11
354 391 10 12
354 392 10 13
354 393 10 14
354 394 10 15
354 395 10 16
354 396 10 17
354 397 10 18
354 398 10 19
355 359 10 10
355 360 10 11
355 361 10 12
355 362 10 13
355 363 10 14
355 364 10 15
355 365 10 16
355 366 10 17
355 367 10 18
355 368 10 19
355 369 10 20
355 370 10 21
355 371 10 22
355 372 10 23
355 373 10 24
355 374 10 25
355 375 10 26
355 376 10 27
355 377 10 28
355 378 10 29
355 379 10 30
355 380 10 31
355 381 10 32
355 382 10 33
355 383 10 34
355 384 10 35
355 385 10 36
355 386 10 37
355 387 10 38
355 388 10 9
355 389 10 10
355 390 10 11
355 391 10 12
355 392 10 13
355 393 10 14
355 394 10 15
355 395 10 16
355 396 10 17
355 397 10 18
355 398 10 19
356 359 10 10
356 360 10 11
356 361 10 12
356 362 10 13
356 363 10 14
356 364 10 15
356 365 10 16
356 366 10 17
356 367 10 18
356 368 10 19
356 369 10 20
356 370 10 21
356 371 10 22
356 372 10 23
356 373 10 24
356 374 10 25
356 375 10 26
356 376 10 27
356 377 10 28
356 378 10 29
356 379 10 30
356 380 10 31
356 381 10 32
356 382 10 33
356 383 10 34
356 384 10 35
356 385 10 36
356 386 10 37
356 387 10 38
356 388 10 9
356 389 10 10
356 390 10 11
356 391 10 12
356 392 10 13
356 393 10 14
356 394 10 15
356 395 10 16
356 396 10 17
356 397 10 18
356 398 10 19
357 359 10 10
357 360 10 11
357 361 10 12
357 362 10 13
357 363 10 14
357 364 10 15
357 365 10 16
357 366 10 17
357 367 10 18
357 368 10 19
357 369 10 20
357 370 10 21
357 371 10 22
357 372 10 23
357 373 10 24
357 374 10 25
357 375 10 26
357 376 10 27
357 377 10 28
357 378 10 29
357 379 10 30
357 380 10 31
357 381 10 32
357 382 10 33
357 383 10 34
357 384 10 35
357 385 10 36
357 386 10 37
357 387 10 38
357 388 10 9
357 389 10 10
357 390 10 11
357 391 10 12
357 392 10 13
357 393 10 14
357 394 10 15
357 395 10 16
357 396 10 17
357 397 10 18
357 398 10 19
358 359 10 10
358 360 10 11
358 361 10 12
358 362 10 13
358 363 10 14
358 364 10 15
358 365 10 16
358 366 10 17
358 367 10 18
358 368 10 19
358 369 10 20
358 370 10 21
358 371 10 22
358 372 10 23
358 373 10 24
358 374 10 25
358 375 10 26
358 376 10 27
358 377 10 28
358 378 10 29
358 379 10 30
358 380 10 31
358 381 10 32
358 382 10 33
358 383 10 34
358 384 10 35
358 385 10 36
358 386 10 37
358 387 10 38
358 388 10 9
358 389 10 10
358 390 10 11
358 391 10 12
358 392 10 13
358 393 10 14
358 394 10 15
358 395 10 16
358 396 10 17
358 397 10 18
358 398 10 19
359 399 10 11
359 400 10 12
359 401 10 13
359 402 10 14
359 403 10 15
359 404 10 16
359 405 10 17
359 406 10 18
359 407 10 19
359 408 10 20
359 409 10 21
359 410 10 22
359 411 10 23
359 412 10 24
359 413 10 25
359 414 10 26
359 415 10 27
359 416 10 28
359 417 10 29
359 418 10 30
359 419 10 31
359 420 10 32
359 421 10 33
359 422 10 34
359 423 10 35
359 424 10 36
359 425 10 37
359 426 10 38
359 427 10 39
359 428 10 10
359 429 10 11
359 430 10 12
359 431 10 13
359 432 10 14
359 433 10 15
359 434 10 16
359 435 10 17
359 436 10 18
359 437 10 19
359 438 10 20
360 399 10 11
360 400 10 12
360 401 10 13
360 402 10 14
360 403 10 15
360 404 10 16
360 405 10 17
360 406 10 18
360 407 10 19
360 408 10 20
360 409 10 21
360 410 10 22
360 411 10 23
360 412 10 24
360 413 10 25
360 414 10 26
360 415 10 27
360 416 10 28
360 417 10 29
360 418 10 30
360 419 10 31
360 420 10 32
360 421 10 33
360 422 10 34
360 423 10 35
360 424 10 36
360 425 10 37
360 426 10 38
360 427 10 39
360 428 10 10
360 429 10 11
360 430 10 12
360 431 10 13
360 432 10 14
360 433 10 15
360 434 10 16
360 435 10 17
360 436 10 18
360 437 10 19
360 438 10 20
361 399 10 11
361 400 10 12
361 401 10 13
361 402 10 14
361 403 10 15
361 404 10 16
361 405 10 17
361 406 10 18
361 407 10 19
361 408 10 20
361 409 10 21
361 410 10 22
361 411 10 23
361 412 10 24
361 413 10 25
361 414 10 26
361 415 10 27
361 416 10 28
361 417 10 29
361 418 10 30
361 419 10 31
361 420 10 32
361 421 10 33
361 422 10 34
361 423 10 35
361 424 10 36
361 425 10 37
361 426 10 38
361 427 10 39
361 428 10 10
361 429 10 11
361 430 10 12
361 431 10 13
361 432 10 14
361 433 10 15
361 434 10 16
361 435 10 17
361 436 10 18
361 437 10 19
361 438 10 20
362 399 10 11
362 400 10 12
362 401 10 13
362 402 10 14
362 403 10 15
362 404 10 16
362 405 10 17
362 406 10 18
362 407 10 19
362 408 10 20
362 409 10 21
362 410 10 22
362 411 10 23
362 412 10 24
362 413 10 25
362 414 10 26
362 415 10 27
362 416 10 28
362 417 10 29
362 418 10 30
362 419 10 31
362 420 10 32
362 421 10 33
362 422 10 34
362 423 10 35
362 424 10 36
362 425 10 37
362 426 10 38
362 427 10 39
362 428 10 10
362 429 10 11
362 430 10 12
362 431 10 13
362 432 10 14
362 433 10 15
362 434 10 16
362 435 10 17
362 436 10 18
362 437 10 19
362 438 10 20
363 399 10 11
363 400 10 12
363 401 10 13
363 402 10 14
363 403 10 15
363 404 10 16
363 405 10 17
363 406 10 18
363 407 10 19
363 408 10 20
363 409 10 21
363 410 10 22
363 411 10 23
363 412 10 24
363 413 10 25
363 414 10 26
363 415 10 27
363 416 10 28
363 417 10 29
363 418 10 30
363 419 10 31
363 420 10 32
363 421 10 33
363 422 10 34
363 423 10 35
363 424 10 36
363 425 10 37
363 426 10 38
363 427 10 39
363 428 10 10
363 429 10 11
363 430 10 12
363 431 10 13
363 432 10 14
363 433 10 15
363 434 10 16
363 435 10 17
363 436 10 18
363 437 10 19
363 438 10 20
364 399 10 11
364 400 10 12
364 401 10 13
364 402 10 14
364 403 10 15
364 404 10 16
364 405 10 17
364 406 10 18
364 407 10 19
364 408 10 20
364 409 10 21
364 410 10 22
364 411 10 23
364 412 10 24
364 413 10 25
364 414 10 26
364 415 10 27
364 416 10 28
364 417 10 29
364 418 10 30
364 419 10 31
364 420 10 32
364 421 10 33
364 422 10 34
364 423 10 35
364 424 10 36
364 425 10 37
364 426 10 38
364 427 10 39
364 428 10 10
364 429 10 11
364 430 10 12
364 431 10 13
364 432 10 14
364 433 10 15
364 434 10 16
364 435 10 17
364 436 10 18
364 437 10 19
364 438 10 20
365 399 10 11
365 400 10 12
365 401 10 13
365 402 10 14
365 403 10 15
365 404 10 16
365 405 10 17
365 406 10 18
365 407 10 19
365 408 10 20
365 409 10 21
365 410 10 22
365 411 10 23
365 412 10 24
365 413 10 25
365 414 10 26
365 415 10 27
365 416 10 28
365 417 10 29
365 418 10 30
365 419 10 31
365 420 10 32
365 421 10 33
365 422 10 34
365 423 10 35
365 424 10 36
365 425 10 37
365 426 10 38
365 427 10 39
365 428 10 10
365 429 10 11
365 430 10 12
365 431 10 13
365 432 10 14
365 433 10 15
365 434 10 16
365 435 10 17
365 436 10 18
365 437 10 19
365 438 10 20
366 399 10 11
366 400 10 12
366 401 10 13
366 402 10 14
366 403 10 15
366 404 10 16
366 405 10 17
366 406 10 18
366 407 10 19
366 408 10 20
366 409 10 21
366 410 10 22
366 411 10 23
366 412 10 24
366 413 10 25
366 414 10 26
366 415 10 27
366 416 10 28
366 417 10 29
366 418 10 30
366 419 10 31
366 420 10 32
366 421 10 33
366 422 10 34
366 423 10 35
366 424 10 36
366 425 10 37
366 426 10 38
366 427 10 39
366 428 10 10
366 429 10 11
366 430 10 12
366 431 10 13
366 432 10 14
366 433 10 15
366 434 10 16
366 435 10 17
366 436 10 18
366 437 10 19
366 438 10 20
367 399 10 11
367 400 10 12
367 401 10 13
367 402 10 14
367 403 10 15
367 404 10 16
367 405 10 17
367 406 10 18
367 407 10 19
367 408 10 20
367 409 10 21
367 410 10 22
367 411 10 23
367 412 10 24
367 413 10 25
367 414 10 26
367 415 10 27
367 416 10 28
367 417 10 29
367 418 10 30
367 419 10 31
367 420 10 32
367 421 10 33
367 422 10 34
367 423 10 35
367 424 10 36
367 425 10 37
367 426 10 38
367 427 10 39
367 428 10 10
367 429 10 11
367 430 10 12
367 431 10 13
367 432 10 14
367 433 10 15
367 434 10 16
367 435 10 17
367 436 10 18
367 437 10 19
367 438 10 20
368 399 10 11
368 400 10 12
368 401 10 13
368 402 10 14
368 403 10 15
368 404 10 16
368 405 10 17
368 406 10 18
368 407 10 19
368 408 10 20
368 409 10 21
368 410 10 22
368 411 10 23
368 412 10 24
368 413 10 25
368 414 10 26
368 415 10 27
368 416 10 28
368 417 10 29
368 418 10 30
368 419 10 31
368 420 10 32
368 421 10 33
368 422 10 34
368 423 10 35
368 424 10 36
368 425 10 37
368 426 10 38
368 427 10 39
368 428 10 10
368 429 10 11
368 430 10 12
368 431 10 13
368 432 10 14
368 433 10 15
368 434 10 16
368 435 10 17
368 436 10 18
368 437 10 19
368 438 10 20
369 399 10 11
369 400 10 12
369 401 10 13
369 402 10 14
369 403 10 15
369 404 10 16
369 405 10 17
369 406 10 18
369 407 10 19
369 408 10 20
369 409 10 21
369 410 10 22
369 411 10 23
369 412 10 24
369 413 10 25
369 414 10 26
369 415 10 27
369 416 10 28
369 417 10 29
369 418 10 30
369 419 10 31
369 420 10 32
369 421 10 33
369 422 10 34
369 423 10 35
369 424 10 36
369 425 10 37
369 426 10 38
369 427 10 39
369 428 10 10
369 429 10 11
369 430 10 12
369 431 10 13
369 432 10 14
369 433 10 15
369 434 10 16
369 435 10 17
369 436 10 18
369 437 10 19
369 438 10 20
370 399 10 11
370 400 10 12
370 401 10 13
370 402 10 14
370 403 10 15
370 404 10 16
370 405 10 17
370 406 10 18
370 407 10 19
370 408 10 20
370 409 10 21
370 410 10 22
370 411 10 23
370 412 10 24
370 413 10 25
370 414 10 26
370 415 10 27
370 416 10 28
370 417 10 29
370 418 10 30
370 419 10 31
370 420 10 32
370 421 10 33
370 422 10 34
370 423 10 35
370 424 10 36
370 425 10 37
370 426 10 38
370 427 10 39
370 428 10 10
370 429 10 11
370 430 10 12
370 431 10 13
370 432 10 14
370 433 10 15
370 434 10 16
370 435 10 17
370 436 10 18
370 437 10 19
370 438 10 20
371 399 10 11
371 400 10 12
371 401 10 13
371 402 10 14
371 403 10 15
371 404 10 16
371 405 10 17
371 406 10 18
371 407 10 19
371 408 10 20
371 409 10 21
371 410 10 22
371 411 10 23
371 412 10 24
371 413 10 25
371 414 10 26
371 415 10 27
371 416 10 28
371 417 10 29
371 418 10 30
371 419 10 31
371 420 10 32
371 421 10 33
371 422 10 34
371 423 10 35
371 424 10 36
371 425 10 37
371 426 10 38
371 427 10 39
371 428 10 10
371 429 10 11
371 430 10 12
371 431 10 13
371 432 10 14
371 433 10 15
371 434 10 16
371 435 10 17
371 436 10 18
371 437 10 19
371 438 10 20
372 399 10 11
372 400 10 12
372 401 10 13
372 402 10 14
372 403 10 15
372 404 10 16
372 405 10 17
372 406 10 18
372 407 10 19
372 408 10 20
372 409 10 21
372 410 10 22
372 411 10 23
372 412 10 24
372 413 10 25
372 414 10 26
372 415 10 27
372 416 10 28
372 417 10 29
372 418 10 30
372 419 10 31
372 420 10 32
372 421 10 33
372 422 10 34
372 423 10 35
372 424 10 36
372 425 10 37
372 426 10 38
372 427 10 39
372 428 10 10
372 429 10 11
372 430 10 12
372 431 10 13
372 432 10 14
372 433 10 15
372 434 10 16
372 435 10 17
372 436 10 18
372 437 10 19
372 438 10 20
373 399 10 11
373 400 10 12
373 401 10 13
373 402 10 14
373 403 10 15
373 404 10 16
373 405 10 17
373 406 10 18
373 407 10 19
373 408 10 20
373 409 10 21
373 410 10 22
373 411 10 23
373 412 10 24
373 413 10 25
373 414 10 26
373 415 10 27
373 416 10 28
373 417 10 29
373 418 10 30
373 419 10 31
373 420 10 32
373 421 10 33
373 422 10 34
373 423 10 35
373 424 10 36
373 425 10 37
373 426 10 38
373 427 10 39
373 428 10 10
373 429 10 11
373 430 10 12
373 431 10 13
373 432 10 14
373 433 10 15
373 434 10 16
373 435 10 17
373 436 10 18
373 437 10 19
373 438 10 20
374 399 10 11
374 400 10 12
374 401 10 13
374 402 10 14
374 403 10 15
374 404 10 16
374 405 10 17
374 406 10 18
374 407 10 19
374 408 10 20
374 409 10 21
374 410 10 22
374 411 10 23
374 412 10 24
374 413 10 25
374 414 10 26
374 415 10 27
374 416 10 28
374 417 10 29
374 418 10 30
374 419 10 31
374 420 10 32
374 421 10 33
374 422 10 34
374 423 10 35
374 424 10 36
374 425 10 37
374 426 10 38
374 427 10 39
374 428 10 10
374 429 10 11
374 430 10 12
374 431 10 13
374 432 10 14
374 433 10 15
374 434 10 16
374 435 10 17
374 436 10 18
374 437 10 19
374 438 10 20
375 399 10 11
375 400 10 12
375 401 10 13
375 402 10 14
375 403 10 15
375 404 10 16
375 405 10 17
375 406 10 18
375 407 10 19
375 408 10 20
375 409 10 21
375 410 10 22
375 411 10 23
375 412 10 24
375 413 10 25
375 414 10 26
375 415 10 27
375 416 10 28
375 417 10 29
375 418 10 30
375 419 10 31
375 420 10 32
375 421 10 33
375 422 10 34
375 423 10 35
375 424 10 36
375 425 10 37
375 426 10 38
375 427 10 39
375 428 10 10
375 429 10 11
375 430 10 12
375 431 10 13
375 432 10 14
375 433 10 15
375 434 10 16
375 435 10 17
375 436 10 18
375 437 10 19
375 438 10 20
376 399 10 11
376 400 10 12
376 401 10 13
376 402 10 14
376 403 10 15
376 404 10 16
376 405 10 17
376 406 10 18
376 407 10 19
376 408 10 20
376 409 10 21
376 410 10 22
376 411 10 23
376 412 10 24
376 413 10 25
376 414 10 26
376 415 10 27
376 416 10 28
376 417 10 29
376 418 10 30
376 419 10 31
376 420 10 32
376 421 10 33
376 422 10 34
376 423 10 35
376 424 10 36
376 425 10 37
376 426 10 38
376 427 10 39
376 428 10 10
376 429 10 11
376 430 10 12
376 431 10 13
376 432 10 14
376 433 10 15
376 434 10 16
376 435 10 17
376 436 10 18
376 437 10 19
376 438 10 20
377 399 10 11
377 400 10 12
377 401 10 13
377 402 10 14
377 403 10 15
377 404 10 16
377 405 10 17
377 406 10 18
377 407 10 19
377 408 10 20
377 409 10 21
377 410 10 22
377 411 10 23
377 412 10 24
377 413 10 25
377 414 10 26
377 415 10 27
377 416 10 28
377 417 10 29
377 418 10 30
377 419 10 31
377 420 10 32
377 421 10 33
377 422 10 34
377 423 10 35
377 424 10 36
377 425 10 37
377 426 10 38
377 427 10 39
377 428 10 10
377 429 10 11
377 430 10 12
377 431 10 13
377 432 10 14
377 433 10 15
377 434 10 16
377 435 10 17
377 436 10 18
377 437 10 19
377 438 10 20
378 399 10 11
378 400 10 12
378 401 10 13
378 402 10 14
378 403 10 15
378 404 10 16
378 405 10 17
378 406 10 18
378 407 10 19
378 408 10 20
378 409 10 21
378 410 10 22
378 411 10 23
378 412 10 24
378 413 10 25
378 414 10 26
378 415 10 27
378 416 10 28
378 417 10 29
378 418 10 30
378 419 10 31
378 420 10 32
378 421 10 33
378 422 10 34
378 423 10 35
378 424 10 36
378 425 10 37
378 426 10 38
378 427 10 39
378 428 10 10
378 429 10 11
378 430 10 12
378 431 10 13
378 432 10 14
378 433 10 15
378 434 10 16
378 435 10 17
378 436 10 18
378 437 10 19
378 438 10 20
379 399 10 11
379 400 10 12
379 401 10 13
379 402 10 14
379 403 10 15
379 404 10 16
379 405 10 17
379 406 10 18
379 407 10 19
379 408 10 20
379 409 10 21
379 410 10 22
379 411 10 23
379 412 10 24
379 413 10 25
379 414 10 26
379 415 10 27
379 416 10 28
379 417 10 29
379 418 10 30
379 419 10 31
379 420 10 32
379 421 10 33
379 422 10 34
379 423 10 35
379 424 10 36
379 425 10 37
379 426 10 38
379 427 10 39
379 428 10 10
379 429 10 11
379 430 10 12
379 431 10 13
379 432 10 14
379 433 10 15
379 434 10 16
379 435 10 17
379 436 10 18
379 437 10 19
379 438 10 20
380 399 10 11
380 400 10 12
380 401 10 13
380 402 10 14
380 403 10 15
380 404 10 16
380 405 10 17
380 406 10 18
380 407 10 19
380 408 10 20
380 409 10 21
380 410 10 22
380 411 10 23
380 412 10 24
380 413 10 25
380 414 10 26
380 415 10 27
380 416 10 28
380 417 10 29
380 418 10 30
380 419 10 31
380 420 10 32
380 421 10 33
380 422 10 34
380 423 10 35
380 424 10 36
380 425 10 37
380 426 10 38
380 427 10 39
380 428 10 10
380 429 10 11
380 430 10 12
380 431 10 13
380 432 10 14
380 433 10 15
380 434 10 16
380 435 10 17
380 436 10 18
380 437 10 19
380 438 10 20
381 399 10 11
381 400 10 12
381 401 10 13
381 402 10 14
381 403 10 15
381 404 10 16
381 405 10 17
381 406 10 18
381 407 10 19
381 408 10 20
381 409 10 21
381 410 10 22
381 411 10 23
381 412 10 24
381 413 10 25
381 414 10 26
381 415 10 27
381 416 10 28
381 417 10 29
381 418 10 30
381 419 10 31
381 420 10 32
381 421 10 33
381 422 10 34
381 423 10 35
381 424 10 36
381 425 10 37
381 426 10 38
381 427 10 39
381 428 10 10
381 429 10 11
381 430 10 12
381 431 10 13
381 432 10 14
381 433 10 15
381 434 10 16
381 435 10 17
381 436 10 18
381 437 10 19
381 438 10 20
382 399 10 11
382 400 10 12
382 401 10 13
382 402 10 14
382 403 10 15
382 404 10 16
382 405 10 17
382 406 10 18
382 407 10 19
382 408 10 20
382 409 10 21
382 410 10 22
382 411 10 23
382 412 10 24
382 413 10 25
382 414 10 26
382 415 10 27
382 416 10 28
382 417 10 29
382 418 10 30
382 419 10 31
382 420 10 32
382 421 10 33
382 422 10 34
382 423 10 35
382 424 10 36
382 425 10 37
382 426 10 38
382 427 10 39
382 428 10 10
382 429 10 11
382 430 10 12
382 431 10 13
382 432 10 14
382 433 10 15
382 434 10 16
382 435 10 17
382 436 10 18
382 437 10 19
382 438 10 20
383 399 10 11
383 400 10 12
383 401 10 13
383 402 10 14
383 403 10 15
383 404 10 16
383 405 10 17
383 406 10 18
383 407 10 19
383 408 10 20
383 409 10 21
383 410 10 22
383 411 10 23
383 412 10 24
383 413 10 25
383 414 10 26
383 415 10 27
383 416 10 28
383 417 10 29
383 418 10 30
383 419 10 31
383 420 10 32
383 421 10 33
383 422 10 34
383 423 10 35
383 424 10 36
383 425 10 37
383 426 10 38
383 427 10 39
383 428 10 10
383 429 10 11
383 430 10 12
383 431 10 13
383 432 10 14
383 433 10 15
383 434 10 16
383 435 10 17
383 436 10 18
383 437 10 19
383 438 10 20
384 399 10 11
384 400 10 12
384 401 10 13
384 402 10 14
384 403 10 15
384 404 10 16
384 405 10 17
384 406 10 18
384 407 10 19
384 408 10 20
384 409 10 21
384 410 10 22
384 411 10 23
384 412 10 24
384 413 10 25
384 414 10 26
384 415 10 27
384 416 10 28
384 417 10 29
384 418 10 30
384 419 10 31
384 420 10 32
384 421 10 33
384 422 10 34
384 423 10 35
384 424 10 36
384 425 10 37
384 426 10 38
384 427 10 39
384 428 10 10
384 429 10 11
384 430 10 12
384 431 10 13
384 432 10 14
384 433 10 15
384 434 10 16
384 435 10 17
384 436 10 18
384 437 10 19
384 438 10 20
385 399 10 11
385 400 10 12
385 401 10 13
385 402 10 14
385 403 10 15
385 404 10 16
385 405 10 17
385 406 10 18
385 407 10 19
385 408 10 20
385 409 10 21
385 410 10 22
385 411 10 23
385 412 10 24
385 413 10 25
385 414 10 26
385 415 10 27
385 416 10 28
385 417 10 29
385 418 10 30
385 419 10 31
385 420 10 32
385 421 10 33
385 422 10 34
385 423 10 35
385 424 10 36
385 425 10 37
385 426 10 38
385 427 10 39
385 428 10 10
385 429 10 11
385 430 10 12
385 431 10 13
385 432 10 14
385 433 10 15
385 434 10 16
385 435 10 17
385 436 10 18
385 437 10 19
385 438 10 20
386 399 10 11
386 400 10 12
386 401 10 13
386 402 10 14
386 403 10 15
386 404 10 16
386 405 10 17
386 406 10 18
386 407 10 19
386 408 10 20
386 409 10 21
386 410 10 22
386 411 10 23
386 412 10 24
386 413 10 25
386 414 10 26
386 415 10 27
386 416 10 28
386 417 10 29
386 418 10 30
386 419 10 31
386 420 10 32
386 421 10 33
386 422 10 34
386 423 10 35
386 424 10 36
386 425 10 37
386 426 10 38
386 427 10 39
386 428 10 10
386 429 10 11
386 430 10 12
386 431 10 13
386 432 10 14
386 433 10 15
386 434 10 16
386 435 10 17
386 436 10 18
386 437 10 19
386 438 10 20
387 399 10 11
387 400 10 12
387 401 10 13
387 402 10 14
387 403 10 15
387 404 10 16
387 405 10 17
387 406 10 18
387 407 10 19
387 408 10 20
387 409 10 21
387 410 10 22
387 411 10 23
387 412 10 24
387 413 10 25
387 414 10 26
387 415 10 27
387 416 10 28
387 417 10 29
387 418 10 30
387 419 10 31
387 420 10 32
387 421 10 33
387 422 10 34
387 423 10 35
387 424 10 36
387 425 10 37
387 426 10 38
387 427 10 39
387 428 10 10
387 429 10 11
387 430 10 12
387 431 10 13
387 432 10 14
387 433 10 15
387 434 10 16
387 435 10 17
387 436 10 18
387 437 10 19
387 438 10 20
388 399 10 11
388 400 10 12
388 401 10 13
388 402 10 14
388 403 10 15
388 404 10 16
388 405 10 17
388 406 10 18
388 407 10 19
388 408 10 20
388 409 10 21
388 410 10 22
388 411 10 23
388 412 10 24
388 413 10 25
388 414 10 26
388 415 10 27
388 416 10 28
388 417 10 29
388 418 10 30
388 419 10 31
388 420 10 32
388 421 10 33
388 422 10 34
388 423 10 35
388 424 10 36
388 425 10 37
388 426 10 38
388 427 10 39
388 428 10 10
388 429 10 11
388 430 10 12
388 431 10 13
388 432 10 14
388 433 10 15
388 434 10 16
388 435 10 17
388 436 10 18
388 437 10 19
388 438 10 20
389 399 10 11
389 400 10 12
389 401 10 13
389 402 10 14
389 403 10 15
389 404 10 16
389 405 10 17
389 406 10 18
389 407 10 19
389 408 10 20
389 409 10 21
389 410 10 22
389 411 10 23
389 412 10 24
389 413 10 25
389 414 10 26
389 415 10 27
389 416 10 28
389 417 10 29
389 418 10 30
389 419 10 31
389 420 10 32
389 421 10 33
389 422 10 34
389 423 10 35
389 424 10 36
389 425 10 37
389 426 10 38
389 427 10 39
389 428 10 10
389 429 10 11
389 430 10 12
389 431 10 13
389 432 10 14
389 433 10 15
389 434 10 16
389 435 10 17
389 436 10 18
389 437 10 19
389 438 10 20
390 399 10 11
390 400 10 12
390 401 10 13
390 402 10 14
390 403 10 15
390 404 10 16
390 405 10 17
390 406 10 18
390 407 10 19
390 408 10 20
390 409 10 21
390 410 10 22
390 411 10 23
390 412 10 24
390 413 10 25
390 414 10 26
390 415 10 27
390 416 10 28
390 417 10 29
390 418 10 30
390 419 10 31
390 420 10 32
390 421 10 33
390 422 10 34
390 423 10 35
390 424 10 36
390 425 10 37
390 426 10 38
390 427 10 39
390 428 10 10
390 429 10 11
390 430 10 12
390 431 10 13
390 432 10 14
390 433 10 15
390 434 10 16
390 435 10 17
390 436 10 18
390 437 10 19
390 438 10 20
391 399 10 11
391 400 10 12
391 401 10 13
391 402 10 14
391 403 10 15
391 404 10 16
391 405 10 17
391 406 10 18
391 407 10 19
391 408 10 20
391 409 10 21
391 410 10 22
391 411 10 23
391 412 10 24
391 413 10 25
391 414 10 26
391 415 10 27
391 416 10 28
391 417 10 29
391 418 10 30
391 419 10 31
391 420 10 32
391 421 10 33
391 422 10 34
391 423 10 35
391 424 10 36
391 425 10 37
391 426 10 38
391 427 10 39
391 428 10 10
391 429 10 11
391 430 10 12
391 431 10 13
391 432 10 14
391 433 10 15
391 434 10 16
391 435 10 17
391 436 10 18
391 437 10 19
391 438 10 20
392 399 10 11
392 400 10 12
392 401 10 13
392 402 10 14
392 403 10 15
392 404 10 16
392 405 10 17
392 406 10 18
392 407 10 19
392 408 10 20
392 409 10 21
392 410 10 22
392 411 10 23
392 412 10 24
392 413 10 25
392 414 10 26
392 415 10 27
392 416 10 28
392 417 10 29
392 418 10 30
392 419 10 31
392 420 10 32
392 421 10 33
392 422 10 34
392 423 10 35
392 424 10 36
392 425 10 37
392 426 10 38
392 427 10 39
392 428 10 10
392 429 10 11
392 430 10 12
392 431 10 13
392 432 10 14
392 433 10 15
392 434 10 16
392 435 10 17
392 436 10 18
392 437 10 19
392 438 10 20
393 399 10 11
393 400 10 12
393 401 10 13
393 402 10 14
393 403 10 15
393 404 10 16
393 405 10 17
393 406 10 18
393 407 10 19
393 408 10 20
393 409 10 21
393 410 10 22
393 411 10 23
393 412 10 24
393 413 10 25
393 414 10 26
393 415 10 27
393 416 10 28
393 417 10 29
393 418 10 30
393 419 10 31
393 420 10 32
393 421 10 33
393 422 10 34
393 423 10 35
393 424 10 36
393 425 10 37
393 426 10 38
393 427 10 39
393 428 10 10
393 429 10 11
393 430 10 12
393 431 10 13
393 432 10 14
393 433 10 15
393 434 10 16
393 435 10 17
393 436 10 18
393 437 10 19
393 438 10 20
394 399 10 11
394 400 10 12
394 401 10 13
394 402 10 14
394 403 10 15
394 404 10 16
394 405 10 17
394 406 10 18
394 407 10 19
394 408 10 20
394 409 10 21
394 410 10 22
394 411 10 23
394 412 10 24
394 413 10 25
394 414 10 26
394 415 10 27
394 416 10 28
394 417 10 29
394 418 10 30
394 419 10 31
394 420 10 32
394 421 10 33
394 422 10 34
394 423 10 35
394 424 10 36
394 425 10 37
394 426 10 38
394 427 10 39
394 428 10 10
394 429 10 11
394 430 10 12
394 431 10 13
394 432 10 14
394 433 10 15
394 434 10 16
394 435 10 17
394 436 10 18
394 437 10 19
394 438 10 20
395 399 10 11
395 400 10 12
395 401 10 13
395 402 10 14
395 403 10 15
395 404 10 16
395 405 10 17
395 406 10 18
395 407 10 19
395 408 10 20
395 409 10 21
395 410 10 22
395 411 10 23
395 412 10 24
395 413 10 25
395 414 10 26
395 415 10 27
395 416 10 28
395 417 10 29
395 418 10 30
395 419 10 31
395 420 10 32
395 421 10 33
395 422 10 34
395 423 10 35
395 424 10 36
395 425 10 37
395 426 10 38
395 427 10 39
395 428 10 10
395 429 10 11
395 430 10 12
395 431 10 13
395 432 10 14
395 433 10 15
395 434 10 16
395 435 10 17
395 436 10 18
395 437 10 19
395 438 10 20
396 399 10 11
396 400 10 12
396 401 10 13
396 402 10 14
396 403 10 15
396 404 10 16
396 405 10 17
396 406 10 18
396 407 10 19
396 408 10 20
396 409 10 21
396 410 10 22
396 411 10 23
396 412 10 24
396 413 10 25
396 414 10 26
396 415 10 27
396 416 10 28
396 417 10 29
396 418 10 30
396 419 10 31
396 420 10 32
396 421 10 33
396 422 10 34
396 423 10 35
396 424 10 36
396 425 10 37
396 426 10 38
396 427 10 39
396 428 10 10
396 429 10 11
396 430 10 12
396 431 10 13
396 432 10 14
396 433 10 15
396 434 10 16
396 435 10 17
396 436 10 18
396 437 10 19
396 438 10 20
397 399 10 11
397 400 10 12
397 401 10 13
397 402 10 14
397 403 10 15
397 404 10 16
397 405 10 17
397 406 10 18
397 407 10 19
397 408 10 20
397 409 10 21
397 410 10 22
397 411 10 23
397 412 10 24
397 413 10 25
397 414 10 26
397 415 10 27
397 416 10 28
397 417 10 29
397 418 10 30
397 419 10 31
397 420 10 32
397 421 10 33
397 422 10 34
397 423 10 35
397 424 10 36
397 425 10 37
397 426 10 38
397 427 10 39
397 428 10 10
397 429 10 11
397 430 10 12
397 431 10 13
397 432 10 14
397 433 10 15
397 434 10 16
397 435 10 17
397 436 10 18
397 437 10 19
397 438 10 20
398 399 10 11
398 400 10 12
398 401 10 13
398 402 10 14
398 403 10 15
398 404 10 16
398 405 10 17
398 406 10 18
398 407 10 19
398 408 10 20
398 409 10 21
398 410 10 22
398 411 10 23
398 412 10 24
398 413 10 25
398 414 10 26
398 415 10 27
398 416 10 28
398 417 10 29
398 418 10 30
398 419 10 31
398 420 10 32
398 421 10 33
398 422 10 34
398 423 10 35
398 424 10 36
398 425 10 37
398 426 10 38
398 427 10 39
398 428 10 10
398 429 10 11
398 430 10 12
398 431 10 13
398 432 10 14
398 433 10 15
398 434 10 16
398 435 10 17
398 436 10 18
398 437 10 19
398 438 10 20
399 439 10 12
399 440 10 13
399 441 10 14
399 442 10 15
399 443 10 16
399 444 10 17
399 445 10 18
399 446 10 19
399 447 10 20
399 448 10 21
399 449 10 22
399 450 10 23
399 451 10 24
399 452 10 25
399 453 10 26
399 454 10 27
399 455 10 28
399 456 10 29
399 457 10 30
399 458 10 31
399 459 10 32
399 460 10 33
399 461 10 34
399 462 10 35
399 463 10 36
399 464 10 37
399 465 10 38
399 466 10 39
399 467 10 40
399 468 10 11
399 469 10 12
399 470 10 13
399 471 10 14
399 472 10 15
399 473 10 16
399 474 10 17
399 475 10 18
399 476 10 19
399 477 10 20
399 478 10 21
400 439 10 12
400 440 10 13
400 441 10 14
400 442 10 15
400 443 10 16
400 444 10 17
400 445 10 18
400 446 10 19
400 447 10 20
400 448 10 21
400 449 10 22
400 450 10 23
400 451 10 24
400 452 10 25
400 453 10 26
400 454 10 27
400 455 10 28
400 456 10 29
400 457 10 30
400 458 10 31
400 459 10 32
400 460 10 33
400 461 10 34
400 462 10 35
400 463 10 36
400 464 10 37
400 465 10 38
400 466 10 39
400 467 10 40
400 468 10 11
400 469 10 12
400 470 10 13
400 471 10 14
400 472 10 15
400 473 10 16
400 474 10 17
400 475 10 18
400 476 10 19
400 477 10 20
400 478 10 21
401 439 10 12
401 440 10 13
401 441 10 14
401 442 10 15
401 443 10 16
401 444 10 17
401 445 10 18
401 446 10 19
401 447 10 20
401 448 10 21
401 449 10 22
401 450 10 23
401 451 10 24
401 452 10 25
401 453 10 26
401 454 10 27
401 455 10 28
401 456 10 29
401 457 10 30
401 458 10 31
401 459 10 32
401 460 10 33
401 461 10 34
401 462 10 35
401 463 10 36
401 464 10 37
401 465 10 38
401 466 10 39
401 467 10 40
401 468 10 11
401 469 10 12
401 470 10 13
401 471 10 14
401 472 10 15
401 473 10 16
401 474 10 17
401 475 10 18
401 476 10 19
401 477 10 20
401 478 10 21
402 439 10 12
402 440 10 13
402 441 10 14
402 442 10 15
402 443 10 16
402 444 10 17
402 445 10 18
402 446 10 19
402 447 10 20
402 448 10 21
402 449 10 22
402 450 10 23
402 451 10 24
402 452 10 25
402 453 10 26
402 454 10 27
402 455 10 28
402 456 10 29
402 457 10 30
402 458 10 31
402 459 10 32
402 460 10 33
402 461 10 34
402 462 10 35
402 463 10 36
402 464 10 37
402 465 10 38
402 466 10 39
402 467 10 40
402 468 10 11
402 469 10 12
402 470 10 13
402 471 10 14
402 472 10 15
402 473 10 16
402 474 10 17
402 475 10 18
402 476 10 19
402 477 10 20
402 478 10 21
403 439 10 12
403 440 10 13
403 441 10 14
403 442 10 15
403 443 10 16
403 444 10 17
403 445 10 18
403 446 10 19
403 447 10 20
403 448 10 21
403 449 10 22
403 450 10 23
403 451 10 24
403 452 10 25
403 453 10 26
403 454 10 27
403 455 10 28
403 456 10 29
403 457 10 30
403 458 10 31
403 459 10 32
403 460 10 33
403 461 10 34
403 462 10 35
403 463 10 36
403 464 10 37
403 465 10 38
403 466 10 39
403 467 10 40
403 468 10 11
403 469 10 12
403 470 10 13
403 471 10 14
403 472 10 15
403 473 10 16
403 474 10 17
403 475 10 18
403 476 10 19
403 477 10 20
403 478 10 21
404 439 10 12
404 440 10 13
404 441 10 14
404 442 10 15
404 443 10 16
404 444 10 17
404 445 10 18
404 446 10 19
404 447 10 20
404 448 10 21
404 449 10 22
404 450 10 23
404 451 10 24
404 452 10 25
404 453 10 26
404 454 10 27
404 455 10 28
404 456 10 29
404 457 10 30
404 458 10 31
404 459 10 32
404 460 10 33
404 461 10 34
404 462 10 35
404 463 10 36
404 464 10 37
404 465 10 38
404 466 10 39
404 467 10 40
404 468 10 11
404 469 10 12
404 470 10 13
404 471 10 14
404 472 10 15
404 473 10 16
404 474 10 17
404 475 10 18
404 476 10 19
404 477 10 20
404 478 10 21
405 439 10 12
405 440 10 13
405 441 10 14
405 442 10 15
405 443 10 16
405 444 10 17
405 445 10 18
405 446 10 19
405 447 10 20
405 448 10 21
405 449 10 22
405 450 10 23
405 451 10 24
405 452 10 25
405 453 10 26
405 454 10 27
405 455 10 28
405 456 10 29
405 457 10 30
405 458 10 31
405 459 10 32
405 460 10 33
405 461 10 34
405 462 10 35
405 463 10 36
405 464 10 37
405 465 10 38
405 466 10 39
405 467 10 40
405 468 10 11
405 469 10 12
405 470 10 13
405 471 10 14
405 472 10 15
405 473 10 16
405 474 10 17
405 475 10 18
405 476 10 19
405 477 10 20
405 478 10 21
406 439 10 12
406 440 10 13
406 441 10 14
406 442 10 15
406 443 10 16
406 444 10 17
406 445 10 18
406 446 10 19
406 447 10 20
406 448 10 21
406 449 10 22
406 450 10 23
406 451 10 24
406 452 10 25
406 453 10 26
406 454 10 27
406 455 10 28
406 456 10 29
406 457 10 30
406 458 10 31
406 459 10 32
406 460 10 33
406 461 10 34
406 462 10 35
406 463 10 36
406 464 10 37
406 465 10 38
406 466 10 39
406 467 10 40
406 468 10 11
406 469 10 12
406 470 10 13
406 471 10 14
406 472 10 15
406 473 10 16
406 474 10 17
406 475 10 18
406 476 10 19
406 477 10 20
406 478 10 21
407 439 10 12
407 440 10 13
407 441 10 14
407 442 10 15
407 443 10 16
407 444 10 17
407 445 10 18
407 446 10 19
407 447 10 20
407 448 10 21
407 449 10 22
407 450 10 23
407 451 10 24
407 452 10 25
407 453 10 26
407 454 10 27
407 455 10 28
407 456 10 29
407 457 10 30
407 458 10 31
407 459 10 32
407 460 10 33
407 461 10 34
407 462 10 35
407 463 10 36
407 464 10 37
407 465 10 38
407 466 10 39
407 467 10 40
407 468 10 11
407 469 10 12
407 470 10 13
407 471 10 14
407 472 10 15
407 473 10 16
407 474 10 17
407 475 10 18
407 476 10 19
407 477 10 20
407 478 10 21
408 439 10 12
408 440 10 13
408 441 10 14
408 442 10 15
408 443 10 16
408 444 10 17
408 445 10 18
408 446 10 19
408 447 10 20
408 448 10 21
408 449 10 22
408 450 10 23
408 451 10 24
408 452 10 25
408 453 10 26
408 454 10 27
408 455 10 28
408 456 10 29
408 457 10 30
408 458 10 31
408 459 10 32
408 460 10 33
408 461 10 34
408 462 10 35
408 463 10 36
408 464 10 37
408 465 10 38
408 466 10 39
408 467 10 40
408 468 10 11
408 469 10 12
408 470 10 13
408 471 10 14
408 472 10 15
408 473 10 16
408 474 10 17
408 475 10 18
408 476 10 19
408 477 10 20
408 478 10 21
409 439 10 12
409 440 10 13
409 441 10 14
409 442 10 15
409 443 10 16
409 444 10 17
409 445 10 18
409 446 10 19
409 447 10 20
409 448 10 21
409 449 10 22
409 450 10 23
409 451 10 24
409 452 10 25
409 453 10 26
409 454 10 27
409 455 10 28
409 456 10 29
409 457 10 30
409 458 10 31
409 459 10 32
409 460 10 33
409 461 10 34
409 462 10 35
409 463 10 36
409 464 10 37
409 465 10 38
409 466 10 39
409 467 10 40
409 468 10 11
409 469 10 12
409 470 10 13
409 471 10 14
409 472 10 15
409 473 10 16
409 474 10 17
409 475 10 18
409 476 10 19
409 477 10 20
409 478 10 21
410 439 10 12
410 440 10 13
410 441 10 14
410 442 10 15
410 443 10 16
410 444 10 17
410 445 10 18
410 446 10 19
410 447 10 20
410 448 10 21
410 449 10 22
410 450 10 23
410 451 10 24
410 452 10 25
410 453 10 26
410 454 10 27
410 455 10 28
410 456 10 29
410 457 10 30
410 458 10 31
410 459 10 32
410 460 10 33
410 461 10 34
410 462 10 35
410 463 10 36
410 464 10 37
410 465 10 38
410 466 10 39
410 467 10 40
410 468 10 11
410 469 10 12
410 470 10 13
410 471 10 14
410 472 10 15
410 473 10 16
410 474 10 17
410 475 10 18
410 476 10 19
410 477 10 20
410 478 10 21
411 439 10 12
411 440 10 13
411 441 10 14
411 442 10 15
411 443 10 16
411 444 10 17
411 445 10 18
411 446 10 19
411 447 10 20
411 448 10 21
411 449 10 22
411 450 10 23
411 451 10 24
411 452 10 25
411 453 10 26
411 454 10 27
411 455 10 28
411 456 10 29
411 457 10 30
411 458 10 31
411 459 10 32
411 460 10 33
411 461 10 34
411 462 10 35
411 463 10 36
411 464 10 37
411 465 10 38
411 466 10 39
411 467 10 40
411 468 10 11
411 469 10 12
411 470 10 13
411 471 10 14
411 472 10 15
411 473 10 16
411 474 10 17
411 475 10 18
411 476 10 19
411 477 10 20
411 478 10 21
412 439 10 12
412 440 10 13
412 441 10 14
412 442 10 15
412 443 10 16
412 444 10 17
412 445 10 18
412 446 10 19
412 447 10 20
412 448 10 21
412 449 10 22
412 450 10 23
412 451 10 24
412 452 10 25
412 453 10 26
412 454 10 27
412 455 10 28
412 456 10 29
412 457 10 30
412 458 10 31
412 459 10 32
412 460 10 33
412 461 10 34
412 462 10 35
412 463 10 36
412 464 10 37
412 465 10 38
412 466 10 39
412 467 10 40
412 468 10 11
412 469 10 12
412 470 10 13
412 471 10 14
412 472 10 15
412 473 10 16
412 474 10 17
412 475 10 18
412 476 10 19
412 477 10 20
412 478 10 21
413 439 10 12
413 440 10 13
413 441 10 14
413 442 10 15
413 443 10 16
413 444 10 17
413 445 10 18
413 446 10 19
413 447 10 20
413 448 10 21
413 449 10 22
413 450 10 23
413 451 10 24
413 452 10 25
413 453 10 26
413 454 10 27
413 455 10 28
413 456 10 29
413 457 10 30
413 458 10 31
413 459 10 32
413 460 10 33
413 461 10 34
413 462 10 35
413 463 10 36
413 464 10 37
413 465 10 38
413 466 10 39
413 467 10 40
413 468 10 11
413 469 10 12
413 470 10 13
413 471 10 14
413 472 10 15
413 473 10 16
413 474 10 17
413 475 10 18
413 476 10 19
413 477 10 20
413 478 10 21
414 439 10 12
414 440 10 13
414 441 10 14
414 442 10 15
414 443 10 16
414 444 10 17
414 445 10 18
414 446 10 19
414 447 10 20
414 448 10 21
414 449 10 22
414 450 10 23
414 451 10 24
414 452 10 25
414 453 10 26
414 454 10 27
414 455 10 28
414 456 10 29
414 457 10 30
414 458 10 31
414 459 10 32
414 460 10 33
414 461 10 34
414 462 10 35
414 463 10 36
414 464 10 37
414 465 10 38
414 466 10 39
414 467 10 40
414 468 10 11
414 469 10 12
414 470 10 13
414 471 10 14
414 472 10 15
414 473 10 16
414 474 10 17
414 475 10 18
414 476 10 19
414 477 10 20
414 478 10 21
415 439 10 12
415 440 10 13
415 441 10 14
415 442 10 15
415 443 10 16
415 444 10 17
415 445 10 18
415 446 10 19
415 447 10 20
415 448 10 21
415 449 10 22
415 450 10 23
415 451 10 24
415 452 10 25
415 453 10 26
415 454 10 27
415 455 10 28
415 456 10 29
415 457 10 30
415 458 10 31
415 459 10 32
415 460 10 33
415 461 10 34
415 462 10 35
415 463 10 36
415 464 10 37
415 465 10 38
415 466 10 39
415 467 10 40
415 468 10 11
415 469 10 12
415 470 10 13
415 471 10 14
415 472 10 15
415 473 10 16
415 474 10 17
415 475 10 18
415 476 10 19
415 477 10 20
415 478 10 21
416 439 10 12
416 440 10 13
416 441 10 14
416 442 10 15
416 443 10 16
416 444 10 17
416 445 10 18
416 446 10 19
416 447 10 20
416 448 10 21
416 449 10 22
416 450 10 23
416 451 10 24
416 452 10 25
416 453 10 26
416 454 10 27
416 455 10 28
416 456 10 29
416 457 10 30
416 458 10 31
416 459 10 32
416 460 10 33
416 461 10 34
416 462 10 35
416 463 10 36
416 464 10 37
416 465 10 38
416 466 10 39
416 467 10 40
416 468 10 11
416 469 10 12
416 470 10 13
416 471 10 14
416 472 10 15
416 473 10 16
416 474 10 17
416 475 10 18
416 476 10 19
416 477 10 20
416 478 10 21
417 439 10 12
417 440 10 13
417 441 10 14
417 442 10 15
417 443 10 16
417 444 10 17
417 445 10 18
417 446 10 19
417 447 10 20
417 448 10 21
417 449 10 22
417 450 10 23
417 451 10 24
417 452 10 25
417 453 10 26
417 454 10 27
417 455 10 28
417 456 10 29
417 457 10 30
417 458 10 31
417 459 10 32
417 460 10 33
417 461 10 34
417 462 10 35
417 463 10 36
417 464 10 37
417 465 10 38
417 466 10 39
417 467 10 40
417 468 10 11
417 469 10 12
417 470 10 13
417 471 10 14
417 472 10 15
417 473 10 16
417 474 10 17
417 475 10 18
417 476 10 19
417 477 10 20
417 478 10 21
418 439 10 12
418 440 10 13
418 441 10 14
418 442 10 15
418 443 10 16
418 444 10 17
418 445 10 18
418 446 10 19
418 447 10 20
418 448 10 21
418 449 10 22
418 450 10 23
418 451 10 24
418 452 10 25
418 453 10 26
418 454 10 27
418 455 10 28
418 456 10 29
418 457 10 30
418 458 10 31
418 459 10 32
418 460 10 33
418 461 10 34
418 462 10 35
418 463 10 36
418 464 10 37
418 465 10 38
418 466 10 39
418 467 10 40
418 468 10 11
418 469 10 12
418 470 10 13
418 471 10 14
418 472 10 15
418 473 10 16
418 474 10 17
418 475 10 18
418 476 10 19
418 477 10 20
418 478 10 21
419 439 10 12
419 440 10 13
419 441 10 14
419 442 10 15
419 443 10 16
419 444 10 17
419 445 10 18
419 446 10 19
419 447 10 20
419 448 10 21
419 449 10 22
419 450 10 23
419 451 10 24
419 452 10 25
419 453 10 26
419 454 10 27
419 455 10 28
419 456 10 29
419 457 10 30
419 458 10 31
419 459 10 32
419 460 10 33
419 461 10 34
419 462 10 35
419 463 10 36
419 464 10 37
419 465 10 38
419 466 10 39
419 467 10 40
419 468 10 11
419 469 10 12
419 470 10 13
419 471 10 14
419 472 10 15
419 473 10 16
419 474 10 17
419 475 10 18
419 476 10 19
419 477 10 20
419 478 10 21
420 439 10 12
420 440 10 13
420 441 10 14
420 442 10 15
420 443 10 16
420 444 10 17
420 445 10 18
420 446 10 19
420 447 10 20
420 448 10 21
420 449 10 22
420 450 10 23
420 451 10 24
420 452 10 25
420 453 10 26
420 454 10 27
420 455 10 28
420 456 10 29
420 457 10 30
420 458 10 31
420 459 10 32
420 460 10 33
420 461 10 34
420 462 10 35
420 463 10 36
420 464 10 37
420 465 10 38
420 466 10 39
420 467 10 40
420 468 10 11
420 469 10 12
420 470 10 13
420 471 10 14
420 472 10 15
420 473 10 16
420 474 10 17
420 475 10 18
420 476 10 19
420 477 10 20
420 478 10 21
421 439 10 12
421 440 10 13
421 441 10 14
421 442 10 15
421 443 10 16
421 444 10 17
421 445 10 18
421 446 10 19
421 447 10 20
421 448 10 21
421 449 10 22
421 450 10 23
421 451 10 24
421 452 10 25
421 453 10 26
421 454 10 27
421 455 10 28
421 456 10 29
421 457 10 30
421 458 10 31
421 459 10 32
421 460 10 33
421 461 10 34
421 462 10 35
421 463 10 36
421 464 10 37
421 465 10 38
421 466 10 39
421 467 10 40
421 468 10 11
421 469 10 12
421 470 10 13
421 471 10 14
421 472 10 15
421 473 10 16
421 474 10 17
421 475 10 18
421 476 10 19
421 477 10 20
421 478 10 21
422 439 10 12
422 440 10 13
422 441 10 14
422 442 10 15
422 443 10 16
422 444 10 17
422 445 10 18
422 446 10 19
422 447 10 20
422 448 10 21
422 449 10 22
422 450 10 23
422 451 10 24
422 452 10 25
422 453 10 26
422 454 10 27
422 455 10 28
422 456 10 29
422 457 10 30
422 458 10 31
422 459 10 32
422 460 10 33
422 461 10 34
422 462 10 35
422 463 10 36
422 464 10 37
422 465 10 38
422 466 10 39
422 467 10 40
422 468 10 11
422 469 10 12
422 470 10 13
422 471 10 14
422 472 10 15
422 473 10 16
422 474 10 17
422 475 10 18
422 476 10 19
422 477 10 20
422 478 10 21
423 439 10 12
423 440 10 13
423 441 10 14
423 442 10 15
423 443 10 16
423 444 10 17
423 445 10 18
423 446 10 19
423 447 10 20
423 448 10 21
423 449 10 22
423 450 10 23
423 451 10 24
423 452 10 25
423 453 10 26
423 454 10 27
423 455 10 28
423 456 10 29
423 457 10 30
423 458 10 31
423 459 10 32
423 460 10 33
423 461 10 34
423 462 10 35
423 463 10 36
423 464 10 37
423 465 10 38
423 466 10 39
423 467 10 40
423 468 10 11
423 469 10 12
423 470 10 13
423 471 10 14
423 472 10 15
423 473 10 16
423 474 10 17
423 475 10 18
423 476 10 19
423 477 10 20
423 478 10 21
424 439 10 12
424 440 10 13
424 441 10 14
424 442 10 15
424 443 10 16
424 444 10 17
424 445 10 18
424 446 10 19
424 447 10 20
424 448 10 21
424 449 10 22
424 450 10 23
424 451 10 24
424 452 10 25
424 453 10 26
424 454 10 27
424 455 10 28
424 456 10 29
424 457 10 30
424 458 10 31
424 459 10 32
424 460 10 33
424 461 10 34
424 462 10 35
424 463 10 36
424 464 10 37
424 465 10 38
424 466 10 39
424 467 10 40
424 468 10 11
424 469 10 12
424 470 10 13
424 471 10 14
424 472 10 15
424 473 10 16
424 474 10 17
424 475 10 18
424 476 10 19
424 477 10 20
424 478 10 21
425 439 10 12
425 440 10 13
425 441 10 14
425 442 10 15
425 443 10 16
425 444 10 17
425 445 10 18
425 446 10 19
425 447 10 20
425 448 10 21
425 449 10 22
425 450 10 23
425 451 10 24
425 452 10 25
425 453 10 26
425 454 10 27
425 455 10 28
425 456 10 29
425 457 10 30
425 458 10 31
425 459 10 32
425 460 10 33
425 461 10 34
425 462 10 35
425 463 10 36
425 464 10 37
425 465 10 38
425 466 10 39
425 467 10 40
425 468 10 11
425 469 10 12
425 470 10 13
425 471 10 14
425 472 10 15
425 473 10 16
425 474 10 17
425 475 10 18
425 476 10 19
425 477 10 20
425 478 10 21
426 439 10 12
426 440 10 13
426 441 10 14
426 442 10 15
426 443 10 16
426 444 10 17
426 445 10 18
426 446 10 19
426 447 10 20
426 448 10 21
426 449 10 22
426 450 10 23
426 451 10 24
426 452 10 25
426 453 10 26
426 454 10 27
426 455 10 28
426 456 10 29
426 457 10 30
426 458 10 31
426 459 10 32
426 460 10 33
426 461 10 34
426 462 10 35
426 463 10 36
426 464 10 37
426 465 10 38
426 466 10 39
426 467 10 40
426 468 10 11
426 469 10 12
426 470 10 13
426 471 10 14
426 472 10 15
426 473 10 16
426 474 10 17
426 475 10 18
426 476 10 19
426 477 10 20
426 478 10 21
427 439 10 12
427 440 10 13
427 441 10 14
427 442 10 15
427 443 10 16
427 444 10 17
427 445 10 18
427 446 10 19
427 447 10 20
427 448 10 21
427 449 10 22
427 450 10 23
427 451 10 24
427 452 10 25
427 453 10 26
427 454 10 27
427 455 10 28
427 456 10 29
427 457 10 30
427 458 10 31
427 459 10 32
427 460 10 33
427 461 10 34
427 462 10 35
427 463 10 36
427 464 10 37
427 465 10 38
427 466 10 39
427 467 10 40
427 468 10 11
427 469 10 12
427 470 10 13
427 471 10 14
427 472 10 15
427 473 10 16
427 474 10 17
427 475 10 18
427 476 10 19
427 477 10 20
427 478 10 21
428 439 10 12
428 440 10 13
428 441 10 14
428 442 10 15
428 443 10 16
428 444 10 17
428 445 10 18
428 446 10 19
428 447 10 20
428 448 10 21
428 449 10 22
428 450 10 23
428 451 10 24
428 452 10 25
428 453 10 26
428 454 10 27
428 455 10 28
428 456 10 29
428 457 10 30
428 458 10 31
428 459 10 32
428 460 10 33
428 461 10 34
428 462 10 35
428 463 10 36
428 464 10 37
428 465 10 38
428 466 10 39
428 467 10 40
428 468 10 11
428 469 10 12
428 470 10 13
428 471 10 14
428 472 10 15
428 473 10 16
428 474 10 17
428 475 10 18
428 476 10 19
428 477 10 20
428 478 10 21
429 439 10 12
429 440 10 13
429 441 10 14
429 442 10 15
429 443 10 16
429 444 10 17
429 445 10 18
429 446 10 19
429 447 10 20
429 448 10 21
429 449 10 22
429 450 10 23
429 451 10 24
429 452 10 25
429 453 10 26
429 454 10 27
429 455 10 28
429 456 10 29
429 457 10 30
429 458 10 31
429 459 10 32
429 460 10 33
429 461 10 34
429 462 10 35
429 463 10 36
429 464 10 37
429 465 10 38
429 466 10 39
429 467 10 40
429 468 10 11
429 469 10 12
429 470 10 13
429 471 10 14
429 472 10 15
429 473 10 16
429 474 10 17
429 475 10 18
429 476 10 19
429 477 10 20
429 478 10 21
430 439 10 12
430 440 10 13
430 441 10 14
430 442 10 15
430 443 10 16
430 444 10 17
430 445 10 18
430 446 10 19
430 447 10 20
430 448 10 21
430 449 10 22
430 450 10 23
430 451 10 24
430 452 10 25
430 453 10 26
430 454 10 27
430 455 10 28
430 456 10 29
430 457 10 30
430 458 10 31
430 459 10 32
430 460 10 33
430 461 10 34
430 462 10 35
430 463 10 36
430 464 10 37
430 465 10 38
430 466 10 39
430 467 10 40
430 468 10 11
430 469 10 12
430 470 10 13
430 471 10 14
430 472 10 15
430 473 10 16
430 474 10 17
430 475 10 18
430 476 10 19
430 477 10 20
430 478 10 21
431 439 10 12
431 440 10 13
431 441 10 14
431 442 10 15
431 443 10 16
431 444 10 17
431 445 10 18
431 446 10 19
431 447 10 20
431 448 10 21
431 449 10 22
431 450 10 23
431 451 10 24
431 452 10 25
431 453 10 26
431 454 10 27
431 455 10 28
431 456 10 29
431 457 10 30
431 458 10 31
431 459 10 32
431 460 10 33
431 461 10 34
431 462 10 35
431 463 10 36
431 464 10 37
431 465 10 38
431 466 10 39
431 467 10 40
431 468 10 11
431 469 10 12
431 470 10 13
431 471 10 14
431 472 10 15
431 473 10 16
431 474 10 17
431 475 10 18
431 476 10 19
431 477 10 20
431 478 10 21
432 439 10 12
432 440 10 13
432 441 10 14
432 442 10 15
432 443 10 16
432 444 10 17
432 445 10 18
432 446 10 19
432 447 10 20
432 448 10 21
432 449 10 22
432 450 10 23
432 451 10 24
432 452 10 25
432 453 10 26
432 454 10 27
432 455 10 28
432 456 10 29
432 457 10 30
432 458 10 31
432 459 10 32
432 460 10 33
432 461 10 34
432 462 10 35
432 463 10 36
432 464 10 37
432 465 10 38
432 466 10 39
432 467 10 40
432 468 10 11
432 469 10 12
432 470 10 13
432 471 10 14
432 472 10 15
432 473 10 16
432 474 10 17
432 475 10 18
432 476 10 19
432 477 10 20
432 478 10 21
433 439 10 12
433 440 10 13
433 441 10 14
433 442 10 15
433 443 10 16
433 444 10 17
433 445 10 18
433 446 10 19
433 447 10 20
433 448 10 21
433 449 10 22
433 450 10 23
433 451 10 24
433 452 10 25
433 453 10 26
433 454 10 27
433 455 10 28
433 456 10 29
433 457 10 30
433 458 10 31
433 459 10 32
433 460 10 33
433 461 10 34
433 462 10 35
433 463 10 36
433 464 10 37
433 465 10 38
433 466 10 39
433 467 10 40
433 468 10 11
433 469 10 12
433 470 10 13
433 471 10 14
433 472 10 15
433 473 10 16
433 474 10 17
433 475 10 18
433 476 10 19
433 477 10 20
433 478 10 21
434 439 10 12
434 440 10 13
434 441 10 14
434 442 10 15
434 443 10 16
434 444 10 17
434 445 10 18
434 446 10 19
434 447 10 20
434 448 10 21
434 449 10 22
434 450 10 23
434 451 10 24
434 452 10 25
434 453 10 26
434 454 10 27
434 455 10 28
434 456 10 29
434 457 10 30
434 458 10 31
434 459 10 32
434 460 10 33
434 461 10 34
434 462 10 35
434 463 10 36
434 464 10 37
434 465 10 38
434 466 10 39
434 467 10 40
434 468 10 11
434 469 10 12
434 470 10 13
434 471 10 14
434 472 10 15
434 473 10 16
434 474 10 17
434 475 10 18
434 476 10 19
434 477 10 20
434 478 10 21
435 439 10 12
435 440 10 13
435 441 10 14
435 442 10 15
435 443 10 16
435 444 10 17
435 445 10 18
435 446 10 19
435 447 10 20
435 448 10 21
435 449 10 22
435 450 10 23
435 451 10 24
435 452 10 25
435 453 10 26
435 454 10 27
435 455 10 28
435 456 10 29
435 457 10 30
435 458 10 31
435 459 10 32
435 460 10 33
435 461 10 34
435 462 10 35
435 463 10 36
435 464 10 37
435 465 10 38
435 466 10 39
435 467 10 40
435 468 10 11
435 469 10 12
435 470 10 13
435 471 10 14
435 472 10 15
435 473 10 16
435 474 10 17
435 475 10 18
435 476 10 19
435 477 10 20
435 478 10 21
436 439 10 12
436 440 10 13
436 441 10 14
436 442 10 15
436 443 10 16
436 444 10 17
436 445 10 18
436 446 10 19
436 447 10 20
436 448 10 21
436 449 10 22
436 450 10 23
436 451 10 24
436 452 10 25
436 453 10 26
436 454 10 27
436 455 10 28
436 456 10 29
436 457 10 30
436 458 10 31
436 459 10 32
436 460 10 33
436 461 10 34
436 462 10 35
436 463 10 36
436 464 10 37
436 465 10 38
436 466 10 39
436 467 10 40
436 468 10 11
436 469 10 12
436 470 10 13
436 471 10 14
436 472 10 15
436 473 10 16
436 474 10 17
436 475 10 18
436 476 10 19
436 477 10 20
436 478 10 21
437 439 10 12
437 440 10 13
437 441 10 14
437 442 10 15
437 443 10 16
437 444 10 17
437 445 10 18
437 446 10 19
437 447 10 20
437 448 10 21
437 449 10 22
437 450 10 23
437 451 10 24
437 452 10 25
437 453 10 26
437 454 10 27
437 455 10 28
437 456 10 29
437 457 10 30
437 458 10 31
437 459 10 32
437 460 10 33
437 461 10 34
437 462 10 35
437 463 10 36
437 464 10 37
437 465 10 38
437 466 10 39
437 467 10 40
437 468 10 11
437 469 10 12
437 470 10 13
437 471 10 14
437 472 10 15
437 473 10 16
437 474 10 17
437 475 10 18
437 476 10 19
437 477 10 20
437 478 10 21
438 439 10 12
438 440 10 13
438 441 10 14
438 442 10 15
438 443 10 16
438 444 10 17
438 445 10 18
438 446 10 19
438 447 10 20
438 448 10 21
438 449 10 22
438 450 10 23
438 451 10 24
438 452 10 25
438 453 10 26
438 454 10 27
438 455 10 28
438 456 10 29
438 457 10 30
438 458 10 31
438 459 10 32
438 460 10 33
438 461 10 34
438 462 10 35
438 463 10 36
438 464 10 37
438 465 10 38
438 466 10 39
438 467 10 40
438 468 10 11
438 469 10 12
438 470 10 13
438 471 10 14
438 472 10 15
438 473 10 16
438 474 10 17
438 475 10 18
438 476 10 19
438 477 10 20
438 478 10 21
439 479 10 13
439 480 10 14
439 481 10 15
439 482 10 16
439 483 10 17
439 484 10 18
439 485 10 19
439 486 10 20
439 487 10 21
439 488 10 22
439 489 10 23
439 490 10 24
439 491 10 25
439 492 10 26
439 493 10 27
439 494 10 28
439 495 10 29
439 496 10 30
439 497 10 31
439 498 10 32
439 499 10 33
439 500 10 34
439 501 10 35
439 502 10 36
439 503 10 37
439 504 10 38
439 505 10 39
439 506 10 40
439 507 10 41
439 508 10 12
439 509 10 13
439 510 10 14
439 511 10 15
439 512 10 16
439 513 10 17
439 514 10 18
439 515 10 19
439 516 10 20
439 517 10 21
439 518 10 22
440 479 10 13
440 480 10 14
440 481 10 15
440 482 10 16
440 483 10 17
440 484 10 18
440 485 10 19
440 486 10 20
440 487 10 21
440 488 10 22
440 489 10 23
440 490 10 24
440 491 10 25
440 492 10 26
440 493 10 27
440 494 10 28
440 495 10 29
440 496 10 30
440 497 10 31
440 498 10 32
440 499 10 33
440 500 10 34
440 501 10 35
440 502 10 36
440 503 10 37
440 504 10 38
440 505 10 39
440 506 10 40
440 507 10 41
440 508 10 12
440 509 10 13
440 510 10 14
440 511 10 15
440 512 10 16
440 513 10 17
440 514 10 18
440 515 10 19
440 516 10 20
440 517 10 21
440 518 10 22
441 479 10 13
441 480 10 14
441 481 10 15
441 482 10 16
441 483 10 17
441 484 10 18
441 485 10 19
441 486 10 20
441 487 10 21
441 488 10 22
441 489 10 23
441 490 10 24
441 491 10 25
441 492 10 26
441 493 10 27
441 494 10 28
441 495 10 29
441 496 10 30
441 497 10 31
441 498 10 32
441 499 10 33
441 500 10 34
441 501 10 35
441 502 10 36
441 503 10 37
441 504 10 38
441 505 10 39
441 506 10 40
441 507 10 41
441 508 10 12
441 509 10 13
441 510 10 14
441 511 10 15
441 512 10 16
441 513 10 17
441 514 10 18
441 515 10 19
441 516 10 20
441 517 10 21
441 518 10 22
442 479 10 13
442 480 10 14
442 481 10 15
442 482 10 16
442 483 10 17
442 484 10 18
442 485 10 19
442 486 10 20
442 487 10 21
442 488 10 22
442 489 10 23
442 490 10 24
442 491 10 25
442 492 10 26
442 493 10 27
442 494 10 28
442 495 10 29
442 496 10 30
442 497 10 31
442 498 10 32
442 499 10 33
442 500 10 34
442 501 10 35
442 502 10 36
442 503 10 37
442 504 10 38
442 505 10 39
442 506 10 40
442 507 10 41
442 508 10 12
442 509 10 13
442 510 10 14
442 511 10 15
442 512 10 16
442 513 10 17
442 514 10 18
442 515 10 19
442 516 10 20
442 517 10 21
442 518 10 22
443 479 10 13
443 480 10 14
443 481 10 15
443 482 10 16
443 483 10 17
443 484 10 18
443 485 10 19
443 486 10 20
443 487 10 21
443 488 10 22
443 489 10 23
443 490 10 24
443 491 10 25
443 492 10 26
443 493 10 27
443 494 10 28
443 495 10 29
443 496 10 30
443 497 10 31
443 498 10 32
443 499 10 33
443 500 10 34
443 501 10 35
443 502 10 36
443 503 10 37
443 504 10 38
443 505 10 39
443 506 10 40
443 507 10 41
443 508 10 12
443 509 10 13
443 510 10 14
443 511 10 15
443 512 10 16
443 513 10 17
443 514 10 18
443 515 10 19
443 516 10 20
443 517 10 21
443 518 10 22
444 479 10 13
444 480 10 14
444 481 10 15
444 482 10 16
444 483 10 17
444 484 10 18
444 485 10 19
444 486 10 20
444 487 10 21
444 488 10 22
444 489 10 23
444 490 10 24
444 491 10 25
444 492 10 26
444 493 10 27
444 494 10 28
444 495 10 29
444 496 10 30
444 497 10 31
444 498 10 32
444 499 10 33
444 500 10 34
444 501 10 35
444 502 10 36
444 503 10 37
444 504 10 38
444 505 10 39
444 506 10 40
444 507 10 41
444 508 10 12
444 509 10 13
444 510 10 14
444 511 10 15
444 512 10 16
444 513 10 17
444 514 10 18
444 515 10 19
444 516 10 20
444 517 10 21
444 518 10 22
445 479 10 13
445 480 10 14
445 481 10 15
445 482 10 16
445 483 10 17
445 484 10 18
445 485 10 19
445 486 10 20
445 487 10 21
445 488 10 22
445 489 10 23
445 490 10 24
445 491 10 25
445 492 10 26
445 493 10 27
445 494 10 28
445 495 10 29
445 496 10 30
445 497 10 31
445 498 10 32
445 499 10 33
445 500 10 34
445 501 10 35
445 502 10 36
445 503 10 37
445 504 10 38
445 505 10 39
445 506 10 40
445 507 10 41
445 508 10 12
445 509 10 13
445 510 10 14
445 511 10 15
445 512 10 16
445 513 10 17
445 514 10 18
445 515 10 19
445 516 10 20
445 517 10 21
445 518 10 22
446 479 10 13
446 480 10 14
446 481 10 15
446 482 10 16
446 483 10 17
446 484 10 18
446 485 10 19
446 486 10 20
446 487 10 21
446 488 10 22
446 489 10 23
446 490 10 24
446 491 10 25
446 492 10 26
446 493 10 27
446 494 10 28
446 495 10 29
446 496 10 30
446 497 10 31
446 498 10 32
446 499 10 33
446 500 10 34
446 501 10 35
446 502 10 36
446 503 10 37
446 504 10 38
446 505 10 39
446 506 10 40
446 507 10 41
446 508 10 12
446 509 10 13
446 510 10 14
446 511 10 15
446 512 10 16
446 513 10 17
446 514 10 18
446 515 10 19
446 516 10 20
446 517 10 21
446 518 10 22
447 479 10 13
447 480 10 14
447 481 10 15
447 482 10 16
447 483 10 17
447 484 10 18
447 485 10 19
447 486 10 20
447 487 10 21
447 488 10 22
447 489 10 23
447 490 10 24
447 491 10 25
447 492 10 26
447 493 10 27
447 494 10 28
447 495 10 29
447 496 10 30
447 497 10 31
447 498 10 32
447 499 10 33
447 500 10 34
447 501 10 35
447 502 10 36
447 503 10 37
447 504 10 38
447 505 10 39
447 506 10 40
447 507 10 41
447 508 10 12
447 509 10 13
447 510 10 14
447 511 10 15
447 512 10 16
447 513 10 17
447 514 10 18
447 515 10 19
447 516 10 20
447 517 10 21
447 518 10 22
448 479 10 13
448 480 10 14
448 481 10 15
448 482 10 16
448 483 10 17
448 484 10 18
448 485 10 19
448 486 10 20
448 487 10 21
448 488 10 22
448 489 10 23
448 490 10 24
448 491 10 25
448 492 10 26
448 493 10 27
448 494 10 28
448 495 10 29
448 496 10 30
448 497 10 31
448 498 10 32
448 499 10 33
448 500 10 34
448 501 10 35
448 502 10 36
448 503 10 37
448 504 10 38
448 505 10 39
448 506 10 40
448 507 10 41
448 508 10 12
448 509 10 13
448 510 10 14
448 511 10 15
448 512 10 16
448 513 10 17
448 514 10 18
448 515 10 19
448 516 10 20
448 517 10 21
448 518 10 22
449 479 10 13
449 480 10 14
449 481 10 15
449 482 10 16
449 483 10 17
449 484 10 18
449 485 10 19
449 486 10 20
449 487 10 21
449 488 10 22
449 489 10 23
449 490 10 24
449 491 10 25
449 492 10 26
449 493 10 27
449 494 10 28
449 495 10 29
449 496 10 30
449 497 10 31
449 498 10 32
449 499 10 33
449 500 10 34
449 501 10 35
449 502 10 36
449 503 10 37
449 504 10 38
449 505 10 39
449 506 10 40
449 507 10 41
449 508 10 12
449 509 10 13
449 510 10 14
449 511 10 15
449 512 10 16
449 513 10 17
449 514 10 18
449 515 10 19
449 516 10 20
449 517 10 21
449 518 10 22
450 479 10 13
450 480 10 14
450 481 10 15
450 482 10 16
450 483 10 17
450 484 10 18
450 485 10 19
450 486 10 20
450 487 10 21
450 488 10 22
450 489 10 23
450 490 10 24
450 491 10 25
450 492 10 26
450 493 10 27
450 494 10 28
450 495 10 29
450 496 10 30
450 497 10 31
450 498 10 32
450 499 10 33
450 500 10 34
450 501 10 35
450 502 10 36
450 503 10 37
450 504 10 38
450 505 10 39
450 506 10 40
450 507 10 41
450 508 10 12
450 509 10 13
450 510 10 14
450 511 10 15
450 512 10 16
450 513 10 17
450 514 10 18
450 515 10 19
450 516 10 20
450 517 10 21
450 518 10 22
451 479 10 13
451 480 10 14
451 481 10 15
451 482 10 16
451 483 10 17
451 484 10 18
451 485 10 19
451 486 10 20
451 487 10 21
451 488 10 22
451 489 10 23
451 490 10 24
451 491 10 25
451 492 10 26
451 493 10 27
451 494 10 28
451 495 10 29
451 496 10 30
451 497 10 31
451 498 10 32
451 499 10 33
451 500 10 34
451 501 10 35
451 502 10 36
451 503 10 37
451 504 10 38
451 505 10 39
451 506 10 40
451 507 10 41
451 508 10 12
451 509 10 13
451 510 10 14
451 511 10 15
451 512 10 16
451 513 10 17
451 514 10 18
451 515 10 19
451 516 10 20
451 517 10 21
451 518 10 22
452 479 10 13
452 480 10 14
452 481 10 15
452 482 10 16
452 483 10 17
452 484 10 18
452 485 10 19
452 486 10 20
452 487 10 21
452 488 10 22
452 489 10 23
452 490 10 24
452 491 10 25
452 492 10 26
452 493 10 27
452 494 10 28
452 495 10 29
452 496 10 30
452 497 10 31
452 498 10 32
452 499 10 33
452 500 10 34
452 501 10 35
452 502 10 36
452 503 10 37
452 504 10 38
452 505 10 39
452 506 10 40
452 507 10 41
452 508 10 12
452 509 10 13
452 510 10 14
452 511 10 15
452 512 10 16
452 513 10 17
452 514 10 18
452 515 10 19
452 516 10 20
452 517 10 21
452 518 10 22
453 479 10 13
453 480 10 14
453 481 10 15
453 482 10 16
453 483 10 17
453 484 10 18
453 485 10 19
453 486 10 20
453 487 10 21
453 488 10 22
453 489 10 23
453 490 10 24
453 491 10 25
453 492 10 26
453 493 10 27
453 494 10 28
453 495 10 29
453 496 10 30
453 497 10 31
453 498 10 32
453 499 10 33
453 500 10 34
453 501 10 35
453 502 10 36
453 503 10 37
453 504 10 38
453 505 10 39
453 506 10 40
453 507 10 41
453 508 10 12
453 509 10 13
453 510 10 14
453 511 10 15
453 512 10 16
453 513 10 17
453 514 10 18
453 515 10 19
453 516 10 20
453 517 10 21
453 518 10 22
454 479 10 13
454 480 10 14
454 481 10 15
454 482 10 16
454 483 10 17
454 484 10 18
454 485 10 19
454 486 10 20
454 487 10 21
454 488 10 22
454 489 10 23
454 490 10 24
454 491 10 25
454 492 10 26
454 493 10 27
454 494 10 28
454 495 10 29
454 496 10 30
454 497 10 31
454 498 10 32
454 499 10 33
454 500 10 34
454 501 10 35
454 502 10 36
454 503 10 37
454 504 10 38
454 505 10 39
454 506 10 40
454 507 10 41
454 508 10 12
454 509 10 13
454 510 10 14
454 511 10 15
454 512 10 16
454 513 10 17
454 514 10 18
454 515 10 19
454 516 10 20
454 517 10 21
454 518 10 22
455 479 10 13
455 480 10 14
455 481 10 15
455 482 10 16
455 483 10 17
455 484 10 18
455 485 10 19
455 486 10 20
455 487 10 21
455 488 10 22
455 489 10 23
455 490 10 24
455 491 10 25
455 492 10 26
455 493 10 27
455 494 10 28
455 495 10 29
455 496 10 30
455 497 10 31
455 498 10 32
455 499 10 33
455 500 10 34
455 501 10 35
455 502 10 36
455 503 10 37
455 504 10 38
455 505 10 39
455 506 10 40
455 507 10 41
455 508 10 12
455 509 10 13
455 510 10 14
455 511 10 15
455 512 10 16
455 513 10 17
455 514 10 18
455 515 10 19
455 516 10 20
455 517 10 21
455 518 10 22
456 479 10 13
456 480 10 14
456 481 10 15
456 482 10 16
456 483 10 17
456 484 10 18
456 485 10 19
456 486 10 20
456 487 10 21
456 488 10 22
456 489 10 23
456 490 10 24
456 491 10 25
456 492 10 26
456 493 10 27
456 494 10 28
456 495 10 29
456 496 10 30
456 497 10 31
456 498 10 32
456 499 10 33
456 500 10 34
456 501 10 35
456 502 10 36
456 503 10 37
456 504 10 38
456 505 10 39
456 506 10 40
456 507 10 41
456 508 10 12
456 509 10 13
456 510 10 14
456 511 10 15
456 512 10 16
456 513 10 17
456 514 10 18
456 515 10 19
456 516 10 20
456 517 10 21
456 518 10 22
457 479 10 13
457 480 10 14
457 481 10 15
457 482 10 16
457 483 10 17
457 484 10 18
457 485 10 19
457 486 10 20
457 487 10 21
457 488 10 22
457 489 10 23
457 490 10 24
457 491 10 25
457 492 10 26
457 493 10 27
457 494 10 28
457 495 10 29
457 496 10 30
457 497 10 31
457 498 10 32
457 499 10 33
457 500 10 34
457 501 10 35
457 502 10 36
457 503 10 37
457 504 10 38
457 505 10 39
457 506 10 40
457 507 10 41
457 508 10 12
457 509 10 13
457 510 10 14
457 511 10 15
457 512 10 16
457 513 10 17
457 514 10 18
457 515 10 19
457 516 10 20
457 517 10 21
457 518 10 22
458 479 10 13
458 480 10 14
458 481 10 15
458 482 10 16
458 483 10 17
458 484 10 18
458 485 10 19
458 486 10 20
458 487 10 21
458 488 10 22
458 489 10 23
458 490 10 24
458 491 10 25
458 492 10 26
458 493 10 27
458 494 10 28
458 495 10 29
458 496 10 30
458 497 10 31
458 498 10 32
458 499 10 33
458 500 10 34
458 501 10 35
458 502 10 36
458 503 10 37
458 504 10 38
458 505 10 39
458 506 10 40
458 507 10 41
458 508 10 12
458 509 10 13
458 510 10 14
458 511 10 15
458 512 10 16
458 513 10 17
458 514 10 18
458 515 10 19
458 516 10 20
458 517 10 21
458 518 10 22
459 479 10 13
459 480 10 14
459 481 10 15
459 482 10 16
459 483 10 17
459 484 10 18
459 485 10 19
459 486 10 20
459 487 10 21
459 488 10 22
459 489 10 23
459 490 10 24
459 491 10 25
459 492 10 26
459 493 10 27
459 494 10 28
459 495 10 29
459 496 10 30
459 497 10 31
459 498 10 32
459 499 10 33
459 500 10 34
459 501 10 35
459 502 10 36
459 503 10 37
459 504 10 38
459 505 10 39
459 506 10 40
459 507 10 41
459 508 10 12
459 509 10 13
459 510 10 14
459 511 10 15
459 512 10 16
459 513 10 17
459 514 10 18
459 515 10 19
459 516 10 20
459 517 10 21
459 518 10 22
460 479 10 13
460 480 10 14
460 481 10 15
460 482 10 16
460 483 10 17
460 484 10 18
460 485 10 19
460 486 10 20
460 487 10 21
460 488 10 22
460 489 10 23
460 490 10 24
460 491 10 25
460 492 10 26
460 493 10 27
460 494 10 28
460 495 10 29
460 496 10 30
460 497 10 31
460 498 10 32
460 499 10 33
460 500 10 34
460 501 10 35
460 502 10 36
460 503 10 37
460 504 10 38
460 505 10 39
460 506 10 40
460 507 10 41
460 508 10 12
460 509 10 13
460 510 10 14
460 511 10 15
460 512 10 16
460 513 10 17
460 514 10 18
460 515 10 19
460 516 10 20
460 517 10 21
460 518 10 22
461 479 10 13
461 480 10 14
461 481 10 15
461 482 10 16
461 483 10 17
461 484 10 18
461 485 10 19
461 486 10 20
461 487 10 21
461 488 10 22
461 489 10 23
461 490 10 24
461 491 10 25
461 492 10 26
461 493 10 27
461 494 10 28
461 495 10 29
461 496 10 30
461 497 10 31
461 498 10 32
461 499 10 33
461 500 10 34
461 501 10 35
461 502 10 36
461 503 10 37
461 504 10 38
461 505 10 39
461 506 10 40
461 507 10 41
461 508 10 12
461 509 10 13
461 510 10 14
461 511 10 15
461 512 10 16
461 513 10 17
461 514 10 18
461 515 10 19
461 516 10 20
461 517 10 21
461 518 10 22
462 479 10 13
462 480 10 14
462 481 10 15
462 482 10 16
462 483 10 17
462 484 10 18
462 485 10 19
462 486 10 20
462 487 10 21
462 488 10 22
462 489 10 23
462 490 10 24
462 491 10 25
462 492 10 26
462 493 10 27
462 494 10 28
462 495 10 29
462 496 10 30
462 497 10 31
462 498 10 32
462 499 10 33
462 500 10 34
462 501 10 35
462 502 10 36
462 503 10 37
462 504 10 38
462 505 10 39
462 506 10 40
462 507 10 41
462 508 10 12
462 509 10 13
462 510 10 14
462 511 10 15
462 512 10 16
462 513 10 17
462 514 10 18
462 515 10 19
462 516 10 20
462 517 10 21
462 518 10 22
463 479 10 13
463 480 10 14
463 481 10 15
463 482 10 16
463 483 10 17
463 484 10 18
463 485 10 19
463 486 10 20
463 487 10 21
463 488 10 22
463 489 10 23
463 490 10 24
463 491 10 25
463 492 10 26
463 493 10 27
463 494 10 28
463 495 10 29
463 496 10 30
463 497 10 31
463 498 10 32
463 499 10 33
463 500 10 34
463 501 10 35
463 502 10 36
463 503 10 37
463 504 10 38
463 505 10 39
463 506 10 40
463 507 10 41
463 508 10 12
463 509 10 13
463 510 10 14
463 511 10 15
463 512 10 16
463 513 10 17
463 514 10 18
463 515 10 19
463 516 10 20
463 517 10 21
463 518 10 22
464 479 10 13
464 480 10 14
464 481 10 15
464 482 10 16
464 483 10 17
464 484 10 18
464 485 10 19
464 486 10 20
464 487 10 21
464 488 10 22
464 489 10 23
464 490 10 24
464 491 10 25
464 492 10 26
464 493 10 27
464 494 10 28
464 495 10 29
464 496 10 30
464 497 10 31
464 498 10 32
464 499 10 33
464 500 10 34
464 501 10 35
464 502 10 36
464 503 10 37
464 504 10 38
464 505 10 39
464 506 10 40
464 507 10 41
464 508 10 12
464 509 10 13
464 510 10 14
464 511 10 15
464 512 10 16
464 513 10 17
464 514 10 18
464 515 10 19
464 516 10 20
464 517 10 21
464 518 10 22
465 479 10 13
465 480 10 14
465 481 10 15
465 482 10 16
465 483 10 17
465 484 10 18
465 485 10 19
465 486 10 20
465 487 10 21
465 488 10 22
465 489 10 23
465 490 10 24
465 491 10 25
465 492 10 26
465 493 10 27
465 494 10 28
465 495 10 29
465 496 10 30
465 497 10 31
465 498 10 32
465 499 10 33
465 500 10 34
465 501 10 35
465 502 10 36
465 503 10 37
465 504 10 38
465 505 10 39
465 506 10 40
465 507 10 41
465 508 10 12
465 509 10 13
465 510 10 14
465 511 10 15
465 512 10 16
465 513 10 17
465 514 10 18
465 515 10 19
465 516 10 20
465 517 10 21
465 518 10 22
466 479 10 13
466 480 10 14
466 481 10 15
466 482 10 16
466 483 10 17
466 484 10 18
466 485 10 19
466 486 10 20
466 487 10 21
466 488 10 22
466 489 10 23
466 490 10 24
466 491 10 25
466 492 10 26
466 493 10 27
466 494 10 28
466 495 10 29
466 496 10 30
466 497 10 31
466 498 10 32
466 499 10 33
466 500 10 34
466 501 10 35
466 502 10 36
466 503 10 37
466 504 10 38
466 505 10 39
466 506 10 40
466 507 10 41
466 508 10 12
466 509 10 13
466 510 10 14
466 511 10 15
466 512 10 16
466 513 10 17
466 514 10 18
466 515 10 19
466 516 10 20
466 517 10 21
466 518 10 22
467 479 10 13
467 480 10 14
467 481 10 15
467 482 10 16
467 483 10 17
467 484 10 18
467 485 10 19
467 486 10 20
467 487 10 21
467 488 10 22
467 489 10 23
467 490 10 24
467 491 10 25
467 492 10 26
467 493 10 27
467 494 10 28
467 495 10 29
467 496 10 30
467 497 10 31
467 498 10 32
467 499 10 33
467 500 10 34
467 501 10 35
467 502 10 36
467 503 10 37
467 504 10 38
467 505 10 39
467 506 10 40
467 507 10 41
467 508 10 12
467 509 10 13
467 510 10 14
467 511 10 15
467 512 10 16
467 513 10 17
467 514 10 18
467 515 10 19
467 516 10 20
467 517 10 21
467 518 10 22
468 479 10 13
468 480 10 14
468 481 10 15
468 482 10 16
468 483 10 17
468 484 10 18
468 485 10 19
468 486 10 20
468 487 10 21
468 488 10 22
468 489 10 23
468 490 10 24
468 491 10 25
468 492 10 26
468 493 10 27
468 494 10 28
468 495 10 29
468 496 10 30
468 497 10 31
468 498 10 32
468 499 10 33
468 500 10 34
468 501 10 35
468 502 10 36
468 503 10 37
468 504 10 38
468 505 10 39
468 506 10 40
468 507 10 41
468 508 10 12
468 509 10 13
468 510 10 14
468 511 10 15
468 512 10 16
468 513 10 17
468 514 10 18
468 515 10 19
468 516 10 20
468 517 10 21
468 518 10 22
469 479 10 13
469 480 10 14
469 481 10 15
469 482 10 16
469 483 10 17
469 484 10 18
469 485 10 19
469 486 10 20
469 487 10 21
469 488 10 22
469 489 10 23
469 490 10 24
469 491 10 25
469 492 10 26
469 493 10 27
469 494 10 28
469 495 10 29
469 496 10 30
469 497 10 31
469 498 10 32
469 499 10 33
469 500 10 34
469 501 10 35
469 502 10 36
469 503 10 37
469 504 10 38
469 505 10 39
469 506 10 40
469 507 10 41
469 508 10 12
469 509 10 13
469 510 10 14
469 511 10 15
469 512 10 16
469 513 10 17
469 514 10 18
469 515 10 19
469 516 10 20
469 517 10 21
469 518 10 22
470 479 10 13
470 480 10 14
470 481 10 15
470 482 10 16
470 483 10 17
470 484 10 18
470 485 10 19
470 486 10 20
470 487 10 21
470 488 10 22
470 489 10 23
470 490 10 24
470 491 10 25
470 492 10 26
470 493 10 27
470 494 10 28
470 495 10 29
470 496 10 30
470 497 10 31
470 498 10 32
470 499 10 33
470 500 10 34
470 501 10 35
470 502 10 36
470 503 10 37
470 504 10 38
470 505 10 39
470 506 10 40
470 507 10 41
470 508 10 12
470 509 10 13
470 510 10 14
470 511 10 15
470 512 10 16
470 513 10 17
470 514 10 18
470 515 10 19
470 516 10 20
470 517 10 21
470 518 10 22
471 479 10 13
471 480 10 14
471 481 10 15
471 482 10 16
471 483 10 17
471 484 10 18
471 485 10 19
471 486 10 20
471 487 10 21
471 488 10 22
471 489 10 23
471 490 10 24
471 491 10 25
471 492 10 26
471 493 10 27
471 494 10 28
471 495 10 29
471 496 10 30
471 497 10 31
471 498 10 32
471 499 10 33
471 500 10 34
471 501 10 35
471 502 10 36
471 503 10 37
471 504 10 38
471 505 10 39
471 506 10 40
471 507 10 41
471 508 10 12
471 509 10 13
471 510 10 14
471 511 10 15
471 512 10 16
471 513 10 17
471 514 10 18
471 515 10 19
471 516 10 20
471 517 10 21
471 518 10 22
472 479 10 13
472 480 10 14
472 481 10 15
472 482 10 16
472 483 10 17
472 484 10 18
472 485 10 19
472 486 10 20
472 487 10 21
472 488 10 22
472 489 10 23
472 490 10 24
472 491 10 25
472 492 10 26
472 493 10 27
472 494 10 28
472 495 10 29
472 496 10 30
472 497 10 31
472 498 10 32
472 499 10 33
472 500 10 34
472 501 10 35
472 502 10 36
472 503 10 37
472 504 10 38
472 505 10 39
472 506 10 40
472 507 10 41
472 508 10 12
472 509 10 13
472 510 10 14
472 511 10 15
472 512 10 16
472 513 10 17
472 514 10 18
472 515 10 19
472 516 10 20
472 517 10 21
472 518 10 22
473 479 10 13
473 480 10 14
473 481 10 15
473 482 10 16
473 483 10 17
473 484 10 18
473 485 10 19
473 486 10 20
473 487 10 21
473 488 10 22
473 489 10 23
473 490 10 24
473 491 10 25
473 492 10 26
473 493 10 27
473 494 10 28
473 495 10 29
473 496 10 30
473 497 10 31
473 498 10 32
473 499 10 33
473 500 10 34
473 501 10 35
473 502 10 36
473 503 10 37
473 504 10 38
473 505 10 39
473 506 10 40
473 507 10 41
473 508 10 12
473 509 10 13
473 510 10 14
473 511 10 15
473 512 10 16
473 513 10 17
473 514 10 18
473 515 10 19
473 516 10 20
473 517 10 21
473 518 10 22
474 479 10 13
474 480 10 14
474 481 10 15
474 482 10 16
474 483 10 17
474 484 10 18
474 485 10 19
474 486 10 20
474 487 10 21
474 488 10 22
474 489 10 23
474 490 10 24
474 491 10 25
474 492 10 26
474 493 10 27
474 494 10 28
474 495 10 29
474 496 10 30
474 497 10 31
474 498 10 32
474 499 10 33
474 500 10 34
474 501 10 35
474 502 10 36
474 503 10 37
474 504 10 38
474 505 10 39
474 506 10 40
474 507 10 41
474 508 10 12
474 509 10 13
474 510 10 14
474 511 10 15
474 512 10 16
474 513 10 17
474 514 10 18
474 515 10 19
474 516 10 20
474 517 10 21
474 518 10 22
475 479 10 13
475 480 10 14
475 481 10 15
475 482 10 16
475 483 10 17
475 484 10 18
475 485 10 19
475 486 10 20
475 487 10 21
475 488 10 22
475 489 10 23
475 490 10 24
475 491 10 25
475 492 10 26
475 493 10 27
475 494 10 28
475 495 10 29
475 496 10 30
475 497 10 31
475 498 10 32
475 499 10 33
475 500 10 34
475 501 10 35
475 502 10 36
475 503 10 37
475 504 10 38
475 505 10 39
475 506 10 40
475 507 10 41
475 508 10 12
475 509 10 13
475 510 10 14
475 511 10 15
475 512 10 16
475 513 10 17
475 514 10 18
475 515 10 19
475 516 10 20
475 517 10 21
475 518 10 22
476 479 10 13
476 480 10 14
476 481 10 15
476 482 10 16
476 483 10 17
476 484 10 18
476 485 10 19
476 486 10 20
476 487 10 21
476 488 10 22
476 489 10 23
476 490 10 24
476 491 10 25
476 492 10 26
476 493 10 27
476 494 10 28
476 495 10 29
476 496 10 30
476 497 10 31
476 498 10 32
476 499 10 33
476 500 10 34
476 501 10 35
476 502 10 36
476 503 10 37
476 504 10 38
476 505 10 39
476 506 10 40
476 507 10 41
476 508 10 12
476 509 10 13
476 510 10 14
476 511 10 15
476 512 10 16
476 513 10 17
476 514 10 18
476 515 10 19
476 516 10 20
476 517 10 21
476 518 10 22
477 479 10 13
477 480 10 14
477 481 10 15
477 482 10 16
477 483 10 17
477 484 10 18
477 485 10 19
477 486 10 20
477 487 10 21
477 488 10 22
477 489 10 23
477 490 10 24
477 491 10 25
477 492 10 26
477 493 10 27
477 494 10 28
477 495 10 29
477 496 10 30
477 497 10 31
477 498 10 32
477 499 10 33
477 500 10 34
477 501 10 35
477 502 10 36
477 503 10 37
477 504 10 38
477 505 10 39
477 506 10 40
477 507 10 41
477 508 10 12
477 509 10 13
477 510 10 14
477 511 10 15
477 512 10 16
477 513 10 17
477 514 10 18
477 515 10 19
477 516 10 20
477 517 10 21
477 518 10 22
478 479 10 13
478 480 10 14
478 481 10 15
478 482 10 16
478 483 10 17
478 484 10 18
478 485 10 19
478 486 10 20
478 487 10 21
478 488 10 22
478 489 10 23
478 490 10 24
478 491 10 25
478 492 10 26
478 493 10 27
478 494 10 28
478 495 10 29
478 496 10 30
478 497 10 31
478 498 10 32
478 499 10 33
478 500 10 34
478 501 10 35
478 502 10 36
478 503 10 37
478 504 10 38
478 505 10 39
478 506 10 40
478 507 10 41
478 508 10 12
478 509 10 13
478 510 10 14
478 511 10 15
478 512 10 16
478 513 10 17
478 514 10 18
478 515 10 19
478 516 10 20
478 517 10 21
478 518 10 22
479 519 10 14
479 520 10 15
479 521 10 16
479 522 10 17
479 523 10 18
479 524 10 19
479 525 10 20
479 526 10 21
479 527 10 22
479 528 10 23
479 529 10 24
479 530 10 25
479 531 10 26
479 532 10 27
479 533 10 28
479 534 10 29
479 535 10 30
479 536 10 31
479 537 10 32
479 538 10 33
479 539 10 34
479 540 10 35
479 541 10 36
479 542 10 37
479 543 10 38
479 544 10 39
479 545 10 40
479 546 10 41
479 547 10 42
479 548 10 13
479 549 10 14
479 550 10 15
479 551 10 16
479 552 10 17
479 553 10 18
479 554 10 19
479 555 10 20
479 556 10 21
479 557 10 22
479 558 10 23
480 519 10 14
480 520 10 15
480 521 10 16
480 522 10 17
480 523 10 18
480 524 10 19
480 525 10 20
480 526 10 21
480 527 10 22
480 528 10 23
480 529 10 24
480 530 10 25
480 531 10 26
480 532 10 27
480 533 10 28
480 534 10 29
480 535 10 30
480 536 10 31
480 537 10 32
480 538 10 33
480 539 10 34
480 540 10 35
480 541 10 36
480 542 10 37
480 543 10 38
480 544 10 39
480 545 10 40
480 546 10 41
480 547 10 42
480 548 10 13
480 549 10 14
480 550 10 15
480 551 10 16
480 552 10 17
480 553 10 18
480 554 10 19
480 555 10 20
480 556 10 21
480 557 10 22
480 558 10 23
481 519 10 14
481 520 10 15
481 521 10 16
481 522 10 17
481 523 10 18
481 524 10 19
481 525 10 20
481 526 10 21
481 527 10 22
481 528 10 23
481 529 10 24
481 530 10 25
481 531 10 26
481 532 10 27
481 533 10 28
481 534 10 29
481 535 10 30
481 536 10 31
481 537 10 32
481 538 10 33
481 539 10 34
481 540 10 35
481 541 10 36
481 542 10 37
481 543 10 38
481 544 10 39
481 545 10 40
481 546 10 41
481 547 10 42
481 548 10 13
481 549 10 14
481 550 10 15
481 551 10 16
481 552 10 17
481 553 10 18
481 554 10 19
481 555 10 20
481 556 10 21
481 557 10 22
481 558 10 23
482 519 10 14
482 520 10 15
482 521 10 16
482 522 10 17
482 523 10 18
482 524 10 19
482 525 10 20
482 526 10 21
482 527 10 22
482 528 10 23
482 529 10 24
482 530 10 25
482 531 10 26
482 532 10 27
482 533 10 28
482 534 10 29
482 535 10 30
482 536 10 31
482 537 10 32
482 538 10 33
482 539 10 34
482 540 10 35
482 541 10 36
482 542 10 37
482 543 10 38
482 544 10 39
482 545 10 40
482 546 10 41
482 547 10 42
482 548 10 13
482 549 10 14
482 550 10 15
482 551 10 16
482 552 10 17
482 553 10 18
482 554 10 19
482 555 10 20
482 556 10 21
482 557 10 22
482 558 10 23
483 519 10 14
483 520 10 15
483 521 10 16
483 522 10 17
483 523 10 18
483 524 10 19
483 525 10 20
483 526 10 21
483 527 10 22
483 528 10 23
483 529 10 24
483 530 10 25
483 531 10 26
483 532 10 27
483 533 10 28
483 534 10 29
483 535 10 30
483 536 10 31
483 537 10 32
483 538 10 33
483 539 10 34
483 540 10 35
483 541 10 36
483 542 10 37
483 543 10 38
483 544 10 39
483 545 10 40
483 546 10 41
483 547 10 42
483 548 10 13
483 549 10 14
483 550 10 15
483 551 10 16
483 552 10 17
483 553 10 18
483 554 10 19
483 555 10 20
483 556 10 21
483 557 10 22
483 558 10 23
484 519 10 14
484 520 10 15
484 521 10 16
484 522 10 17
484 523 10 18
484 524 10 19
484 525 10 20
484 526 10 21
484 527 10 22
484 528 10 23
484 529 10 24
484 530 10 25
484 531 10 26
484 532 10 27
484 533 10 28
484 534 10 29
484 535 10 30
484 536 10 31
484 537 10 32
484 538 10 33
484 539 10 34
484 540 10 35
484 541 10 36
484 542 10 37
484 543 10 38
484 544 10 39
484 545 10 40
484 546 10 41
484 547 10 42
484 548 10 13
484 549 10 14
484 550 10 15
484 551 10 16
484 552 10 17
484 553 10 18
484 554 10 19
484 555 10 20
484 556 10 21
484 557 10 22
484 558 10 23
485 519 10 14
485 520 10 15
485 521 10 16
485 522 10 17
485 523 10 18
485 524 10 19
485 525 10 20
485 526 10 21
485 527 10 22
485 528 10 23
485 529 10 24
485 530 10 25
485 531 10 26
485 532 10 27
485 533 10 28
485 534 10 29
485 535 10 30
485 536 10 31
485 537 10 32
485 538 10 33
485 539 10 34
485 540 10 35
485 541 10 36
485 542 10 37
485 543 10 38
485 544 10 39
485 545 10 40
485 546 10 41
485 547 10 42
485 548 10 13
485 549 10 14
485 550 10 15
485 551 10 16
485 552 10 17
485 553 10 18
485 554 10 19
485 555 10 20
485 556 10 21
485 557 10 22
485 558 10 23
486 519 10 14
486 520 10 15
486 521 10 16
486 522 10 17
486 523 10 18
486 524 10 19
486 525 10 20
486 526 10 21
486 527 10 22
486 528 10 23
486 529 10 24
486 530 10 25
486 531 10 26
486 532 10 27
486 533 10 28
486 534 10 29
486 535 10 30
486 536 10 31
486 537 10 32
486 538 10 33
486 539 10 34
486 540 10 35
486 541 10 36
486 542 10 37
486 543 10 38
486 544 10 39
486 545 10 40
486 546 10 41
486 547 10 42
486 548 10 13
486 549 10 14
486 550 10 15
486 551 10 16
486 552 10 17
486 553 10 18
486 554 10 19
486 555 10 20
486 556 10 21
486 557 10 22
486 558 10 23
487 519 10 14
487 520 10 15
487 521 10 16
487 522 10 17
487 523 10 18
487 524 10 19
487 525 10 20
487 526 10 21
487 527 10 22
487 528 10 23
487 529 10 24
487 530 10 25
487 531 10 26
487 532 10 27
487 533 10 28
487 534 10 29
487 535 10 30
487 536 10 31
487 537 10 32
487 538 10 33
487 539 10 34
487 540 10 35
487 541 10 36
487 542 10 37
487 543 10 38
487 544 10 39
487 545 10 40
487 546 10 41
487 547 10 42
487 548 10 13
487 549 10 14
487 550 10 15
487 551 10 16
487 552 10 17
487 553 10 18
487 554 10 19
487 555 10 20
487 556 10 21
487 557 10 22
487 558 10 23
488 519 10 14
488 520 10 15
488 521 10 16
488 522 10 17
488 523 10 18
488 524 10 19
488 525 10 20
488 526 10 21
488 527 10 22
488 528 10 23
488 529 10 24
488 530 10 25
488 531 10 26
488 532 10 27
488 533 10 28
488 534 10 29
488 535 10 30
488 536 10 31
488 537 10 32
488 538 10 33
488 539 10 34
488 540 10 35
488 541 10 36
488 542 10 37
488 543 10 38
488 544 10 39
488 545 10 40
488 546 10 41
488 547 10 42
488 548 10 13
488 549 10 14
488 550 10 15
488 551 10 16
488 552 10 17
488 553 10 18
488 554 10 19
488 555 10 20
488 556 10 21
488 557 10 22
488 558 10 23
489 519 10 14
489 520 10 15
489 521 10 16
489 522 10 17
489 523 10 18
489 524 10 19
489 525 10 20
489 526 10 21
489 527 10 22
489 528 10 23
489 529 10 24
489 530 10 25
489 531 10 26
489 532 10 27
489 533 10 28
489 534 10 29
489 535 10 30
489 536 10 31
489 537 10 32
489 538 10 33
489 539 10 34
489 540 10 35
489 541 10 36
489 542 10 37
489 543 10 38
489 544 10 39
489 545 10 40
489 546 10 41
489 547 10 42
489 548 10 13
489 549 10 14
489 550 10 15
489 551 10 16
489 552 10 17
489 553 10 18
489 554 10 19
489 555 10 20
489 556 10 21
489 557 10 22
489 558 10 23
490 519 10 14
490 520 10 15
490 521 10 16
490 522 10 17
490 523 10 18
490 524 10 19
490 525 10 20
490 526 10 21
490 527 10 22
490 528 10 23
490 529 10 24
490 530 10 25
490 531 10 26
490 532 10 27
490 533 10 28
490 534 10 29
490 535 10 30
490 536 10 31
490 537 10 32
490 538 10 33
490 539 10 34
490 540 10 35
490 541 10 36
490 542 10 37
490 543 10 38
490 544 10 39
490 545 10 40
490 546 10 41
490 547 10 42
490 548 10 13
490 549 10 14
490 550 10 15
490 551 10 16
490 552 10 17
490 553 10 18
490 554 10 19
490 555 10 20
490 556 10 21
490 557 10 22
490 558 10 23
491 519 10 14
491 520 10 15
491 521 10 16
491 522 10 17
491 523 10 18
491 524 10 19
491 525 10 20
491 526 10 21
491 527 10 22
491 528 10 23
491 529 10 24
491 530 10 25
491 531 10 26
491 532 10 27
491 533 10 28
491 534 10 29
491 535 10 30
491 536 10 31
491 537 10 32
491 538 10 33
491 539 10 34
491 540 10 35
491 541 10 36
491 542 10 37
491 543 10 38
491 544 10 39
491 545 10 40
491 546 10 41
491 547 10 42
491 548 10 13
491 549 10 14
491 550 10 15
491 551 10 16
491 552 10 17
491 553 10 18
491 554 10 19
491 555 10 20
491 556 10 21
491 557 10 22
491 558 10 23
492 519 10 14
492 520 10 15
492 521 10 16
492 522 10 17
492 523 10 18
492 524 10 19
492 525 10 20
492 526 10 21
492 527 10 22
492 528 10 23
492 529 10 24
492 530 10 25
492 531 10 26
492 532 10 27
492 533 10 28
492 534 10 29
492 535 10 30
492 536 10 31
492 537 10 32
492 538 10 33
492 539 10 34
492 540 10 35
492 541 10 36
492 542 10 37
492 543 10 38
492 544 10 39
492 545 10 40
492 546 10 41
492 547 10 42
492 548 10 13
492 549 10 14
492 550 10 15
492 551 10 16
492 552 10 17
492 553 10 18
492 554 10 19
492 555 10 20
492 556 10 21
492 557 10 22
492 558 10 23
493 519 10 14
493 520 10 15
493 521 10 16
493 522 10 17
493 523 10 18
493 524 10 19
493 525 10 20
493 526 10 21
493 527 10 22
493 528 10 23
493 529 10 24
493 530 10 25
493 531 10 26
493 532 10 27
493 533 10 28
493 534 10 29
493 535 10 30
493 536 10 31
493 537 10 32
493 538 10 33
493 539 10 34
493 540 10 35
493 541 10 36
493 542 10 37
493 543 10 38
493 544 10 39
493 545 10 40
493 546 10 41
493 547 10 42
493 548 10 13
493 549 10 14
493 550 10 15
493 551 10 16
493 552 10 17
493 553 10 18
493 554 10 19
493 555 10 20
493 556 10 21
493 557 10 22
493 558 10 23
494 519 10 14
494 520 10 15
494 521 10 16
494 522 10 17
494 523 10 18
494 524 10 19
494 525 10 20
494 526 10 21
494 527 10 22
494 528 10 23
494 529 10 24
494 530 10 25
494 531 10 26
494 532 10 27
494 533 10 28
494 534 10 29
494 535 10 30
494 536 10 31
494 537 10 32
494 538 10 33
494 539 10 34
494 540 10 35
494 541 10 36
494 542 10 37
494 543 10 38
494 544 10 39
494 545 10 40
494 546 10 41
494 547 10 42
494 548 10 13
494 549 10 14
494 550 10 15
494 551 10 16
494 552 10 17
494 553 10 18
494 554 10 19
494 555 10 20
494 556 10 21
494 557 10 22
494 558 10 23
495 519 10 14
495 520 10 15
495 521 10 16
495 522 10 17
495 523 10 18
495 524 10 19
495 525 10 20
495 526 10 21
495 527 10 22
495 528 10 23
495 529 10 24
495 530 10 25
495 531 10 26
495 532 10 27
495 533 10 28
495 534 10 29
495 535 10 30
495 536 10 31
495 537 10 32
495 538 10 33
495 539 10 34
495 540 10 35
495 541 10 36
495 542 10 37
495 543 10 38
495 544 10 39
495 545 10 40
495 546 10 41
495 547 10 42
495 548 10 13
495 549 10 14
495 550 10 15
495 551 10 16
495 552 10 17
495 553 10 18
495 554 10 19
495 555 10 20
495 556 10 21
495 557 10 22
495 558 10 23
496 519 10 14
496 520 10 15
496 521 10 16
496 522 10 17
496 523 10 18
496 524 10 19
496 525 10 20
496 526 10 21
496 527 10 22
496 528 10 23
496 529 10 24
496 530 10 25
496 531 10 26
496 532 10 27
496 533 10 28
496 534 10 29
496 535 10 30
496 536 10 31
496 537 10 32
496 538 10 33
496 539 10 34
496 540 10 35
496 541 10 36
496 542 10 37
496 543 10 38
496 544 10 39
496 545 10 40
496 546 10 41
496 547 10 42
496 548 10 13
496 549 10 14
496 550 10 15
496 551 10 16
496 552 10 17
496 553 10 18
496 554 10 19
496 555 10 20
496 556 10 21
496 557 10 22
496 558 10 23
497 519 10 14
497 520 10 15
497 521 10 16
497 522 10 17
497 523 10 18
497 524 10 19
497 525 10 20
497 526 10 21
497 527 10 22
497 528 10 23
497 529 10 24
497 530 10 25
497 531 10 26
497 532 10 27
497 533 10 28
497 534 10 29
497 535 10 30
497 536 10 31
497 537 10 32
497 538 10 33
497 539 10 34
497 540 10 35
497 541 10 36
497 542 10 37
497 543 10 38
497 544 10 39
497 545 10 40
497 546 10 41
497 547 10 42
497 548 10 13
497 549 10 14
497 550 10 15
497 551 10 16
497 552 10 17
497 553 10 18
497 554 10 19
497 555 10 20
497 556 10 21
497 557 10 22
497 558 10 23
498 519 10 14
498 520 10 15
498 521 10 16
498 522 10 17
498 523 10 18
498 524 10 19
498 525 10 20
498 526 10 21
498 527 10 22
498 528 10 23
498 529 10 24
498 530 10 25
498 531 10 26
498 532 10 27
498 533 10 28
498 534 10 29
498 535 10 30
498 536 10 31
498 537 10 32
498 538 10 33
498 539 10 34
498 540 10 35
498 541 10 36
498 542 10 37
498 543 10 38
498 544 10 39
498 545 10 40
498 546 10 41
498 547 10 42
498 548 10 13
498 549 10 14
498 550 10 15
498 551 10 16
498 552 10 17
498 553 10 18
498 554 10 19
498 555 10 20
498 556 10 21
498 557 10 22
498 558 10 23
499 519 10 14
499 520 10 15
499 521 10 16
499 522 10 17
499 523 10 18
499 524 10 19
499 525 10 20
499 526 10 21
499 527 10 22
499 528 10 23
499 529 10 24
499 530 10 25
499 531 10 26
499 532 10 27
499 533 10 28
499 534 10 29
499 535 10 30
499 536 10 31
499 537 10 32
499 538 10 33
499 539 10 34
499 540 10 35
499 541 10 36
499 542 10 37
499 543 10 38
499 544 10 39
499 545 10 40
499 546 10 41
499 547 10 42
499 548 10 13
499 549 10 14
499 550 10 15
499 551 10 16
499 552 10 17
499 553 10 18
499 554 10 19
499 555 10 20
499 556 10 21
499 557 10 22
499 558 10 23
500 519 10 14
500 520 10 15
500 521 10 16
500 522 10 17
500 523 10 18
500 524 10 19
500 525 10 20
500 526 10 21
500 527 10 22
500 528 10 23
500 529 10 24
500 530 10 25
500 531 10 26
500 532 10 27
500 533 10 28
500 534 10 29
500 535 10 30
500 536 10 31
500 537 10 32
500 538 10 33
500 539 10 34
500 540 10 35
500 541 10 36
500 542 10 37
500 543 10 38
500 544 10 39
500 545 10 40
500 546 10 41
500 547 10 42
500 548 10 13
500 549 10 14
500 550 10 15
500 551 10 16
500 552 10 17
500 553 10 18
500 554 10 19
500 555 10 20
500 556 10 21
500 557 10 22
500 558 10 23
501 519 10 14
501 520 10 15
501 521 10 16
501 522 10 17
501 523 10 18
501 524 10 19
501 525 10 20
501 526 10 21
501 527 10 22
501 528 10 23
501 529 10 24
501 530 10 25
501 531 10 26
501 532 10 27
501 533 10 28
501 534 10 29
501 535 10 30
501 536 10 31
501 537 10 32
501 538 10 33
501 539 10 34
501 540 10 35
501 541 10 36
501 542 10 37
501 543 10 38
501 544 10 39
501 545 10 40
501 546 10 41
501 547 10 42
501 548 10 13
501 549 10 14
501 550 10 15
501 551 10 16
501 552 10 17
501 553 10 18
501 554 10 19
501 555 10 20
501 556 10 21
501 557 10 22
501 558 10 23
502 519 10 14
502 520 10 15
502 521 10 16
502 522 10 17
502 523 10 18
502 524 10 19
502 525 10 20
502 526 10 21
502 527 10 22
502 528 10 23
502 529 10 24
502 530 10 25
502 531 10 26
502 532 10 27
502 533 10 28
502 534 10 29
502 535 10 30
502 536 10 31
502 537 10 32
502 538 10 33
502 539 10 34
502 540 10 35
502 541 10 36
502 542 10 37
502 543 10 38
502 544 10 39
502 545 10 40
502 546 10 41
502 547 10 42
502 548 10 13
502 549 10 14
502 550 10 15
502 551 10 16
502 552 10 17
502 553 10 18
502 554 10 19
502 555 10 20
502 556 10 21
502 557 10 22
502 558 10 23
503 519 10 14
503 520 10 15
503 521 10 16
503 522 10 17
503 523 10 18
503 524 10 19
503 525 10 20
503 526 10 21
503 527 10 22
503 528 10 23
503 529 10 24
503 530 10 25
503 531 10 26
503 532 10 27
503 533 10 28
503 534 10 29
503 535 10 30
503 536 10 31
503 537 10 32
503 538 10 33
503 539 10 34
503 540 10 35
503 541 10 36
503 542 10 37
503 543 10 38
503 544 10 39
503 545 10 40
503 546 10 41
503 547 10 42
503 548 10 13
503 549 10 14
503 550 10 15
503 551 10 16
503 552 10 17
503 553 10 18
503 554 10 19
503 555 10 20
503 556 10 21
503 557 10 22
503 558 10 23
504 519 10 14
504 520 10 15
504 521 10 16
504 522 10 17
504 523 10 18
504 524 10 19
504 525 10 20
504 526 10 21
504 527 10 22
504 528 10 23
504 529 10 24
504 530 10 25
504 531 10 26
504 532 10 27
504 533 10 28
504 534 10 29
504 535 10 30
504 536 10 31
504 537 10 32
504 538 10 33
504 539 10 34
504 540 10 35
504 541 10 36
504 542 10 37
504 543 10 38
504 544 10 39
504 545 10 40
504 546 10 41
504 547 10 42
504 548 10 13
504 549 10 14
504 550 10 15
504 551 10 16
504 552 10 17
504 553 10 18
504 554 10 19
504 555 10 20
504 556 10 21
504 557 10 22
504 558 10 23
505 519 10 14
505 520 10 15
505 521 10 16
505 522 10 17
505 523 10 18
505 524 10 19
505 525 10 20
505 526 10 21
505 527 10 22
505 528 10 23
505 529 10 24
505 530 10 25
505 531 10 26
505 532 10 27
505 533 10 28
505 534 10 29
505 535 10 30
505 536 10 31
505 537 10 32
505 538 10 33
505 539 10 34
505 540 10 35
505 541 10 36
505 542 10 37
505 543 10 38
505 544 10 39
505 545 10 40
505 546 10 41
505 547 10 42
505 548 10 13
505 549 10 14
505 550 10 15
505 551 10 16
505 552 10 17
505 553 10 18
505 554 10 19
505 555 10 20
505 556 10 21
505 557 10 22
505 558 10 23
506 519 10 14
506 520 10 15
506 521 10 16
506 522 10 17
506 523 10 18
506 524 10 19
506 525 10 20
506 526 10 21
506 527 10 22
506 528 10 23
506 529 10 24
506 530 10 25
506 531 10 26
506 532 10 27
506 533 10 28
506 534 10 29
506 535 10 30
506 536 10 31
506 537 10 32
506 538 10 33
506 539 10 34
506 540 10 35
506 541 10 36
506 542 10 37
506 543 10 38
506 544 10 39
506 545 10 40
506 546 10 41
506 547 10 42
506 548 10 13
506 549 10 14
506 550 10 15
506 551 10 16
506 552 10 17
506 553 10 18
506 554 10 19
506 555 10 20
506 556 10 21
506 557 10 22
506 558 10 23
507 519 10 14
507 520 10 15
507 521 10 16
507 522 10 17
507 523 10 18
507 524 10 19
507 525 10 20
507 526 10 21
507 527 10 22
507 528 10 23
507 529 10 24
507 530 10 25
507 531 10 26
507 532 10 27
507 533 10 28
507 534 10 29
507 535 10 30
507 536 10 31
507 537 10 32
507 538 10 33
507 539 10 34
507 540 10 35
507 541 10 36
507 542 10 37
507 543 10 38
507 544 10 39
507 545 10 40
507 546 10 41
507 547 10 42
507 548 10 13
507 549 10 14
507 550 10 15
507 551 10 16
507 552 10 17
507 553 10 18
507 554 10 19
507 555 10 20
507 556 10 21
507 557 10 22
507 558 10 23
508 519 10 14
508 520 10 15
508 521 10 16
508 522 10 17
508 523 10 18
508 524 10 19
508 525 10 20
508 526 10 21
508 527 10 22
508 528 10 23
508 529 10 24
508 530 10 25
508 531 10 26
508 532 10 27
508 533 10 28
508 534 10 29
508 535 10 30
508 536 10 31
508 537 10 32
508 538 10 33
508 539 10 34
508 540 10 35
508 541 10 36
508 542 10 37
508 543 10 38
508 544 10 39
508 545 10 40
508 546 10 41
508 547 10 42
508 548 10 13
508 549 10 14
508 550 10 15
508 551 10 16
508 552 10 17
508 553 10 18
508 554 10 19
508 555 10 20
508 556 10 21
508 557 10 22
508 558 10 23
509 519 10 14
509 520 10 15
509 521 10 16
509 522 10 17
509 523 10 18
509 524 10 19
509 525 10 20
509 526 10 21
509 527 10 22
509 528 10 23
509 529 10 24
509 530 10 25
509 531 10 26
509 532 10 27
509 533 10 28
509 534 10 29
509 535 10 30
509 536 10 31
509 537 10 32
509 538 10 33
509 539 10 34
509 540 10 35
509 541 10 36
509 542 10 37
509 543 10 38
509 544 10 39
509 545 10 40
509 546 10 41
509 547 10 42
509 548 10 13
509 549 10 14
509 550 10 15
509 551 10 16
509 552 10 17
509 553 10 18
509 554 10 19
509 555 10 20
509 556 10 21
509 557 10 22
509 558 10 23
510 519 10 14
510 520 10 15
510 521 10 16
510 522 10 17
510 523 10 18
510 524 10 19
510 525 10 20
510 526 10 21
510 527 10 22
510 528 10 23
510 529 10 24
510 530 10 25
510 531 10 26
510 532 10 27
510 533 10 28
510 534 10 29
510 535 10 30
510 536 10 31
510 537 10 32
510 538 10 33
510 539 10 34
510 540 10 35
510 541 10 36
510 542 10 37
510 543 10 38
510 544 10 39
510 545 10 40
510 546 10 41
510 547 10 42
510 548 10 13
510 549 10 14
510 550 10 15
510 551 10 16
510 552 10 17
510 553 10 18
510 554 10 19
510 555 10 20
510 556 10 21
510 557 10 22
510 558 10 23
511 519 10 14
511 520 10 15
511 521 10 16
511 522 10 17
511 523 10 18
511 524 10 19
511 525 10 20
511 526 10 21
511 527 10 22
511 528 10 23
511 529 10 24
511 530 10 25
511 531 10 26
511 532 10 27
511 533 10 28
511 534 10 29
511 535 10 30
511 536 10 31
511 537 10 32
511 538 10 33
511 539 10 34
511 540 10 35
511 541 10 36
511 542 10 37
511 543 10 38
511 544 10 39
511 545 10 40
511 546 10 41
511 547 10 42
511 548 10 13
511 549 10 14
511 550 10 15
511 551 10 16
511 552 10 17
511 553 10 18
511 554 10 19
511 555 10 20
511 556 10 21
511 557 10 22
511 558 10 23
512 519 10 14
512 520 10 15
512 521 10 16
512 522 10 17
512 523 10 18
512 524 10 19
512 525 10 20
512 526 10 21
512 527 10 22
512 528 10 23
512 529 10 24
512 530 10 25
512 531 10 26
512 532 10 27
512 533 10 28
512 534 10 29
512 535 10 30
512 536 10 31
512 537 10 32
512 538 10 33
512 539 10 34
512 540 10 35
512 541 10 36
512 542 10 37
512 543 10 38
512 544 10 39
512 545 10 40
512 546 10 41
512 547 10 42
512 548 10 13
512 549 10 14
512 550 10 15
512 551 10 16
512 552 10 17
512 553 10 18
512 554 10 19
512 555 10 20
512 556 10 21
512 557 10 22
512 558 10 23
513 519 10 14
513 520 10 15
513 521 10 16
513 522 10 17
513 523 10 18
513 524 10 19
513 525 10 20
513 526 10 21
513 527 10 22
513 528 10 23
513 529 10 24
513 530 10 25
513 531 10 26
513 532 10 27
513 533 10 28
513 534 10 29
513 535 10 30
513 536 10 31
513 537 10 32
513 538 10 33
513 539 10 34
513 540 10 35
513 541 10 36
513 542 10 37
513 543 10 38
513 544 10 39
513 545 10 40
513 546 10 41
513 547 10 42
513 548 10 13
513 549 10 14
513 550 10 15
513 551 10 16
513 552 10 17
513 553 10 18
513 554 10 19
513 555 10 20
513 556 10 21
513 557 10 22
513 558 10 23
514 519 10 14
514 520 10 15
514 521 10 16
514 522 10 17
514 523 10 18
514 524 10 19
514 525 10 20
514 526 10 21
514 527 10 22
514 528 10 23
514 529 10 24
514 530 10 25
514 531 10 26
514 532 10 27
514 533 10 28
514 534 10 29
514 535 10 30
514 536 10 31
514 537 10 32
514 538 10 33
514 539 10 34
514 540 10 35
514 541 10 36
514 542 10 37
514 543 10 38
514 544 10 39
514 545 10 40
514 546 10 41
514 547 10 42
514 548 10 13
514 549 10 14
514 550 10 15
514 551 10 16
514 552 10 17
514 553 10 18
514 554 10 19
514 555 10 20
514 556 10 21
514 557 10 22
514 558 10 23
515 519 10 14
515 520 10 15
515 521 10 16
515 522 10 17
515 523 10 18
515 524 10 19
515 525 10 20
515 526 10 21
515 527 10 22
515 528 10 23
515 529 10 24
515 530 10 25
515 531 10 26
515 532 10 27
515 533 10 28
515 534 10 29
515 535 10 30
515 536 10 31
515 537 10 32
515 538 10 33
515 539 10 34
515 540 10 35
515 541 10 36
515 542 10 37
515 543 10 38
515 544 10 39
515 545 10 40
515 546 10 41
515 547 10 42
515 548 10 13
515 549 10 14
515 550 10 15
515 551 10 16
515 552 10 17
515 553 10 18
515 554 10 19
515 555 10 20
515 556 10 21
515 557 10 22
515 558 10 23
516 519 10 14
516 520 10 15
516 521 10 16
516 522 10 17
516 523 10 18
516 524 10 19
516 525 10 20
516 526 10 21
516 527 10 22
516 528 10 23
516 529 10 24
516 530 10 25
516 531 10 26
516 532 10 27
516 533 10 28
516 534 10 29
516 535 10 30
516 536 10 31
516 537 10 32
516 538 10 33
516 539 10 34
516 540 10 35
516 541 10 36
516 542 10 37
516 543 10 38
516 544 10 39
516 545 10 40
516 546 10 41
516 547 10 42
516 548 10 13
516 549 10 14
516 550 10 15
516 551 10 16
516 552 10 17
516 553 10 18
516 554 10 19
516 555 10 20
516 556 10 21
516 557 10 22
516 558 10 23
517 519 10 14
517 520 10 15
517 521 10 16
517 522 10 17
517 523 10 18
517 524 10 19
517 525 10 20
517 526 10 21
517 527 10 22
517 528 10 23
517 529 10 24
517 530 10 25
517 531 10 26
517 532 10 27
517 533 10 28
517 534 10 29
517 535 10 30
517 536 10 31
517 537 10 32
517 538 10 33
517 539 10 34
517 540 10 35
517 541 10 36
517 542 10 37
517 543 10 38
517 544 10 39
517 545 10 40
517 546 10 41
517 547 10 42
517 548 10 13
517 549 10 14
517 550 10 15
517 551 10 16
517 552 10 17
517 553 10 18
517 554 10 19
517 555 10 20
517 556 10 21
517 557 10 22
517 558 10 23
518 519 10 14
518 520 10 15
518 521 10 16
518 522 10 17
518 523 10 18
518 524 10 19
518 525 10 20
518 526 10 21
518 527 10 22
518 528 10 23
518 529 10 24
518 530 10 25
518 531 10 26
518 532 10 27
518 533 10 28
518 534 10 29
518 535 10 30
518 536 10 31
518 537 10 32
518 538 10 33
518 539 10 34
518 540 10 35
518 541 10 36
518 542 10 37
518 543 10 38
518 544 10 39
518 545 10 40
518 546 10 41
518 547 10 42
518 548 10 13
518 549 10 14
518 550 10 15
518 551 10 16
518 552 10 17
518 553 10 18
518 554 10 19
518 555 10 20
518 556 10 21
518 557 10 22
518 558 10 23
519 559 10 15
519 560 10 16
519 561 10 17
519 562 10 18
519 563 10 19
519 564 10 20
519 565 10 21
519 566 10 22
519 567 10 23
519 568 10 24
519 569 10 25
519 570 10 26
519 571 10 27
519 572 10 28
519 573 10 29
519 574 10 30
519 575 10 31
519 576 10 32
519 577 10 33
519 578 10 34
519 579 10 35
519 580 10 36
519 581 10 37
519 582 10 38
519 583 10 39
519 584 10 40
519 585 10 41
519 586 10 42
519 587 10 43
519 588 10 14
519 589 10 15
519 590 10 16
519 591 10 17
519 592 10 18
519 593 10 19
519 594 10 20
519 595 10 21
519 596 10 22
519 597 10 23
519 598 10 24
520 559 10 15
520 560 10 16
520 561 10 17
520 562 10 18
520 563 10 19
520 564 10 20
520 565 10 21
520 566 10 22
520 567 10 23
520 568 10 24
520 569 10 25
520 570 10 26
520 571 10 27
520 572 10 28
520 573 10 29
520 574 10 30
520 575 10 31
520 576 10 32
520 577 10 33
520 578 10 34
520 579 10 35
520 580 10 36
520 581 10 37
520 582 10 38
520 583 10 39
520 584 10 40
520 585 10 41
520 586 10 42
520 587 10 43
520 588 10 14
520 589 10 15
520 590 10 16
520 591 10 17
520 592 10 18
520 593 10 19
520 594 10 20
520 595 10 21
520 596 10 22
520 597 10 23
520 598 10 24
521 559 10 15
521 560 10 16
521 561 10 17
521 562 10 18
521 563 10 19
521 564 10 20
521 565 10 21
521 566 10 22
521 567 10 23
521 568 10 24
521 569 10 25
521 570 10 26
521 571 10 27
521 572 10 28
521 573 10 29
521 574 10 30
521 575 10 31
521 576 10 32
521 577 10 33
521 578 10 34
521 579 10 35
521 580 10 36
521 581 10 37
521 582 10 38
521 583 10 39
521 584 10 40
521 585 10 41
521 586 10 42
521 587 10 43
521 588 10 14
521 589 10 15
521 590 10 16
521 591 10 17
521 592 10 18
521 593 10 19
521 594 10 20
521 595 10 21
521 596 10 22
521 597 10 23
521 598 10 24
522 559 10 15
522 560 10 16
522 561 10 17
522 562 10 18
522 563 10 19
522 564 10 20
522 565 10 21
522 566 10 22
522 567 10 23
522 568 10 24
522 569 10 25
522 570 10 26
522 571 10 27
522 572 10 28
522 573 10 29
522 574 10 30
522 575 10 31
522 576 10 32
522 577 10 33
522 578 10 34
522 579 10 35
522 580 10 36
522 581 10 37
522 582 10 38
522 583 10 39
522 584 10 40
522 585 10 41
522 586 10 42
522 587 10 43
522 588 10 14
522 589 10 15
522 590 10 16
522 591 10 17
522 592 10 18
522 593 10 19
522 594 10 20
522 595 10 21
522 596 10 22
522 597 10 23
522 598 10 24
523 559 10 15
523 560 10 16
523 561 10 17
523 562 10 18
523 563 10 19
523 564 10 20
523 565 10 21
523 566 10 22
523 567 10 23
523 568 10 24
523 569 10 25
523 570 10 26
523 571 10 27
523 572 10 28
523 573 10 29
523 574 10 30
523 575 10 31
523 576 10 32
523 577 10 33
523 578 10 34
523 579 10 35
523 580 10 36
523 581 10 37
523 582 10 38
523 583 10 39
523 584 10 40
523 585 10 41
523 586 10 42
523 587 10 43
523 588 10 14
523 589 10 15
523 590 10 16
523 591 10 17
523 592 10 18
523 593 10 19
523 594 10 20
523 595 10 21
523 596 10 22
523 597 10 23
523 598 10 24
524 559 10 15
524 560 10 16
524 561 10 17
524 562 10 18
524 563 10 19
524 564 10 20
524 565 10 21
524 566 10 22
524 567 10 23
524 568 10 24
524 569 10 25
524 570 10 26
524 571 10 27
524 572 10 28
524 573 10 29
524 574 10 30
524 575 10 31
524 576 10 32
524 577 10 33
524 578 10 34
524 579 10 35
524 580 10 36
524 581 10 37
524 582 10 38
524 583 10 39
524 584 10 40
524 585 10 41
524 586 10 42
524 587 10 43
524 588 10 14
524 589 10 15
524 590 10 16
524 591 10 17
524 592 10 18
524 593 10 19
524 594 10 20
524 595 10 21
524 596 10 22
524 597 10 23
524 598 10 24
525 559 10 15
525 560 10 16
525 561 10 17
525 562 10 18
525 563 10 19
525 564 10 20
525 565 10 21
525 566 10 22
525 567 10 23
525 568 10 24
525 569 10 25
525 570 10 26
525 571 10 27
525 572 10 28
525 573 10 29
525 574 10 30
525 575 10 31
525 576 10 32
525 577 10 33
525 578 10 34
525 579 10 35
525 580 10 36
525 581 10 37
525 582 10 38
525 583 10 39
525 584 10 40
525 585 10 41
525 586 10 42
525 587 10 43
525 588 10 14
525 589 10 15
525 590 10 16
525 591 10 17
525 592 10 18
525 593 10 19
525 594 10 20
525 595 10 21
525 596 10 22
525 597 10 23
525 598 10 24
526 559 10 15
526 560 10 16
526 561 10 17
526 562 10 18
526 563 10 19
526 564 10 20
526 565 10 21
526 566 10 22
526 567 10 23
526 568 10 24
526 569 10 25
526 570 10 26
526 571 10 27
526 572 10 28
526 573 10 29
526 574 10 30
526 575 10 31
526 576 10 32
526 577 10 33
526 578 10 34
526 579 10 35
526 580 10 36
526 581 10 37
526 582 10 38
526 583 10 39
526 584 10 40
526 585 10 41
526 586 10 42
526 587 10 43
526 588 10 14
526 589 10 15
526 590 10 16
526 591 10 17
526 592 10 18
526 593 10 19
526 594 10 20
526 595 10 21
526 596 10 22
526 597 10 23
526 598 10 24
527 559 10 15
527 560 10 16
527 561 10 17
527 562 10 18
527 563 10 19
527 564 10 20
527 565 10 21
527 566 10 22
527 567 10 23
527 568 10 24
527 569 10 25
527 570 10 26
527 571 10 27
527 572 10 28
527 573 10 29
527 574 10 30
527 575 10 31
527 576 10 32
527 577 10 33
527 578 10 34
527 579 10 35
527 580 10 36
527 581 10 37
527 582 10 38
527 583 10 39
527 584 10 40
527 585 10 41
527 586 10 42
527 587 10 43
527 588 10 14
527 589 10 15
527 590 10 16
527 591 10 17
527 592 10 18
527 593 10 19
527 594 10 20
527 595 10 21
527 596 10 22
527 597 10 23
527 598 10 24
528 559 10 15
528 560 10 16
528 561 10 17
528 562 10 18
528 563 10 19
528 564 10 20
528 565 10 21
528 566 10 22
528 567 10 23
528 568 10 24
528 569 10 25
528 570 10 26
528 571 10 27
528 572 10 28
528 573 10 29
528 574 10 30
528 575 10 31
528 576 10 32
528 577 10 33
528 578 10 34
528 579 10 35
528 580 10 36
528 581 10 37
528 582 10 38
528 583 10 39
528 584 10 40
528 585 10 41
528 586 10 42
528 587 10 43
528 588 10 14
528 589 10 15
528 590 10 16
528 591 10 17
528 592 10 18
528 593 10 19
528 594 10 20
528 595 10 21
528 596 10 22
528 597 10 23
528 598 10 24
529 559 10 15
529 560 10 16
529 561 10 17
529 562 10 18
529 563 10 19
529 564 10 20
529 565 10 21
529 566 10 22
529 567 10 23
529 568 10 24
529 569 10 25
529 570 10 26
529 571 10 27
529 572 10 28
529 573 10 29
529 574 10 30
529 575 10 31
529 576 10 32
529 577 10 33
529 578 10 34
529 579 10 35
529 580 10 36
529 581 10 37
529 582 10 38
529 583 10 39
529 584 10 40
529 585 10 41
529 586 10 42
529 587 10 43
529 588 10 14
529 589 10 15
529 590 10 16
529 591 10 17
529 592 10 18
529 593 10 19
529 594 10 20
529 595 10 21
529 596 10 22
529 597 10 23
529 598 10 24
530 559 10 15
530 560 10 16
530 561 10 17
530 562 10 18
530 563 10 19
530 564 10 20
530 565 10 21
530 566 10 22
530 567 10 23
530 568 10 24
530 569 10 25
530 570 10 26
530 571 10 27
530 572 10 28
530 573 10 29
530 574 10 30
530 575 10 31
530 576 10 32
530 577 10 33
530 578 10 34
530 579 10 35
530 580 10 36
530 581 10 37
530 582 10 38
530 583 10 39
530 584 10 40
530 585 10 41
530 586 10 42
530 587 10 43
530 588 10 14
530 589 10 15
530 590 10 16
530 591 10 17
530 592 10 18
530 593 10 19
530 594 10 20
530 595 10 21
530 596 10 22
530 597 10 23
530 598 10 24
531 559 10 15
531 560 10 16
531 561 10 17
531 562 10 18
531 563 10 19
531 564 10 20
531 565 10 21
531 566 10 22
531 567 10 23
531 568 10 24
531 569 10 25
531 570 10 26
531 571 10 27
531 572 10 28
531 573 10 29
531 574 10 30
531 575 10 31
531 576 10 32
531 577 10 33
531 578 10 34
531 579 10 35
531 580 10 36
531 581 10 37
531 582 10 38
531 583 10 39
531 584 10 40
531 585 10 41
531 586 10 42
531 587 10 43
531 588 10 14
531 589 10 15
531 590 10 16
531 591 10 17
531 592 10 18
531 593 10 19
531 594 10 20
531 595 10 21
531 596 10 22
531 597 10 23
531 598 10 24
532 559 10 15
532 560 10 16
532 561 10 17
532 562 10 18
532 563 10 19
532 564 10 20
532 565 10 21
532 566 10 22
532 567 10 23
532 568 10 24
532 569 10 25
532 570 10 26
532 571 10 27
532 572 10 28
532 573 10 29
532 574 10 30
532 575 10 31
532 576 10 32
532 577 10 33
532 578 10 34
532 579 10 35
532 580 10 36
532 581 10 37
532 582 10 38
532 583 10 39
532 584 10 40
532 585 10 41
532 586 10 42
532 587 10 43
532 588 10 14
532 589 10 15
532 590 10 16
532 591 10 17
532 592 10 18
532 593 10 19
532 594 10 20
532 595 10 21
532 596 10 22
532 597 10 23
532 598 10 24
533 559 10 15
533 560 10 16
533 561 10 17
533 562 10 18
533 563 10 19
533 564 10 20
533 565 10 21
533 566 10 22
533 567 10 23
533 568 10 24
533 569 10 25
533 570 10 26
533 571 10 27
533 572 10 28
533 573 10 29
533 574 10 30
533 575 10 31
533 576 10 32
533 577 10 33
533 578 10 34
533 579 10 35
533 580 10 36
533 581 10 37
533 582 10 38
533 583 10 39
533 584 10 40
533 585 10 41
533 586 10 42
533 587 10 43
533 588 10 14
533 589 10 15
533 590 10 16
533 591 10 17
533 592 10 18
533 593 10 19
533 594 10 20
533 595 10 21
533 596 10 22
533 597 10 23
533 598 10 24
534 559 10 15
534 560 10 16
534 561 10 17
534 562 10 18
534 563 10 19
534 564 10 20
534 565 10 21
534 566 10 22
534 567 10 23
534 568 10 24
534 569 10 25
534 570 10 26
534 571 10 27
534 572 10 28
534 573 10 29
534 574 10 30
534 575 10 31
534 576 10 32
534 577 10 33
534 578 10 34
534 579 10 35
534 580 10 36
534 581 10 37
534 582 10 38
534 583 10 39
534 584 10 40
534 585 10 41
534 586 10 42
534 587 10 43
534 588 10 14
534 589 10 15
534 590 10 16
534 591 10 17
534 592 10 18
534 593 10 19
534 594 10 20
534 595 10 21
534 596 10 22
534 597 10 23
534 598 10 24
535 559 10 15
535 560 10 16
535 561 10 17
535 562 10 18
535 563 10 19
535 564 10 20
535 565 10 21
535 566 10 22
535 567 10 23
535 568 10 24
535 569 10 25
535 570 10 26
535 571 10 27
535 572 10 28
535 573 10 29
535 574 10 30
535 575 10 31
535 576 10 32
535 577 10 33
535 578 10 34
535 579 10 35
535 580 10 36
535 581 10 37
535 582 10 38
535 583 10 39
535 584 10 40
535 585 10 41
535 586 10 42
535 587 10 43
535 588 10 14
535 589 10 15
535 590 10 16
535 591 10 17
535 592 10 18
535 593 10 19
535 594 10 20
535 595 10 21
535 596 10 22
535 597 10 23
535 598 10 24
536 559 10 15
536 560 10 16
536 561 10 17
536 562 10 18
536 563 10 19
536 564 10 20
536 565 10 21
536 566 10 22
536 567 10 23
536 568 10 24
536 569 10 25
536 570 10 26
536 571 10 27
536 572 10 28
536 573 10 29
536 574 10 30
536 575 10 31
536 576 10 32
536 577 10 33
536 578 10 34
536 579 10 35
536 580 10 36
536 581 10 37
536 582 10 38
536 583 10 39
536 584 10 40
536 585 10 41
536 586 10 42
536 587 10 43
536 588 10 14
536 589 10 15
536 590 10 16
536 591 10 17
536 592 10 18
536 593 10 19
536 594 10 20
536 595 10 21
536 596 10 22
536 597 10 23
536 598 10 24
537 559 10 15
537 560 10 16
537 561 10 17
537 562 10 18
537 563 10 19
537 564 10 20
537 565 10 21
537 566 10 22
537 567 10 23
537 568 10 24
537 569 10 25
537 570 10 26
537 571 10 27
537 572 10 28
537 573 10 29
537 574 10 30
537 575 10 31
537 576 10 32
537 577 10 33
537 578 10 34
537 579 10 35
537 580 10 36
537 581 10 37
537 582 10 38
537 583 10 39
537 584 10 40
537 585 10 41
537 586 10 42
537 587 10 43
537 588 10 14
537 589 10 15
537 590 10 16
537 591 10 17
537 592 10 18
537 593 10 19
537 594 10 20
537 595 10 21
537 596 10 22
537 597 10 23
537 598 10 24
538 559 10 15
538 560 10 16
538 561 10 17
538 562 10 18
538 563 10 19
538 564 10 20
538 565 10 21
538 566 10 22
538 567 10 23
538 568 10 24
538 569 10 25
538 570 10 26
538 571 10 27
538 572 10 28
538 573 10 29
538 574 10 30
538 575 10 31
538 576 10 32
538 577 10 33
538 578 10 34
538 579 10 35
538 580 10 36
538 581 10 37
538 582 10 38
538 583 10 39
538 584 10 40
538 585 10 41
538 586 10 42
538 587 10 43
538 588 10 14
538 589 10 15
538 590 10 16
538 591 10 17
538 592 10 18
538 593 10 19
538 594 10 20
538 595 10 21
538 596 10 22
538 597 10 23
538 598 10 24
539 559 10 15
539 560 10 16
539 561 10 17
539 562 10 18
539 563 10 19
539 564 10 20
539 565 10 21
539 566 10 22
539 567 10 23
539 568 10 24
539 569 10 25
539 570 10 26
539 571 10 27
539 572 10 28
539 573 10 29
539 574 10 30
539 575 10 31
539 576 10 32
539 577 10 33
539 578 10 34
539 579 10 35
539 580 10 36
539 581 10 37
539 582 10 38
539 583 10 39
539 584 10 40
539 585 10 41
539 586 10 42
539 587 10 43
539 588 10 14
539 589 10 15
539 590 10 16
539 591 10 17
539 592 10 18
539 593 10 19
539 594 10 20
539 595 10 21
539 596 10 22
539 597 10 23
539 598 10 24
540 559 10 15
540 560 10 16
540 561 10 17
540 562 10 18
540 563 10 19
540 564 10 20
540 565 10 21
540 566 10 22
540 567 10 23
540 568 10 24
540 569 10 25
540 570 10 26
540 571 10 27
540 572 10 28
540 573 10 29
540 574 10 30
540 575 10 31
540 576 10 32
540 577 10 33
540 578 10 34
540 579 10 35
540 580 10 36
540 581 10 37
540 582 10 38
540 583 10 39
540 584 10 40
540 585 10 41
540 586 10 42
540 587 10 43
540 588 10 14
540 589 10 15
540 590 10 16
540 591 10 17
540 592 10 18
540 593 10 19
540 594 10 20
540 595 10 21
540 596 10 22
540 597 10 23
540 598 10 24
541 559 10 15
541 560 10 16
541 561 10 17
541 562 10 18
541 563 10 19
541 564 10 20
541 565 10 21
541 566 10 22
541 567 10 23
541 568 10 24
541 569 10 25
541 570 10 26
541 571 10 27
541 572 10 28
541 573 10 29
541 574 10 30
541 575 10 31
541 576 10 32
541 577 10 33
541 578 10 34
541 579 10 35
541 580 10 36
541 581 10 37
541 582 10 38
541 583 10 39
541 584 10 40
541 585 10 41
541 586 10 42
541 587 10 43
541 588 10 14
541 589 10 15
541 590 10 16
541 591 10 17
541 592 10 18
541 593 10 19
541 594 10 20
541 595 10 21
541 596 10 22
541 597 10 23
541 598 10 24
542 559 10 15
542 560 10 16
542 561 10 17
542 562 10 18
542 563 10 19
542 564 10 20
542 565 10 21
542 566 10 22
542 567 10 23
542 568 10 24
542 569 10 25
542 570 10 26
542 571 10 27
542 572 10 28
542 573 10 29
542 574 10 30
542 575 10 31
542 576 10 32
542 577 10 33
542 578 10 34
542 579 10 35
542 580 10 36
542 581 10 37
542 582 10 38
542 583 10 39
542 584 10 40
542 585 10 41
542 586 10 42
542 587 10 43
542 588 10 14
542 589 10 15
542 590 10 16
542 591 10 17
542 592 10 18
542 593 10 19
542 594 10 20
542 595 10 21
542 596 10 22
542 597 10 23
542 598 10 24
543 559 10 15
543 560 10 16
543 561 10 17
543 562 10 18
543 563 10 19
543 564 10 20
543 565 10 21
543 566 10 22
543 567 10 23
543 568 10 24
543 569 10 25
543 570 10 26
543 571 10 27
543 572 10 28
543 573 10 29
543 574 10 30
543 575 10 31
543 576 10 32
543 577 10 33
543 578 10 34
543 579 10 35
543 580 10 36
543 581 10 37
543 582 10 38
543 583 10 39
543 584 10 40
543 585 10 41
543 586 10 42
543 587 10 43
543 588 10 14
543 589 10 15
543 590 10 16
543 591 10 17
543 592 10 18
543 593 10 19
543 594 10 20
543 595 10 21
543 596 10 22
543 597 10 23
543 598 10 24
544 559 10 15
544 560 10 16
544 561 10 17
544 562 10 18
544 563 10 19
544 564 10 20
544 565 10 21
544 566 10 22
544 567 10 23
544 568 10 24
544 569 10 25
544 570 10 26
544 571 10 27
544 572 10 28
544 573 10 29
544 574 10 30
544 575 10 31
544 576 10 32
544 577 10 33
544 578 10 34
544 579 10 35
544 580 10 36
544 581 10 37
544 582 10 38
544 583 10 39
544 584 10 40
544 585 10 41
544 586 10 42
544 587 10 43
544 588 10 14
544 589 10 15
544 590 10 16
544 591 10 17
544 592 10 18
544 593 10 19
544 594 10 20
544 595 10 21
544 596 10 22
544 597 10 23
544 598 10 24
545 559 10 15
545 560 10 16
545 561 10 17
545 562 10 18
545 563 10 19
545 564 10 20
545 565 10 21
545 566 10 22
545 567 10 23
545 568 10 24
545 569 10 25
545 570 10 26
545 571 10 27
545 572 10 28
545 573 10 29
545 574 10 30
545 575 10 31
545 576 10 32
545 577 10 33
545 578 10 34
545 579 10 35
545 580 10 36
545 581 10 37
545 582 10 38
545 583 10 39
545 584 10 40
545 585 10 41
545 586 10 42
545 587 10 43
545 588 10 14
545 589 10 15
545 590 10 16
545 591 10 17
545 592 10 18
545 593 10 19
545 594 10 20
545 595 10 21
545 596 10 22
545 597 10 23
545 598 10 24
546 559 10 15
546 560 10 16
546 561 10 17
546 562 10 18
546 563 10 19
546 564 10 20
546 565 10 21
546 566 10 22
546 567 10 23
546 568 10 24
546 569 10 25
546 570 10 26
546 571 10 27
546 572 10 28
546 573 10 29
546 574 10 30
546 575 10 31
546 576 10 32
546 577 10 33
546 578 10 34
546 579 10 35
546 580 10 36
546 581 10 37
546 582 10 38
546 583 10 39
546 584 10 40
546 585 10 41
546 586 10 42
546 587 10 43
546 588 10 14
546 589 10 15
546 590 10 16
546 591 10 17
546 592 10 18
546 593 10 19
546 594 10 20
546 595 10 21
546 596 10 22
546 597 10 23
546 598 10 24
547 559 10 15
547 560 10 16
547 561 10 17
547 562 10 18
547 563 10 19
547 564 10 20
547 565 10 21
547 566 10 22
547 567 10 23
547 568 10 24
547 569 10 25
547 570 10 26
547 571 10 27
547 572 10 28
547 573 10 29
547 574 10 30
547 575 10 31
547 576 10 32
547 577 10 33
547 578 10 34
547 579 10 35
547 580 10 36
547 581 10 37
547 582 10 38
547 583 10 39
547 584 10 40
547 585 10 41
547 586 10 42
547 587 10 43
547 588 10 14
547 589 10 15
547 590 10 16
547 591 10 17
547 592 10 18
547 593 10 19
547 594 10 20
547 595 10 21
547 596 10 22
547 597 10 23
547 598 10 24
548 559 10 15
548 560 10 16
548 561 10 17
548 562 10 18
548 563 10 19
548 564 10 20
548 565 10 21
548 566 10 22
548 567 10 23
548 568 10 24
548 569 10 25
548 570 10 26
548 571 10 27
548 572 10 28
548 573 10 29
548 574 10 30
548 575 10 31
548 576 10 32
548 577 10 33
548 578 10 34
548 579 10 35
548 580 10 36
548 581 10 37
548 582 10 38
548 583 10 39
548 584 10 40
548 585 10 41
548 586 10 42
548 587 10 43
548 588 10 14
548 589 10 15
548 590 10 16
548 591 10 17
548 592 10 18
548 593 10 19
548 594 10 20
548 595 10 21
548 596 10 22
548 597 10 23
548 598 10 24
549 559 10 15
549 560 10 16
549 561 10 17
549 562 10 18
549 563 10 19
549 564 10 20
549 565 10 21
549 566 10 22
549 567 10 23
549 568 10 24
549 569 10 25
549 570 10 26
549 571 10 27
549 572 10 28
549 573 10 29
549 574 10 30
549 575 10 31
549 576 10 32
549 577 10 33
549 578 10 34
549 579 10 35
549 580 10 36
549 581 10 37
549 582 10 38
549 583 10 39
549 584 10 40
549 585 10 41
549 586 10 42
549 587 10 43
549 588 10 14
549 589 10 15
549 590 10 16
549 591 10 17
549 592 10 18
549 593 10 19
549 594 10 20
549 595 10 21
549 596 10 22
549 597 10 23
549 598 10 24
550 559 10 15
550 560 10 16
550 561 10 17
550 562 10 18
550 563 10 19
550 564 10 20
550 565 10 21
550 566 10 22
550 567 10 23
550 568 10 24
550 569 10 25
550 570 10 26
550 571 10 27
550 572 10 28
550 573 10 29
550 574 10 30
550 575 10 31
550 576 10 32
550 577 10 33
550 578 10 34
550 579 10 35
550 580 10 36
550 581 10 37
550 582 10 38
550 583 10 39
550 584 10 40
550 585 10 41
550 586 10 42
550 587 10 43
550 588 10 14
550 589 10 15
550 590 10 16
550 591 10 17
550 592 10 18
550 593 10 19
550 594 10 20
550 595 10 21
550 596 10 22
550 597 10 23
550 598 10 24
551 559 10 15
551 560 10 16
551 561 10 17
551 562 10 18
551 563 10 19
551 564 10 20
551 565 10 21
551 566 10 22
551 567 10 23
551 568 10 24
551 569 10 25
551 570 10 26
551 571 10 27
551 572 10 28
551 573 10 29
551 574 10 30
551 575 10 31
551 576 10 32
551 577 10 33
551 578 10 34
551 579 10 35
551 580 10 36
551 581 10 37
551 582 10 38
551 583 10 39
551 584 10 40
551 585 10 41
551 586 10 42
551 587 10 43
551 588 10 14
551 589 10 15
551 590 10 16
551 591 10 17
551 592 10 18
551 593 10 19
551 594 10 20
551 595 10 21
551 596 10 22
551 597 10 23
551 598 10 24
552 559 10 15
552 560 10 16
552 561 10 17
552 562 10 18
552 563 10 19
552 564 10 20
552 565 10 21
552 566 10 22
552 567 10 23
552 568 10 24
552 569 10 25
552 570 10 26
552 571 10 27
552 572 10 28
552 573 10 29
552 574 10 30
552 575 10 31
552 576 10 32
552 577 10 33
552 578 10 34
552 579 10 35
552 580 10 36
552 581 10 37
552 582 10 38
552 583 10 39
552 584 10 40
552 585 10 41
552 586 10 42
552 587 10 43
552 588 10 14
552 589 10 15
552 590 10 16
552 591 10 17
552 592 10 18
552 593 10 19
552 594 10 20
552 595 10 21
552 596 10 22
552 597 10 23
552 598 10 24
553 559 10 15
553 560 10 16
553 561 10 17
553 562 10 18
553 563 10 19
553 564 10 20
553 565 10 21
553 566 10 22
553 567 10 23
553 568 10 24
553 569 10 25
553 570 10 26
553 571 10 27
553 572 10 28
553 573 10 29
553 574 10 30
553 575 10 31
553 576 10 32
553 577 10 33
553 578 10 34
553 579 10 35
553 580 10 36
553 581 10 37
553 582 10 38
553 583 10 39
553 584 10 40
553 585 10 41
553 586 10 42
553 587 10 43
553 588 10 14
553 589 10 15
553 590 10 16
553 591 10 17
553 592 10 18
553 593 10 19
553 594 10 20
553 595 10 21
553 596 10 22
553 597 10 23
553 598 10 24
554 559 10 15
554 560 10 16
554 561 10 17
554 562 10 18
554 563 10 19
554 564 10 20
554 565 10 21
554 566 10 22
554 567 10 23
554 568 10 24
554 569 10 25
554 570 10 26
554 571 10 27
554 572 10 28
554 573 10 29
554 574 10 30
554 575 10 31
554 576 10 32
554 577 10 33
554 578 10 34
554 579 10 35
554 580 10 36
554 581 10 37
554 582 10 38
554 583 10 39
554 584 10 40
554 585 10 41
554 586 10 42
554 587 10 43
554 588 10 14
554 589 10 15
554 590 10 16
554 591 10 17
554 592 10 18
554 593 10 19
554 594 10 20
554 595 10 21
554 596 10 22
554 597 10 23
554 598 10 24
555 559 10 15
555 560 10 16
555 561 10 17
555 562 10 18
555 563 10 19
555 564 10 20
555 565 10 21
555 566 10 22
555 567 10 23
555 568 10 24
555 569 10 25
555 570 10 26
555 571 10 27
555 572 10 28
555 573 10 29
555 574 10 30
555 575 10 31
555 576 10 32
555 577 10 33
555 578 10 34
555 579 10 35
555 580 10 36
555 581 10 37
555 582 10 38
555 583 10 39
555 584 10 40
555 585 10 41
555 586 10 42
555 587 10 43
555 588 10 14
555 589 10 15
555 590 10 16
555 591 10 17
555 592 10 18
555 593 10 19
555 594 10 20
555 595 10 21
555 596 10 22
555 597 10 23
555 598 10 24
556 559 10 15
556 560 10 16
556 561 10 17
556 562 10 18
556 563 10 19
556 564 10 20
556 565 10 21
556 566 10 22
556 567 10 23
556 568 10 24
556 569 10 25
556 570 10 26
556 571 10 27
556 572 10 28
556 573 10 29
556 574 10 30
556 575 10 31
556 576 10 32
556 577 10 33
556 578 10 34
556 579 10 35
556 580 10 36
556 581 10 37
556 582 10 38
556 583 10 39
556 584 10 40
556 585 10 41
556 586 10 42
556 587 10 43
556 588 10 14
556 589 10 15
556 590 10 16
556 591 10 17
556 592 10 18
556 593 10 19
556 594 10 20
556 595 10 21
556 596 10 22
556 597 10 23
556 598 10 24
557 559 10 15
557 560 10 16
557 561 10 17
557 562 10 18
557 563 10 19
557 564 10 20
557 565 10 21
557 566 10 22
557 567 10 23
557 568 10 24
557 569 10 25
557 570 10 26
557 571 10 27
557 572 10 28
557 573 10 29
557 574 10 30
557 575 10 31
557 576 10 32
557 577 10 33
557 578 10 34
557 579 10 35
557 580 10 36
557 581 10 37
557 582 10 38
557 583 10 39
557 584 10 40
557 585 10 41
557 586 10 42
557 587 10 43
557 588 10 14
557 589 10 15
557 590 10 16
557 591 10 17
557 592 10 18
557 593 10 19
557 594 10 20
557 595 10 21
557 596 10 22
557 597 10 23
557 598 10 24
558 559 10 15
558 560 10 16
558 561 10 17
558 562 10 18
558 563 10 19
558 564 10 20
558 565 10 21
558 566 10 22
558 567 10 23
558 568 10 24
558 569 10 25
558 570 10 26
558 571 10 27
558 572 10 28
558 573 10 29
558 574 10 30
558 575 10 31
558 576 10 32
558 577 10 33
558 578 10 34
558 579 10 35
558 580 10 36
558 581 10 37
558 582 10 38
558 583 10 39
558 584 10 40
558 585 10 41
558 586 10 42
558 587 10 43
558 588 10 14
558 589 10 15
558 590 10 16
558 591 10 17
558 592 10 18
558 593 10 19
558 594 10 20
558 595 10 21
558 596 10 22
558 597 10 23
558 598 10 24
559 599 10 16
559 600 10 17
559 601 10 18
559 602 10 19
559 603 10 20
559 604 10 21
559 605 10 22
559 606 10 23
559 607 10 24
559 608 10 25
559 609 10 26
559 610 10 27
559 611 10 28
559 612 10 29
559 613 10 30
559 614 10 31
559 615 10 32
559 616 10 33
559 617 10 34
559 618 10 35
559 619 10 36
559 620 10 37
559 621 10 38
559 622 10 39
559 623 10 40
559 624 10 41
559 625 10 42
559 626 10 43
559 627 10 44
559 628 10 15
559 629 10 16
559 630 10 17
559 631 10 18
559 632 10 19
559 633 10 20
559 634 10 21
559 635 10 22
559 636 10 23
559 637 10 24
559 638 10 25
560 599 10 16
560 600 10 17
560 601 10 18
560 602 10 19
560 603 10 20
560 604 10 21
560 605 10 22
560 606 10 23
560 607 10 24
560 608 10 25
560 609 10 26
560 610 10 27
560 611 10 28
560 612 10 29
560 613 10 30
560 614 10 31
560 615 10 32
560 616 10 33
560 617 10 34
560 618 10 35
560 619 10 36
560 620 10 37
560 621 10 38
560 622 10 39
560 623 10 40
560 624 10 41
560 625 10 42
560 626 10 43
560 627 10 44
560 628 10 15
560 629 10 16
560 630 10 17
560 631 10 18
560 632 10 19
560 633 10 20
560 634 10 21
560 635 10 22
560 636 10 23
560 637 10 24
560 638 10 25
561 599 10 16
561 600 10 17
561 601 10 18
561 602 10 19
561 603 10 20
561 604 10 21
561 605 10 22
561 606 10 23
561 607 10 24
561 608 10 25
561 609 10 26
561 610 10 27
561 611 10 28
561 612 10 29
561 613 10 30
561 614 10 31
561 615 10 32
561 616 10 33
561 617 10 34
561 618 10 35
561 619 10 36
561 620 10 37
561 621 10 38
561 622 10 39
561 623 10 40
561 624 10 41
561 625 10 42
561 626 10 43
561 627 10 44
561 628 10 15
561 629 10 16
561 630 10 17
561 631 10 18
561 632 10 19
561 633 10 20
561 634 10 21
561 635 10 22
561 636 10 23
561 637 10 24
561 638 10 25
562 599 10 16
562 600 10 17
562 601 10 18
562 602 10 19
562 603 10 20
562 604 10 21
562 605 10 22
562 606 10 23
562 607 10 24
562 608 10 25
562 609 10 26
562 610 10 27
562 611 10 28
562 612 10 29
562 613 10 30
562 614 10 31
562 615 10 32
562 616 10 33
562 617 10 34
562 618 10 35
562 619 10 36
562 620 10 37
562 621 10 38
562 622 10 39
562 623 10 40
562 624 10 41
562 625 10 42
562 626 10 43
562 627 10 44
562 628 10 15
562 629 10 16
562 630 10 17
562 631 10 18
562 632 10 19
562 633 10 20
562 634 10 21
562 635 10 22
562 636 10 23
562 637 10 24
562 638 10 25
563 599 10 16
563 600 10 17
563 601 10 18
563 602 10 19
563 603 10 20
563 604 10 21
563 605 10 22
563 606 10 23
563 607 10 24
563 608 10 25
563 609 10 26
563 610 10 27
563 611 10 28
563 612 10 29
563 613 10 30
563 614 10 31
563 615 10 32
563 616 10 33
563 617 10 34
563 618 10 35
563 619 10 36
563 620 10 37
563 621 10 38
563 622 10 39
563 623 10 40
563 624 10 41
563 625 10 42
563 626 10 43
563 627 10 44
563 628 10 15
563 629 10 16
563 630 10 17
563 631 10 18
563 632 10 19
563 633 10 20
563 634 10 21
563 635 10 22
563 636 10 23
563 637 10 24
563 638 10 25
564 599 10 16
564 600 10 17
564 601 10 18
564 602 10 19
564 603 10 20
564 604 10 21
564 605 10 22
564 606 10 23
564 607 10 24
564 608 10 25
564 609 10 26
564 610 10 27
564 611 10 28
564 612 10 29
564 613 10 30
564 614 10 31
564 615 10 32
564 616 10 33
564 617 10 34
564 618 10 35
564 619 10 36
564 620 10 37
564 621 10 38
564 622 10 39
564 623 10 40
564 624 10 41
564 625 10 42
564 626 10 43
564 627 10 44
564 628 10 15
564 629 10 16
564 630 10 17
564 631 10 18
564 632 10 19
564 633 10 20
564 634 10 21
564 635 10 22
564 636 10 23
564 637 10 24
564 638 10 25
565 599 10 16
565 600 10 17
565 601 10 18
565 602 10 19
565 603 10 20
565 604 10 21
565 605 10 22
565 606 10 23
565 607 10 24
565 608 10 25
565 609 10 26
565 610 10 27
565 611 10 28
565 612 10 29
565 613 10 30
565 614 10 31
565 615 10 32
565 616 10 33
565 617 10 34
565 618 10 35
565 619 10 36
565 620 10 37
565 621 10 38
565 622 10 39
565 623 10 40
565 624 10 41
565 625 10 42
565 626 10 43
565 627 10 44
565 628 10 15
565 629 10 16
565 630 10 17
565 631 10 18
565 632 10 19
565 633 10 20
565 634 10 21
565 635 10 22
565 636 10 23
565 637 10 24
565 638 10 25
566 599 10 16
566 600 10 17
566 601 10 18
566 602 10 19
566 603 10 20
566 604 10 21
566 605 10 22
566 606 10 23
566 607 10 24
566 608 10 25
566 609 10 26
566 610 10 27
566 611 10 28
566 612 10 29
566 613 10 30
566 614 10 31
566 615 10 32
566 616 10 33
566 617 10 34
566 618 10 35
566 619 10 36
566 620 10 37
566 621 10 38
566 622 10 39
566 623 10 40
566 624 10 41
566 625 10 42
566 626 10 43
566 627 10 44
566 628 10 15
566 629 10 16
566 630 10 17
566 631 10 18
566 632 10 19
566 633 10 20
566 634 10 21
566 635 10 22
566 636 10 23
566 637 10 24
566 638 10 25
567 599 10 16
567 600 10 17
567 601 10 18
567 602 10 19
567 603 10 20
567 604 10 21
567 605 10 22
567 606 10 23
567 607 10 24
567 608 10 25
567 609 10 26
567 610 10 27
567 611 10 28
567 612 10 29
567 613 10 30
567 614 10 31
567 615 10 32
567 616 10 33
567 617 10 34
567 618 10 35
567 619 10 36
567 620 10 37
567 621 10 38
567 622 10 39
567 623 10 40
567 624 10 41
567 625 10 42
567 626 10 43
567 627 10 44
567 628 10 15
567 629 10 16
567 630 10 17
567 631 10 18
567 632 10 19
567 633 10 20
567 634 10 21
567 635 10 22
567 636 10 23
567 637 10 24
567 638 10 25
568 599 10 16
568 600 10 17
568 601 10 18
568 602 10 19
568 603 10 20
568 604 10 21
568 605 10 22
568 606 10 23
568 607 10 24
568 608 10 25
568 609 10 26
568 610 10 27
568 611 10 28
568 612 10 29
568 613 10 30
568 614 10 31
568 615 10 32
568 616 10 33
568 617 10 34
568 618 10 35
568 619 10 36
568 620 10 37
568 621 10 38
568 622 10 39
568 623 10 40
568 624 10 41
568 625 10 42
568 626 10 43
568 627 10 44
568 628 10 15
568 629 10 16
568 630 10 17
568 631 10 18
568 632 10 19
568 633 10 20
568 634 10 21
568 635 10 22
568 636 10 23
568 637 10 24
568 638 10 25
569 599 10 16
569 600 10 17
569 601 10 18
569 602 10 19
569 603 10 20
569 604 10 21
569 605 10 22
569 606 10 23
569 607 10 24
569 608 10 25
569 609 10 26
569 610 10 27
569 611 10 28
569 612 10 29
569 613 10 30
569 614 10 31
569 615 10 32
569 616 10 33
569 617 10 34
569 618 10 35
569 619 10 36
569 620 10 37
569 621 10 38
569 622 10 39
569 623 10 40
569 624 10 41
569 625 10 42
569 626 10 43
569 627 10 44
569 628 10 15
569 629 10 16
569 630 10 17
569 631 10 18
569 632 10 19
569 633 10 20
569 634 10 21
569 635 10 22
569 636 10 23
569 637 10 24
569 638 10 25
570 599 10 16
570 600 10 17
570 601 10 18
570 602 10 19
570 603 10 20
570 604 10 21
570 605 10 22
570 606 10 23
570 607 10 24
570 608 10 25
570 609 10 26
570 610 10 27
570 611 10 28
570 612 10 29
570 613 10 30
570 614 10 31
570 615 10 32
570 616 10 33
570 617 10 34
570 618 10 35
570 619 10 36
570 620 10 37
570 621 10 38
570 622 10 39
570 623 10 40
570 624 10 41
570 625 10 42
570 626 10 43
570 627 10 44
570 628 10 15
570 629 10 16
570 630 10 17
570 631 10 18
570 632 10 19
570 633 10 20
570 634 10 21
570 635 10 22
570 636 10 23
570 637 10 24
570 638 10 25
571 599 10 16
571 600 10 17
571 601 10 18
571 602 10 19
571 603 10 20
571 604 10 21
571 605 10 22
571 606 10 23
571 607 10 24
571 608 10 25
571 609 10 26
571 610 10 27
571 611 10 28
571 612 10 29
571 613 10 30
571 614 10 31
571 615 10 32
571 616 10 33
571 617 10 34
571 618 10 35
571 619 10 36
571 620 10 37
571 621 10 38
571 622 10 39
571 623 10 40
571 624 10 41
571 625 10 42
571 626 10 43
571 627 10 44
571 628 10 15
571 629 10 16
571 630 10 17
571 631 10 18
571 632 10 19
571 633 10 20
571 634 10 21
571 635 10 22
571 636 10 23
571 637 10 24
571 638 10 25
572 599 10 16
572 600 10 17
572 601 10 18
572 602 10 19
572 603 10 20
572 604 10 21
572 605 10 22
572 606 10 23
572 607 10 24
572 608 10 25
572 609 10 26
572 610 10 27
572 611 10 28
572 612 10 29
572 613 10 30
572 614 10 31
572 615 10 32
572 616 10 33
572 617 10 34
572 618 10 35
572 619 10 36
572 620 10 37
572 621 10 38
572 622 10 39
572 623 10 40
572 624 10 41
572 625 10 42
572 626 10 43
572 627 10 44
572 628 10 15
572 629 10 16
572 630 10 17
572 631 10 18
572 632 10 19
572 633 10 20
572 634 10 21
572 635 10 22
572 636 10 23
572 637 10 24
572 638 10 25
573 599 10 16
573 600 10 17
573 601 10 18
573 602 10 19
573 603 10 20
573 604 10 21
573 605 10 22
573 606 10 23
573 607 10 24
573 608 10 25
573 609 10 26
573 610 10 27
573 611 10 28
573 612 10 29
573 613 10 30
573 614 10 31
573 615 10 32
573 616 10 33
573 617 10 34
573 618 10 35
573 619 10 36
573 620 10 37
573 621 10 38
573 622 10 39
573 623 10 40
573 624 10 41
573 625 10 42
573 626 10 43
573 627 10 44
573 628 10 15
573 629 10 16
573 630 10 17
573 631 10 18
573 632 10 19
573 633 10 20
573 634 10 21
573 635 10 22
573 636 10 23
573 637 10 24
573 638 10 25
574 599 10 16
574 600 10 17
574 601 10 18
574 602 10 19
574 603 10 20
574 604 10 21
574 605 10 22
574 606 10 23
574 607 10 24
574 608 10 25
574 609 10 26
574 610 10 27
574 611 10 28
574 612 10 29
574 613 10 30
574 614 10 31
574 615 10 32
574 616 10 33
574 617 10 34
574 618 10 35
574 619 10 36
574 620 10 37
574 621 10 38
574 622 10 39
574 623 10 40
574 624 10 41
574 625 10 42
574 626 10 43
574 627 10 44
574 628 10 15
574 629 10 16
574 630 10 17
574 631 10 18
574 632 10 19
574 633 10 20
574 634 10 21
574 635 10 22
574 636 10 23
574 637 10 24
574 638 10 25
575 599 10 16
575 600 10 17
575 601 10 18
575 602 10 19
575 603 10 20
575 604 10 21
575 605 10 22
575 606 10 23
575 607 10 24
575 608 10 25
575 609 10 26
575 610 10 27
575 611 10 28
575 612 10 29
575 613 10 30
575 614 10 31
575 615 10 32
575 616 10 33
575 617 10 34
575 618 10 35
575 619 10 36
575 620 10 37
575 621 10 38
575 622 10 39
575 623 10 40
575 624 10 41
575 625 10 42
575 626 10 43
575 627 10 44
575 628 10 15
575 629 10 16
575 630 10 17
575 631 10 18
575 632 10 19
575 633 10 20
575 634 10 21
575 635 10 22
575 636 10 23
575 637 10 24
575 638 10 25
576 599 10 16
576 600 10 17
576 601 10 18
576 602 10 19
576 603 10 20
576 604 10 21
576 605 10 22
576 606 10 23
576 607 10 24
576 608 10 25
576 609 10 26
576 610 10 27
576 611 10 28
576 612 10 29
576 613 10 30
576 614 10 31
576 615 10 32
576 616 10 33
576 617 10 34
576 618 10 35
576 619 10 36
576 620 10 37
576 621 10 38
576 622 10 39
576 623 10 40
576 624 10 41
576 625 10 42
576 626 10 43
576 627 10 44
576 628 10 15
576 629 10 16
576 630 10 17
576 631 10 18
576 632 10 19
576 633 10 20
576 634 10 21
576 635 10 22
576 636 10 23
576 637 10 24
576 638 10 25
577 599 10 16
577 600 10 17
577 601 10 18
577 602 10 19
577 603 10 20
577 604 10 21
577 605 10 22
577 606 10 23
577 607 10 24
577 608 10 25
577 609 10 26
577 610 10 27
577 611 10 28
577 612 10 29
577 613 10 30
577 614 10 31
577 615 10 32
577 616 10 33
577 617 10 34
577 618 10 35
577 619 10 36
577 620 10 37
577 621 10 38
577 622 10 39
577 623 10 40
577 624 10 41
577 625 10 42
577 626 10 43
577 627 10 44
577 628 10 15
577 629 10 16
577 630 10 17
577 631 10 18
577 632 10 19
577 633 10 20
577 634 10 21
577 635 10 22
577 636 10 23
577 637 10 24
577 638 10 25
578 599 10 16
578 600 10 17
578 601 10 18
578 602 10 19
578 603 10 20
578 604 10 21
578 605 10 22
578 606 10 23
578 607 10 24
578 608 10 25
578 609 10 26
578 610 10 27
578 611 10 28
578 612 10 29
578 613 10 30
578 614 10 31
578 615 10 32
578 616 10 33
578 617 10 34
578 618 10 35
578 619 10 36
578 620 10 37
578 621 10 38
578 622 10 39
578 623 10 40
578 624 10 41
578 625 10 42
578 626 10 43
578 627 10 44
578 628 10 15
578 629 10 16
578 630 10 17
578 631 10 18
578 632 10 19
578 633 10 20
578 634 10 21
578 635 10 22
578 636 10 23
578 637 10 24
578 638 10 25
579 599 10 16
579 600 10 17
579 601 10 18
579 602 10 19
579 603 10 20
579 604 10 21
579 605 10 22
579 606 10 23
579 607 10 24
579 608 10 25
579 609 10 26
579 610 10 27
579 611 10 28
579 612 10 29
579 613 10 30
579 614 10 31
579 615 10 32
579 616 10 33
579 617 10 34
579 618 10 35
579 619 10 36
579 620 10 37
579 621 10 38
579 622 10 39
579 623 10 40
579 624 10 41
579 625 10 42
579 626 10 43
579 627 10 44
579 628 10 15
579 629 10 16
579 630 10 17
579 631 10 18
579 632 10 19
579 633 10 20
579 634 10 21
579 635 10 22
579 636 10 23
579 637 10 24
579 638 10 25
580 599 10 16
580 600 10 17
580 601 10 18
580 602 10 19
580 603 10 20
580 604 10 21
580 605 10 22
580 606 10 23
580 607 10 24
580 608 10 25
580 609 10 26
580 610 10 27
580 611 10 28
580 612 10 29
580 613 10 30
580 614 10 31
580 615 10 32
580 616 10 33
580 617 10 34
580 618 10 35
580 619 10 36
580 620 10 37
580 621 10 38
580 622 10 39
580 623 10 40
580 624 10 41
580 625 10 42
580 626 10 43
580 627 10 44
580 628 10 15
580 629 10 16
580 630 10 17
580 631 10 18
580 632 10 19
580 633 10 20
580 634 10 21
580 635 10 22
580 636 10 23
580 637 10 24
580 638 10 25
581 599 10 16
581 600 10 17
581 601 10 18
581 602 10 19
581 603 10 20
581 604 10 21
581 605 10 22
581 606 10 23
581 607 10 24
581 608 10 25
581 609 10 26
581 610 10 27
581 611 10 28
581 612 10 29
581 613 10 30
581 614 10 31
581 615 10 32
581 616 10 33
581 617 10 34
581 618 10 35
581 619 10 36
581 620 10 37
581 621 10 38
581 622 10 39
581 623 10 40
581 624 10 41
581 625 10 42
581 626 10 43
581 627 10 44
581 628 10 15
581 629 10 16
581 630 10 17
581 631 10 18
581 632 10 19
581 633 10 20
581 634 10 21
581 635 10 22
581 636 10 23
581 637 10 24
581 638 10 25
582 599 10 16
582 600 10 17
582 601 10 18
582 602 10 19
582 603 10 20
582 604 10 21
582 605 10 22
582 606 10 23
582 607 10 24
582 608 10 25
582 609 10 26
582 610 10 27
582 611 10 28
582 612 10 29
582 613 10 30
582 614 10 31
582 615 10 32
582 616 10 33
582 617 10 34
582 618 10 35
582 619 10 36
582 620 10 37
582 621 10 38
582 622 10 39
582 623 10 40
582 624 10 41
582 625 10 42
582 626 10 43
582 627 10 44
582 628 10 15
582 629 10 16
582 630 10 17
582 631 10 18
582 632 10 19
582 633 10 20
582 634 10 21
582 635 10 22
582 636 10 23
582 637 10 24
582 638 10 25
583 599 10 16
583 600 10 17
583 601 10 18
583 602 10 19
583 603 10 20
583 604 10 21
583 605 10 22
583 606 10 23
583 607 10 24
583 608 10 25
583 609 10 26
583 610 10 27
583 611 10 28
583 612 10 29
583 613 10 30
583 614 10 31
583 615 10 32
583 616 10 33
583 617 10 34
583 618 10 35
583 619 10 36
583 620 10 37
583 621 10 38
583 622 10 39
583 623 10 40
583 624 10 41
583 625 10 42
583 626 10 43
583 627 10 44
583 628 10 15
583 629 10 16
583 630 10 17
583 631 10 18
583 632 10 19
583 633 10 20
583 634 10 21
583 635 10 22
583 636 10 23
583 637 10 24
583 638 10 25
584 599 10 16
584 600 10 17
584 601 10 18
584 602 10 19
584 603 10 20
584 604 10 21
584 605 10 22
584 606 10 23
584 607 10 24
584 608 10 25
584 609 10 26
584 610 10 27
584 611 10 28
584 612 10 29
584 613 10 30
584 614 10 31
584 615 10 32
584 616 10 33
584 617 10 34
584 618 10 35
584 619 10 36
584 620 10 37
584 621 10 38
584 622 10 39
584 623 10 40
584 624 10 41
584 625 10 42
584 626 10 43
584 627 10 44
584 628 10 15
584 629 10 16
584 630 10 17
584 631 10 18
584 632 10 19
584 633 10 20
584 634 10 21
584 635 10 22
584 636 10 23
584 637 10 24
584 638 10 25
585 599 10 16
585 600 10 17
585 601 10 18
585 602 10 19
585 603 10 20
585 604 10 21
585 605 10 22
585 606 10 23
585 607 10 24
585 608 10 25
585 609 10 26
585 610 10 27
585 611 10 28
585 612 10 29
585 613 10 30
585 614 10 31
585 615 10 32
585 616 10 33
585 617 10 34
585 618 10 35
585 619 10 36
585 620 10 37
585 621 10 38
585 622 10 39
585 623 10 40
585 624 10 41
585 625 10 42
585 626 10 43
585 627 10 44
585 628 10 15
585 629 10 16
585 630 10 17
585 631 10 18
585 632 10 19
585 633 10 20
585 634 10 21
585 635 10 22
585 636 10 23
585 637 10 24
585 638 10 25
586 599 10 16
586 600 10 17
586 601 10 18
586 602 10 19
586 603 10 20
586 604 10 21
586 605 10 22
586 606 10 23
586 607 10 24
586 608 10 25
586 609 10 26
586 610 10 27
586 611 10 28
586 612 10 29
586 613 10 30
586 614 10 31
586 615 10 32
586 616 10 33
586 617 10 34
586 618 10 35
586 619 10 36
586 620 10 37
586 621 10 38
586 622 10 39
586 623 10 40
586 624 10 41
586 625 10 42
586 626 10 43
586 627 10 44
586 628 10 15
586 629 10 16
586 630 10 17
586 631 10 18
586 632 10 19
586 633 10 20
586 634 10 21
586 635 10 22
586 636 10 23
586 637 10 24
586 638 10 25
587 599 10 16
587 600 10 17
587 601 10 18
587 602 10 19
587 603 10 20
587 604 10 21
587 605 10 22
587 606 10 23
587 607 10 24
587 608 10 25
587 609 10 26
587 610 10 27
587 611 10 28
587 612 10 29
587 613 10 30
587 614 10 31
587 615 10 32
587 616 10 33
587 617 10 34
587 618 10 35
587 619 10 36
587 620 10 37
587 621 10 38
587 622 10 39
587 623 10 40
587 624 10 41
587 625 10 42
587 626 10 43
587 627 10 44
587 628 10 15
587 629 10 16
587 630 10 17
587 631 10 18
587 632 10 19
587 633 10 20
587 634 10 21
587 635 10 22
587 636 10 23
587 637 10 24
587 638 10 25
588 599 10 16
588 600 10 17
588 601 10 18
588 602 10 19
588 603 10 20
588 604 10 21
588 605 10 22
588 606 10 23
588 607 10 24
588 608 10 25
588 609 10 26
588 610 10 27
588 611 10 28
588 612 10 29
588 613 10 30
588 614 10 31
588 615 10 32
588 616 10 33
588 617 10 34
588 618 10 35
588 619 10 36
588 620 10 37
588 621 10 38
588 622 10 39
588 623 10 40
588 624 10 41
588 625 10 42
588 626 10 43
588 627 10 44
588 628 10 15
588 629 10 16
588 630 10 17
588 631 10 18
588 632 10 19
588 633 10 20
588 634 10 21
588 635 10 22
588 636 10 23
588 637 10 24
588 638 10 25
589 599 10 16
589 600 10 17
589 601 10 18
589 602 10 19
589 603 10 20
589 604 10 21
589 605 10 22
589 606 10 23
589 607 10 24
589 608 10 25
589 609 10 26
589 610 10 27
589 611 10 28
589 612 10 29
589 613 10 30
589 614 10 31
589 615 10 32
589 616 10 33
589 617 10 34
589 618 10 35
589 619 10 36
589 620 10 37
589 621 10 38
589 622 10 39
589 623 10 40
589 624 10 41
589 625 10 42
589 626 10 43
589 627 10 44
589 628 10 15
589 629 10 16
589 630 10 17
589 631 10 18
589 632 10 19
589 633 10 20
589 634 10 21
589 635 10 22
589 636 10 23
589 637 10 24
589 638 10 25
590 599 10 16
590 600 10 17
590 601 10 18
590 602 10 19
590 603 10 20
590 604 10 21
590 605 10 22
590 606 10 23
590 607 10 24
590 608 10 25
590 609 10 26
590 610 10 27
590 611 10 28
590 612 10 29
590 613 10 30
590 614 10 31
590 615 10 32
590 616 10 33
590 617 10 34
590 618 10 35
590 619 10 36
590 620 10 37
590 621 10 38
590 622 10 39
590 623 10 40
590 624 10 41
590 625 10 42
590 626 10 43
590 627 10 44
590 628 10 15
590 629 10 16
590 630 10 17
590 631 10 18
590 632 10 19
590 633 10 20
590 634 10 21
590 635 10 22
590 636 10 23
590 637 10 24
590 638 10 25
591 599 10 16
591 600 10 17
591 601 10 18
591 602 10 19
591 603 10 20
591 604 10 21
591 605 10 22
591 606 10 23
591 607 10 24
591 608 10 25
591 609 10 26
591 610 10 27
591 611 10 28
591 612 10 29
591 613 10 30
591 614 10 31
591 615 10 32
591 616 10 33
591 617 10 34
591 618 10 35
591 619 10 36
591 620 10 37
591 621 10 38
591 622 10 39
591 623 10 40
591 624 10 41
591 625 10 42
591 626 10 43
591 627 10 44
591 628 10 15
591 629 10 16
591 630 10 17
591 631 10 18
591 632 10 19
591 633 10 20
591 634 10 21
591 635 10 22
591 636 10 23
591 637 10 24
591 638 10 25
592 599 10 16
592 600 10 17
592 601 10 18
592 602 10 19
592 603 10 20
592 604 10 21
592 605 10 22
592 606 10 23
592 607 10 24
592 608 10 25
592 609 10 26
592 610 10 27
592 611 10 28
592 612 10 29
592 613 10 30
592 614 10 31
592 615 10 32
592 616 10 33
592 617 10 34
592 618 10 35
592 619 10 36
592 620 10 37
592 621 10 38
592 622 10 39
592 623 10 40
592 624 10 41
592 625 10 42
592 626 10 43
592 627 10 44
592 628 10 15
592 629 10 16
592 630 10 17
592 631 10 18
592 632 10 19
592 633 10 20
592 634 10 21
592 635 10 22
592 636 10 23
592 637 10 24
592 638 10 25
593 599 10 16
593 600 10 17
593 601 10 18
593 602 10 19
593 603 10 20
593 604 10 21
593 605 10 22
593 606 10 23
593 607 10 24
593 608 10 25
593 609 10 26
593 610 10 27
593 611 10 28
593 612 10 29
593 613 10 30
593 614 10 31
593 615 10 32
593 616 10 33
593 617 10 34
593 618 10 35
593 619 10 36
593 620 10 37
593 621 10 38
593 622 10 39
593 623 10 40
593 624 10 41
593 625 10 42
593 626 10 43
593 627 10 44
593 628 10 15
593 629 10 16
593 630 10 17
593 631 10 18
593 632 10 19
593 633 10 20
593 634 10 21
593 635 10 22
593 636 10 23
593 637 10 24
593 638 10 25
594 599 10 16
594 600 10 17
594 601 10 18
594 602 10 19
594 603 10 20
594 604 10 21
594 605 10 22
594 606 10 23
594 607 10 24
594 608 10 25
594 609 10 26
594 610 10 27
594 611 10 28
594 612 10 29
594 613 10 30
594 614 10 31
594 615 10 32
594 616 10 33
594 617 10 34
594 618 10 35
594 619 10 36
594 620 10 37
594 621 10 38
594 622 10 39
594 623 10 40
594 624 10 41
594 625 10 42
594 626 10 43
594 627 10 44
594 628 10 15
594 629 10 16
594 630 10 17
594 631 10 18
594 632 10 19
594 633 10 20
594 634 10 21
594 635 10 22
594 636 10 23
594 637 10 24
594 638 10 25
595 599 10 16
595 600 10 17
595 601 10 18
595 602 10 19
595 603 10 20
595 604 10 21
595 605 10 22
595 606 10 23
595 607 10 24
595 608 10 25
595 609 10 26
595 610 10 27
595 611 10 28
595 612 10 29
595 613 10 30
595 614 10 31
595 615 10 32
595 616 10 33
595 617 10 34
595 618 10 35
595 619 10 36
595 620 10 37
595 621 10 38
595 622 10 39
595 623 10 40
595 624 10 41
595 625 10 42
595 626 10 43
595 627 10 44
595 628 10 15
595 629 10 16
595 630 10 17
595 631 10 18
595 632 10 19
595 633 10 20
595 634 10 21
595 635 10 22
595 636 10 23
595 637 10 24
595 638 10 25
596 599 10 16
596 600 10 17
596 601 10 18
596 602 10 19
596 603 10 20
596 604 10 21
596 605 10 22
596 606 10 23
596 607 10 24
596 608 10 25
596 609 10 26
596 610 10 27
596 611 10 28
596 612 10 29
596 613 10 30
596 614 10 31
596 615 10 32
596 616 10 33
596 617 10 34
596 618 10 35
596 619 10 36
596 620 10 37
596 621 10 38
596 622 10 39
596 623 10 40
596 624 10 41
596 625 10 42
596 626 10 43
596 627 10 44
596 628 10 15
596 629 10 16
596 630 10 17
596 631 10 18
596 632 10 19
596 633 10 20
596 634 10 21
596 635 10 22
596 636 10 23
596 637 10 24
596 638 10 25
597 599 10 16
597 600 10 17
597 601 10 18
597 602 10 19
597 603 10 20
597 604 10 21
597 605 10 22
597 606 10 23
597 607 10 24
597 608 10 25
597 609 10 26
597 610 10 27
597 611 10 28
597 612 10 29
597 613 10 30
597 614 10 31
597 615 10 32
597 616 10 33
597 617 10 34
597 618 10 35
597 619 10 36
597 620 10 37
597 621 10 38
597 622 10 39
597 623 10 40
597 624 10 41
597 625 10 42
597 626 10 43
597 627 10 44
597 628 10 15
597 629 10 16
597 630 10 17
597 631 10 18
597 632 10 19
597 633 10 20
597 634 10 21
597 635 10 22
597 636 10 23
597 637 10 24
597 638 10 25
598 599 10 16
598 600 10 17
598 601 10 18
598 602 10 19
598 603 10 20
598 604 10 21
598 605 10 22
598 606 10 23
598 607 10 24
598 608 10 25
598 609 10 26
598 610 10 27
598 611 10 28
598 612 10 29
598 613 10 30
598 614 10 31
598 615 10 32
598 616 10 33
598 617 10 34
598 618 10 35
598 619 10 36
598 620 10 37
598 621 10 38
598 622 10 39
598 623 10 40
598 624 10 41
598 625 10 42
598 626 10 43
598 627 10 44
598 628 10 15
598 629 10 16
598 630 10 17
598 631 10 18
598 632 10 19
598 633 10 20
598 634 10 21
598 635 10 22
598 636 10 23
598 637 10 24
598 638 10 25
599 639 10 17
599 640 10 18
599 641 10 19
599 642 10 20
599 643 10 21
599 644 10 22
599 645 10 23
599 646 10 24
599 647 10 25
599 648 10 26
599 649 10 27
599 650 10 28
599 651 10 29
599 652 10 30
599 653 10 31
599 654 10 32
599 655 10 33
599 656 10 34
599 657 10 35
599 658 10 36
599 659 10 37
599 660 10 38
599 661 10 39
599 662 10 40
599 663 10 41
599 664 10 42
599 665 10 43
599 666 10 44
599 667 10 45
599 668 10 16
599 669 10 17
599 670 10 18
599 671 10 19
599 672 10 20
599 673 10 21
599 674 10 22
599 675 10 23
599 676 10 24
599 677 10 25
599 678 10 26
600 639 10 17
600 640 10 18
600 641 10 19
600 642 10 20
600 643 10 21
600 644 10 22
600 645 10 23
600 646 10 24
600 647 10 25
600 648 10 26
600 649 10 27
600 650 10 28
600 651 10 29
600 652 10 30
600 653 10 31
600 654 10 32
600 655 10 33
600 656 10 34
600 657 10 35
600 658 10 36
600 659 10 37
600 660 10 38
600 661 10 39
600 662 10 40
600 663 10 41
600 664 10 42
600 665 10 43
600 666 10 44
600 667 10 45
600 668 10 16
600 669 10 17
600 670 10 18
600 671 10 19
600 672 10 20
600 673 10 21
600 674 10 22
600 675 10 23
600 676 10 24
600 677 10 25
600 678 10 26
601 639 10 17
601 640 10 18
601 641 10 19
601 642 10 20
601 643 10 21
601 644 10 22
601 645 10 23
601 646 10 24
601 647 10 25
601 648 10 26
601 649 10 27
601 650 10 28
601 651 10 29
601 652 10 30
601 653 10 31
601 654 10 32
601 655 10 33
601 656 10 34
601 657 10 35
601 658 10 36
601 659 10 37
601 660 10 38
601 661 10 39
601 662 10 40
601 663 10 41
601 664 10 42
601 665 10 43
601 666 10 44
601 667 10 45
601 668 10 16
601 669 10 17
601 670 10 18
601 671 10 19
601 672 10 20
601 673 10 21
601 674 10 22
601 675 10 23
601 676 10 24
601 677 10 25
601 678 10 26
602 639 10 17
602 640 10 18
602 641 10 19
602 642 10 20
602 643 10 21
602 644 10 22
602 645 10 23
602 646 10 24
602 647 10 25
602 648 10 26
602 649 10 27
602 650 10 28
602 651 10 29
602 652 10 30
602 653 10 31
602 654 10 32
602 655 10 33
602 656 10 34
602 657 10 35
602 658 10 36
602 659 10 37
602 660 10 38
602 661 10 39
602 662 10 40
602 663 10 41
602 664 10 42
602 665 10 43
602 666 10 44
602 667 10 45
602 668 10 16
602 669 10 17
602 670 10 18
602 671 10 19
602 672 10 20
602 673 10 21
602 674 10 22
602 675 10 23
602 676 10 24
602 677 10 25
602 678 10 26
603 639 10 17
603 640 10 18
603 641 10 19
603 642 10 20
603 643 10 21
603 644 10 22
603 645 10 23
603 646 10 24
603 647 10 25
603 648 10 26
603 649 10 27
603 650 10 28
603 651 10 29
603 652 10 30
603 653 10 31
603 654 10 32
603 655 10 33
603 656 10 34
603 657 10 35
603 658 10 36
603 659 10 37
603 660 10 38
603 661 10 39
603 662 10 40
603 663 10 41
603 664 10 42
603 665 10 43
603 666 10 44
603 667 10 45
603 668 10 16
603 669 10 17
603 670 10 18
603 671 10 19
603 672 10 20
603 673 10 21
603 674 10 22
603 675 10 23
603 676 10 24
603 677 10 25
603 678 10 26
604 639 10 17
604 640 10 18
604 641 10 19
604 642 10 20
604 643 10 21
604 644 10 22
604 645 10 23
604 646 10 24
604 647 10 25
604 648 10 26
604 649 10 27
604 650 10 28
604 651 10 29
604 652 10 30
604 653 10 31
604 654 10 32
604 655 10 33
604 656 10 34
604 657 10 35
604 658 10 36
604 659 10 37
604 660 10 38
604 661 10 39
604 662 10 40
604 663 10 41
604 664 10 42
604 665 10 43
604 666 10 44
604 667 10 45
604 668 10 16
604 669 10 17
604 670 10 18
604 671 10 19
604 672 10 20
604 673 10 21
604 674 10 22
604 675 10 23
604 676 10 24
604 677 10 25
604 678 10 26
605 639 10 17
605 640 10 18
605 641 10 19
605 642 10 20
605 643 10 21
605 644 10 22
605 645 10 23
605 646 10 24
605 647 10 25
605 648 10 26
605 649 10 27
605 650 10 28
605 651 10 29
605 652 10 30
605 653 10 31
605 654 10 32
605 655 10 33
605 656 10 34
605 657 10 35
605 658 10 36
605 659 10 37
605 660 10 38
605 661 10 39
605 662 10 40
605 663 10 41
605 664 10 42
605 665 10 43
605 666 10 44
605 667 10 45
605 668 10 16
605 669 10 17
605 670 10 18
605 671 10 19
605 672 10 20
605 673 10 21
605 674 10 22
605 675 10 23
605 676 10 24
605 677 10 25
605 678 10 26
606 639 10 17
606 640 10 18
606 641 10 19
606 642 10 20
606 643 10 21
606 644 10 22
606 645 10 23
606 646 10 24
606 647 10 25
606 648 10 26
606 649 10 27
606 650 10 28
606 651 10 29
606 652 10 30
606 653 10 31
606 654 10 32
606 655 10 33
606 656 10 34
606 657 10 35
606 658 10 36
606 659 10 37
606 660 10 38
606 661 10 39
606 662 10 40
606 663 10 41
606 664 10 42
606 665 10 43
606 666 10 44
606 667 10 45
606 668 10 16
606 669 10 17
606 670 10 18
606 671 10 19
606 672 10 20
606 673 10 21
606 674 10 22
606 675 10 23
606 676 10 24
606 677 10 25
606 678 10 26
607 639 10 17
607 640 10 18
607 641 10 19
607 642 10 20
607 643 10 21
607 644 10 22
607 645 10 23
607 646 10 24
607 647 10 25
607 648 10 26
607 649 10 27
607 650 10 28
607 651 10 29
607 652 10 30
607 653 10 31
607 654 10 32
607 655 10 33
607 656 10 34
607 657 10 35
607 658 10 36
607 659 10 37
607 660 10 38
607 661 10 39
607 662 10 40
607 663 10 41
607 664 10 42
607 665 10 43
607 666 10 44
607 667 10 45
607 668 10 16
607 669 10 17
607 670 10 18
607 671 10 19
607 672 10 20
607 673 10 21
607 674 10 22
607 675 10 23
607 676 10 24
607 677 10 25
607 678 10 26
608 639 10 17
608 640 10 18
608 641 10 19
608 642 10 20
608 643 10 21
608 644 10 22
608 645 10 23
608 646 10 24
608 647 10 25
608 648 10 26
608 649 10 27
608 650 10 28
608 651 10 29
608 652 10 30
608 653 10 31
608 654 10 32
608 655 10 33
608 656 10 34
608 657 10 35
608 658 10 36
608 659 10 37
608 660 10 38
608 661 10 39
608 662 10 40
608 663 10 41
608 664 10 42
608 665 10 43
608 666 10 44
608 667 10 45
608 668 10 16
608 669 10 17
608 670 10 18
608 671 10 19
608 672 10 20
608 673 10 21
608 674 10 22
608 675 10 23
608 676 10 24
608 677 10 25
608 678 10 26
609 639 10 17
609 640 10 18
609 641 10 19
609 642 10 20
609 643 10 21
609 644 10 22
609 645 10 23
609 646 10 24
609 647 10 25
609 648 10 26
609 649 10 27
609 650 10 28
609 651 10 29
609 652 10 30
609 653 10 31
609 654 10 32
609 655 10 33
609 656 10 34
609 657 10 35
609 658 10 36
609 659 10 37
609 660 10 38
609 661 10 39
609 662 10 40
609 663 10 41
609 664 10 42
609 665 10 43
609 666 10 44
609 667 10 45
609 668 10 16
609 669 10 17
609 670 10 18
609 671 10 19
609 672 10 20
609 673 10 21
609 674 10 22
609 675 10 23
609 676 10 24
609 677 10 25
609 678 10 26
610 639 10 17
610 640 10 18
610 641 10 19
610 642 10 20
610 643 10 21
610 644 10 22
610 645 10 23
610 646 10 24
610 647 10 25
610 648 10 26
610 649 10 27
610 650 10 28
610 651 10 29
610 652 10 30
610 653 10 31
610 654 10 32
610 655 10 33
610 656 10 34
610 657 10 35
610 658 10 36
610 659 10 37
610 660 10 38
610 661 10 39
610 662 10 40
610 663 10 41
610 664 10 42
610 665 10 43
610 666 10 44
610 667 10 45
610 668 10 16
610 669 10 17
610 670 10 18
610 671 10 19
610 672 10 20
610 673 10 21
610 674 10 22
610 675 10 23
610 676 10 24
610 677 10 25
610 678 10 26
611 639 10 17
611 640 10 18
611 641 10 19
611 642 10 20
611 643 10 21
611 644 10 22
611 645 10 23
611 646 10 24
611 647 10 25
611 648 10 26
611 649 10 27
611 650 10 28
611 651 10 29
611 652 10 30
611 653 10 31
611 654 10 32
611 655 10 33
611 656 10 34
611 657 10 35
611 658 10 36
611 659 10 37
611 660 10 38
611 661 10 39
611 662 10 40
611 663 10 41
611 664 10 42
611 665 10 43
611 666 10 44
611 667 10 45
611 668 10 16
611 669 10 17
611 670 10 18
611 671 10 19
611 672 10 20
611 673 10 21
611 674 10 22
611 675 10 23
611 676 10 24
611 677 10 25
611 678 10 26
612 639 10 17
612 640 10 18
612 641 10 19
612 642 10 20
612 643 10 21
612 644 10 22
612 645 10 23
612 646 10 24
612 647 10 25
612 648 10 26
612 649 10 27
612 650 10 28
612 651 10 29
612 652 10 30
612 653 10 31
612 654 10 32
612 655 10 33
612 656 10 34
612 657 10 35
612 658 10 36
612 659 10 37
612 660 10 38
612 661 10 39
612 662 10 40
612 663 10 41
612 664 10 42
612 665 10 43
612 666 10 44
612 667 10 45
612 668 10 16
612 669 10 17
612 670 10 18
612 671 10 19
612 672 10 20
612 673 10 21
612 674 10 22
612 675 10 23
612 676 10 24
612 677 10 25
612 678 10 26
613 639 10 17
613 640 10 18
613 641 10 19
613 642 10 20
613 643 10 21
613 644 10 22
613 645 10 23
613 646 10 24
613 647 10 25
613 648 10 26
613 649 10 27
613 650 10 28
613 651 10 29
613 652 10 30
613 653 10 31
613 654 10 32
613 655 10 33
613 656 10 34
613 657 10 35
613 658 10 36
613 659 10 37
613 660 10 38
613 661 10 39
613 662 10 40
613 663 10 41
613 664 10 42
613 665 10 43
613 666 10 44
613 667 10 45
613 668 10 16
613 669 10 17
613 670 10 18
613 671 10 19
613 672 10 20
613 673 10 21
613 674 10 22
613 675 10 23
613 676 10 24
613 677 10 25
613 678 10 26
614 639 10 17
614 640 10 18
614 641 10 19
614 642 10 20
614 643 10 21
614 644 10 22
614 645 10 23
614 646 10 24
614 647 10 25
614 648 10 26
614 649 10 27
614 650 10 28
614 651 10 29
614 652 10 30
614 653 10 31
614 654 10 32
614 655 10 33
614 656 10 34
614 657 10 35
614 658 10 36
614 659 10 37
614 660 10 38
614 661 10 39
614 662 10 40
614 663 10 41
614 664 10 42
614 665 10 43
614 666 10 44
614 667 10 45
614 668 10 16
614 669 10 17
614 670 10 18
614 671 10 19
614 672 10 20
614 673 10 21
614 674 10 22
614 675 10 23
614 676 10 24
614 677 10 25
614 678 10 26
615 639 10 17
615 640 10 18
615 641 10 19
615 642 10 20
615 643 10 21
615 644 10 22
615 645 10 23
615 646 10 24
615 647 10 25
615 648 10 26
615 649 10 27
615 650 10 28
615 651 10 29
615 652 10 30
615 653 10 31
615 654 10 32
615 655 10 33
615 656 10 34
615 657 10 35
615 658 10 36
615 659 10 37
615 660 10 38
615 661 10 39
615 662 10 40
615 663 10 41
615 664 10 42
615 665 10 43
615 666 10 44
615 667 10 45
615 668 10 16
615 669 10 17
615 670 10 18
615 671 10 19
615 672 10 20
615 673 10 21
615 674 10 22
615 675 10 23
615 676 10 24
615 677 10 25
615 678 10 26
616 639 10 17
616 640 10 18
616 641 10 19
616 642 10 20
616 643 10 21
616 644 10 22
616 645 10 23
616 646 10 24
616 647 10 25
616 648 10 26
616 649 10 27
616 650 10 28
616 651 10 29
616 652 10 30
616 653 10 31
616 654 10 32
616 655 10 33
616 656 10 34
616 657 10 35
616 658 10 36
616 659 10 37
616 660 10 38
616 661 10 39
616 662 10 40
616 663 10 41
616 664 10 42
616 665 10 43
616 666 10 44
616 667 10 45
616 668 10 16
616 669 10 17
616 670 10 18
616 671 10 19
616 672 10 20
616 673 10 21
616 674 10 22
616 675 10 23
616 676 10 24
616 677 10 25
616 678 10 26
617 639 10 17
617 640 10 18
617 641 10 19
617 642 10 20
617 643 10 21
617 644 10 22
617 645 10 23
617 646 10 24
617 647 10 25
617 648 10 26
617 649 10 27
617 650 10 28
617 651 10 29
617 652 10 30
617 653 10 31
617 654 10 32
617 655 10 33
617 656 10 34
617 657 10 35
617 658 10 36
617 659 10 37
617 660 10 38
617 661 10 39
617 662 10 40
617 663 10 41
617 664 10 42
617 665 10 43
617 666 10 44
617 667 10 45
617 668 10 16
617 669 10 17
617 670 10 18
617 671 10 19
617 672 10 20
617 673 10 21
617 674 10 22
617 675 10 23
617 676 10 24
617 677 10 25
617 678 10 26
618 639 10 17
618 640 10 18
618 641 10 19
618 642 10 20
618 643 10 21
618 644 10 22
618 645 10 23
618 646 10 24
618 647 10 25
618 648 10 26
618 649 10 27
618 650 10 28
618 651 10 29
618 652 10 30
618 653 10 31
618 654 10 32
618 655 10 33
618 656 10 34
618 657 10 35
618 658 10 36
618 659 10 37
618 660 10 38
618 661 10 39
618 662 10 40
618 663 10 41
618 664 10 42
618 665 10 43
618 666 10 44
618 667 10 45
618 668 10 16
618 669 10 17
618 670 10 18
618 671 10 19
618 672 10 20
618 673 10 21
618 674 10 22
618 675 10 23
618 676 10 24
618 677 10 25
618 678 10 26
619 639 10 17
619 640 10 18
619 641 10 19
619 642 10 20
619 643 10 21
619 644 10 22
619 645 10 23
619 646 10 24
619 647 10 25
619 648 10 26
619 649 10 27
619 650 10 28
619 651 10 29
619 652 10 30
619 653 10 31
619 654 10 32
619 655 10 33
619 656 10 34
619 657 10 35
619 658 10 36
619 659 10 37
619 660 10 38
619 661 10 39
619 662 10 40
619 663 10 41
619 664 10 42
619 665 10 43
619 666 10 44
619 667 10 45
619 668 10 16
619 669 10 17
619 670 10 18
619 671 10 19
619 672 10 20
619 673 10 21
619 674 10 22
619 675 10 23
619 676 10 24
619 677 10 25
619 678 10 26
620 639 10 17
620 640 10 18
620 641 10 19
620 642 10 20
620 643 10 21
620 644 10 22
620 645 10 23
620 646 10 24
620 647 10 25
620 648 10 26
620 649 10 27
620 650 10 28
620 651 10 29
620 652 10 30
620 653 10 31
620 654 10 32
620 655 10 33
620 656 10 34
620 657 10 35
620 658 10 36
620 659 10 37
620 660 10 38
620 661 10 39
620 662 10 40
620 663 10 41
620 664 10 42
620 665 10 43
620 666 10 44
620 667 10 45
620 668 10 16
620 669 10 17
620 670 10 18
620 671 10 19
620 672 10 20
620 673 10 21
620 674 10 22
620 675 10 23
620 676 10 24
620 677 10 25
620 678 10 26
621 639 10 17
621 640 10 18
621 641 10 19
621 642 10 20
621 643 10 21
621 644 10 22
621 645 10 23
621 646 10 24
621 647 10 25
621 648 10 26
621 649 10 27
621 650 10 28
621 651 10 29
621 652 10 30
621 653 10 31
621 654 10 32
621 655 10 33
621 656 10 34
621 657 10 35
621 658 10 36
621 659 10 37
621 660 10 38
621 661 10 39
621 662 10 40
621 663 10 41
621 664 10 42
621 665 10 43
621 666 10 44
621 667 10 45
621 668 10 16
621 669 10 17
621 670 10 18
621 671 10 19
621 672 10 20
621 673 10 21
621 674 10 22
621 675 10 23
621 676 10 24
621 677 10 25
621 678 10 26
622 639 10 17
622 640 10 18
622 641 10 19
622 642 10 20
622 643 10 21
622 644 10 22
622 645 10 23
622 646 10 24
622 647 10 25
622 648 10 26
622 649 10 27
622 650 10 28
622 651 10 29
622 652 10 30
622 653 10 31
622 654 10 32
622 655 10 33
622 656 10 34
622 657 10 35
622 658 10 36
622 659 10 37
622 660 10 38
622 661 10 39
622 662 10 40
622 663 10 41
622 664 10 42
622 665 10 43
622 666 10 44
622 667 10 45
622 668 10 16
622 669 10 17
622 670 10 18
622 671 10 19
622 672 10 20
622 673 10 21
622 674 10 22
622 675 10 23
622 676 10 24
622 677 10 25
622 678 10 26
623 639 10 17
623 640 10 18
623 641 10 19
623 642 10 20
623 643 10 21
623 644 10 22
623 645 10 23
623 646 10 24
623 647 10 25
623 648 10 26
623 649 10 27
623 650 10 28
623 651 10 29
623 652 10 30
623 653 10 31
623 654 10 32
623 655 10 33
623 656 10 34
623 657 10 35
623 658 10 36
623 659 10 37
623 660 10 38
623 661 10 39
623 662 10 40
623 663 10 41
623 664 10 42
623 665 10 43
623 666 10 44
623 667 10 45
623 668 10 16
623 669 10 17
623 670 10 18
623 671 10 19
623 672 10 20
623 673 10 21
623 674 10 22
623 675 10 23
623 676 10 24
623 677 10 25
623 678 10 26
624 639 10 17
624 640 10 18
624 641 10 19
624 642 10 20
624 643 10 21
624 644 10 22
624 645 10 23
624 646 10 24
624 647 10 25
624 648 10 26
624 649 10 27
624 650 10 28
624 651 10 29
624 652 10 30
624 653 10 31
624 654 10 32
624 655 10 33
624 656 10 34
624 657 10 35
624 658 10 36
624 659 10 37
624 660 10 38
624 661 10 39
624 662 10 40
624 663 10 41
624 664 10 42
624 665 10 43
624 666 10 44
624 667 10 45
624 668 10 16
624 669 10 17
624 670 10 18
624 671 10 19
624 672 10 20
624 673 10 21
624 674 10 22
624 675 10 23
624 676 10 24
624 677 10 25
624 678 10 26
625 639 10 17
625 640 10 18
625 641 10 19
625 642 10 20
625 643 10 21
625 644 10 22
625 645 10 23
625 646 10 24
625 647 10 25
625 648 10 26
625 649 10 27
625 650 10 28
625 651 10 29
625 652 10 30
625 653 10 31
625 654 10 32
625 655 10 33
625 656 10 34
625 657 10 35
625 658 10 36
625 659 10 37
625 660 10 38
625 661 10 39
625 662 10 40
625 663 10 41
625 664 10 42
625 665 10 43
625 666 10 44
625 667 10 45
625 668 10 16
625 669 10 17
625 670 10 18
625 671 10 19
625 672 10 20
625 673 10 21
625 674 10 22
625 675 10 23
625 676 10 24
625 677 10 25
625 678 10 26
626 639 10 17
626 640 10 18
626 641 10 19
626 642 10 20
626 643 10 21
626 644 10 22
626 645 10 23
626 646 10 24
626 647 10 25
626 648 10 26
626 649 10 27
626 650 10 28
626 651 10 29
626 652 10 30
626 653 10 31
626 654 10 32
626 655 10 33
626 656 10 34
626 657 10 35
626 658 10 36
626 659 10 37
626 660 10 38
626 661 10 39
626 662 10 40
626 663 10 41
626 664 10 42
626 665 10 43
626 666 10 44
626 667 10 45
626 668 10 16
626 669 10 17
626 670 10 18
626 671 10 19
626 672 10 20
626 673 10 21
626 674 10 22
626 675 10 23
626 676 10 24
626 677 10 25
626 678 10 26
627 639 10 17
627 640 10 18
627 641 10 19
627 642 10 20
627 643 10 21
627 644 10 22
627 645 10 23
627 646 10 24
627 647 10 25
627 648 10 26
627 649 10 27
627 650 10 28
627 651 10 29
627 652 10 30
627 653 10 31
627 654 10 32
627 655 10 33
627 656 10 34
627 657 10 35
627 658 10 36
627 659 10 37
627 660 10 38
627 661 10 39
627 662 10 40
627 663 10 41
627 664 10 42
627 665 10 43
627 666 10 44
627 667 10 45
627 668 10 16
627 669 10 17
627 670 10 18
627 671 10 19
627 672 10 20
627 673 10 21
627 674 10 22
627 675 10 23
627 676 10 24
627 677 10 25
627 678 10 26
628 639 10 17
628 640 10 18
628 641 10 19
628 642 10 20
628 643 10 21
628 644 10 22
628 645 10 23
628 646 10 24
628 647 10 25
628 648 10 26
628 649 10 27
628 650 10 28
628 651 10 29
628 652 10 30
628 653 10 31
628 654 10 32
628 655 10 33
628 656 10 34
628 657 10 35
628 658 10 36
628 659 10 37
628 660 10 38
628 661 10 39
628 662 10 40
628 663 10 41
628 664 10 42
628 665 10 43
628 666 10 44
628 667 10 45
628 668 10 16
628 669 10 17
628 670 10 18
628 671 10 19
628 672 10 20
628 673 10 21
628 674 10 22
628 675 10 23
628 676 10 24
628 677 10 25
628 678 10 26
629 639 10 17
629 640 10 18
629 641 10 19
629 642 10 20
629 643 10 21
629 644 10 22
629 645 10 23
629 646 10 24
629 647 10 25
629 648 10 26
629 649 10 27
629 650 10 28
629 651 10 29
629 652 10 30
629 653 10 31
629 654 10 32
629 655 10 33
629 656 10 34
629 657 10 35
629 658 10 36
629 659 10 37
629 660 10 38
629 661 10 39
629 662 10 40
629 663 10 41
629 664 10 42
629 665 10 43
629 666 10 44
629 667 10 45
629 668 10 16
629 669 10 17
629 670 10 18
629 671 10 19
629 672 10 20
629 673 10 21
629 674 10 22
629 675 10 23
629 676 10 24
629 677 10 25
629 678 10 26
630 639 10 17
630 640 10 18
630 641 10 19
630 642 10 20
630 643 10 21
630 644 10 22
630 645 10 23
630 646 10 24
630 647 10 25
630 648 10 26
630 649 10 27
630 650 10 28
630 651 10 29
630 652 10 30
630 653 10 31
630 654 10 32
630 655 10 33
630 656 10 34
630 657 10 35
630 658 10 36
630 659 10 37
630 660 10 38
630 661 10 39
630 662 10 40
630 663 10 41
630 664 10 42
630 665 10 43
630 666 10 44
630 667 10 45
630 668 10 16
630 669 10 17
630 670 10 18
630 671 10 19
630 672 10 20
630 673 10 21
630 674 10 22
630 675 10 23
630 676 10 24
630 677 10 25
630 678 10 26
631 639 10 17
631 640 10 18
631 641 10 19
631 642 10 20
631 643 10 21
631 644 10 22
631 645 10 23
631 646 10 24
631 647 10 25
631 648 10 26
631 649 10 27
631 650 10 28
631 651 10 29
631 652 10 30
631 653 10 31
631 654 10 32
631 655 10 33
631 656 10 34
631 657 10 35
631 658 10 36
631 659 10 37
631 660 10 38
631 661 10 39
631 662 10 40
631 663 10 41
631 664 10 42
631 665 10 43
631 666 10 44
631 667 10 45
631 668 10 16
631 669 10 17
631 670 10 18
631 671 10 19
631 672 10 20
631 673 10 21
631 674 10 22
631 675 10 23
631 676 10 24
631 677 10 25
631 678 10 26
632 639 10 17
632 640 10 18
632 641 10 19
632 642 10 20
632 643 10 21
632 644 10 22
632 645 10 23
632 646 10 24
632 647 10 25
632 648 10 26
632 649 10 27
632 650 10 28
632 651 10 29
632 652 10 30
632 653 10 31
632 654 10 32
632 655 10 33
632 656 10 34
632 657 10 35
632 658 10 36
632 659 10 37
632 660 10 38
632 661 10 39
632 662 10 40
632 663 10 41
632 664 10 42
632 665 10 43
632 666 10 44
632 667 10 45
632 668 10 16
632 669 10 17
632 670 10 18
632 671 10 19
632 672 10 20
632 673 10 21
632 674 10 22
632 675 10 23
632 676 10 24
632 677 10 25
632 678 10 26
633 639 10 17
633 640 10 18
633 641 10 19
633 642 10 20
633 643 10 21
633 644 10 22
633 645 10 23
633 646 10 24
633 647 10 25
633 648 10 26
633 649 10 27
633 650 10 28
633 651 10 29
633 652 10 30
633 653 10 31
633 654 10 32
633 655 10 33
633 656 10 34
633 657 10 35
633 658 10 36
633 659 10 37
633 660 10 38
633 661 10 39
633 662 10 40
633 663 10 41
633 664 10 42
633 665 10 43
633 666 10 44
633 667 10 45
633 668 10 16
633 669 10 17
633 670 10 18
633 671 10 19
633 672 10 20
633 673 10 21
633 674 10 22
633 675 10 23
633 676 10 24
633 677 10 25
633 678 10 26
634 639 10 17
634 640 10 18
634 641 10 19
634 642 10 20
634 643 10 21
634 644 10 22
634 645 10 23
634 646 10 24
634 647 10 25
634 648 10 26
634 649 10 27
634 650 10 28
634 651 10 29
634 652 10 30
634 653 10 31
634 654 10 32
634 655 10 33
634 656 10 34
634 657 10 35
634 658 10 36
634 659 10 37
634 660 10 38
634 661 10 39
634 662 10 40
634 663 10 41
634 664 10 42
634 665 10 43
634 666 10 44
634 667 10 45
634 668 10 16
634 669 10 17
634 670 10 18
634 671 10 19
634 672 10 20
634 673 10 21
634 674 10 22
634 675 10 23
634 676 10 24
634 677 10 25
634 678 10 26
635 639 10 17
635 640 10 18
635 641 10 19
635 642 10 20
635 643 10 21
635 644 10 22
635 645 10 23
635 646 10 24
635 647 10 25
635 648 10 26
635 649 10 27
635 650 10 28
635 651 10 29
635 652 10 30
635 653 10 31
635 654 10 32
635 655 10 33
635 656 10 34
635 657 10 35
635 658 10 36
635 659 10 37
635 660 10 38
635 661 10 39
635 662 10 40
635 663 10 41
635 664 10 42
635 665 10 43
635 666 10 44
635 667 10 45
635 668 10 16
635 669 10 17
635 670 10 18
635 671 10 19
635 672 10 20
635 673 10 21
635 674 10 22
635 675 10 23
635 676 10 24
635 677 10 25
635 678 10 26
636 639 10 17
636 640 10 18
636 641 10 19
636 642 10 20
636 643 10 21
636 644 10 22
636 645 10 23
636 646 10 24
636 647 10 25
636 648 10 26
636 649 10 27
636 650 10 28
636 651 10 29
636 652 10 30
636 653 10 31
636 654 10 32
636 655 10 33
636 656 10 34
636 657 10 35
636 658 10 36
636 659 10 37
636 660 10 38
636 661 10 39
636 662 10 40
636 663 10 41
636 664 10 42
636 665 10 43
636 666 10 44
636 667 10 45
636 668 10 16
636 669 10 17
636 670 10 18
636 671 10 19
636 672 10 20
636 673 10 21
636 674 10 22
636 675 10 23
636 676 10 24
636 677 10 25
636 678 10 26
637 639 10 17
637 640 10 18
637 641 10 19
637 642 10 20
637 643 10 21
637 644 10 22
637 645 10 23
637 646 10 24
637 647 10 25
637 648 10 26
637 649 10 27
637 650 10 28
637 651 10 29
637 652 10 30
637 653 10 31
637 654 10 32
637 655 10 33
637 656 10 34
637 657 10 35
637 658 10 36
637 659 10 37
637 660 10 38
637 661 10 39
637 662 10 40
637 663 10 41
637 664 10 42
637 665 10 43
637 666 10 44
637 667 10 45
637 668 10 16
637 669 10 17
637 670 10 18
637 671 10 19
637 672 10 20
637 673 10 21
637 674 10 22
637 675 10 23
637 676 10 24
637 677 10 25
637 678 10 26
638 639 10 17
638 640 10 18
638 641 10 19
638 642 10 20
638 643 10 21
638 644 10 22
638 645 10 23
638 646 10 24
638 647 10 25
638 648 10 26
638 649 10 27
638 650 10 28
638 651 10 29
638 652 10 30
638 653 10 31
638 654 10 32
638 655 10 33
638 656 10 34
638 657 10 35
638 658 10 36
638 659 10 37
638 660 10 38
638 661 10 39
638 662 10 40
638 663 10 41
638 664 10 42
638 665 10 43
638 666 10 44
638 667 10 45
638 668 10 16
638 669 10 17
638 670 10 18
638 671 10 19
638 672 10 20
638 673 10 21
638 674 10 22
638 675 10 23
638 676 10 24
638 677 10 25
638 678 10 26
639 679 10 18
639 680 10 19
639 681 10 20
639 682 10 21
639 683 10 22
639 684 10 23
639 685 10 24
639 686 10 25
639 687 10 26
639 688 10 27
639 689 10 28
639 690 10 29
639 691 10 30
639 692 10 31
639 693 10 32
639 694 10 33
639 695 10 34
639 696 10 35
639 697 10 36
639 698 10 37
639 699 10 38
639 700 10 39
639 701 10 40
639 702 10 41
639 703 10 42
639 704 10 43
639 705 10 44
639 706 10 45
639 707 10 46
639 708 10 17
639 709 10 18
639 710 10 19
639 711 10 20
639 712 10 21
639 713 10 22
639 714 10 23
639 715 10 24
639 716 10 25
639 717 10 26
639 718 10 27
640 679 10 18
640 680 10 19
640 681 10 20
640 682 10 21
640 683 10 22
640 684 10 23
640 685 10 24
640 686 10 25
640 687 10 26
640 688 10 27
640 689 10 28
640 690 10 29
640 691 10 30
640 692 10 31
640 693 10 32
640 694 10 33
640 695 10 34
640 696 10 35
640 697 10 36
640 698 10 37
640 699 10 38
640 700 10 39
640 701 10 40
640 702 10 41
640 703 10 42
640 704 10 43
640 705 10 44
640 706 10 45
640 707 10 46
640 708 10 17
640 709 10 18
640 710 10 19
640 711 10 20
640 712 10 21
640 713 10 22
640 714 10 23
640 715 10 24
640 716 10 25
640 717 10 26
640 718 10 27
641 679 10 18
641 680 10 19
641 681 10 20
641 682 10 21
641 683 10 22
641 684 10 23
641 685 10 24
641 686 10 25
641 687 10 26
641 688 10 27
641 689 10 28
641 690 10 29
641 691 10 30
641 692 10 31
641 693 10 32
641 694 10 33
641 695 10 34
641 696 10 35
641 697 10 36
641 698 10 37
641 699 10 38
641 700 10 39
641 701 10 40
641 702 10 41
641 703 10 42
641 704 10 43
641 705 10 44
641 706 10 45
641 707 10 46
641 708 10 17
641 709 10 18
641 710 10 19
641 711 10 20
641 712 10 21
641 713 10 22
641 714 10 23
641 715 10 24
641 716 10 25
641 717 10 26
641 718 10 27
642 679 10 18
642 680 10 19
642 681 10 20
642 682 10 21
642 683 10 22
642 684 10 23
642 685 10 24
642 686 10 25
642 687 10 26
642 688 10 27
642 689 10 28
642 690 10 29
642 691 10 30
642 692 10 31
642 693 10 32
642 694 10 33
642 695 10 34
642 696 10 35
642 697 10 36
642 698 10 37
642 699 10 38
642 700 10 39
642 701 10 40
642 702 10 41
642 703 10 42
642 704 10 43
642 705 10 44
642 706 10 45
642 707 10 46
642 708 10 17
642 709 10 18
642 710 10 19
642 711 10 20
642 712 10 21
642 713 10 22
642 714 10 23
642 715 10 24
642 716 10 25
642 717 10 26
642 718 10 27
643 679 10 18
643 680 10 19
643 681 10 20
643 682 10 21
643 683 10 22
643 684 10 23
643 685 10 24
643 686 10 25
643 687 10 26
643 688 10 27
643 689 10 28
643 690 10 29
643 691 10 30
643 692 10 31
643 693 10 32
643 694 10 33
643 695 10 34
643 696 10 35
643 697 10 36
643 698 10 37
643 699 10 38
643 700 10 39
643 701 10 40
643 702 10 41
643 703 10 42
643 704 10 43
643 705 10 44
643 706 10 45
643 707 10 46
643 708 10 17
643 709 10 18
643 710 10 19
643 711 10 20
643 712 10 21
643 713 10 22
643 714 10 23
643 715 10 24
643 716 10 25
643 717 10 26
643 718 10 27
644 679 10 18
644 680 10 19
644 681 10 20
644 682 10 21
644 683 10 22
644 684 10 23
644 685 10 24
644 686 10 25
644 687 10 26
644 688 10 27
644 689 10 28
644 690 10 29
644 691 10 30
644 692 10 31
644 693 10 32
644 694 10 33
644 695 10 34
644 696 10 35
644 697 10 36
644 698 10 37
644 699 10 38
644 700 10 39
644 701 10 40
644 702 10 41
644 703 10 42
644 704 10 43
644 705 10 44
644 706 10 45
644 707 10 46
644 708 10 17
644 709 10 18
644 710 10 19
644 711 10 20
644 712 10 21
644 713 10 22
644 714 10 23
644 715 10 24
644 716 10 25
644 717 10 26
644 718 10 27
645 679 10 18
645 680 10 19
645 681 10 20
645 682 10 21
645 683 10 22
645 684 10 23
645 685 10 24
645 686 10 25
645 687 10 26
645 688 10 27
645 689 10 28
645 690 10 29
645 691 10 30
645 692 10 31
645 693 10 32
645 694 10 33
645 695 10 34
645 696 10 35
645 697 10 36
645 698 10 37
645 699 10 38
645 700 10 39
645 701 10 40
645 702 10 41
645 703 10 42
645 704 10 43
645 705 10 44
645 706 10 45
645 707 10 46
645 708 10 17
645 709 10 18
645 710 10 19
645 711 10 20
645 712 10 21
645 713 10 22
645 714 10 23
645 715 10 24
645 716 10 25
645 717 10 26
645 718 10 27
646 679 10 18
646 680 10 19
646 681 10 20
646 682 10 21
646 683 10 22
646 684 10 23
646 685 10 24
646 686 10 25
646 687 10 26
646 688 10 27
646 689 10 28
646 690 10 29
646 691 10 30
646 692 10 31
646 693 10 32
646 694 10 33
646 695 10 34
646 696 10 35
646 697 10 36
646 698 10 37
646 699 10 38
646 700 10 39
646 701 10 40
646 702 10 41
646 703 10 42
646 704 10 43
646 705 10 44
646 706 10 45
646 707 10 46
646 708 10 17
646 709 10 18
646 710 10 19
646 711 10 20
646 712 10 21
646 713 10 22
646 714 10 23
646 715 10 24
646 716 10 25
646 717 10 26
646 718 10 27
647 679 10 18
647 680 10 19
647 681 10 20
647 682 10 21
647 683 10 22
647 684 10 23
647 685 10 24
647 686 10 25
647 687 10 26
647 688 10 27
647 689 10 28
647 690 10 29
647 691 10 30
647 692 10 31
647 693 10 32
647 694 10 33
647 695 10 34
647 696 10 35
647 697 10 36
647 698 10 37
647 699 10 38
647 700 10 39
647 701 10 40
647 702 10 41
647 703 10 42
647 704 10 43
647 705 10 44
647 706 10 45
647 707 10 46
647 708 10 17
647 709 10 18
647 710 10 19
647 711 10 20
647 712 10 21
647 713 10 22
647 714 10 23
647 715 10 24
647 716 10 25
647 717 10 26
647 718 10 27
648 679 10 18
648 680 10 19
648 681 10 20
648 682 10 21
648 683 10 22
648 684 10 23
648 685 10 24
648 686 10 25
648 687 10 26
648 688 10 27
648 689 10 28
648 690 10 29
648 691 10 30
648 692 10 31
648 693 10 32
648 694 10 33
648 695 10 34
648 696 10 35
648 697 10 36
648 698 10 37
648 699 10 38
648 700 10 39
648 701 10 40
648 702 10 41
648 703 10 42
648 704 10 43
648 705 10 44
648 706 10 45
648 707 10 46
648 708 10 17
648 709 10 18
648 710 10 19
648 711 10 20
648 712 10 21
648 713 10 22
648 714 10 23
648 715 10 24
648 716 10 25
648 717 10 26
648 718 10 27
649 679 10 18
649 680 10 19
649 681 10 20
649 682 10 21
649 683 10 22
649 684 10 23
649 685 10 24
649 686 10 25
649 687 10 26
649 688 10 27
649 689 10 28
649 690 10 29
649 691 10 30
649 692 10 31
649 693 10 32
649 694 10 33
649 695 10 34
649 696 10 35
649 697 10 36
649 698 10 37
649 699 10 38
649 700 10 39
649 701 10 40
649 702 10 41
649 703 10 42
649 704 10 43
649 705 10 44
649 706 10 45
649 707 10 46
649 708 10 17
649 709 10 18
649 710 10 19
649 711 10 20
649 712 10 21
649 713 10 22
649 714 10 23
649 715 10 24
649 716 10 25
649 717 10 26
649 718 10 27
650 679 10 18
650 680 10 19
650 681 10 20
650 682 10 21
650 683 10 22
650 684 10 23
650 685 10 24
650 686 10 25
650 687 10 26
650 688 10 27
650 689 10 28
650 690 10 29
650 691 10 30
650 692 10 31
650 693 10 32
650 694 10 33
650 695 10 34
650 696 10 35
650 697 10 36
650 698 10 37
650 699 10 38
650 700 10 39
650 701 10 40
650 702 10 41
650 703 10 42
650 704 10 43
650 705 10 44
650 706 10 45
650 707 10 46
650 708 10 17
650 709 10 18
650 710 10 19
650 711 10 20
650 712 10 21
650 713 10 22
650 714 10 23
650 715 10 24
650 716 10 25
650 717 10 26
650 718 10 27
651 679 10 18
651 680 10 19
651 681 10 20
651 682 10 21
651 683 10 22
651 684 10 23
651 685 10 24
651 686 10 25
651 687 10 26
651 688 10 27
651 689 10 28
651 690 10 29
651 691 10 30
651 692 10 31
651 693 10 32
651 694 10 33
651 695 10 34
651 696 10 35
651 697 10 36
651 698 10 37
651 699 10 38
651 700 10 39
651 701 10 40
651 702 10 41
651 703 10 42
651 704 10 43
651 705 10 44
651 706 10 45
651 707 10 46
651 708 10 17
651 709 10 18
651 710 10 19
651 711 10 20
651 712 10 21
651 713 10 22
651 714 10 23
651 715 10 24
651 716 10 25
651 717 10 26
651 718 10 27
652 679 10 18
652 680 10 19
652 681 10 20
652 682 10 21
652 683 10 22
652 684 10 23
652 685 10 24
652 686 10 25
652 687 10 26
652 688 10 27
652 689 10 28
652 690 10 29
652 691 10 30
652 692 10 31
652 693 10 32
652 694 10 33
652 695 10 34
652 696 10 35
652 697 10 36
652 698 10 37
652 699 10 38
652 700 10 39
652 701 10 40
652 702 10 41
652 703 10 42
652 704 10 43
652 705 10 44
652 706 10 45
652 707 10 46
652 708 10 17
652 709 10 18
652 710 10 19
652 711 10 20
652 712 10 21
652 713 10 22
652 714 10 23
652 715 10 24
652 716 10 25
652 717 10 26
652 718 10 27
653 679 10 18
653 680 10 19
653 681 10 20
653 682 10 21
653 683 10 22
653 684 10 23
653 685 10 24
653 686 10 25
653 687 10 26
653 688 10 27
653 689 10 28
653 690 10 29
653 691 10 30
653 692 10 31
653 693 10 32
653 694 10 33
653 695 10 34
653 696 10 35
653 697 10 36
653 698 10 37
653 699 10 38
653 700 10 39
653 701 10 40
653 702 10 41
653 703 10 42
653 704 10 43
653 705 10 44
653 706 10 45
653 707 10 46
653 708 10 17
653 709 10 18
653 710 10 19
653 711 10 20
653 712 10 21
653 713 10 22
653 714 10 23
653 715 10 24
653 716 10 25
653 717 10 26
653 718 10 27
654 679 10 18
654 680 10 19
654 681 10 20
654 682 10 21
654 683 10 22
654 684 10 23
654 685 10 24
654 686 10 25
654 687 10 26
654 688 10 27
654 689 10 28
654 690 10 29
654 691 10 30
654 692 10 31
654 693 10 32
654 694 10 33
654 695 10 34
654 696 10 35
654 697 10 36
654 698 10 37
654 699 10 38
654 700 10 39
654 701 10 40
654 702 10 41
654 703 10 42
654 704 10 43
654 705 10 44
654 706 10 45
654 707 10 46
654 708 10 17
654 709 10 18
654 710 10 19
654 711 10 20
654 712 10 21
654 713 10 22
654 714 10 23
654 715 10 24
654 716 10 25
654 717 10 26
654 718 10 27
655 679 10 18
655 680 10 19
655 681 10 20
655 682 10 21
655 683 10 22
655 684 10 23
655 685 10 24
655 686 10 25
655 687 10 26
655 688 10 27
655 689 10 28
655 690 10 29
655 691 10 30
655 692 10 31
655 693 10 32
655 694 10 33
655 695 10 34
655 696 10 35
655 697 10 36
655 698 10 37
655 699 10 38
655 700 10 39
655 701 10 40
655 702 10 41
655 703 10 42
655 704 10 43
655 705 10 44
655 706 10 45
655 707 10 46
655 708 10 17
655 709 10 18
655 710 10 19
655 711 10 20
655 712 10 21
655 713 10 22
655 714 10 23
655 715 10 24
655 716 10 25
655 717 10 26
655 718 10 27
656 679 10 18
656 680 10 19
656 681 10 20
656 682 10 21
656 683 10 22
656 684 10 23
656 685 10 24
656 686 10 25
656 687 10 26
656 688 10 27
656 689 10 28
656 690 10 29
656 691 10 30
656 692 10 31
656 693 10 32
656 694 10 33
656 695 10 34
656 696 10 35
656 697 10 36
656 698 10 37
656 699 10 38
656 700 10 39
656 701 10 40
656 702 10 41
656 703 10 42
656 704 10 43
656 705 10 44
656 706 10 45
656 707 10 46
656 708 10 17
656 709 10 18
656 710 10 19
656 711 10 20
656 712 10 21
656 713 10 22
656 714 10 23
656 715 10 24
656 716 10 25
656 717 10 26
656 718 10 27
657 679 10 18
657 680 10 19
657 681 10 20
657 682 10 21
657 683 10 22
657 684 10 23
657 685 10 24
657 686 10 25
657 687 10 26
657 688 10 27
657 689 10 28
657 690 10 29
657 691 10 30
657 692 10 31
657 693 10 32
657 694 10 33
657 695 10 34
657 696 10 35
657 697 10 36
657 698 10 37
657 699 10 38
657 700 10 39
657 701 10 40
657 702 10 41
657 703 10 42
657 704 10 43
657 705 10 44
657 706 10 45
657 707 10 46
657 708 10 17
657 709 10 18
657 710 10 19
657 711 10 20
657 712 10 21
657 713 10 22
657 714 10 23
657 715 10 24
657 716 10 25
657 717 10 26
657 718 10 27
658 679 10 18
658 680 10 19
658 681 10 20
658 682 10 21
658 683 10 22
658 684 10 23
658 685 10 24
658 686 10 25
658 687 10 26
658 688 10 27
658 689 10 28
658 690 10 29
658 691 10 30
658 692 10 31
658 693 10 32
658 694 10 33
658 695 10 34
658 696 10 35
658 697 10 36
658 698 10 37
658 699 10 38
658 700 10 39
658 701 10 40
658 702 10 41
658 703 10 42
658 704 10 43
658 705 10 44
658 706 10 45
658 707 10 46
658 708 10 17
658 709 10 18
658 710 10 19
658 711 10 20
658 712 10 21
658 713 10 22
658 714 10 23
658 715 10 24
658 716 10 25
658 717 10 26
658 718 10 27
659 679 10 18
659 680 10 19
659 681 10 20
659 682 10 21
659 683 10 22
659 684 10 23
659 685 10 24
659 686 10 25
659 687 10 26
659 688 10 27
659 689 10 28
659 690 10 29
659 691 10 30
659 692 10 31
659 693 10 32
659 694 10 33
659 695 10 34
659 696 10 35
659 697 10 36
659 698 10 37
659 699 10 38
659 700 10 39
659 701 10 40
659 702 10 41
659 703 10 42
659 704 10 43
659 705 10 44
659 706 10 45
659 707 10 46
659 708 10 17
659 709 10 18
659 710 10 19
659 711 10 20
659 712 10 21
659 713 10 22
659 714 10 23
659 715 10 24
659 716 10 25
659 717 10 26
659 718 10 27
660 679 10 18
660 680 10 19
660 681 10 20
660 682 10 21
660 683 10 22
660 684 10 23
660 685 10 24
660 686 10 25
660 687 10 26
660 688 10 27
660 689 10 28
660 690 10 29
660 691 10 30
660 692 10 31
660 693 10 32
660 694 10 33
660 695 10 34
660 696 10 35
660 697 10 36
660 698 10 37
660 699 10 38
660 700 10 39
660 701 10 40
660 702 10 41
660 703 10 42
660 704 10 43
660 705 10 44
660 706 10 45
660 707 10 46
660 708 10 17
660 709 10 18
660 710 10 19
660 711 10 20
660 712 10 21
660 713 10 22
660 714 10 23
660 715 10 24
660 716 10 25
660 717 10 26
660 718 10 27
661 679 10 18
661 680 10 19
661 681 10 20
661 682 10 21
661 683 10 22
661 684 10 23
661 685 10 24
661 686 10 25
661 687 10 26
661 688 10 27
661 689 10 28
661 690 10 29
661 691 10 30
661 692 10 31
661 693 10 32
661 694 10 33
661 695 10 34
661 696 10 35
661 697 10 36
661 698 10 37
661 699 10 38
661 700 10 39
661 701 10 40
661 702 10 41
661 703 10 42
661 704 10 43
661 705 10 44
661 706 10 45
661 707 10 46
661 708 10 17
661 709 10 18
661 710 10 19
661 711 10 20
661 712 10 21
661 713 10 22
661 714 10 23
661 715 10 24
661 716 10 25
661 717 10 26
661 718 10 27
662 679 10 18
662 680 10 19
662 681 10 20
662 682 10 21
662 683 10 22
662 684 10 23
662 685 10 24
662 686 10 25
662 687 10 26
662 688 10 27
662 689 10 28
662 690 10 29
662 691 10 30
662 692 10 31
662 693 10 32
662 694 10 33
662 695 10 34
662 696 10 35
662 697 10 36
662 698 10 37
662 699 10 38
662 700 10 39
662 701 10 40
662 702 10 41
662 703 10 42
662 704 10 43
662 705 10 44
662 706 10 45
662 707 10 46
662 708 10 17
662 709 10 18
662 710 10 19
662 711 10 20
662 712 10 21
662 713 10 22
662 714 10 23
662 715 10 24
662 716 10 25
662 717 10 26
662 718 10 27
663 679 10 18
663 680 10 19
663 681 10 20
663 682 10 21
663 683 10 22
663 684 10 23
663 685 10 24
663 686 10 25
663 687 10 26
663 688 10 27
663 689 10 28
663 690 10 29
663 691 10 30
663 692 10 31
663 693 10 32
663 694 10 33
663 695 10 34
663 696 10 35
663 697 10 36
663 698 10 37
663 699 10 38
663 700 10 39
663 701 10 40
663 702 10 41
663 703 10 42
663 704 10 43
663 705 10 44
663 706 10 45
663 707 10 46
663 708 10 17
663 709 10 18
663 710 10 19
663 711 10 20
663 712 10 21
663 713 10 22
663 714 10 23
663 715 10 24
663 716 10 25
663 717 10 26
663 718 10 27
664 679 10 18
664 680 10 19
664 681 10 20
664 682 10 21
664 683 10 22
664 684 10 23
664 685 10 24
664 686 10 25
664 687 10 26
664 688 10 27
664 689 10 28
664 690 10 29
664 691 10 30
664 692 10 31
664 693 10 32
664 694 10 33
664 695 10 34
664 696 10 35
664 697 10 36
664 698 10 37
664 699 10 38
664 700 10 39
664 701 10 40
664 702 10 41
664 703 10 42
664 704 10 43
664 705 10 44
664 706 10 45
664 707 10 46
664 708 10 17
664 709 10 18
664 710 10 19
664 711 10 20
664 712 10 21
664 713 10 22
664 714 10 23
664 715 10 24
664 716 10 25
664 717 10 26
664 718 10 27
665 679 10 18
665 680 10 19
665 681 10 20
665 682 10 21
665 683 10 22
665 684 10 23
665 685 10 24
665 686 10 25
665 687 10 26
665 688 10 27
665 689 10 28
665 690 10 29
665 691 10 30
665 692 10 31
665 693 10 32
665 694 10 33
665 695 10 34
665 696 10 35
665 697 10 36
665 698 10 37
665 699 10 38
665 700 10 39
665 701 10 40
665 702 10 41
665 703 10 42
665 704 10 43
665 705 10 44
665 706 10 45
665 707 10 46
665 708 10 17
665 709 10 18
665 710 10 19
665 711 10 20
665 712 10 21
665 713 10 22
665 714 10 23
665 715 10 24
665 716 10 25
665 717 10 26
665 718 10 27
666 679 10 18
666 680 10 19
666 681 10 20
666 682 10 21
666 683 10 22
666 684 10 23
666 685 10 24
666 686 10 25
666 687 10 26
666 688 10 27
666 689 10 28
666 690 10 29
666 691 10 30
666 692 10 31
666 693 10 32
666 694 10 33
666 695 10 34
666 696 10 35
666 697 10 36
666 698 10 37
666 699 10 38
666 700 10 39
666 701 10 40
666 702 10 41
666 703 10 42
666 704 10 43
666 705 10 44
666 706 10 45
666 707 10 46
666 708 10 17
666 709 10 18
666 710 10 19
666 711 10 20
666 712 10 21
666 713 10 22
666 714 10 23
666 715 10 24
666 716 10 25
666 717 10 26
666 718 10 27
667 679 10 18
667 680 10 19
667 681 10 20
667 682 10 21
667 683 10 22
667 684 10 23
667 685 10 24
667 686 10 25
667 687 10 26
667 688 10 27
667 689 10 28
667 690 10 29
667 691 10 30
667 692 10 31
667 693 10 32
667 694 10 33
667 695 10 34
667 696 10 35
667 697 10 36
667 698 10 37
667 699 10 38
667 700 10 39
667 701 10 40
667 702 10 41
667 703 10 42
667 704 10 43
667 705 10 44
667 706 10 45
667 707 10 46
667 708 10 17
667 709 10 18
667 710 10 19
667 711 10 20
667 712 10 21
667 713 10 22
667 714 10 23
667 715 10 24
667 716 10 25
667 717 10 26
667 718 10 27
668 679 10 18
668 680 10 19
668 681 10 20
668 682 10 21
668 683 10 22
668 684 10 23
668 685 10 24
668 686 10 25
668 687 10 26
668 688 10 27
668 689 10 28
668 690 10 29
668 691 10 30
668 692 10 31
668 693 10 32
668 694 10 33
668 695 10 34
668 696 10 35
668 697 10 36
668 698 10 37
668 699 10 38
668 700 10 39
668 701 10 40
668 702 10 41
668 703 10 42
668 704 10 43
668 705 10 44
668 706 10 45
668 707 10 46
668 708 10 17
668 709 10 18
668 710 10 19
668 711 10 20
668 712 10 21
668 713 10 22
668 714 10 23
668 715 10 24
668 716 10 25
668 717 10 26
668 718 10 27
669 679 10 18
669 680 10 19
669 681 10 20
669 682 10 21
669 683 10 22
669 684 10 23
669 685 10 24
669 686 10 25
669 687 10 26
669 688 10 27
669 689 10 28
669 690 10 29
669 691 10 30
669 692 10 31
669 693 10 32
669 694 10 33
669 695 10 34
669 696 10 35
669 697 10 36
669 698 10 37
669 699 10 38
669 700 10 39
669 701 10 40
669 702 10 41
669 703 10 42
669 704 10 43
669 705 10 44
669 706 10 45
669 707 10 46
669 708 10 17
669 709 10 18
669 710 10 19
669 711 10 20
669 712 10 21
669 713 10 22
669 714 10 23
669 715 10 24
669 716 10 25
669 717 10 26
669 718 10 27
670 679 10 18
670 680 10 19
670 681 10 20
670 682 10 21
670 683 10 22
670 684 10 23
670 685 10 24
670 686 10 25
670 687 10 26
670 688 10 27
670 689 10 28
670 690 10 29
670 691 10 30
670 692 10 31
670 693 10 32
670 694 10 33
670 695 10 34
670 696 10 35
670 697 10 36
670 698 10 37
670 699 10 38
670 700 10 39
670 701 10 40
670 702 10 41
670 703 10 42
670 704 10 43
670 705 10 44
670 706 10 45
670 707 10 46
670 708 10 17
670 709 10 18
670 710 10 19
670 711 10 20
670 712 10 21
670 713 10 22
670 714 10 23
670 715 10 24
670 716 10 25
670 717 10 26
670 718 10 27
671 679 10 18
671 680 10 19
671 681 10 20
671 682 10 21
671 683 10 22
671 684 10 23
671 685 10 24
671 686 10 25
671 687 10 26
671 688 10 27
671 689 10 28
671 690 10 29
671 691 10 30
671 692 10 31
671 693 10 32
671 694 10 33
671 695 10 34
671 696 10 35
671 697 10 36
671 698 10 37
671 699 10 38
671 700 10 39
671 701 10 40
671 702 10 41
671 703 10 42
671 704 10 43
671 705 10 44
671 706 10 45
671 707 10 46
671 708 10 17
671 709 10 18
671 710 10 19
671 711 10 20
671 712 10 21
671 713 10 22
671 714 10 23
671 715 10 24
671 716 10 25
671 717 10 26
671 718 10 27
672 679 10 18
672 680 10 19
672 681 10 20
672 682 10 21
672 683 10 22
672 684 10 23
672 685 10 24
672 686 10 25
672 687 10 26
672 688 10 27
672 689 10 28
672 690 10 29
672 691 10 30
672 692 10 31
672 693 10 32
672 694 10 33
672 695 10 34
672 696 10 35
672 697 10 36
672 698 10 37
672 699 10 38
672 700 10 39
672 701 10 40
672 702 10 41
672 703 10 42
672 704 10 43
672 705 10 44
672 706 10 45
672 707 10 46
672 708 10 17
672 709 10 18
672 710 10 19
672 711 10 20
672 712 10 21
672 713 10 22
672 714 10 23
672 715 10 24
672 716 10 25
672 717 10 26
672 718 10 27
673 679 10 18
673 680 10 19
673 681 10 20
673 682 10 21
673 683 10 22
673 684 10 23
673 685 10 24
673 686 10 25
673 687 10 26
673 688 10 27
673 689 10 28
673 690 10 29
673 691 10 30
673 692 10 31
673 693 10 32
673 694 10 33
673 695 10 34
673 696 10 35
673 697 10 36
673 698 10 37
673 699 10 38
673 700 10 39
673 701 10 40
673 702 10 41
673 703 10 42
673 704 10 43
673 705 10 44
673 706 10 45
673 707 10 46
673 708 10 17
673 709 10 18
673 710 10 19
673 711 10 20
673 712 10 21
673 713 10 22
673 714 10 23
673 715 10 24
673 716 10 25
673 717 10 26
673 718 10 27
674 679 10 18
674 680 10 19
674 681 10 20
674 682 10 21
674 683 10 22
674 684 10 23
674 685 10 24
674 686 10 25
674 687 10 26
674 688 10 27
674 689 10 28
674 690 10 29
674 691 10 30
674 692 10 31
674 693 10 32
674 694 10 33
674 695 10 34
674 696 10 35
674 697 10 36
674 698 10 37
674 699 10 38
674 700 10 39
674 701 10 40
674 702 10 41
674 703 10 42
674 704 10 43
674 705 10 44
674 706 10 45
674 707 10 46
674 708 10 17
674 709 10 18
674 710 10 19
674 711 10 20
674 712 10 21
674 713 10 22
674 714 10 23
674 715 10 24
674 716 10 25
674 717 10 26
674 718 10 27
675 679 10 18
675 680 10 19
675 681 10 20
675 682 10 21
675 683 10 22
675 684 10 23
675 685 10 24
675 686 10 25
675 687 10 26
675 688 10 27
675 689 10 28
675 690 10 29
675 691 10 30
675 692 10 31
675 693 10 32
675 694 10 33
675 695 10 34
675 696 10 35
675 697 10 36
675 698 10 37
675 699 10 38
675 700 10 39
675 701 10 40
675 702 10 41
675 703 10 42
675 704 10 43
675 705 10 44
675 706 10 45
675 707 10 46
675 708 10 17
675 709 10 18
675 710 10 19
675 711 10 20
675 712 10 21
675 713 10 22
675 714 10 23
675 715 10 24
675 716 10 25
675 717 10 26
675 718 10 27
676 679 10 18
676 680 10 19
676 681 10 20
676 682 10 21
676 683 10 22
676 684 10 23
676 685 10 24
676 686 10 25
676 687 10 26
676 688 10 27
676 689 10 28
676 690 10 29
676 691 10 30
676 692 10 31
676 693 10 32
676 694 10 33
676 695 10 34
676 696 10 35
676 697 10 36
676 698 10 37
676 699 10 38
676 700 10 39
676 701 10 40
676 702 10 41
676 703 10 42
676 704 10 43
676 705 10 44
676 706 10 45
676 707 10 46
676 708 10 17
676 709 10 18
676 710 10 19
676 711 10 20
676 712 10 21
676 713 10 22
676 714 10 23
676 715 10 24
676 716 10 25
676 717 10 26
676 718 10 27
677 679 10 18
677 680 10 19
677 681 10 20
677 682 10 21
677 683 10 22
677 684 10 23
677 685 10 24
677 686 10 25
677 687 10 26
677 688 10 27
677 689 10 28
677 690 10 29
677 691 10 30
677 692 10 31
677 693 10 32
677 694 10 33
677 695 10 34
677 696 10 35
677 697 10 36
677 698 10 37
677 699 10 38
677 700 10 39
677 701 10 40
677 702 10 41
677 703 10 42
677 704 10 43
677 705 10 44
677 706 10 45
677 707 10 46
677 708 10 17
677 709 10 18
677 710 10 19
677 711 10 20
677 712 10 21
677 713 10 22
677 714 10 23
677 715 10 24
677 716 10 25
677 717 10 26
677 718 10 27
678 679 10 18
678 680 10 19
678 681 10 20
678 682 10 21
678 683 10 22
678 684 10 23
678 685 10 24
678 686 10 25
678 687 10 26
678 688 10 27
678 689 10 28
678 690 10 29
678 691 10 30
678 692 10 31
678 693 10 32
678 694 10 33
678 695 10 34
678 696 10 35
678 697 10 36
678 698 10 37
678 699 10 38
678 700 10 39
678 701 10 40
678 702 10 41
678 703 10 42
678 704 10 43
678 705 10 44
678 706 10 45
678 707 10 46
678 708 10 17
678 709 10 18
678 710 10 19
678 711 10 20
678 712 10 21
678 713 10 22
678 714 10 23
678 715 10 24
678 716 10 25
678 717 10 26
678 718 10 27
679 719 10 19
679 720 10 20
679 721 10 21
679 722 10 22
679 723 10 23
679 724 10 24
679 725 10 25
679 726 10 26
679 727 10 27
679 728 10 28
679 729 10 29
679 730 10 30
679 731 10 31
679 732 10 32
679 733 10 33
679 734 10 34
679 735 10 35
679 736 10 36
679 737 10 37
679 738 10 38
679 739 10 39
679 740 10 40
679 741 10 41
679 742 10 42
679 743 10 43
679 744 10 44
679 745 10 45
679 746 10 46
679 747 10 47
679 748 10 18
679 749 10 19
679 750 10 20
679 751 10 21
679 752 10 22
679 753 10 23
679 754 10 24
679 755 10 25
679 756 10 26
679 757 10 27
679 758 10 28
680 719 10 19
680 720 10 20
680 721 10 21
680 722 10 22
680 723 10 23
680 724 10 24
680 725 10 25
680 726 10 26
680 727 10 27
680 728 10 28
680 729 10 29
680 730 10 30
680 731 10 31
680 732 10 32
680 733 10 33
680 734 10 34
680 735 10 35
680 736 10 36
680 737 10 37
680 738 10 38
680 739 10 39
680 740 10 40
680 741 10 41
680 742 10 42
680 743 10 43
680 744 10 44
680 745 10 45
680 746 10 46
680 747 10 47
680 748 10 18
680 749 10 19
680 750 10 20
680 751 10 21
680 752 10 22
680 753 10 23
680 754 10 24
680 755 10 25
680 756 10 26
680 757 10 27
680 758 10 28
681 719 10 19
681 720 10 20
681 721 10 21
681 722 10 22
681 723 10 23
681 724 10 24
681 725 10 25
681 726 10 26
681 727 10 27
681 728 10 28
681 729 10 29
681 730 10 30
681 731 10 31
681 732 10 32
681 733 10 33
681 734 10 34
681 735 10 35
681 736 10 36
681 737 10 37
681 738 10 38
681 739 10 39
681 740 10 40
681 741 10 41
681 742 10 42
681 743 10 43
681 744 10 44
681 745 10 45
681 746 10 46
681 747 10 47
681 748 10 18
681 749 10 19
681 750 10 20
681 751 10 21
681 752 10 22
681 753 10 23
681 754 10 24
681 755 10 25
681 756 10 26
681 757 10 27
681 758 10 28
682 719 10 19
682 720 10 20
682 721 10 21
682 722 10 22
682 723 10 23
682 724 10 24
682 725 10 25
682 726 10 26
682 727 10 27
682 728 10 28
682 729 10 29
682 730 10 30
682 731 10 31
682 732 10 32
682 733 10 33
682 734 10 34
682 735 10 35
682 736 10 36
682 737 10 37
682 738 10 38
682 739 10 39
682 740 10 40
682 741 10 41
682 742 10 42
682 743 10 43
682 744 10 44
682 745 10 45
682 746 10 46
682 747 10 47
682 748 10 18
682 749 10 19
682 750 10 20
682 751 10 21
682 752 10 22
682 753 10 23
682 754 10 24
682 755 10 25
682 756 10 26
682 757 10 27
682 758 10 28
683 719 10 19
683 720 10 20
683 721 10 21
683 722 10 22
683 723 10 23
683 724 10 24
683 725 10 25
683 726 10 26
683 727 10 27
683 728 10 28
683 729 10 29
683 730 10 30
683 731 10 31
683 732 10 32
683 733 10 33
683 734 10 34
683 735 10 35
683 736 10 36
683 737 10 37
683 738 10 38
683 739 10 39
683 740 10 40
683 741 10 41
683 742 10 42
683 743 10 43
683 744 10 44
683 745 10 45
683 746 10 46
683 747 10 47
683 748 10 18
683 749 10 19
683 750 10 20
683 751 10 21
683 752 10 22
683 753 10 23
683 754 10 24
683 755 10 25
683 756 10 26
683 757 10 27
683 758 10 28
684 719 10 19
684 720 10 20
684 721 10 21
684 722 10 22
684 723 10 23
684 724 10 24
684 725 10 25
684 726 10 26
684 727 10 27
684 728 10 28
684 729 10 29
684 730 10 30
684 731 10 31
684 732 10 32
684 733 10 33
684 734 10 34
684 735 10 35
684 736 10 36
684 737 10 37
684 738 10 38
684 739 10 39
684 740 10 40
684 741 10 41
684 742 10 42
684 743 10 43
684 744 10 44
684 745 10 45
684 746 10 46
684 747 10 47
684 748 10 18
684 749 10 19
684 750 10 20
684 751 10 21
684 752 10 22
684 753 10 23
684 754 10 24
684 755 10 25
684 756 10 26
684 757 10 27
684 758 10 28
685 719 10 19
685 720 10 20
685 721 10 21
685 722 10 22
685 723 10 23
685 724 10 24
685 725 10 25
685 726 10 26
685 727 10 27
685 728 10 28
685 729 10 29
685 730 10 30
685 731 10 31
685 732 10 32
685 733 10 33
685 734 10 34
685 735 10 35
685 736 10 36
685 737 10 37
685 738 10 38
685 739 10 39
685 740 10 40
685 741 10 41
685 742 10 42
685 743 10 43
685 744 10 44
685 745 10 45
685 746 10 46
685 747 10 47
685 748 10 18
685 749 10 19
685 750 10 20
685 751 10 21
685 752 10 22
685 753 10 23
685 754 10 24
685 755 10 25
685 756 10 26
685 757 10 27
685 758 10 28
686 719 10 19
686 720 10 20
686 721 10 21
686 722 10 22
686 723 10 23
686 724 10 24
686 725 10 25
686 726 10 26
686 727 10 27
686 728 10 28
686 729 10 29
686 730 10 30
686 731 10 31
686 732 10 32
686 733 10 33
686 734 10 34
686 735 10 35
686 736 10 36
686 737 10 37
686 738 10 38
686 739 10 39
686 740 10 40
686 741 10 41
686 742 10 42
686 743 10 43
686 744 10 44
686 745 10 45
686 746 10 46
686 747 10 47
686 748 10 18
686 749 10 19
686 750 10 20
686 751 10 21
686 752 10 22
686 753 10 23
686 754 10 24
686 755 10 25
686 756 10 26
686 757 10 27
686 758 10 28
687 719 10 19
687 720 10 20
687 721 10 21
687 722 10 22
687 723 10 23
687 724 10 24
687 725 10 25
687 726 10 26
687 727 10 27
687 728 10 28
687 729 10 29
687 730 10 30
687 731 10 31
687 732 10 32
687 733 10 33
687 734 10 34
687 735 10 35
687 736 10 36
687 737 10 37
687 738 10 38
687 739 10 39
687 740 10 40
687 741 10 41
687 742 10 42
687 743 10 43
687 744 10 44
687 745 10 45
687 746 10 46
687 747 10 47
687 748 10 18
687 749 10 19
687 750 10 20
687 751 10 21
687 752 10 22
687 753 10 23
687 754 10 24
687 755 10 25
687 756 10 26
687 757 10 27
687 758 10 28
688 719 10 19
688 720 10 20
688 721 10 21
688 722 10 22
688 723 10 23
688 724 10 24
688 725 10 25
688 726 10 26
688 727 10 27
688 728 10 28
688 729 10 29
688 730 10 30
688 731 10 31
688 732 10 32
688 733 10 33
688 734 10 34
688 735 10 35
688 736 10 36
688 737 10 37
688 738 10 38
688 739 10 39
688 740 10 40
688 741 10 41
688 742 10 42
688 743 10 43
688 744 10 44
688 745 10 45
688 746 10 46
688 747 10 47
688 748 10 18
688 749 10 19
688 750 10 20
688 751 10 21
688 752 10 22
688 753 10 23
688 754 10 24
688 755 10 25
688 756 10 26
688 757 10 27
688 758 10 28
689 719 10 19
689 720 10 20
689 721 10 21
689 722 10 22
689 723 10 23
689 724 10 24
689 725 10 25
689 726 10 26
689 727 10 27
689 728 10 28
689 729 10 29
689 730 10 30
689 731 10 31
689 732 10 32
689 733 10 33
689 734 10 34
689 735 10 35
689 736 10 36
689 737 10 37
689 738 10 38
689 739 10 39
689 740 10 40
689 741 10 41
689 742 10 42
689 743 10 43
689 744 10 44
689 745 10 45
689 746 10 46
689 747 10 47
689 748 10 18
689 749 10 19
689 750 10 20
689 751 10 21
689 752 10 22
689 753 10 23
689 754 10 24
689 755 10 25
689 756 10 26
689 757 10 27
689 758 10 28
690 719 10 19
690 720 10 20
690 721 10 21
690 722 10 22
690 723 10 23
690 724 10 24
690 725 10 25
690 726 10 26
690 727 10 27
690 728 10 28
690 729 10 29
690 730 10 30
690 731 10 31
690 732 10 32
690 733 10 33
690 734 10 34
690 735 10 35
690 736 10 36
690 737 10 37
690 738 10 38
690 739 10 39
690 740 10 40
690 741 10 41
690 742 10 42
690 743 10 43
690 744 10 44
690 745 10 45
690 746 10 46
690 747 10 47
690 748 10 18
690 749 10 19
690 750 10 20
690 751 10 21
690 752 10 22
690 753 10 23
690 754 10 24
690 755 10 25
690 756 10 26
690 757 10 27
690 758 10 28
691 719 10 19
691 720 10 20
691 721 10 21
691 722 10 22
691 723 10 23
691 724 10 24
691 725 10 25
691 726 10 26
691 727 10 27
691 728 10 28
691 729 10 29
691 730 10 30
691 731 10 31
691 732 10 32
691 733 10 33
691 734 10 34
691 735 10 35
691 736 10 36
691 737 10 37
691 738 10 38
691 739 10 39
691 740 10 40
691 741 10 41
691 742 10 42
691 743 10 43
691 744 10 44
691 745 10 45
691 746 10 46
691 747 10 47
691 748 10 18
691 749 10 19
691 750 10 20
691 751 10 21
691 752 10 22
691 753 10 23
691 754 10 24
691 755 10 25
691 756 10 26
691 757 10 27
691 758 10 28
692 719 10 19
692 720 10 20
692 721 10 21
692 722 10 22
692 723 10 23
692 724 10 24
692 725 10 25
692 726 10 26
692 727 10 27
692 728 10 28
692 729 10 29
692 730 10 30
692 731 10 31
692 732 10 32
692 733 10 33
692 734 10 34
692 735 10 35
692 736 10 36
692 737 10 37
692 738 10 38
692 739 10 39
692 740 10 40
692 741 10 41
692 742 10 42
692 743 10 43
692 744 10 44
692 745 10 45
692 746 10 46
692 747 10 47
692 748 10 18
692 749 10 19
692 750 10 20
692 751 10 21
692 752 10 22
692 753 10 23
692 754 10 24
692 755 10 25
692 756 10 26
692 757 10 27
692 758 10 28
693 719 10 19
693 720 10 20
693 721 10 21
693 722 10 22
693 723 10 23
693 724 10 24
693 725 10 25
693 726 10 26
693 727 10 27
693 728 10 28
693 729 10 29
693 730 10 30
693 731 10 31
693 732 10 32
693 733 10 33
693 734 10 34
693 735 10 35
693 736 10 36
693 737 10 37
693 738 10 38
693 739 10 39
693 740 10 40
693 741 10 41
693 742 10 42
693 743 10 43
693 744 10 44
693 745 10 45
693 746 10 46
693 747 10 47
693 748 10 18
693 749 10 19
693 750 10 20
693 751 10 21
693 752 10 22
693 753 10 23
693 754 10 24
693 755 10 25
693 756 10 26
693 757 10 27
693 758 10 28
694 719 10 19
694 720 10 20
694 721 10 21
694 722 10 22
694 723 10 23
694 724 10 24
694 725 10 25
694 726 10 26
694 727 10 27
694 728 10 28
694 729 10 29
694 730 10 30
694 731 10 31
694 732 10 32
694 733 10 33
694 734 10 34
694 735 10 35
694 736 10 36
694 737 10 37
694 738 10 38
694 739 10 39
694 740 10 40
694 741 10 41
694 742 10 42
694 743 10 43
694 744 10 44
694 745 10 45
694 746 10 46
694 747 10 47
694 748 10 18
694 749 10 19
694 750 10 20
694 751 10 21
694 752 10 22
694 753 10 23
694 754 10 24
694 755 10 25
694 756 10 26
694 757 10 27
694 758 10 28
695 719 10 19
695 720 10 20
695 721 10 21
695 722 10 22
695 723 10 23
695 724 10 24
695 725 10 25
695 726 10 26
695 727 10 27
695 728 10 28
695 729 10 29
695 730 10 30
695 731 10 31
695 732 10 32
695 733 10 33
695 734 10 34
695 735 10 35
695 736 10 36
695 737 10 37
695 738 10 38
695 739 10 39
695 740 10 40
695 741 10 41
695 742 10 42
695 743 10 43
695 744 10 44
695 745 10 45
695 746 10 46
695 747 10 47
695 748 10 18
695 749 10 19
695 750 10 20
695 751 10 21
695 752 10 22
695 753 10 23
695 754 10 24
695 755 10 25
695 756 10 26
695 757 10 27
695 758 10 28
696 719 10 19
696 720 10 20
696 721 10 21
696 722 10 22
696 723 10 23
696 724 10 24
696 725 10 25
696 726 10 26
696 727 10 27
696 728 10 28
696 729 10 29
696 730 10 30
696 731 10 31
696 732 10 32
696 733 10 33
696 734 10 34
696 735 10 35
696 736 10 36
696 737 10 37
696 738 10 38
696 739 10 39
696 740 10 40
696 741 10 41
696 742 10 42
696 743 10 43
696 744 10 44
696 745 10 45
696 746 10 46
696 747 10 47
696 748 10 18
696 749 10 19
696 750 10 20
696 751 10 21
696 752 10 22
696 753 10 23
696 754 10 24
696 755 10 25
696 756 10 26
696 757 10 27
696 758 10 28
697 719 10 19
697 720 10 20
697 721 10 21
697 722 10 22
697 723 10 23
697 724 10 24
697 725 10 25
697 726 10 26
697 727 10 27
697 728 10 28
697 729 10 29
697 730 10 30
697 731 10 31
697 732 10 32
697 733 10 33
697 734 10 34
697 735 10 35
697 736 10 36
697 737 10 37
697 738 10 38
697 739 10 39
697 740 10 40
697 741 10 41
697 742 10 42
697 743 10 43
697 744 10 44
697 745 10 45
697 746 10 46
697 747 10 47
697 748 10 18
697 749 10 19
697 750 10 20
697 751 10 21
697 752 10 22
697 753 10 23
697 754 10 24
697 755 10 25
697 756 10 26
697 757 10 27
697 758 10 28
698 719 10 19
698 720 10 20
698 721 10 21
698 722 10 22
698 723 10 23
698 724 10 24
698 725 10 25
698 726 10 26
698 727 10 27
698 728 10 28
698 729 10 29
698 730 10 30
698 731 10 31
698 732 10 32
698 733 10 33
698 734 10 34
698 735 10 35
698 736 10 36
698 737 10 37
698 738 10 38
698 739 10 39
698 740 10 40
698 741 10 41
698 742 10 42
698 743 10 43
698 744 10 44
698 745 10 45
698 746 10 46
698 747 10 47
698 748 10 18
698 749 10 19
698 750 10 20
698 751 10 21
698 752 10 22
698 753 10 23
698 754 10 24
698 755 10 25
698 756 10 26
698 757 10 27
698 758 10 28
699 719 10 19
699 720 10 20
699 721 10 21
699 722 10 22
699 723 10 23
699 724 10 24
699 725 10 25
699 726 10 26
699 727 10 27
699 728 10 28
699 729 10 29
699 730 10 30
699 731 10 31
699 732 10 32
699 733 10 33
699 734 10 34
699 735 10 35
699 736 10 36
699 737 10 37
699 738 10 38
699 739 10 39
699 740 10 40
699 741 10 41
699 742 10 42
699 743 10 43
699 744 10 44
699 745 10 45
699 746 10 46
699 747 10 47
699 748 10 18
699 749 10 19
699 750 10 20
699 751 10 21
699 752 10 22
699 753 10 23
699 754 10 24
699 755 10 25
699 756 10 26
699 757 10 27
699 758 10 28
700 719 10 19
700 720 10 20
700 721 10 21
700 722 10 22
700 723 10 23
700 724 10 24
700 725 10 25
700 726 10 26
700 727 10 27
700 728 10 28
700 729 10 29
700 730 10 30
700 731 10 31
700 732 10 32
700 733 10 33
700 734 10 34
700 735 10 35
700 736 10 36
700 737 10 37
700 738 10 38
700 739 10 39
700 740 10 40
700 741 10 41
700 742 10 42
700 743 10 43
700 744 10 44
700 745 10 45
700 746 10 46
700 747 10 47
700 748 10 18
700 749 10 19
700 750 10 20
700 751 10 21
700 752 10 22
700 753 10 23
700 754 10 24
700 755 10 25
700 756 10 26
700 757 10 27
700 758 10 28
701 719 10 19
701 720 10 20
701 721 10 21
701 722 10 22
701 723 10 23
701 724 10 24
701 725 10 25
701 726 10 26
701 727 10 27
701 728 10 28
701 729 10 29
701 730 10 30
701 731 10 31
701 732 10 32
701 733 10 33
701 734 10 34
701 735 10 35
701 736 10 36
701 737 10 37
701 738 10 38
701 739 10 39
701 740 10 40
701 741 10 41
701 742 10 42
701 743 10 43
701 744 10 44
701 745 10 45
701 746 10 46
701 747 10 47
701 748 10 18
701 749 10 19
701 750 10 20
701 751 10 21
701 752 10 22
701 753 10 23
701 754 10 24
701 755 10 25
701 756 10 26
701 757 10 27
701 758 10 28
702 719 10 19
702 720 10 20
702 721 10 21
702 722 10 22
702 723 10 23
702 724 10 24
702 725 10 25
702 726 10 26
702 727 10 27
702 728 10 28
702 729 10 29
702 730 10 30
702 731 10 31
702 732 10 32
702 733 10 33
702 734 10 34
702 735 10 35
702 736 10 36
702 737 10 37
702 738 10 38
702 739 10 39
702 740 10 40
702 741 10 41
702 742 10 42
702 743 10 43
702 744 10 44
702 745 10 45
702 746 10 46
702 747 10 47
702 748 10 18
702 749 10 19
702 750 10 20
702 751 10 21
702 752 10 22
702 753 10 23
702 754 10 24
702 755 10 25
702 756 10 26
702 757 10 27
702 758 10 28
703 719 10 19
703 720 10 20
703 721 10 21
703 722 10 22
703 723 10 23
703 724 10 24
703 725 10 25
703 726 10 26
703 727 10 27
703 728 10 28
703 729 10 29
703 730 10 30
703 731 10 31
703 732 10 32
703 733 10 33
703 734 10 34
703 735 10 35
703 736 10 36
703 737 10 37
703 738 10 38
703 739 10 39
703 740 10 40
703 741 10 41
703 742 10 42
703 743 10 43
703 744 10 44
703 745 10 45
703 746 10 46
703 747 10 47
703 748 10 18
703 749 10 19
703 750 10 20
703 751 10 21
703 752 10 22
703 753 10 23
703 754 10 24
703 755 10 25
703 756 10 26
703 757 10 27
703 758 10 28
704 719 10 19
704 720 10 20
704 721 10 21
704 722 10 22
704 723 10 23
704 724 10 24
704 725 10 25
704 726 10 26
704 727 10 27
704 728 10 28
704 729 10 29
704 730 10 30
704 731 10 31
704 732 10 32
704 733 10 33
704 734 10 34
704 735 10 35
704 736 10 36
704 737 10 37
704 738 10 38
704 739 10 39
704 740 10 40
704 741 10 41
704 742 10 42
704 743 10 43
704 744 10 44
704 745 10 45
704 746 10 46
704 747 10 47
704 748 10 18
704 749 10 19
704 750 10 20
704 751 10 21
704 752 10 22
704 753 10 23
704 754 10 24
704 755 10 25
704 756 10 26
704 757 10 27
704 758 10 28
705 719 10 19
705 720 10 20
705 721 10 21
705 722 10 22
705 723 10 23
705 724 10 24
705 725 10 25
705 726 10 26
705 727 10 27
705 728 10 28
705 729 10 29
705 730 10 30
705 731 10 31
705 732 10 32
705 733 10 33
705 734 10 34
705 735 10 35
705 736 10 36
705 737 10 37
705 738 10 38
705 739 10 39
705 740 10 40
705 741 10 41
705 742 10 42
705 743 10 43
705 744 10 44
705 745 10 45
705 746 10 46
705 747 10 47
705 748 10 18
705 749 10 19
705 750 10 20
705 751 10 21
705 752 10 22
705 753 10 23
705 754 10 24
705 755 10 25
705 756 10 26
705 757 10 27
705 758 10 28
706 719 10 19
706 720 10 20
706 721 10 21
706 722 10 22
706 723 10 23
706 724 10 24
706 725 10 25
706 726 10 26
706 727 10 27
706 728 10 28
706 729 10 29
706 730 10 30
706 731 10 31
706 732 10 32
706 733 10 33
706 734 10 34
706 735 10 35
706 736 10 36
706 737 10 37
706 738 10 38
706 739 10 39
706 740 10 40
706 741 10 41
706 742 10 42
706 743 10 43
706 744 10 44
706 745 10 45
706 746 10 46
706 747 10 47
706 748 10 18
706 749 10 19
706 750 10 20
706 751 10 21
706 752 10 22
706 753 10 23
706 754 10 24
706 755 10 25
706 756 10 26
706 757 10 27
706 758 10 28
707 719 10 19
707 720 10 20
707 721 10 21
707 722 10 22
707 723 10 23
707 724 10 24
707 725 10 25
707 726 10 26
707 727 10 27
707 728 10 28
707 729 10 29
707 730 10 30
707 731 10 31
707 732 10 32
707 733 10 33
707 734 10 34
707 735 10 35
707 736 10 36
707 737 10 37
707 738 10 38
707 739 10 39
707 740 10 40
707 741 10 41
707 742 10 42
707 743 10 43
707 744 10 44
707 745 10 45
707 746 10 46
707 747 10 47
707 748 10 18
707 749 10 19
707 750 10 20
707 751 10 21
707 752 10 22
707 753 10 23
707 754 10 24
707 755 10 25
707 756 10 26
707 757 10 27
707 758 10 28
708 719 10 19
708 720 10 20
708 721 10 21
708 722 10 22
708 723 10 23
708 724 10 24
708 725 10 25
708 726 10 26
708 727 10 27
708 728 10 28
708 729 10 29
708 730 10 30
708 731 10 31
708 732 10 32
708 733 10 33
708 734 10 34
708 735 10 35
708 736 10 36
708 737 10 37
708 738 10 38
708 739 10 39
708 740 10 40
708 741 10 41
708 742 10 42
708 743 10 43
708 744 10 44
708 745 10 45
708 746 10 46
708 747 10 47
708 748 10 18
708 749 10 19
708 750 10 20
708 751 10 21
708 752 10 22
708 753 10 23
708 754 10 24
708 755 10 25
708 756 10 26
708 757 10 27
708 758 10 28
709 719 10 19
709 720 10 20
709 721 10 21
709 722 10 22
709 723 10 23
709 724 10 24
709 725 10 25
709 726 10 26
709 727 10 27
709 728 10 28
709 729 10 29
709 730 10 30
709 731 10 31
709 732 10 32
709 733 10 33
709 734 10 34
709 735 10 35
709 736 10 36
709 737 10 37
709 738 10 38
709 739 10 39
709 740 10 40
709 741 10 41
709 742 10 42
709 743 10 43
709 744 10 44
709 745 10 45
709 746 10 46
709 747 10 47
709 748 10 18
709 749 10 19
709 750 10 20
709 751 10 21
709 752 10 22
709 753 10 23
709 754 10 24
709 755 10 25
709 756 10 26
709 757 10 27
709 758 10 28
710 719 10 19
710 720 10 20
710 721 10 21
710 722 10 22
710 723 10 23
710 724 10 24
710 725 10 25
710 726 10 26
710 727 10 27
710 728 10 28
710 729 10 29
710 730 10 30
710 731 10 31
710 732 10 32
710 733 10 33
710 734 10 34
710 735 10 35
710 736 10 36
710 737 10 37
710 738 10 38
710 739 10 39
710 740 10 40
710 741 10 41
710 742 10 42
710 743 10 43
710 744 10 44
710 745 10 45
710 746 10 46
710 747 10 47
710 748 10 18
710 749 10 19
710 750 10 20
710 751 10 21
710 752 10 22
710 753 10 23
710 754 10 24
710 755 10 25
710 756 10 26
710 757 10 27
710 758 10 28
711 719 10 19
711 720 10 20
711 721 10 21
711 722 10 22
711 723 10 23
711 724 10 24
711 725 10 25
711 726 10 26
711 727 10 27
711 728 10 28
711 729 10 29
711 730 10 30
711 731 10 31
711 732 10 32
711 733 10 33
711 734 10 34
711 735 10 35
711 736 10 36
711 737 10 37
711 738 10 38
711 739 10 39
711 740 10 40
711 741 10 41
711 742 10 42
711 743 10 43
711 744 10 44
711 745 10 45
711 746 10 46
711 747 10 47
711 748 10 18
711 749 10 19
711 750 10 20
711 751 10 21
711 752 10 22
711 753 10 23
711 754 10 24
711 755 10 25
711 756 10 26
711 757 10 27
711 758 10 28
712 719 10 19
712 720 10 20
712 721 10 21
712 722 10 22
712 723 10 23
712 724 10 24
712 725 10 25
712 726 10 26
712 727 10 27
712 728 10 28
712 729 10 29
712 730 10 30
712 731 10 31
712 732 10 32
712 733 10 33
712 734 10 34
712 735 10 35
712 736 10 36
712 737 10 37
712 738 10 38
712 739 10 39
712 740 10 40
712 741 10 41
712 742 10 42
712 743 10 43
712 744 10 44
712 745 10 45
712 746 10 46
712 747 10 47
712 748 10 18
712 749 10 19
712 750 10 20
712 751 10 21
712 752 10 22
712 753 10 23
712 754 10 24
712 755 10 25
712 756 10 26
712 757 10 27
712 758 10 28
713 719 10 19
713 720 10 20
713 721 10 21
713 722 10 22
713 723 10 23
713 724 10 24
713 725 10 25
713 726 10 26
713 727 10 27
713 728 10 28
713 729 10 29
713 730 10 30
713 731 10 31
713 732 10 32
713 733 10 33
713 734 10 34
713 735 10 35
713 736 10 36
713 737 10 37
713 738 10 38
713 739 10 39
713 740 10 40
713 741 10 41
713 742 10 42
713 743 10 43
713 744 10 44
713 745 10 45
713 746 10 46
713 747 10 47
713 748 10 18
713 749 10 19
713 750 10 20
713 751 10 21
713 752 10 22
713 753 10 23
713 754 10 24
713 755 10 25
713 756 10 26
713 757 10 27
713 758 10 28
714 719 10 19
714 720 10 20
714 721 10 21
714 722 10 22
714 723 10 23
714 724 10 24
714 725 10 25
714 726 10 26
714 727 10 27
714 728 10 28
714 729 10 29
714 730 10 30
714 731 10 31
714 732 10 32
714 733 10 33
714 734 10 34
714 735 10 35
714 736 10 36
714 737 10 37
714 738 10 38
714 739 10 39
714 740 10 40
714 741 10 41
714 742 10 42
714 743 10 43
714 744 10 44
714 745 10 45
714 746 10 46
714 747 10 47
714 748 10 18
714 749 10 19
714 750 10 20
714 751 10 21
714 752 10 22
714 753 10 23
714 754 10 24
714 755 10 25
714 756 10 26
714 757 10 27
714 758 10 28
715 719 10 19
715 720 10 20
715 721 10 21
715 722 10 22
715 723 10 23
715 724 10 24
715 725 10 25
715 726 10 26
715 727 10 27
715 728 10 28
715 729 10 29
715 730 10 30
715 731 10 31
715 732 10 32
715 733 10 33
715 734 10 34
715 735 10 35
715 736 10 36
715 737 10 37
715 738 10 38
715 739 10 39
715 740 10 40
715 741 10 41
715 742 10 42
715 743 10 43
715 744 10 44
715 745 10 45
715 746 10 46
715 747 10 47
715 748 10 18
715 749 10 19
715 750 10 20
715 751 10 21
715 752 10 22
715 753 10 23
715 754 10 24
715 755 10 25
715 756 10 26
715 757 10 27
715 758 10 28
716 719 10 19
716 720 10 20
716 721 10 21
716 722 10 22
716 723 10 23
716 724 10 24
716 725 10 25
716 726 10 26
716 727 10 27
716 728 10 28
716 729 10 29
716 730 10 30
716 731 10 31
716 732 10 32
716 733 10 33
716 734 10 34
716 735 10 35
716 736 10 36
716 737 10 37
716 738 10 38
716 739 10 39
716 740 10 40
716 741 10 41
716 742 10 42
716 743 10 43
716 744 10 44
716 745 10 45
716 746 10 46
716 747 10 47
716 748 10 18
716 749 10 19
716 750 10 20
716 751 10 21
716 752 10 22
716 753 10 23
716 754 10 24
716 755 10 25
716 756 10 26
716 757 10 27
716 758 10 28
717 719 10 19
717 720 10 20
717 721 10 21
717 722 10 22
717 723 10 23
717 724 10 24
717 725 10 25
717 726 10 26
717 727 10 27
717 728 10 28
717 729 10 29
717 730 10 30
717 731 10 31
717 732 10 32
717 733 10 33
717 734 10 34
717 735 10 35
717 736 10 36
717 737 10 37
717 738 10 38
717 739 10 39
717 740 10 40
717 741 10 41
717 742 10 42
717 743 10 43
717 744 10 44
717 745 10 45
717 746 10 46
717 747 10 47
717 748 10 18
717 749 10 19
717 750 10 20
717 751 10 21
717 752 10 22
717 753 10 23
717 754 10 24
717 755 10 25
717 756 10 26
717 757 10 27
717 758 10 28
718 719 10 19
718 720 10 20
718 721 10 21
718 722 10 22
718 723 10 23
718 724 10 24
718 725 10 25
718 726 10 26
718 727 10 27
718 728 10 28
718 729 10 29
718 730 10 30
718 731 10 31
718 732 10 32
718 733 10 33
718 734 10 34
718 735 10 35
718 736 10 36
718 737 10 37
718 738 10 38
718 739 10 39
718 740 10 40
718 741 10 41
718 742 10 42
718 743 10 43
718 744 10 44
718 745 10 45
718 746 10 46
718 747 10 47
718 748 10 18
718 749 10 19
718 750 10 20
718 751 10 21
718 752 10 22
718 753 10 23
718 754 10 24
718 755 10 25
718 756 10 26
718 757 10 27
718 758 10 28
719 759 10 20
719 760 10 21
719 761 10 22
719 762 10 23
719 763 10 24
719 764 10 25
719 765 10 26
719 766 10 27
719 767 10 28
719 768 10 29
719 769 10 30
719 770 10 31
719 771 10 32
719 772 10 33
719 773 10 34
719 774 10 35
719 775 10 36
719 776 10 37
719 777 10 38
719 778 10 39
719 779 10 40
719 780 10 41
719 781 10 42
719 782 10 43
719 783 10 44
719 784 10 45
719 785 10 46
719 786 10 47
719 787 10 48
719 788 10 19
719 789 10 20
719 790 10 21
719 791 10 22
719 792 10 23
719 793 10 24
719 794 10 25
719 795 10 26
719 796 10 27
719 797 10 28
719 798 10 29
720 759 10 20
720 760 10 21
720 761 10 22
720 762 10 23
720 763 10 24
720 764 10 25
720 765 10 26
720 766 10 27
720 767 10 28
720 768 10 29
720 769 10 30
720 770 10 31
720 771 10 32
720 772 10 33
720 773 10 34
720 774 10 35
720 775 10 36
720 776 10 37
720 777 10 38
720 778 10 39
720 779 10 40
720 780 10 41
720 781 10 42
720 782 10 43
720 783 10 44
720 784 10 45
720 785 10 46
720 786 10 47
720 787 10 48
720 788 10 19
720 789 10 20
720 790 10 21
720 791 10 22
720 792 10 23
720 793 10 24
720 794 10 25
720 795 10 26
720 796 10 27
720 797 10 28
720 798 10 29
721 759 10 20
721 760 10 21
721 761 10 22
721 762 10 23
721 763 10 24
721 764 10 25
721 765 10 26
721 766 10 27
721 767 10 28
721 768 10 29
721 769 10 30
721 770 10 31
721 771 10 32
721 772 10 33
721 773 10 34
721 774 10 35
721 775 10 36
721 776 10 37
721 777 10 38
721 778 10 39
721 779 10 40
721 780 10 41
721 781 10 42
721 782 10 43
721 783 10 44
721 784 10 45
721 785 10 46
721 786 10 47
721 787 10 48
721 788 10 19
721 789 10 20
721 790 10 21
721 791 10 22
721 792 10 23
721 793 10 24
721 794 10 25
721 795 10 26
721 796 10 27
721 797 10 28
721 798 10 29
722 759 10 20
722 760 10 21
722 761 10 22
722 762 10 23
722 763 10 24
722 764 10 25
722 765 10 26
722 766 10 27
722 767 10 28
722 768 10 29
722 769 10 30
722 770 10 31
722 771 10 32
722 772 10 33
722 773 10 34
722 774 10 35
722 775 10 36
722 776 10 37
722 777 10 38
722 778 10 39
722 779 10 40
722 780 10 41
722 781 10 42
722 782 10 43
722 783 10 44
722 784 10 45
722 785 10 46
722 786 10 47
722 787 10 48
722 788 10 19
722 789 10 20
722 790 10 21
722 791 10 22
722 792 10 23
722 793 10 24
722 794 10 25
722 795 10 26
722 796 10 27
722 797 10 28
722 798 10 29
723 759 10 20
723 760 10 21
723 761 10 22
723 762 10 23
723 763 10 24
723 764 10 25
723 765 10 26
723 766 10 27
723 767 10 28
723 768 10 29
723 769 10 30
723 770 10 31
723 771 10 32
723 772 10 33
723 773 10 34
723 774 10 35
723 775 10 36
723 776 10 37
723 777 10 38
723 778 10 39
723 779 10 40
723 780 10 41
723 781 10 42
723 782 10 43
723 783 10 44
723 784 10 45
723 785 10 46
723 786 10 47
723 787 10 48
723 788 10 19
723 789 10 20
723 790 10 21
723 791 10 22
723 792 10 23
723 793 10 24
723 794 10 25
723 795 10 26
723 796 10 27
723 797 10 28
723 798 10 29
724 759 10 20
724 760 10 21
724 761 10 22
724 762 10 23
724 763 10 24
724 764 10 25
724 765 10 26
724 766 10 27
724 767 10 28
724 768 10 29
724 769 10 30
724 770 10 31
724 771 10 32
724 772 10 33
724 773 10 34
724 774 10 35
724 775 10 36
724 776 10 37
724 777 10 38
724 778 10 39
724 779 10 40
724 780 10 41
724 781 10 42
724 782 10 43
724 783 10 44
724 784 10 45
724 785 10 46
724 786 10 47
724 787 10 48
724 788 10 19
724 789 10 20
724 790 10 21
724 791 10 22
724 792 10 23
724 793 10 24
724 794 10 25
724 795 10 26
724 796 10 27
724 797 10 28
724 798 10 29
725 759 10 20
725 760 10 21
725 761 10 22
725 762 10 23
725 763 10 24
725 764 10 25
725 765 10 26
725 766 10 27
725 767 10 28
725 768 10 29
725 769 10 30
725 770 10 31
725 771 10 32
725 772 10 33
725 773 10 34
725 774 10 35
725 775 10 36
725 776 10 37
725 777 10 38
725 778 10 39
725 779 10 40
725 780 10 41
725 781 10 42
725 782 10 43
725 783 10 44
725 784 10 45
725 785 10 46
725 786 10 47
725 787 10 48
725 788 10 19
725 789 10 20
725 790 10 21
725 791 10 22
725 792 10 23
725 793 10 24
725 794 10 25
725 795 10 26
725 796 10 27
725 797 10 28
725 798 10 29
726 759 10 20
726 760 10 21
726 761 10 22
726 762 10 23
726 763 10 24
726 764 10 25
726 765 10 26
726 766 10 27
726 767 10 28
726 768 10 29
726 769 10 30
726 770 10 31
726 771 10 32
726 772 10 33
726 773 10 34
726 774 10 35
726 775 10 36
726 776 10 37
726 777 10 38
726 778 10 39
726 779 10 40
726 780 10 41
726 781 10 42
726 782 10 43
726 783 10 44
726 784 10 45
726 785 10 46
726 786 10 47
726 787 10 48
726 788 10 19
726 789 10 20
726 790 10 21
726 791 10 22
726 792 10 23
726 793 10 24
726 794 10 25
726 795 10 26
726 796 10 27
726 797 10 28
726 798 10 29
727 759 10 20
727 760 10 21
727 761 10 22
727 762 10 23
727 763 10 24
727 764 10 25
727 765 10 26
727 766 10 27
727 767 10 28
727 768 10 29
727 769 10 30
727 770 10 31
727 771 10 32
727 772 10 33
727 773 10 34
727 774 10 35
727 775 10 36
727 776 10 37
727 777 10 38
727 778 10 39
727 779 10 40
727 780 10 41
727 781 10 42
727 782 10 43
727 783 10 44
727 784 10 45
727 785 10 46
727 786 10 47
727 787 10 48
727 788 10 19
727 789 10 20
727 790 10 21
727 791 10 22
727 792 10 23
727 793 10 24
727 794 10 25
727 795 10 26
727 796 10 27
727 797 10 28
727 798 10 29
728 759 10 20
728 760 10 21
728 761 10 22
728 762 10 23
728 763 10 24
728 764 10 25
728 765 10 26
728 766 10 27
728 767 10 28
728 768 10 29
728 769 10 30
728 770 10 31
728 771 10 32
728 772 10 33
728 773 10 34
728 774 10 35
728 775 10 36
728 776 10 37
728 777 10 38
728 778 10 39
728 779 10 40
728 780 10 41
728 781 10 42
728 782 10 43
728 783 10 44
728 784 10 45
728 785 10 46
728 786 10 47
728 787 10 48
728 788 10 19
728 789 10 20
728 790 10 21
728 791 10 22
728 792 10 23
728 793 10 24
728 794 10 25
728 795 10 26
728 796 10 27
728 797 10 28
728 798 10 29
729 759 10 20
729 760 10 21
729 761 10 22
729 762 10 23
729 763 10 24
729 764 10 25
729 765 10 26
729 766 10 27
729 767 10 28
729 768 10 29
729 769 10 30
729 770 10 31
729 771 10 32
729 772 10 33
729 773 10 34
729 774 10 35
729 775 10 36
729 776 10 37
729 777 10 38
729 778 10 39
729 779 10 40
729 780 10 41
729 781 10 42
729 782 10 43
729 783 10 44
729 784 10 45
729 785 10 46
729 786 10 47
729 787 10 48
729 788 10 19
729 789 10 20
729 790 10 21
729 791 10 22
729 792 10 23
729 793 10 24
729 794 10 25
729 795 10 26
729 796 10 27
729 797 10 28
729 798 10 29
730 759 10 20
730 760 10 21
730 761 10 22
730 762 10 23
730 763 10 24
730 764 10 25
730 765 10 26
730 766 10 27
730 767 10 28
730 768 10 29
730 769 10 30
730 770 10 31
730 771 10 32
730 772 10 33
730 773 10 34
730 774 10 35
730 775 10 36
730 776 10 37
730 777 10 38
730 778 10 39
730 779 10 40
730 780 10 41
730 781 10 42
730 782 10 43
730 783 10 44
730 784 10 45
730 785 10 46
730 786 10 47
730 787 10 48
730 788 10 19
730 789 10 20
730 790 10 21
730 791 10 22
730 792 10 23
730 793 10 24
730 794 10 25
730 795 10 26
730 796 10 27
730 797 10 28
730 798 10 29
731 759 10 20
731 760 10 21
731 761 10 22
731 762 10 23
731 763 10 24
731 764 10 25
731 765 10 26
731 766 10 27
731 767 10 28
731 768 10 29
731 769 10 30
731 770 10 31
731 771 10 32
731 772 10 33
731 773 10 34
731 774 10 35
731 775 10 36
731 776 10 37
731 777 10 38
731 778 10 39
731 779 10 40
731 780 10 41
731 781 10 42
731 782 10 43
731 783 10 44
731 784 10 45
731 785 10 46
731 786 10 47
731 787 10 48
731 788 10 19
731 789 10 20
731 790 10 21
731 791 10 22
731 792 10 23
731 793 10 24
731 794 10 25
731 795 10 26
731 796 10 27
731 797 10 28
731 798 10 29
732 759 10 20
732 760 10 21
732 761 10 22
732 762 10 23
732 763 10 24
732 764 10 25
732 765 10 26
732 766 10 27
732 767 10 28
732 768 10 29
732 769 10 30
732 770 10 31
732 771 10 32
732 772 10 33
732 773 10 34
732 774 10 35
732 775 10 36
732 776 10 37
732 777 10 38
732 778 10 39
732 779 10 40
732 780 10 41
732 781 10 42
732 782 10 43
732 783 10 44
732 784 10 45
732 785 10 46
732 786 10 47
732 787 10 48
732 788 10 19
732 789 10 20
732 790 10 21
732 791 10 22
732 792 10 23
732 793 10 24
732 794 10 25
732 795 10 26
732 796 10 27
732 797 10 28
732 798 10 29
733 759 10 20
733 760 10 21
733 761 10 22
733 762 10 23
733 763 10 24
733 764 10 25
733 765 10 26
733 766 10 27
733 767 10 28
733 768 10 29
733 769 10 30
733 770 10 31
733 771 10 32
733 772 10 33
733 773 10 34
733 774 10 35
733 775 10 36
733 776 10 37
733 777 10 38
733 778 10 39
733 779 10 40
733 780 10 41
733 781 10 42
733 782 10 43
733 783 10 44
733 784 10 45
733 785 10 46
733 786 10 47
733 787 10 48
733 788 10 19
733 789 10 20
733 790 10 21
733 791 10 22
733 792 10 23
733 793 10 24
733 794 10 25
733 795 10 26
733 796 10 27
733 797 10 28
733 798 10 29
734 759 10 20
734 760 10 21
734 761 10 22
734 762 10 23
734 763 10 24
734 764 10 25
734 765 10 26
734 766 10 27
734 767 10 28
734 768 10 29
734 769 10 30
734 770 10 31
734 771 10 32
734 772 10 33
734 773 10 34
734 774 10 35
734 775 10 36
734 776 10 37
734 777 10 38
734 778 10 39
734 779 10 40
734 780 10 41
734 781 10 42
734 782 10 43
734 783 10 44
734 784 10 45
734 785 10 46
734 786 10 47
734 787 10 48
734 788 10 19
734 789 10 20
734 790 10 21
734 791 10 22
734 792 10 23
734 793 10 24
734 794 10 25
734 795 10 26
734 796 10 27
734 797 10 28
734 798 10 29
735 759 10 20
735 760 10 21
735 761 10 22
735 762 10 23
735 763 10 24
735 764 10 25
735 765 10 26
735 766 10 27
735 767 10 28
735 768 10 29
735 769 10 30
735 770 10 31
735 771 10 32
735 772 10 33
735 773 10 34
735 774 10 35
735 775 10 36
735 776 10 37
735 777 10 38
735 778 10 39
735 779 10 40
735 780 10 41
735 781 10 42
735 782 10 43
735 783 10 44
735 784 10 45
735 785 10 46
735 786 10 47
735 787 10 48
735 788 10 19
735 789 10 20
735 790 10 21
735 791 10 22
735 792 10 23
735 793 10 24
735 794 10 25
735 795 10 26
735 796 10 27
735 797 10 28
735 798 10 29
736 759 10 20
736 760 10 21
736 761 10 22
736 762 10 23
736 763 10 24
736 764 10 25
736 765 10 26
736 766 10 27
736 767 10 28
736 768 10 29
736 769 10 30
736 770 10 31
736 771 10 32
736 772 10 33
736 773 10 34
736 774 10 35
736 775 10 36
736 776 10 37
736 777 10 38
736 778 10 39
736 779 10 40
736 780 10 41
736 781 10 42
736 782 10 43
736 783 10 44
736 784 10 45
736 785 10 46
736 786 10 47
736 787 10 48
736 788 10 19
736 789 10 20
736 790 10 21
736 791 10 22
736 792 10 23
736 793 10 24
736 794 10 25
736 795 10 26
736 796 10 27
736 797 10 28
736 798 10 29
737 759 10 20
737 760 10 21
737 761 10 22
737 762 10 23
737 763 10 24
737 764 10 25
737 765 10 26
737 766 10 27
737 767 10 28
737 768 10 29
737 769 10 30
737 770 10 31
737 771 10 32
737 772 10 33
737 773 10 34
737 774 10 35
737 775 10 36
737 776 10 37
737 777 10 38
737 778 10 39
737 779 10 40
737 780 10 41
737 781 10 42
737 782 10 43
737 783 10 44
737 784 10 45
737 785 10 46
737 786 10 47
737 787 10 48
737 788 10 19
737 789 10 20
737 790 10 21
737 791 10 22
737 792 10 23
737 793 10 24
737 794 10 25
737 795 10 26
737 796 10 27
737 797 10 28
737 798 10 29
738 759 10 20
738 760 10 21
738 761 10 22
738 762 10 23
738 763 10 24
738 764 10 25
738 765 10 26
738 766 10 27
738 767 10 28
738 768 10 29
738 769 10 30
738 770 10 31
738 771 10 32
738 772 10 33
738 773 10 34
738 774 10 35
738 775 10 36
738 776 10 37
738 777 10 38
738 778 10 39
738 779 10 40
738 780 10 41
738 781 10 42
738 782 10 43
738 783 10 44
738 784 10 45
738 785 10 46
738 786 10 47
738 787 10 48
738 788 10 19
738 789 10 20
738 790 10 21
738 791 10 22
738 792 10 23
738 793 10 24
738 794 10 25
738 795 10 26
738 796 10 27
738 797 10 28
738 798 10 29
739 759 10 20
739 760 10 21
739 761 10 22
739 762 10 23
739 763 10 24
739 764 10 25
739 765 10 26
739 766 10 27
739 767 10 28
739 768 10 29
739 769 10 30
739 770 10 31
739 771 10 32
739 772 10 33
739 773 10 34
739 774 10 35
739 775 10 36
739 776 10 37
739 777 10 38
739 778 10 39
739 779 10 40
739 780 10 41
739 781 10 42
739 782 10 43
739 783 10 44
739 784 10 45
739 785 10 46
739 786 10 47
739 787 10 48
739 788 10 19
739 789 10 20
739 790 10 21
739 791 10 22
739 792 10 23
739 793 10 24
739 794 10 25
739 795 10 26
739 796 10 27
739 797 10 28
739 798 10 29
740 759 10 20
740 760 10 21
740 761 10 22
740 762 10 23
740 763 10 24
740 764 10 25
740 765 10 26
740 766 10 27
740 767 10 28
740 768 10 29
740 769 10 30
740 770 10 31
740 771 10 32
740 772 10 33
740 773 10 34
740 774 10 35
740 775 10 36
740 776 10 37
740 777 10 38
740 778 10 39
740 779 10 40
740 780 10 41
740 781 10 42
740 782 10 43
740 783 10 44
740 784 10 45
740 785 10 46
740 786 10 47
740 787 10 48
740 788 10 19
740 789 10 20
740 790 10 21
740 791 10 22
740 792 10 23
740 793 10 24
740 794 10 25
740 795 10 26
740 796 10 27
740 797 10 28
740 798 10 29
741 759 10 20
741 760 10 21
741 761 10 22
741 762 10 23
741 763 10 24
741 764 10 25
741 765 10 26
741 766 10 27
741 767 10 28
741 768 10 29
741 769 10 30
741 770 10 31
741 771 10 32
741 772 10 33
741 773 10 34
741 774 10 35
741 775 10 36
741 776 10 37
741 777 10 38
741 778 10 39
741 779 10 40
741 780 10 41
741 781 10 42
741 782 10 43
741 783 10 44
741 784 10 45
741 785 10 46
741 786 10 47
741 787 10 48
741 788 10 19
741 789 10 20
741 790 10 21
741 791 10 22
741 792 10 23
741 793 10 24
741 794 10 25
741 795 10 26
741 796 10 27
741 797 10 28
741 798 10 29
742 759 10 20
742 760 10 21
742 761 10 22
742 762 10 23
742 763 10 24
742 764 10 25
742 765 10 26
742 766 10 27
742 767 10 28
742 768 10 29
742 769 10 30
742 770 10 31
742 771 10 32
742 772 10 33
742 773 10 34
742 774 10 35
742 775 10 36
742 776 10 37
742 777 10 38
742 778 10 39
742 779 10 40
742 780 10 41
742 781 10 42
742 782 10 43
742 783 10 44
742 784 10 45
742 785 10 46
742 786 10 47
742 787 10 48
742 788 10 19
742 789 10 20
742 790 10 21
742 791 10 22
742 792 10 23
742 793 10 24
742 794 10 25
742 795 10 26
742 796 10 27
742 797 10 28
742 798 10 29
743 759 10 20
743 760 10 21
743 761 10 22
743 762 10 23
743 763 10 24
743 764 10 25
743 765 10 26
743 766 10 27
743 767 10 28
743 768 10 29
743 769 10 30
743 770 10 31
743 771 10 32
743 772 10 33
743 773 10 34
743 774 10 35
743 775 10 36
743 776 10 37
743 777 10 38
743 778 10 39
743 779 10 40
743 780 10 41
743 781 10 42
743 782 10 43
743 783 10 44
743 784 10 45
743 785 10 46
743 786 10 47
743 787 10 48
743 788 10 19
743 789 10 20
743 790 10 21
743 791 10 22
743 792 10 23
743 793 10 24
743 794 10 25
743 795 10 26
743 796 10 27
743 797 10 28
743 798 10 29
744 759 10 20
744 760 10 21
744 761 10 22
744 762 10 23
744 763 10 24
744 764 10 25
744 765 10 26
744 766 10 27
744 767 10 28
744 768 10 29
744 769 10 30
744 770 10 31
744 771 10 32
744 772 10 33
744 773 10 34
744 774 10 35
744 775 10 36
744 776 10 37
744 777 10 38
744 778 10 39
744 779 10 40
744 780 10 41
744 781 10 42
744 782 10 43
744 783 10 44
744 784 10 45
744 785 10 46
744 786 10 47
744 787 10 48
744 788 10 19
744 789 10 20
744 790 10 21
744 791 10 22
744 792 10 23
744 793 10 24
744 794 10 25
744 795 10 26
744 796 10 27
744 797 10 28
744 798 10 29
745 759 10 20
745 760 10 21
745 761 10 22
745 762 10 23
745 763 10 24
745 764 10 25
745 765 10 26
745 766 10 27
745 767 10 28
745 768 10 29
745 769 10 30
745 770 10 31
745 771 10 32
745 772 10 33
745 773 10 34
745 774 10 35
745 775 10 36
745 776 10 37
745 777 10 38
745 778 10 39
745 779 10 40
745 780 10 41
745 781 10 42
745 782 10 43
745 783 10 44
745 784 10 45
745 785 10 46
745 786 10 47
745 787 10 48
745 788 10 19
745 789 10 20
745 790 10 21
745 791 10 22
745 792 10 23
745 793 10 24
745 794 10 25
745 795 10 26
745 796 10 27
745 797 10 28
745 798 10 29
746 759 10 20
746 760 10 21
746 761 10 22
746 762 10 23
746 763 10 24
746 764 10 25
746 765 10 26
746 766 10 27
746 767 10 28
746 768 10 29
746 769 10 30
746 770 10 31
746 771 10 32
746 772 10 33
746 773 10 34
746 774 10 35
746 775 10 36
746 776 10 37
746 777 10 38
746 778 10 39
746 779 10 40
746 780 10 41
746 781 10 42
746 782 10 43
746 783 10 44
746 784 10 45
746 785 10 46
746 786 10 47
746 787 10 48
746 788 10 19
746 789 10 20
746 790 10 21
746 791 10 22
746 792 10 23
746 793 10 24
746 794 10 25
746 795 10 26
746 796 10 27
746 797 10 28
746 798 10 29
747 759 10 20
747 760 10 21
747 761 10 22
747 762 10 23
747 763 10 24
747 764 10 25
747 765 10 26
747 766 10 27
747 767 10 28
747 768 10 29
747 769 10 30
747 770 10 31
747 771 10 32
747 772 10 33
747 773 10 34
747 774 10 35
747 775 10 36
747 776 10 37
747 777 10 38
747 778 10 39
747 779 10 40
747 780 10 41
747 781 10 42
747 782 10 43
747 783 10 44
747 784 10 45
747 785 10 46
747 786 10 47
747 787 10 48
747 788 10 19
747 789 10 20
747 790 10 21
747 791 10 22
747 792 10 23
747 793 10 24
747 794 10 25
747 795 10 26
747 796 10 27
747 797 10 28
747 798 10 29
748 759 10 20
748 760 10 21
748 761 10 22
748 762 10 23
748 763 10 24
748 764 10 25
748 765 10 26
748 766 10 27
748 767 10 28
748 768 10 29
748 769 10 30
748 770 10 31
748 771 10 32
748 772 10 33
748 773 10 34
748 774 10 35
748 775 10 36
748 776 10 37
748 777 10 38
748 778 10 39
748 779 10 40
748 780 10 41
748 781 10 42
748 782 10 43
748 783 10 44
748 784 10 45
748 785 10 46
748 786 10 47
748 787 10 48
748 788 10 19
748 789 10 20
748 790 10 21
748 791 10 22
748 792 10 23
748 793 10 24
748 794 10 25
748 795 10 26
748 796 10 27
748 797 10 28
748 798 10 29
749 759 10 20
749 760 10 21
749 761 10 22
749 762 10 23
749 763 10 24
749 764 10 25
749 765 10 26
749 766 10 27
749 767 10 28
749 768 10 29
749 769 10 30
749 770 10 31
749 771 10 32
749 772 10 33
749 773 10 34
749 774 10 35
749 775 10 36
749 776 10 37
749 777 10 38
749 778 10 39
749 779 10 40
749 780 10 41
749 781 10 42
749 782 10 43
749 783 10 44
749 784 10 45
749 785 10 46
749 786 10 47
749 787 10 48
749 788 10 19
749 789 10 20
749 790 10 21
749 791 10 22
749 792 10 23
749 793 10 24
749 794 10 25
749 795 10 26
749 796 10 27
749 797 10 28
749 798 10 29
750 759 10 20
750 760 10 21
750 761 10 22
750 762 10 23
750 763 10 24
750 764 10 25
750 765 10 26
750 766 10 27
750 767 10 28
750 768 10 29
750 769 10 30
750 770 10 31
750 771 10 32
750 772 10 33
750 773 10 34
750 774 10 35
750 775 10 36
750 776 10 37
750 777 10 38
750 778 10 39
750 779 10 40
750 780 10 41
750 781 10 42
750 782 10 43
750 783 10 44
750 784 10 45
750 785 10 46
750 786 10 47
750 787 10 48
750 788 10 19
750 789 10 20
750 790 10 21
750 791 10 22
750 792 10 23
750 793 10 24
750 794 10 25
750 795 10 26
750 796 10 27
750 797 10 28
750 798 10 29
751 759 10 20
751 760 10 21
751 761 10 22
751 762 10 23
751 763 10 24
751 764 10 25
751 765 10 26
751 766 10 27
751 767 10 28
751 768 10 29
751 769 10 30
751 770 10 31
751 771 10 32
751 772 10 33
751 773 10 34
751 774 10 35
751 775 10 36
751 776 10 37
751 777 10 38
751 778 10 39
751 779 10 40
751 780 10 41
751 781 10 42
751 782 10 43
751 783 10 44
751 784 10 45
751 785 10 46
751 786 10 47
751 787 10 48
751 788 10 19
751 789 10 20
751 790 10 21
751 791 10 22
751 792 10 23
751 793 10 24
751 794 10 25
751 795 10 26
751 796 10 27
751 797 10 28
751 798 10 29
752 759 10 20
752 760 10 21
752 761 10 22
752 762 10 23
752 763 10 24
752 764 10 25
752 765 10 26
752 766 10 27
752 767 10 28
752 768 10 29
752 769 10 30
752 770 10 31
752 771 10 32
752 772 10 33
752 773 10 34
752 774 10 35
752 775 10 36
752 776 10 37
752 777 10 38
752 778 10 39
752 779 10 40
752 780 10 41
752 781 10 42
752 782 10 43
752 783 10 44
752 784 10 45
752 785 10 46
752 786 10 47
752 787 10 48
752 788 10 19
752 789 10 20
752 790 10 21
752 791 10 22
752 792 10 23
752 793 10 24
752 794 10 25
752 795 10 26
752 796 10 27
752 797 10 28
752 798 10 29
753 759 10 20
753 760 10 21
753 761 10 22
753 762 10 23
753 763 10 24
753 764 10 25
753 765 10 26
753 766 10 27
753 767 10 28
753 768 10 29
753 769 10 30
753 770 10 31
753 771 10 32
753 772 10 33
753 773 10 34
753 774 10 35
753 775 10 36
753 776 10 37
753 777 10 38
753 778 10 39
753 779 10 40
753 780 10 41
753 781 10 42
753 782 10 43
753 783 10 44
753 784 10 45
753 785 10 46
753 786 10 47
753 787 10 48
753 788 10 19
753 789 10 20
753 790 10 21
753 791 10 22
753 792 10 23
753 793 10 24
753 794 10 25
753 795 10 26
753 796 10 27
753 797 10 28
753 798 10 29
754 759 10 20
754 760 10 21
754 761 10 22
754 762 10 23
754 763 10 24
754 764 10 25
754 765 10 26
754 766 10 27
754 767 10 28
754 768 10 29
754 769 10 30
754 770 10 31
754 771 10 32
754 772 10 33
754 773 10 34
754 774 10 35
754 775 10 36
754 776 10 37
754 777 10 38
754 778 10 39
754 779 10 40
754 780 10 41
754 781 10 42
754 782 10 43
754 783 10 44
754 784 10 45
754 785 10 46
754 786 10 47
754 787 10 48
754 788 10 19
754 789 10 20
754 790 10 21
754 791 10 22
754 792 10 23
754 793 10 24
754 794 10 25
754 795 10 26
754 796 10 27
754 797 10 28
754 798 10 29
755 759 10 20
755 760 10 21
755 761 10 22
755 762 10 23
755 763 10 24
755 764 10 25
755 765 10 26
755 766 10 27
755 767 10 28
755 768 10 29
755 769 10 30
755 770 10 31
755 771 10 32
755 772 10 33
755 773 10 34
755 774 10 35
755 775 10 36
755 776 10 37
755 777 10 38
755 778 10 39
755 779 10 40
755 780 10 41
755 781 10 42
755 782 10 43
755 783 10 44
755 784 10 45
755 785 10 46
755 786 10 47
755 787 10 48
755 788 10 19
755 789 10 20
755 790 10 21
755 791 10 22
755 792 10 23
755 793 10 24
755 794 10 25
755 795 10 26
755 796 10 27
755 797 10 28
755 798 10 29
756 759 10 20
756 760 10 21
756 761 10 22
756 762 10 23
756 763 10 24
756 764 10 25
756 765 10 26
756 766 10 27
756 767 10 28
756 768 10 29
756 769 10 30
756 770 10 31
756 771 10 32
756 772 10 33
756 773 10 34
756 774 10 35
756 775 10 36
756 776 10 37
756 777 10 38
756 778 10 39
756 779 10 40
756 780 10 41
756 781 10 42
756 782 10 43
756 783 10 44
756 784 10 45
756 785 10 46
756 786 10 47
756 787 10 48
756 788 10 19
756 789 10 20
756 790 10 21
756 791 10 22
756 792 10 23
756 793 10 24
756 794 10 25
756 795 10 26
756 796 10 27
756 797 10 28
756 798 10 29
757 759 10 20
757 760 10 21
757 761 10 22
757 762 10 23
757 763 10 24
757 764 10 25
757 765 10 26
757 766 10 27
757 767 10 28
757 768 10 29
757 769 10 30
757 770 10 31
757 771 10 32
757 772 10 33
757 773 10 34
757 774 10 35
757 775 10 36
757 776 10 37
757 777 10 38
757 778 10 39
757 779 10 40
757 780 10 41
757 781 10 42
757 782 10 43
757 783 10 44
757 784 10 45
757 785 10 46
757 786 10 47
757 787 10 48
757 788 10 19
757 789 10 20
757 790 10 21
757 791 10 22
757 792 10 23
757 793 10 24
757 794 10 25
757 795 10 26
757 796 10 27
757 797 10 28
757 798 10 29
758 759 10 20
758 760 10 21
758 761 10 22
758 762 10 23
758 763 10 24
758 764 10 25
758 765 10 26
758 766 10 27
758 767 10 28
758 768 10 29
758 769 10 30
758 770 10 31
758 771 10 32
758 772 10 33
758 773 10 34
758 774 10 35
758 775 10 36
758 776 10 37
758 777 10 38
758 778 10 39
758 779 10 40
758 780 10 41
758 781 10 42
758 782 10 43
758 783 10 44
758 784 10 45
758 785 10 46
758 786 10 47
758 787 10 48
758 788 10 19
758 789 10 20
758 790 10 21
758 791 10 22
758 792 10 23
758 793 10 24
758 794 10 25
758 795 10 26
758 796 10 27
758 797 10 28
758 798 10 29
759 799 10 21
759 800 10 22
759 801 10 23
759 802 10 24
759 803 10 25
759 804 10 26
759 805 10 27
759 806 10 28
759 807 10 29
759 808 10 30
759 809 10 31
759 810 10 32
759 811 10 33
759 812 10 34
759 813 10 35
759 814 10 36
759 815 10 37
759 816 10 38
759 817 10 39
759 818 10 40
759 819 10 41
759 820 10 42
759 821 10 43
759 822 10 44
759 823 10 45
759 824 10 46
759 825 10 47
759 826 10 48
759 827 10 49
759 828 10 20
759 829 10 21
759 830 10 22
759 831 10 23
759 832 10 24
759 833 10 25
759 834 10 26
759 835 10 27
759 836 10 28
759 837 10 29
759 838 10 30
760 799 10 21
760 800 10 22
760 801 10 23
760 802 10 24
760 803 10 25
760 804 10 26
760 805 10 27
760 806 10 28
760 807 10 29
760 808 10 30
760 809 10 31
760 810 10 32
760 811 10 33
760 812 10 34
760 813 10 35
760 814 10 36
760 815 10 37
760 816 10 38
760 817 10 39
760 818 10 40
760 819 10 41
760 820 10 42
760 821 10 43
760 822 10 44
760 823 10 45
760 824 10 46
760 825 10 47
760 826 10 48
760 827 10 49
760 828 10 20
760 829 10 21
760 830 10 22
760 831 10 23
760 832 10 24
760 833 10 25
760 834 10 26
760 835 10 27
760 836 10 28
760 837 10 29
760 838 10 30
761 799 10 21
761 800 10 22
761 801 10 23
761 802 10 24
761 803 10 25
761 804 10 26
761 805 10 27
761 806 10 28
761 807 10 29
761 808 10 30
761 809 10 31
761 810 10 32
761 811 10 33
761 812 10 34
761 813 10 35
761 814 10 36
761 815 10 37
761 816 10 38
761 817 10 39
761 818 10 40
761 819 10 41
761 820 10 42
761 821 10 43
761 822 10 44
761 823 10 45
761 824 10 46
761 825 10 47
761 826 10 48
761 827 10 49
761 828 10 20
761 829 10 21
761 830 10 22
761 831 10 23
761 832 10 24
761 833 10 25
761 834 10 26
761 835 10 27
761 836 10 28
761 837 10 29
761 838 10 30
762 799 10 21
762 800 10 22
762 801 10 23
762 802 10 24
762 803 10 25
762 804 10 26
762 805 10 27
762 806 10 28
762 807 10 29
762 808 10 30
762 809 10 31
762 810 10 32
762 811 10 33
762 812 10 34
762 813 10 35
762 814 10 36
762 815 10 37
762 816 10 38
762 817 10 39
762 818 10 40
762 819 10 41
762 820 10 42
762 821 10 43
762 822 10 44
762 823 10 45
762 824 10 46
762 825 10 47
762 826 10 48
762 827 10 49
762 828 10 20
762 829 10 21
762 830 10 22
762 831 10 23
762 832 10 24
762 833 10 25
762 834 10 26
762 835 10 27
762 836 10 28
762 837 10 29
762 838 10 30
763 799 10 21
763 800 10 22
763 801 10 23
763 802 10 24
763 803 10 25
763 804 10 26
763 805 10 27
763 806 10 28
763 807 10 29
763 808 10 30
763 809 10 31
763 810 10 32
763 811 10 33
763 812 10 34
763 813 10 35
763 814 10 36
763 815 10 37
763 816 10 38
763 817 10 39
763 818 10 40
763 819 10 41
763 820 10 42
763 821 10 43
763 822 10 44
763 823 10 45
763 824 10 46
763 825 10 47
763 826 10 48
763 827 10 49
763 828 10 20
763 829 10 21
763 830 10 22
763 831 10 23
763 832 10 24
763 833 10 25
763 834 10 26
763 835 10 27
763 836 10 28
763 837 10 29
763 838 10 30
764 799 10 21
764 800 10 22
764 801 10 23
764 802 10 24
764 803 10 25
764 804 10 26
764 805 10 27
764 806 10 28
764 807 10 29
764 808 10 30
764 809 10 31
764 810 10 32
764 811 10 33
764 812 10 34
764 813 10 35
764 814 10 36
764 815 10 37
764 816 10 38
764 817 10 39
764 818 10 40
764 819 10 41
764 820 10 42
764 821 10 43
764 822 10 44
764 823 10 45
764 824 10 46
764 825 10 47
764 826 10 48
764 827 10 49
764 828 10 20
764 829 10 21
764 830 10 22
764 831 10 23
764 832 10 24
764 833 10 25
764 834 10 26
764 835 10 27
764 836 10 28
764 837 10 29
764 838 10 30
765 799 10 21
765 800 10 22
765 801 10 23
765 802 10 24
765 803 10 25
765 804 10 26
765 805 10 27
765 806 10 28
765 807 10 29
765 808 10 30
765 809 10 31
765 810 10 32
765 811 10 33
765 812 10 34
765 813 10 35
765 814 10 36
765 815 10 37
765 816 10 38
765 817 10 39
765 818 10 40
765 819 10 41
765 820 10 42
765 821 10 43
765 822 10 44
765 823 10 45
765 824 10 46
765 825 10 47
765 826 10 48
765 827 10 49
765 828 10 20
765 829 10 21
765 830 10 22
765 831 10 23
765 832 10 24
765 833 10 25
765 834 10 26
765 835 10 27
765 836 10 28
765 837 10 29
765 838 10 30
766 799 10 21
766 800 10 22
766 801 10 23
766 802 10 24
766 803 10 25
766 804 10 26
766 805 10 27
766 806 10 28
766 807 10 29
766 808 10 30
766 809 10 31
766 810 10 32
766 811 10 33
766 812 10 34
766 813 10 35
766 814 10 36
766 815 10 37
766 816 10 38
766 817 10 39
766 818 10 40
766 819 10 41
766 820 10 42
766 821 10 43
766 822 10 44
766 823 10 45
766 824 10 46
766 825 10 47
766 826 10 48
766 827 10 49
766 828 10 20
766 829 10 21
766 830 10 22
766 831 10 23
766 832 10 24
766 833 10 25
766 834 10 26
766 835 10 27
766 836 10 28
766 837 10 29
766 838 10 30
767 799 10 21
767 800 10 22
767 801 10 23
767 802 10 24
767 803 10 25
767 804 10 26
767 805 10 27
767 806 10 28
767 807 10 29
767 808 10 30
767 809 10 31
767 810 10 32
767 811 10 33
767 812 10 34
767 813 10 35
767 814 10 36
767 815 10 37
767 816 10 38
767 817 10 39
767 818 10 40
767 819 10 41
767 820 10 42
767 821 10 43
767 822 10 44
767 823 10 45
767 824 10 46
767 825 10 47
767 826 10 48
767 827 10 49
767 828 10 20
767 829 10 21
767 830 10 22
767 831 10 23
767 832 10 24
767 833 10 25
767 834 10 26
767 835 10 27
767 836 10 28
767 837 10 29
767 838 10 30
768 799 10 21
768 800 10 22
768 801 10 23
768 802 10 24
768 803 10 25
768 804 10 26
768 805 10 27
768 806 10 28
768 807 10 29
768 808 10 30
768 809 10 31
768 810 10 32
768 811 10 33
768 812 10 34
768 813 10 35
768 814 10 36
768 815 10 37
768 816 10 38
768 817 10 39
768 818 10 40
768 819 10 41
768 820 10 42
768 821 10 43
768 822 10 44
768 823 10 45
768 824 10 46
768 825 10 47
768 826 10 48
768 827 10 49
768 828 10 20
768 829 10 21
768 830 10 22
768 831 10 23
768 832 10 24
768 833 10 25
768 834 10 26
768 835 10 27
768 836 10 28
768 837 10 29
768 838 10 30
769 799 10 21
769 800 10 22
769 801 10 23
769 802 10 24
769 803 10 25
769 804 10 26
769 805 10 27
769 806 10 28
769 807 10 29
769 808 10 30
769 809 10 31
769 810 10 32
769 811 10 33
769 812 10 34
769 813 10 35
769 814 10 36
769 815 10 37
769 816 10 38
769 817 10 39
769 818 10 40
769 819 10 41
769 820 10 42
769 821 10 43
769 822 10 44
769 823 10 45
769 824 10 46
769 825 10 47
769 826 10 48
769 827 10 49
769 828 10 20
769 829 10 21
769 830 10 22
769 831 10 23
769 832 10 24
769 833 10 25
769 834 10 26
769 835 10 27
769 836 10 28
769 837 10 29
769 838 10 30
770 799 10 21
770 800 10 22
770 801 10 23
770 802 10 24
770 803 10 25
770 804 10 26
770 805 10 27
770 806 10 28
770 807 10 29
770 808 10 30
770 809 10 31
770 810 10 32
770 811 10 33
770 812 10 34
770 813 10 35
770 814 10 36
770 815 10 37
770 816 10 38
770 817 10 39
770 818 10 40
770 819 10 41
770 820 10 42
770 821 10 43
770 822 10 44
770 823 10 45
770 824 10 46
770 825 10 47
770 826 10 48
770 827 10 49
770 828 10 20
770 829 10 21
770 830 10 22
770 831 10 23
770 832 10 24
770 833 10 25
770 834 10 26
770 835 10 27
770 836 10 28
770 837 10 29
770 838 10 30
771 799 10 21
771 800 10 22
771 801 10 23
771 802 10 24
771 803 10 25
771 804 10 26
771 805 10 27
771 806 10 28
771 807 10 29
771 808 10 30
771 809 10 31
771 810 10 32
771 811 10 33
771 812 10 34
771 813 10 35
771 814 10 36
771 815 10 37
771 816 10 38
771 817 10 39
771 818 10 40
771 819 10 41
771 820 10 42
771 821 10 43
771 822 10 44
771 823 10 45
771 824 10 46
771 825 10 47
771 826 10 48
771 827 10 49
771 828 10 20
771 829 10 21
771 830 10 22
771 831 10 23
771 832 10 24
771 833 10 25
771 834 10 26
771 835 10 27
771 836 10 28
771 837 10 29
771 838 10 30
772 799 10 21
772 800 10 22
772 801 10 23
772 802 10 24
772 803 10 25
772 804 10 26
772 805 10 27
772 806 10 28
772 807 10 29
772 808 10 30
772 809 10 31
772 810 10 32
772 811 10 33
772 812 10 34
772 813 10 35
772 814 10 36
772 815 10 37
772 816 10 38
772 817 10 39
772 818 10 40
772 819 10 41
772 820 10 42
772 821 10 43
772 822 10 44
772 823 10 45
772 824 10 46
772 825 10 47
772 826 10 48
772 827 10 49
772 828 10 20
772 829 10 21
772 830 10 22
772 831 10 23
772 832 10 24
772 833 10 25
772 834 10 26
772 835 10 27
772 836 10 28
772 837 10 29
772 838 10 30
773 799 10 21
773 800 10 22
773 801 10 23
773 802 10 24
773 803 10 25
773 804 10 26
773 805 10 27
773 806 10 28
773 807 10 29
773 808 10 30
773 809 10 31
773 810 10 32
773 811 10 33
773 812 10 34
773 813 10 35
773 814 10 36
773 815 10 37
773 816 10 38
773 817 10 39
773 818 10 40
773 819 10 41
773 820 10 42
773 821 10 43
773 822 10 44
773 823 10 45
773 824 10 46
773 825 10 47
773 826 10 48
773 827 10 49
773 828 10 20
773 829 10 21
773 830 10 22
773 831 10 23
773 832 10 24
773 833 10 25
773 834 10 26
773 835 10 27
773 836 10 28
773 837 10 29
773 838 10 30
774 799 10 21
774 800 10 22
774 801 10 23
774 802 10 24
774 803 10 25
774 804 10 26
774 805 10 27
774 806 10 28
774 807 10 29
774 808 10 30
774 809 10 31
774 810 10 32
774 811 10 33
774 812 10 34
774 813 10 35
774 814 10 36
774 815 10 37
774 816 10 38
774 817 10 39
774 818 10 40
774 819 10 41
774 820 10 42
774 821 10 43
774 822 10 44
774 823 10 45
774 824 10 46
774 825 10 47
774 826 10 48
774 827 10 49
774 828 10 20
774 829 10 21
774 830 10 22
774 831 10 23
774 832 10 24
774 833 10 25
774 834 10 26
774 835 10 27
774 836 10 28
774 837 10 29
774 838 10 30
775 799 10 21
775 800 10 22
775 801 10 23
775 802 10 24
775 803 10 25
775 804 10 26
775 805 10 27
775 806 10 28
775 807 10 29
775 808 10 30
775 809 10 31
775 810 10 32
775 811 10 33
775 812 10 34
775 813 10 35
775 814 10 36
775 815 10 37
775 816 10 38
775 817 10 39
775 818 10 40
775 819 10 41
775 820 10 42
775 821 10 43
775 822 10 44
775 823 10 45
775 824 10 46
775 825 10 47
775 826 10 48
775 827 10 49
775 828 10 20
775 829 10 21
775 830 10 22
775 831 10 23
775 832 10 24
775 833 10 25
775 834 10 26
775 835 10 27
775 836 10 28
775 837 10 29
775 838 10 30
776 799 10 21
776 800 10 22
776 801 10 23
776 802 10 24
776 803 10 25
776 804 10 26
776 805 10 27
776 806 10 28
776 807 10 29
776 808 10 30
776 809 10 31
776 810 10 32
776 811 10 33
776 812 10 34
776 813 10 35
776 814 10 36
776 815 10 37
776 816 10 38
776 817 10 39
776 818 10 40
776 819 10 41
776 820 10 42
776 821 10 43
776 822 10 44
776 823 10 45
776 824 10 46
776 825 10 47
776 826 10 48
776 827 10 49
776 828 10 20
776 829 10 21
776 830 10 22
776 831 10 23
776 832 10 24
776 833 10 25
776 834 10 26
776 835 10 27
776 836 10 28
776 837 10 29
776 838 10 30
777 799 10 21
777 800 10 22
777 801 10 23
777 802 10 24
777 803 10 25
777 804 10 26
777 805 10 27
777 806 10 28
777 807 10 29
777 808 10 30
777 809 10 31
777 810 10 32
777 811 10 33
777 812 10 34
777 813 10 35
777 814 10 36
777 815 10 37
777 816 10 38
777 817 10 39
777 818 10 40
777 819 10 41
777 820 10 42
777 821 10 43
777 822 10 44
777 823 10 45
777 824 10 46
777 825 10 47
777 826 10 48
777 827 10 49
777 828 10 20
777 829 10 21
777 830 10 22
777 831 10 23
777 832 10 24
777 833 10 25
777 834 10 26
777 835 10 27
777 836 10 28
777 837 10 29
777 838 10 30
778 799 10 21
778 800 10 22
778 801 10 23
778 802 10 24
778 803 10 25
778 804 10 26
778 805 10 27
778 806 10 28
778 807 10 29
778 808 10 30
778 809 10 31
778 810 10 32
778 811 10 33
778 812 10 34
778 813 10 35
778 814 10 36
778 815 10 37
778 816 10 38
778 817 10 39
778 818 10 40
778 819 10 41
778 820 10 42
778 821 10 43
778 822 10 44
778 823 10 45
778 824 10 46
778 825 10 47
778 826 10 48
778 827 10 49
778 828 10 20
778 829 10 21
778 830 10 22
778 831 10 23
778 832 10 24
778 833 10 25
778 834 10 26
778 835 10 27
778 836 10 28
778 837 10 29
778 838 10 30
779 799 10 21
779 800 10 22
779 801 10 23
779 802 10 24
779 803 10 25
779 804 10 26
779 805 10 27
779 806 10 28
779 807 10 29
779 808 10 30
779 809 10 31
779 810 10 32
779 811 10 33
779 812 10 34
779 813 10 35
779 814 10 36
779 815 10 37
779 816 10 38
779 817 10 39
779 818 10 40
779 819 10 41
779 820 10 42
779 821 10 43
779 822 10 44
779 823 10 45
779 824 10 46
779 825 10 47
779 826 10 48
779 827 10 49
779 828 10 20
779 829 10 21
779 830 10 22
779 831 10 23
779 832 10 24
779 833 10 25
779 834 10 26
779 835 10 27
779 836 10 28
779 837 10 29
779 838 10 30
780 799 10 21
780 800 10 22
780 801 10 23
780 802 10 24
780 803 10 25
780 804 10 26
780 805 10 27
780 806 10 28
780 807 10 29
780 808 10 30
780 809 10 31
780 810 10 32
780 811 10 33
780 812 10 34
780 813 10 35
780 814 10 36
780 815 10 37
780 816 10 38
780 817 10 39
780 818 10 40
780 819 10 41
780 820 10 42
780 821 10 43
780 822 10 44
780 823 10 45
780 824 10 46
780 825 10 47
780 826 10 48
780 827 10 49
780 828 10 20
780 829 10 21
780 830 10 22
780 831 10 23
780 832 10 24
780 833 10 25
780 834 10 26
780 835 10 27
780 836 10 28
780 837 10 29
780 838 10 30
781 799 10 21
781 800 10 22
781 801 10 23
781 802 10 24
781 803 10 25
781 804 10 26
781 805 10 27
781 806 10 28
781 807 10 29
781 808 10 30
781 809 10 31
781 810 10 32
781 811 10 33
781 812 10 34
781 813 10 35
781 814 10 36
781 815 10 37
781 816 10 38
781 817 10 39
781 818 10 40
781 819 10 41
781 820 10 42
781 821 10 43
781 822 10 44
781 823 10 45
781 824 10 46
781 825 10 47
781 826 10 48
781 827 10 49
781 828 10 20
781 829 10 21
781 830 10 22
781 831 10 23
781 832 10 24
781 833 10 25
781 834 10 26
781 835 10 27
781 836 10 28
781 837 10 29
781 838 10 30
782 799 10 21
782 800 10 22
782 801 10 23
782 802 10 24
782 803 10 25
782 804 10 26
782 805 10 27
782 806 10 28
782 807 10 29
782 808 10 30
782 809 10 31
782 810 10 32
782 811 10 33
782 812 10 34
782 813 10 35
782 814 10 36
782 815 10 37
782 816 10 38
782 817 10 39
782 818 10 40
782 819 10 41
782 820 10 42
782 821 10 43
782 822 10 44
782 823 10 45
782 824 10 46
782 825 10 47
782 826 10 48
782 827 10 49
782 828 10 20
782 829 10 21
782 830 10 22
782 831 10 23
782 832 10 24
782 833 10 25
782 834 10 26
782 835 10 27
782 836 10 28
782 837 10 29
782 838 10 30
783 799 10 21
783 800 10 22
783 801 10 23
783 802 10 24
783 803 10 25
783 804 10 26
783 805 10 27
783 806 10 28
783 807 10 29
783 808 10 30
783 809 10 31
783 810 10 32
783 811 10 33
783 812 10 34
783 813 10 35
783 814 10 36
783 815 10 37
783 816 10 38
783 817 10 39
783 818 10 40
783 819 10 41
783 820 10 42
783 821 10 43
783 822 10 44
783 823 10 45
783 824 10 46
783 825 10 47
783 826 10 48
783 827 10 49
783 828 10 20
783 829 10 21
783 830 10 22
783 831 10 23
783 832 10 24
783 833 10 25
783 834 10 26
783 835 10 27
783 836 10 28
783 837 10 29
783 838 10 30
784 799 10 21
784 800 10 22
784 801 10 23
784 802 10 24
784 803 10 25
784 804 10 26
784 805 10 27
784 806 10 28
784 807 10 29
784 808 10 30
784 809 10 31
784 810 10 32
784 811 10 33
784 812 10 34
784 813 10 35
784 814 10 36
784 815 10 37
784 816 10 38
784 817 10 39
784 818 10 40
784 819 10 41
784 820 10 42
784 821 10 43
784 822 10 44
784 823 10 45
784 824 10 46
784 825 10 47
784 826 10 48
784 827 10 49
784 828 10 20
784 829 10 21
784 830 10 22
784 831 10 23
784 832 10 24
784 833 10 25
784 834 10 26
784 835 10 27
784 836 10 28
784 837 10 29
784 838 10 30
785 799 10 21
785 800 10 22
785 801 10 23
785 802 10 24
785 803 10 25
785 804 10 26
785 805 10 27
785 806 10 28
785 807 10 29
785 808 10 30
785 809 10 31
785 810 10 32
785 811 10 33
785 812 10 34
785 813 10 35
785 814 10 36
785 815 10 37
785 816 10 38
785 817 10 39
785 818 10 40
785 819 10 41
785 820 10 42
785 821 10 43
785 822 10 44
785 823 10 45
785 824 10 46
785 825 10 47
785 826 10 48
785 827 10 49
785 828 10 20
785 829 10 21
785 830 10 22
785 831 10 23
785 832 10 24
785 833 10 25
785 834 10 26
785 835 10 27
785 836 10 28
785 837 10 29
785 838 10 30
786 799 10 21
786 800 10 22
786 801 10 23
786 802 10 24
786 803 10 25
786 804 10 26
786 805 10 27
786 806 10 28
786 807 10 29
786 808 10 30
786 809 10 31
786 810 10 32
786 811 10 33
786 812 10 34
786 813 10 35
786 814 10 36
786 815 10 37
786 816 10 38
786 817 10 39
786 818 10 40
786 819 10 41
786 820 10 42
786 821 10 43
786 822 10 44
786 823 10 45
786 824 10 46
786 825 10 47
786 826 10 48
786 827 10 49
786 828 10 20
786 829 10 21
786 830 10 22
786 831 10 23
786 832 10 24
786 833 10 25
786 834 10 26
786 835 10 27
786 836 10 28
786 837 10 29
786 838 10 30
787 799 10 21
787 800 10 22
787 801 10 23
787 802 10 24
787 803 10 25
787 804 10 26
787 805 10 27
787 806 10 28
787 807 10 29
787 808 10 30
787 809 10 31
787 810 10 32
787 811 10 33
787 812 10 34
787 813 10 35
787 814 10 36
787 815 10 37
787 816 10 38
787 817 10 39
787 818 10 40
787 819 10 41
787 820 10 42
787 821 10 43
787 822 10 44
787 823 10 45
787 824 10 46
787 825 10 47
787 826 10 48
787 827 10 49
787 828 10 20
787 829 10 21
787 830 10 22
787 831 10 23
787 832 10 24
787 833 10 25
787 834 10 26
787 835 10 27
787 836 10 28
787 837 10 29
787 838 10 30
788 799 10 21
788 800 10 22
788 801 10 23
788 802 10 24
788 803 10 25
788 804 10 26
788 805 10 27
788 806 10 28
788 807 10 29
788 808 10 30
788 809 10 31
788 810 10 32
788 811 10 33
788 812 10 34
788 813 10 35
788 814 10 36
788 815 10 37
788 816 10 38
788 817 10 39
788 818 10 40
788 819 10 41
788 820 10 42
788 821 10 43
788 822 10 44
788 823 10 45
788 824 10 46
788 825 10 47
788 826 10 48
788 827 10 49
788 828 10 20
788 829 10 21
788 830 10 22
788 831 10 23
788 832 10 24
788 833 10 25
788 834 10 26
788 835 10 27
788 836 10 28
788 837 10 29
788 838 10 30
789 799 10 21
789 800 10 22
789 801 10 23
789 802 10 24
789 803 10 25
789 804 10 26
789 805 10 27
789 806 10 28
789 807 10 29
789 808 10 30
789 809 10 31
789 810 10 32
789 811 10 33
789 812 10 34
789 813 10 35
789 814 10 36
789 815 10 37
789 816 10 38
789 817 10 39
789 818 10 40
789 819 10 41
789 820 10 42
789 821 10 43
789 822 10 44
789 823 10 45
789 824 10 46
789 825 10 47
789 826 10 48
789 827 10 49
789 828 10 20
789 829 10 21
789 830 10 22
789 831 10 23
789 832 10 24
789 833 10 25
789 834 10 26
789 835 10 27
789 836 10 28
789 837 10 29
789 838 10 30
790 799 10 21
790 800 10 22
790 801 10 23
790 802 10 24
790 803 10 25
790 804 10 26
790 805 10 27
790 806 10 28
790 807 10 29
790 808 10 30
790 809 10 31
790 810 10 32
790 811 10 33
790 812 10 34
790 813 10 35
790 814 10 36
790 815 10 37
790 816 10 38
790 817 10 39
790 818 10 40
790 819 10 41
790 820 10 42
790 821 10 43
790 822 10 44
790 823 10 45
790 824 10 46
790 825 10 47
790 826 10 48
790 827 10 49
790 828 10 20
790 829 10 21
790 830 10 22
790 831 10 23
790 832 10 24
790 833 10 25
790 834 10 26
790 835 10 27
790 836 10 28
790 837 10 29
790 838 10 30
791 799 10 21
791 800 10 22
791 801 10 23
791 802 10 24
791 803 10 25
791 804 10 26
791 805 10 27
791 806 10 28
791 807 10 29
791 808 10 30
791 809 10 31
791 810 10 32
791 811 10 33
791 812 10 34
791 813 10 35
791 814 10 36
791 815 10 37
791 816 10 38
791 817 10 39
791 818 10 40
791 819 10 41
791 820 10 42
791 821 10 43
791 822 10 44
791 823 10 45
791 824 10 46
791 825 10 47
791 826 10 48
791 827 10 49
791 828 10 20
791 829 10 21
791 830 10 22
791 831 10 23
791 832 10 24
791 833 10 25
791 834 10 26
791 835 10 27
791 836 10 28
791 837 10 29
791 838 10 30
792 799 10 21
792 800 10 22
792 801 10 23
792 802 10 24
792 803 10 25
792 804 10 26
792 805 10 27
792 806 10 28
792 807 10 29
792 808 10 30
792 809 10 31
792 810 10 32
792 811 10 33
792 812 10 34
792 813 10 35
792 814 10 36
792 815 10 37
792 816 10 38
792 817 10 39
792 818 10 40
792 819 10 41
792 820 10 42
792 821 10 43
792 822 10 44
792 823 10 45
792 824 10 46
792 825 10 47
792 826 10 48
792 827 10 49
792 828 10 20
792 829 10 21
792 830 10 22
792 831 10 23
792 832 10 24
792 833 10 25
792 834 10 26
792 835 10 27
792 836 10 28
792 837 10 29
792 838 10 30
793 799 10 21
793 800 10 22
793 801 10 23
793 802 10 24
793 803 10 25
793 804 10 26
793 805 10 27
793 806 10 28
793 807 10 29
793 808 10 30
793 809 10 31
793 810 10 32
793 811 10 33
793 812 10 34
793 813 10 35
793 814 10 36
793 815 10 37
793 816 10 38
793 817 10 39
793 818 10 40
793 819 10 41
793 820 10 42
793 821 10 43
793 822 10 44
793 823 10 45
793 824 10 46
793 825 10 47
793 826 10 48
793 827 10 49
793 828 10 20
793 829 10 21
793 830 10 22
793 831 10 23
793 832 10 24
793 833 10 25
793 834 10 26
793 835 10 27
793 836 10 28
793 837 10 29
793 838 10 30
794 799 10 21
794 800 10 22
794 801 10 23
794 802 10 24
794 803 10 25
794 804 10 26
794 805 10 27
794 806 10 28
794 807 10 29
794 808 10 30
794 809 10 31
794 810 10 32
794 811 10 33
794 812 10 34
794 813 10 35
794 814 10 36
794 815 10 37
794 816 10 38
794 817 10 39
794 818 10 40
794 819 10 41
794 820 10 42
794 821 10 43
794 822 10 44
794 823 10 45
794 824 10 46
794 825 10 47
794 826 10 48
794 827 10 49
794 828 10 20
794 829 10 21
794 830 10 22
794 831 10 23
794 832 10 24
794 833 10 25
794 834 10 26
794 835 10 27
794 836 10 28
794 837 10 29
794 838 10 30
795 799 10 21
795 800 10 22
795 801 10 23
795 802 10 24
795 803 10 25
795 804 10 26
795 805 10 27
795 806 10 28
795 807 10 29
795 808 10 30
795 809 10 31
795 810 10 32
795 811 10 33
795 812 10 34
795 813 10 35
795 814 10 36
795 815 10 37
795 816 10 38
795 817 10 39
795 818 10 40
795 819 10 41
795 820 10 42
795 821 10 43
795 822 10 44
795 823 10 45
795 824 10 46
795 825 10 47
795 826 10 48
795 827 10 49
795 828 10 20
795 829 10 21
795 830 10 22
795 831 10 23
795 832 10 24
795 833 10 25
795 834 10 26
795 835 10 27
795 836 10 28
795 837 10 29
795 838 10 30
796 799 10 21
796 800 10 22
796 801 10 23
796 802 10 24
796 803 10 25
796 804 10 26
796 805 10 27
796 806 10 28
796 807 10 29
796 808 10 30
796 809 10 31
796 810 10 32
796 811 10 33
796 812 10 34
796 813 10 35
796 814 10 36
796 815 10 37
796 816 10 38
796 817 10 39
796 818 10 40
796 819 10 41
796 820 10 42
796 821 10 43
796 822 10 44
796 823 10 45
796 824 10 46
796 825 10 47
796 826 10 48
796 827 10 49
796 828 10 20
796 829 10 21
796 830 10 22
796 831 10 23
796 832 10 24
796 833 10 25
796 834 10 26
796 835 10 27
796 836 10 28
796 837 10 29
796 838 10 30
797 799 10 21
797 800 10 22
797 801 10 23
797 802 10 24
797 803 10 25
797 804 10 26
797 805 10 27
797 806 10 28
797 807 10 29
797 808 10 30
797 809 10 31
797 810 10 32
797 811 10 33
797 812 10 34
797 813 10 35
797 814 10 36
797 815 10 37
797 816 10 38
797 817 10 39
797 818 10 40
797 819 10 41
797 820 10 42
797 821 10 43
797 822 10 44
797 823 10 45
797 824 10 46
797 825 10 47
797 826 10 48
797 827 10 49
797 828 10 20
797 829 10 21
797 830 10 22
797 831 10 23
797 832 10 24
797 833 10 25
797 834 10 26
797 835 10 27
797 836 10 28
797 837 10 29
797 838 10 30
798 799 10 21
798 800 10 22
798 801 10 23
798 802 10 24
798 803 10 25
798 804 10 26
798 805 10 27
798 806 10 28
798 807 10 29
798 808 10 30
798 809 10 31
798 810 10 32
798 811 10 33
798 812 10 34
798 813 10 35
798 814 10 36
798 815 10 37
798 816 10 38
798 817 10 39
798 818 10 40
798 819 10 41
798 820 10 42
798 821 10 43
798 822 10 44
798 823 10 45
798 824 10 46
798 825 10 47
798 826 10 48
798 827 10 49
798 828 10 20
798 829 10 21
798 830 10 22
798 831 10 23
798 832 10 24
798 833 10 25
798 834 10 26
798 835 10 27
798 836 10 28
798 837 10 29
798 838 10 30
799 839 10 22
799 840 10 23
799 841 10 24
799 842 10 25
799 843 10 26
799 844 10 27
799 845 10 28
799 846 10 29
799 847 10 30
799 848 10 31
799 849 10 32
799 850 10 33
799 851 10 34
799 852 10 35
799 853 10 36
799 854 10 37
799 855 10 38
799 856 10 39
799 857 10 40
799 858 10 41
799 859 10 42
799 860 10 43
799 861 10 44
799 862 10 45
799 863 10 46
799 864 10 47
799 865 10 48
799 866 10 49
799 867 10 50
799 868 10 21
799 869 10 22
799 870 10 23
799 871 10 24
799 872 10 25
799 873 10 26
799 874 10 27
799 875 10 28
799 876 10 29
799 877 10 30
799 878 10 31
800 839 10 22
800 840 10 23
800 841 10 24
800 842 10 25
800 843 10 26
800 844 10 27
800 845 10 28
800 846 10 29
800 847 10 30
800 848 10 31
800 849 10 32
800 850 10 33
800 851 10 34
800 852 10 35
800 853 10 36
800 854 10 37
800 855 10 38
800 856 10 39
800 857 10 40
800 858 10 41
800 859 10 42
800 860 10 43
800 861 10 44
800 862 10 45
800 863 10 46
800 864 10 47
800 865 10 48
800 866 10 49
800 867 10 50
800 868 10 21
800 869 10 22
800 870 10 23
800 871 10 24
800 872 10 25
800 873 10 26
800 874 10 27
800 875 10 28
800 876 10 29
800 877 10 30
800 878 10 31
801 839 10 22
801 840 10 23
801 841 10 24
801 842 10 25
801 843 10 26
801 844 10 27
801 845 10 28
801 846 10 29
801 847 10 30
801 848 10 31
801 849 10 32
801 850 10 33
801 851 10 34
801 852 10 35
801 853 10 36
801 854 10 37
801 855 10 38
801 856 10 39
801 857 10 40
801 858 10 41
801 859 10 42
801 860 10 43
801 861 10 44
801 862 10 45
801 863 10 46
801 864 10 47
801 865 10 48
801 866 10 49
801 867 10 50
801 868 10 21
801 869 10 22
801 870 10 23
801 871 10 24
801 872 10 25
801 873 10 26
801 874 10 27
801 875 10 28
801 876 10 29
801 877 10 30
801 878 10 31
802 839 10 22
802 840 10 23
802 841 10 24
802 842 10 25
802 843 10 26
802 844 10 27
802 845 10 28
802 846 10 29
802 847 10 30
802 848 10 31
802 849 10 32
802 850 10 33
802 851 10 34
802 852 10 35
802 853 10 36
802 854 10 37
802 855 10 38
802 856 10 39
802 857 10 40
802 858 10 41
802 859 10 42
802 860 10 43
802 861 10 44
802 862 10 45
802 863 10 46
802 864 10 47
802 865 10 48
802 866 10 49
802 867 10 50
802 868 10 21
802 869 10 22
802 870 10 23
802 871 10 24
802 872 10 25
802 873 10 26
802 874 10 27
802 875 10 28
802 876 10 29
802 877 10 30
802 878 10 31
803 839 10 22
803 840 10 23
803 841 10 24
803 842 10 25
803 843 10 26
803 844 10 27
803 845 10 28
803 846 10 29
803 847 10 30
803 848 10 31
803 849 10 32
803 850 10 33
803 851 10 34
803 852 10 35
803 853 10 36
803 854 10 37
803 855 10 38
803 856 10 39
803 857 10 40
803 858 10 41
803 859 10 42
803 860 10 43
803 861 10 44
803 862 10 45
803 863 10 46
803 864 10 47
803 865 10 48
803 866 10 49
803 867 10 50
803 868 10 21
803 869 10 22
803 870 10 23
803 871 10 24
803 872 10 25
803 873 10 26
803 874 10 27
803 875 10 28
803 876 10 29
803 877 10 30
803 878 10 31
804 839 10 22
804 840 10 23
804 841 10 24
804 842 10 25
804 843 10 26
804 844 10 27
804 845 10 28
804 846 10 29
804 847 10 30
804 848 10 31
804 849 10 32
804 850 10 33
804 851 10 34
804 852 10 35
804 853 10 36
804 854 10 37
804 855 10 38
804 856 10 39
804 857 10 40
804 858 10 41
804 859 10 42
804 860 10 43
804 861 10 44
804 862 10 45
804 863 10 46
804 864 10 47
804 865 10 48
804 866 10 49
804 867 10 50
804 868 10 21
804 869 10 22
804 870 10 23
804 871 10 24
804 872 10 25
804 873 10 26
804 874 10 27
804 875 10 28
804 876 10 29
804 877 10 30
804 878 10 31
805 839 10 22
805 840 10 23
805 841 10 24
805 842 10 25
805 843 10 26
805 844 10 27
805 845 10 28
805 846 10 29
805 847 10 30
805 848 10 31
805 849 10 32
805 850 10 33
805 851 10 34
805 852 10 35
805 853 10 36
805 854 10 37
805 855 10 38
805 856 10 39
805 857 10 40
805 858 10 41
805 859 10 42
805 860 10 43
805 861 10 44
805 862 10 45
805 863 10 46
805 864 10 47
805 865 10 48
805 866 10 49
805 867 10 50
805 868 10 21
805 869 10 22
805 870 10 23
805 871 10 24
805 872 10 25
805 873 10 26
805 874 10 27
805 875 10 28
805 876 10 29
805 877 10 30
805 878 10 31
806 839 10 22
806 840 10 23
806 841 10 24
806 842 10 25
806 843 10 26
806 844 10 27
806 845 10 28
806 846 10 29
806 847 10 30
806 848 10 31
806 849 10 32
806 850 10 33
806 851 10 34
806 852 10 35
806 853 10 36
806 854 10 37
806 855 10 38
806 856 10 39
806 857 10 40
806 858 10 41
806 859 10 42
806 860 10 43
806 861 10 44
806 862 10 45
806 863 10 46
806 864 10 47
806 865 10 48
806 866 10 49
806 867 10 50
806 868 10 21
806 869 10 22
806 870 10 23
806 871 10 24
806 872 10 25
806 873 10 26
806 874 10 27
806 875 10 28
806 876 10 29
806 877 10 30
806 878 10 31
807 839 10 22
807 840 10 23
807 841 10 24
807 842 10 25
807 843 10 26
807 844 10 27
807 845 10 28
807 846 10 29
807 847 10 30
807 848 10 31
807 849 10 32
807 850 10 33
807 851 10 34
807 852 10 35
807 853 10 36
807 854 10 37
807 855 10 38
807 856 10 39
807 857 10 40
807 858 10 41
807 859 10 42
807 860 10 43
807 861 10 44
807 862 10 45
807 863 10 46
807 864 10 47
807 865 10 48
807 866 10 49
807 867 10 50
807 868 10 21
807 869 10 22
807 870 10 23
807 871 10 24
807 872 10 25
807 873 10 26
807 874 10 27
807 875 10 28
807 876 10 29
807 877 10 30
807 878 10 31
808 839 10 22
808 840 10 23
808 841 10 24
808 842 10 25
808 843 10 26
808 844 10 27
808 845 10 28
808 846 10 29
808 847 10 30
808 848 10 31
808 849 10 32
808 850 10 33
808 851 10 34
808 852 10 35
808 853 10 36
808 854 10 37
808 855 10 38
808 856 10 39
808 857 10 40
808 858 10 41
808 859 10 42
808 860 10 43
808 861 10 44
808 862 10 45
808 863 10 46
808 864 10 47
808 865 10 48
808 866 10 49
808 867 10 50
808 868 10 21
808 869 10 22
808 870 10 23
808 871 10 24
808 872 10 25
808 873 10 26
808 874 10 27
808 875 10 28
808 876 10 29
808 877 10 30
808 878 10 31
809 839 10 22
809 840 10 23
809 841 10 24
809 842 10 25
809 843 10 26
809 844 10 27
809 845 10 28
809 846 10 29
809 847 10 30
809 848 10 31
809 849 10 32
809 850 10 33
809 851 10 34
809 852 10 35
809 853 10 36
809 854 10 37
809 855 10 38
809 856 10 39
809 857 10 40
809 858 10 41
809 859 10 42
809 860 10 43
809 861 10 44
809 862 10 45
809 863 10 46
809 864 10 47
809 865 10 48
809 866 10 49
809 867 10 50
809 868 10 21
809 869 10 22
809 870 10 23
809 871 10 24
809 872 10 25
809 873 10 26
809 874 10 27
809 875 10 28
809 876 10 29
809 877 10 30
809 878 10 31
810 839 10 22
810 840 10 23
810 841 10 24
810 842 10 25
810 843 10 26
810 844 10 27
810 845 10 28
810 846 10 29
810 847 10 30
810 848 10 31
810 849 10 32
810 850 10 33
810 851 10 34
810 852 10 35
810 853 10 36
810 854 10 37
810 855 10 38
810 856 10 39
810 857 10 40
810 858 10 41
810 859 10 42
810 860 10 43
810 861 10 44
810 862 10 45
810 863 10 46
810 864 10 47
810 865 10 48
810 866 10 49
810 867 10 50
810 868 10 21
810 869 10 22
810 870 10 23
810 871 10 24
810 872 10 25
810 873 10 26
810 874 10 27
810 875 10 28
810 876 10 29
810 877 10 30
810 878 10 31
811 839 10 22
811 840 10 23
811 841 10 24
811 842 10 25
811 843 10 26
811 844 10 27
811 845 10 28
811 846 10 29
811 847 10 30
811 848 10 31
811 849 10 32
811 850 10 33
811 851 10 34
811 852 10 35
811 853 10 36
811 854 10 37
811 855 10 38
811 856 10 39
811 857 10 40
811 858 10 41
811 859 10 42
811 860 10 43
811 861 10 44
811 862 10 45
811 863 10 46
811 864 10 47
811 865 10 48
811 866 10 49
811 867 10 50
811 868 10 21
811 869 10 22
811 870 10 23
811 871 10 24
811 872 10 25
811 873 10 26
811 874 10 27
811 875 10 28
811 876 10 29
811 877 10 30
811 878 10 31
812 839 10 22
812 840 10 23
812 841 10 24
812 842 10 25
812 843 10 26
812 844 10 27
812 845 10 28
812 846 10 29
812 847 10 30
812 848 10 31
812 849 10 32
812 850 10 33
812 851 10 34
812 852 10 35
812 853 10 36
812 854 10 37
812 855 10 38
812 856 10 39
812 857 10 40
812 858 10 41
812 859 10 42
812 860 10 43
812 861 10 44
812 862 10 45
812 863 10 46
812 864 10 47
812 865 10 48
812 866 10 49
812 867 10 50
812 868 10 21
812 869 10 22
812 870 10 23
812 871 10 24
812 872 10 25
812 873 10 26
812 874 10 27
812 875 10 28
812 876 10 29
812 877 10 30
812 878 10 31
813 839 10 22
813 840 10 23
813 841 10 24
813 842 10 25
813 843 10 26
813 844 10 27
813 845 10 28
813 846 10 29
813 847 10 30
813 848 10 31
813 849 10 32
813 850 10 33
813 851 10 34
813 852 10 35
813 853 10 36
813 854 10 37
813 855 10 38
813 856 10 39
813 857 10 40
813 858 10 41
813 859 10 42
813 860 10 43
813 861 10 44
813 862 10 45
813 863 10 46
813 864 10 47
813 865 10 48
813 866 10 49
813 867 10 50
813 868 10 21
813 869 10 22
813 870 10 23
813 871 10 24
813 872 10 25
813 873 10 26
813 874 10 27
813 875 10 28
813 876 10 29
813 877 10 30
813 878 10 31
814 839 10 22
814 840 10 23
814 841 10 24
814 842 10 25
814 843 10 26
814 844 10 27
814 845 10 28
814 846 10 29
814 847 10 30
814 848 10 31
814 849 10 32
814 850 10 33
814 851 10 34
814 852 10 35
814 853 10 36
814 854 10 37
814 855 10 38
814 856 10 39
814 857 10 40
814 858 10 41
814 859 10 42
814 860 10 43
814 861 10 44
814 862 10 45
814 863 10 46
814 864 10 47
814 865 10 48
814 866 10 49
814 867 10 50
814 868 10 21
814 869 10 22
814 870 10 23
814 871 10 24
814 872 10 25
814 873 10 26
814 874 10 27
814 875 10 28
814 876 10 29
814 877 10 30
814 878 10 31
815 839 10 22
815 840 10 23
815 841 10 24
815 842 10 25
815 843 10 26
815 844 10 27
815 845 10 28
815 846 10 29
815 847 10 30
815 848 10 31
815 849 10 32
815 850 10 33
815 851 10 34
815 852 10 35
815 853 10 36
815 854 10 37
815 855 10 38
815 856 10 39
815 857 10 40
815 858 10 41
815 859 10 42
815 860 10 43
815 861 10 44
815 862 10 45
815 863 10 46
815 864 10 47
815 865 10 48
815 866 10 49
815 867 10 50
815 868 10 21
815 869 10 22
815 870 10 23
815 871 10 24
815 872 10 25
815 873 10 26
815 874 10 27
815 875 10 28
815 876 10 29
815 877 10 30
815 878 10 31
816 839 10 22
816 840 10 23
816 841 10 24
816 842 10 25
816 843 10 26
816 844 10 27
816 845 10 28
816 846 10 29
816 847 10 30
816 848 10 31
816 849 10 32
816 850 10 33
816 851 10 34
816 852 10 35
816 853 10 36
816 854 10 37
816 855 10 38
816 856 10 39
816 857 10 40
816 858 10 41
816 859 10 42
816 860 10 43
816 861 10 44
816 862 10 45
816 863 10 46
816 864 10 47
816 865 10 48
816 866 10 49
816 867 10 50
816 868 10 21
816 869 10 22
816 870 10 23
816 871 10 24
816 872 10 25
816 873 10 26
816 874 10 27
816 875 10 28
816 876 10 29
816 877 10 30
816 878 10 31
817 839 10 22
817 840 10 23
817 841 10 24
817 842 10 25
817 843 10 26
817 844 10 27
817 845 10 28
817 846 10 29
817 847 10 30
817 848 10 31
817 849 10 32
817 850 10 33
817 851 10 34
817 852 10 35
817 853 10 36
817 854 10 37
817 855 10 38
817 856 10 39
817 857 10 40
817 858 10 41
817 859 10 42
817 860 10 43
817 861 10 44
817 862 10 45
817 863 10 46
817 864 10 47
817 865 10 48
817 866 10 49
817 867 10 50
817 868 10 21
817 869 10 22
817 870 10 23
817 871 10 24
817 872 10 25
817 873 10 26
817 874 10 27
817 875 10 28
817 876 10 29
817 877 10 30
817 878 10 31
818 839 10 22
818 840 10 23
818 841 10 24
818 842 10 25
818 843 10 26
818 844 10 27
818 845 10 28
818 846 10 29
818 847 10 30
818 848 10 31
818 849 10 32
818 850 10 33
818 851 10 34
818 852 10 35
818 853 10 36
818 854 10 37
818 855 10 38
818 856 10 39
818 857 10 40
818 858 10 41
818 859 10 42
818 860 10 43
818 861 10 44
818 862 10 45
818 863 10 46
818 864 10 47
818 865 10 48
818 866 10 49
818 867 10 50
818 868 10 21
818 869 10 22
818 870 10 23
818 871 10 24
818 872 10 25
818 873 10 26
818 874 10 27
818 875 10 28
818 876 10 29
818 877 10 30
818 878 10 31
819 839 10 22
819 840 10 23
819 841 10 24
819 842 10 25
819 843 10 26
819 844 10 27
819 845 10 28
819 846 10 29
819 847 10 30
819 848 10 31
819 849 10 32
819 850 10 33
819 851 10 34
819 852 10 35
819 853 10 36
819 854 10 37
819 855 10 38
819 856 10 39
819 857 10 40
819 858 10 41
819 859 10 42
819 860 10 43
819 861 10 44
819 862 10 45
819 863 10 46
819 864 10 47
819 865 10 48
819 866 10 49
819 867 10 50
819 868 10 21
819 869 10 22
819 870 10 23
819 871 10 24
819 872 10 25
819 873 10 26
819 874 10 27
819 875 10 28
819 876 10 29
819 877 10 30
819 878 10 31
820 839 10 22
820 840 10 23
820 841 10 24
820 842 10 25
820 843 10 26
820 844 10 27
820 845 10 28
820 846 10 29
820 847 10 30
820 848 10 31
820 849 10 32
820 850 10 33
820 851 10 34
820 852 10 35
820 853 10 36
820 854 10 37
820 855 10 38
820 856 10 39
820 857 10 40
820 858 10 41
820 859 10 42
820 860 10 43
820 861 10 44
820 862 10 45
820 863 10 46
820 864 10 47
820 865 10 48
820 866 10 49
820 867 10 50
820 868 10 21
820 869 10 22
820 870 10 23
820 871 10 24
820 872 10 25
820 873 10 26
820 874 10 27
820 875 10 28
820 876 10 29
820 877 10 30
820 878 10 31
821 839 10 22
821 840 10 23
821 841 10 24
821 842 10 25
821 843 10 26
821 844 10 27
821 845 10 28
821 846 10 29
821 847 10 30
821 848 10 31
821 849 10 32
821 850 10 33
821 851 10 34
821 852 10 35
821 853 10 36
821 854 10 37
821 855 10 38
821 856 10 39
821 857 10 40
821 858 10 41
821 859 10 42
821 860 10 43
821 861 10 44
821 862 10 45
821 863 10 46
821 864 10 47
821 865 10 48
821 866 10 49
821 867 10 50
821 868 10 21
821 869 10 22
821 870 10 23
821 871 10 24
821 872 10 25
821 873 10 26
821 874 10 27
821 875 10 28
821 876 10 29
821 877 10 30
821 878 10 31
822 839 10 22
822 840 10 23
822 841 10 24
822 842 10 25
822 843 10 26
822 844 10 27
822 845 10 28
822 846 10 29
822 847 10 30
822 848 10 31
822 849 10 32
822 850 10 33
822 851 10 34
822 852 10 35
822 853 10 36
822 854 10 37
822 855 10 38
822 856 10 39
822 857 10 40
822 858 10 41
822 859 10 42
822 860 10 43
822 861 10 44
822 862 10 45
822 863 10 46
822 864 10 47
822 865 10 48
822 866 10 49
822 867 10 50
822 868 10 21
822 869 10 22
822 870 10 23
822 871 10 24
822 872 10 25
822 873 10 26
822 874 10 27
822 875 10 28
822 876 10 29
822 877 10 30
822 878 10 31
823 839 10 22
823 840 10 23
823 841 10 24
823 842 10 25
823 843 10 26
823 844 10 27
823 845 10 28
823 846 10 29
823 847 10 30
823 848 10 31
823 849 10 32
823 850 10 33
823 851 10 34
823 852 10 35
823 853 10 36
823 854 10 37
823 855 10 38
823 856 10 39
823 857 10 40
823 858 10 41
823 859 10 42
823 860 10 43
823 861 10 44
823 862 10 45
823 863 10 46
823 864 10 47
823 865 10 48
823 866 10 49
823 867 10 50
823 868 10 21
823 869 10 22
823 870 10 23
823 871 10 24
823 872 10 25
823 873 10 26
823 874 10 27
823 875 10 28
823 876 10 29
823 877 10 30
823 878 10 31
824 839 10 22
824 840 10 23
824 841 10 24
824 842 10 25
824 843 10 26
824 844 10 27
824 845 10 28
824 846 10 29
824 847 10 30
824 848 10 31
824 849 10 32
824 850 10 33
824 851 10 34
824 852 10 35
824 853 10 36
824 854 10 37
824 855 10 38
824 856 10 39
824 857 10 40
824 858 10 41
824 859 10 42
824 860 10 43
824 861 10 44
824 862 10 45
824 863 10 46
824 864 10 47
824 865 10 48
824 866 10 49
824 867 10 50
824 868 10 21
824 869 10 22
824 870 10 23
824 871 10 24
824 872 10 25
824 873 10 26
824 874 10 27
824 875 10 28
824 876 10 29
824 877 10 30
824 878 10 31
825 839 10 22
825 840 10 23
825 841 10 24
825 842 10 25
825 843 10 26
825 844 10 27
825 845 10 28
825 846 10 29
825 847 10 30
825 848 10 31
825 849 10 32
825 850 10 33
825 851 10 34
825 852 10 35
825 853 10 36
825 854 10 37
825 855 10 38
825 856 10 39
825 857 10 40
825 858 10 41
825 859 10 42
825 860 10 43
825 861 10 44
825 862 10 45
825 863 10 46
825 864 10 47
825 865 10 48
825 866 10 49
825 867 10 50
825 868 10 21
825 869 10 22
825 870 10 23
825 871 10 24
825 872 10 25
825 873 10 26
825 874 10 27
825 875 10 28
825 876 10 29
825 877 10 30
825 878 10 31
826 839 10 22
826 840 10 23
826 841 10 24
826 842 10 25
826 843 10 26
826 844 10 27
826 845 10 28
826 846 10 29
826 847 10 30
826 848 10 31
826 849 10 32
826 850 10 33
826 851 10 34
826 852 10 35
826 853 10 36
826 854 10 37
826 855 10 38
826 856 10 39
826 857 10 40
826 858 10 41
826 859 10 42
826 860 10 43
826 861 10 44
826 862 10 45
826 863 10 46
826 864 10 47
826 865 10 48
826 866 10 49
826 867 10 50
826 868 10 21
826 869 10 22
826 870 10 23
826 871 10 24
826 872 10 25
826 873 10 26
826 874 10 27
826 875 10 28
826 876 10 29
826 877 10 30
826 878 10 31
827 839 10 22
827 840 10 23
827 841 10 24
827 842 10 25
827 843 10 26
827 844 10 27
827 845 10 28
827 846 10 29
827 847 10 30
827 848 10 31
827 849 10 32
827 850 10 33
827 851 10 34
827 852 10 35
827 853 10 36
827 854 10 37
827 855 10 38
827 856 10 39
827 857 10 40
827 858 10 41
827 859 10 42
827 860 10 43
827 861 10 44
827 862 10 45
827 863 10 46
827 864 10 47
827 865 10 48
827 866 10 49
827 867 10 50
827 868 10 21
827 869 10 22
827 870 10 23
827 871 10 24
827 872 10 25
827 873 10 26
827 874 10 27
827 875 10 28
827 876 10 29
827 877 10 30
827 878 10 31
828 839 10 22
828 840 10 23
828 841 10 24
828 842 10 25
828 843 10 26
828 844 10 27
828 845 10 28
828 846 10 29
828 847 10 30
828 848 10 31
828 849 10 32
828 850 10 33
828 851 10 34
828 852 10 35
828 853 10 36
828 854 10 37
828 855 10 38
828 856 10 39
828 857 10 40
828 858 10 41
828 859 10 42
828 860 10 43
828 861 10 44
828 862 10 45
828 863 10 46
828 864 10 47
828 865 10 48
828 866 10 49
828 867 10 50
828 868 10 21
828 869 10 22
828 870 10 23
828 871 10 24
828 872 10 25
828 873 10 26
828 874 10 27
828 875 10 28
828 876 10 29
828 877 10 30
828 878 10 31
829 839 10 22
829 840 10 23
829 841 10 24
829 842 10 25
829 843 10 26
829 844 10 27
829 845 10 28
829 846 10 29
829 847 10 30
829 848 10 31
829 849 10 32
829 850 10 33
829 851 10 34
829 852 10 35
829 853 10 36
829 854 10 37
829 855 10 38
829 856 10 39
829 857 10 40
829 858 10 41
829 859 10 42
829 860 10 43
829 861 10 44
829 862 10 45
829 863 10 46
829 864 10 47
829 865 10 48
829 866 10 49
829 867 10 50
829 868 10 21
829 869 10 22
829 870 10 23
829 871 10 24
829 872 10 25
829 873 10 26
829 874 10 27
829 875 10 28
829 876 10 29
829 877 10 30
829 878 10 31
830 839 10 22
830 840 10 23
830 841 10 24
830 842 10 25
830 843 10 26
830 844 10 27
830 845 10 28
830 846 10 29
830 847 10 30
830 848 10 31
830 849 10 32
830 850 10 33
830 851 10 34
830 852 10 35
830 853 10 36
830 854 10 37
830 855 10 38
830 856 10 39
830 857 10 40
830 858 10 41
830 859 10 42
830 860 10 43
830 861 10 44
830 862 10 45
830 863 10 46
830 864 10 47
830 865 10 48
830 866 10 49
830 867 10 50
830 868 10 21
830 869 10 22
830 870 10 23
830 871 10 24
830 872 10 25
830 873 10 26
830 874 10 27
830 875 10 28
830 876 10 29
830 877 10 30
830 878 10 31
831 839 10 22
831 840 10 23
831 841 10 24
831 842 10 25
831 843 10 26
831 844 10 27
831 845 10 28
831 846 10 29
831 847 10 30
831 848 10 31
831 849 10 32
831 850 10 33
831 851 10 34
831 852 10 35
831 853 10 36
831 854 10 37
831 855 10 38
831 856 10 39
831 857 10 40
831 858 10 41
831 859 10 42
831 860 10 43
831 861 10 44
831 862 10 45
831 863 10 46
831 864 10 47
831 865 10 48
831 866 10 49
831 867 10 50
831 868 10 21
831 869 10 22
831 870 10 23
831 871 10 24
831 872 10 25
831 873 10 26
831 874 10 27
831 875 10 28
831 876 10 29
831 877 10 30
831 878 10 31
832 839 10 22
832 840 10 23
832 841 10 24
832 842 10 25
832 843 10 26
832 844 10 27
832 845 10 28
832 846 10 29
832 847 10 30
832 848 10 31
832 849 10 32
832 850 10 33
832 851 10 34
832 852 10 35
832 853 10 36
832 854 10 37
832 855 10 38
832 856 10 39
832 857 10 40
832 858 10 41
832 859 10 42
832 860 10 43
832 861 10 44
832 862 10 45
832 863 10 46
832 864 10 47
832 865 10 48
832 866 10 49
832 867 10 50
832 868 10 21
832 869 10 22
832 870 10 23
832 871 10 24
832 872 10 25
832 873 10 26
832 874 10 27
832 875 10 28
832 876 10 29
832 877 10 30
832 878 10 31
833 839 10 22
833 840 10 23
833 841 10 24
833 842 10 25
833 843 10 26
833 844 10 27
833 845 10 28
833 846 10 29
833 847 10 30
833 848 10 31
833 849 10 32
833 850 10 33
833 851 10 34
833 852 10 35
833 853 10 36
833 854 10 37
833 855 10 38
833 856 10 39
833 857 10 40
833 858 10 41
833 859 10 42
833 860 10 43
833 861 10 44
833 862 10 45
833 863 10 46
833 864 10 47
833 865 10 48
833 866 10 49
833 867 10 50
833 868 10 21
833 869 10 22
833 870 10 23
833 871 10 24
833 872 10 25
833 873 10 26
833 874 10 27
833 875 10 28
833 876 10 29
833 877 10 30
833 878 10 31
834 839 10 22
834 840 10 23
834 841 10 24
834 842 10 25
834 843 10 26
834 844 10 27
834 845 10 28
834 846 10 29
834 847 10 30
834 848 10 31
834 849 10 32
834 850 10 33
834 851 10 34
834 852 10 35
834 853 10 36
834 854 10 37
834 855 10 38
834 856 10 39
834 857 10 40
834 858 10 41
834 859 10 42
834 860 10 43
834 861 10 44
834 862 10 45
834 863 10 46
834 864 10 47
834 865 10 48
834 866 10 49
834 867 10 50
834 868 10 21
834 869 10 22
834 870 10 23
834 871 10 24
834 872 10 25
834 873 10 26
834 874 10 27
834 875 10 28
834 876 10 29
834 877 10 30
834 878 10 31
835 839 10 22
835 840 10 23
835 841 10 24
835 842 10 25
835 843 10 26
835 844 10 27
835 845 10 28
835 846 10 29
835 847 10 30
835 848 10 31
835 849 10 32
835 850 10 33
835 851 10 34
835 852 10 35
835 853 10 36
835 854 10 37
835 855 10 38
835 856 10 39
835 857 10 40
835 858 10 41
835 859 10 42
835 860 10 43
835 861 10 44
835 862 10 45
835 863 10 46
835 864 10 47
835 865 10 48
835 866 10 49
835 867 10 50
835 868 10 21
835 869 10 22
835 870 10 23
835 871 10 24
835 872 10 25
835 873 10 26
835 874 10 27
835 875 10 28
835 876 10 29
835 877 10 30
835 878 10 31
836 839 10 22
836 840 10 23
836 841 10 24
836 842 10 25
836 843 10 26
836 844 10 27
836 845 10 28
836 846 10 29
836 847 10 30
836 848 10 31
836 849 10 32
836 850 10 33
836 851 10 34
836 852 10 35
836 853 10 36
836 854 10 37
836 855 10 38
836 856 10 39
836 857 10 40
836 858 10 41
836 859 10 42
836 860 10 43
836 861 10 44
836 862 10 45
836 863 10 46
836 864 10 47
836 865 10 48
836 866 10 49
836 867 10 50
836 868 10 21
836 869 10 22
836 870 10 23
836 871 10 24
836 872 10 25
836 873 10 26
836 874 10 27
836 875 10 28
836 876 10 29
836 877 10 30
836 878 10 31
837 839 10 22
837 840 10 23
837 841 10 24
837 842 10 25
837 843 10 26
837 844 10 27
837 845 10 28
837 846 10 29
837 847 10 30
837 848 10 31
837 849 10 32
837 850 10 33
837 851 10 34
837 852 10 35
837 853 10 36
837 854 10 37
837 855 10 38
837 856 10 39
837 857 10 40
837 858 10 41
837 859 10 42
837 860 10 43
837 861 10 44
837 862 10 45
837 863 10 46
837 864 10 47
837 865 10 48
837 866 10 49
837 867 10 50
837 868 10 21
837 869 10 22
837 870 10 23
837 871 10 24
837 872 10 25
837 873 10 26
837 874 10 27
837 875 10 28
837 876 10 29
837 877 10 30
837 878 10 31
838 839 10 22
838 840 10 23
838 841 10 24
838 842 10 25
838 843 10 26
838 844 10 27
838 845 10 28
838 846 10 29
838 847 10 30
838 848 10 31
838 849 10 32
838 850 10 33
838 851 10 34
838 852 10 35
838 853 10 36
838 854 10 37
838 855 10 38
838 856 10 39
838 857 10 40
838 858 10 41
838 859 10 42
838 860 10 43
838 861 10 44
838 862 10 45
838 863 10 46
838 864 10 47
838 865 10 48
838 866 10 49
838 867 10 50
838 868 10 21
838 869 10 22
838 870 10 23
838 871 10 24
838 872 10 25
838 873 10 26
838 874 10 27
838 875 10 28
838 876 10 29
838 877 10 30
838 878 10 31
839 879 10 23
839 880 10 24
839 881 10 25
839 882 10 26
839 883 10 27
839 884 10 28
839 885 10 29
839 886 10 30
839 887 10 31
839 888 10 32
839 889 10 33
839 890 10 34
839 891 10 35
839 892 10 36
839 893 10 37
839 894 10 38
839 895 10 39
839 896 10 40
839 897 10 41
839 898 10 42
839 899 10 43
839 900 10 44
839 901 10 45
839 902 10 46
839 903 10 47
839 904 10 48
839 905 10 49
839 906 10 50
839 907 10 51
839 908 10 22
839 909 10 23
839 910 10 24
839 911 10 25
839 912 10 26
839 913 10 27
839 914 10 28
839 915 10 29
839 916 10 30
839 917 10 31
839 918 10 32
840 879 10 23
840 880 10 24
840 881 10 25
840 882 10 26
840 883 10 27
840 884 10 28
840 885 10 29
840 886 10 30
840 887 10 31
840 888 10 32
840 889 10 33
840 890 10 34
840 891 10 35
840 892 10 36
840 893 10 37
840 894 10 38
840 895 10 39
840 896 10 40
840 897 10 41
840 898 10 42
840 899 10 43
840 900 10 44
840 901 10 45
840 902 10 46
840 903 10 47
840 904 10 48
840 905 10 49
840 906 10 50
840 907 10 51
840 908 10 22
840 909 10 23
840 910 10 24
840 911 10 25
840 912 10 26
840 913 10 27
840 914 10 28
840 915 10 29
840 916 10 30
840 917 10 31
840 918 10 32
841 879 10 23
841 880 10 24
841 881 10 25
841 882 10 26
841 883 10 27
841 884 10 28
841 885 10 29
841 886 10 30
841 887 10 31
841 888 10 32
841 889 10 33
841 890 10 34
841 891 10 35
841 892 10 36
841 893 10 37
841 894 10 38
841 895 10 39
841 896 10 40
841 897 10 41
841 898 10 42
841 899 10 43
841 900 10 44
841 901 10 45
841 902 10 46
841 903 10 47
841 904 10 48
841 905 10 49
841 906 10 50
841 907 10 51
841 908 10 22
841 909 10 23
841 910 10 24
841 911 10 25
841 912 10 26
841 913 10 27
841 914 10 28
841 915 10 29
841 916 10 30
841 917 10 31
841 918 10 32
842 879 10 23
842 880 10 24
842 881 10 25
842 882 10 26
842 883 10 27
842 884 10 28
842 885 10 29
842 886 10 30
842 887 10 31
842 888 10 32
842 889 10 33
842 890 10 34
842 891 10 35
842 892 10 36
842 893 10 37
842 894 10 38
842 895 10 39
842 896 10 40
842 897 10 41
842 898 10 42
842 899 10 43
842 900 10 44
842 901 10 45
842 902 10 46
842 903 10 47
842 904 10 48
842 905 10 49
842 906 10 50
842 907 10 51
842 908 10 22
842 909 10 23
842 910 10 24
842 911 10 25
842 912 10 26
842 913 10 27
842 914 10 28
842 915 10 29
842 916 10 30
842 917 10 31
842 918 10 32
843 879 10 23
843 880 10 24
843 881 10 25
843 882 10 26
843 883 10 27
843 884 10 28
843 885 10 29
843 886 10 30
843 887 10 31
843 888 10 32
843 889 10 33
843 890 10 34
843 891 10 35
843 892 10 36
843 893 10 37
843 894 10 38
843 895 10 39
843 896 10 40
843 897 10 41
843 898 10 42
843 899 10 43
843 900 10 44
843 901 10 45
843 902 10 46
843 903 10 47
843 904 10 48
843 905 10 49
843 906 10 50
843 907 10 51
843 908 10 22
843 909 10 23
843 910 10 24
843 911 10 25
843 912 10 26
843 913 10 27
843 914 10 28
843 915 10 29
843 916 10 30
843 917 10 31
843 918 10 32
844 879 10 23
844 880 10 24
844 881 10 25
844 882 10 26
844 883 10 27
844 884 10 28
844 885 10 29
844 886 10 30
844 887 10 31
844 888 10 32
844 889 10 33
844 890 10 34
844 891 10 35
844 892 10 36
844 893 10 37
844 894 10 38
844 895 10 39
844 896 10 40
844 897 10 41
844 898 10 42
844 899 10 43
844 900 10 44
844 901 10 45
844 902 10 46
844 903 10 47
844 904 10 48
844 905 10 49
844 906 10 50
844 907 10 51
844 908 10 22
844 909 10 23
844 910 10 24
844 911 10 25
844 912 10 26
844 913 10 27
844 914 10 28
844 915 10 29
844 916 10 30
844 917 10 31
844 918 10 32
845 879 10 23
845 880 10 24
845 881 10 25
845 882 10 26
845 883 10 27
845 884 10 28
845 885 10 29
845 886 10 30
845 887 10 31
845 888 10 32
845 889 10 33
845 890 10 34
845 891 10 35
845 892 10 36
845 893 10 37
845 894 10 38
845 895 10 39
845 896 10 40
845 897 10 41
845 898 10 42
845 899 10 43
845 900 10 44
845 901 10 45
845 902 10 46
845 903 10 47
845 904 10 48
845 905 10 49
845 906 10 50
845 907 10 51
845 908 10 22
845 909 10 23
845 910 10 24
845 911 10 25
845 912 10 26
845 913 10 27
845 914 10 28
845 915 10 29
845 916 10 30
845 917 10 31
845 918 10 32
846 879 10 23
846 880 10 24
846 881 10 25
846 882 10 26
846 883 10 27
846 884 10 28
846 885 10 29
846 886 10 30
846 887 10 31
846 888 10 32
846 889 10 33
846 890 10 34
846 891 10 35
846 892 10 36
846 893 10 37
846 894 10 38
846 895 10 39
846 896 10 40
846 897 10 41
846 898 10 42
846 899 10 43
846 900 10 44
846 901 10 45
846 902 10 46
846 903 10 47
846 904 10 48
846 905 10 49
846 906 10 50
846 907 10 51
846 908 10 22
846 909 10 23
846 910 10 24
846 911 10 25
846 912 10 26
846 913 10 27
846 914 10 28
846 915 10 29
846 916 10 30
846 917 10 31
846 918 10 32
847 879 10 23
847 880 10 24
847 881 10 25
847 882 10 26
847 883 10 27
847 884 10 28
847 885 10 29
847 886 10 30
847 887 10 31
847 888 10 32
847 889 10 33
847 890 10 34
847 891 10 35
847 892 10 36
847 893 10 37
847 894 10 38
847 895 10 39
847 896 10 40
847 897 10 41
847 898 10 42
847 899 10 43
847 900 10 44
847 901 10 45
847 902 10 46
847 903 10 47
847 904 10 48
847 905 10 49
847 906 10 50
847 907 10 51
847 908 10 22
847 909 10 23
847 910 10 24
847 911 10 25
847 912 10 26
847 913 10 27
847 914 10 28
847 915 10 29
847 916 10 30
847 917 10 31
847 918 10 32
848 879 10 23
848 880 10 24
848 881 10 25
848 882 10 26
848 883 10 27
848 884 10 28
848 885 10 29
848 886 10 30
848 887 10 31
848 888 10 32
848 889 10 33
848 890 10 34
848 891 10 35
848 892 10 36
848 893 10 37
848 894 10 38
848 895 10 39
848 896 10 40
848 897 10 41
848 898 10 42
848 899 10 43
848 900 10 44
848 901 10 45
848 902 10 46
848 903 10 47
848 904 10 48
848 905 10 49
848 906 10 50
848 907 10 51
848 908 10 22
848 909 10 23
848 910 10 24
848 911 10 25
848 912 10 26
848 913 10 27
848 914 10 28
848 915 10 29
848 916 10 30
848 917 10 31
848 918 10 32
849 879 10 23
849 880 10 24
849 881 10 25
849 882 10 26
849 883 10 27
849 884 10 28
849 885 10 29
849 886 10 30
849 887 10 31
849 888 10 32
849 889 10 33
849 890 10 34
849 891 10 35
849 892 10 36
849 893 10 37
849 894 10 38
849 895 10 39
849 896 10 40
849 897 10 41
849 898 10 42
849 899 10 43
849 900 10 44
849 901 10 45
849 902 10 46
849 903 10 47
849 904 10 48
849 905 10 49
849 906 10 50
849 907 10 51
849 908 10 22
849 909 10 23
849 910 10 24
849 911 10 25
849 912 10 26
849 913 10 27
849 914 10 28
849 915 10 29
849 916 10 30
849 917 10 31
849 918 10 32
850 879 10 23
850 880 10 24
850 881 10 25
850 882 10 26
850 883 10 27
850 884 10 28
850 885 10 29
850 886 10 30
850 887 10 31
850 888 10 32
850 889 10 33
850 890 10 34
850 891 10 35
850 892 10 36
850 893 10 37
850 894 10 38
850 895 10 39
850 896 10 40
850 897 10 41
850 898 10 42
850 899 10 43
850 900 10 44
850 901 10 45
850 902 10 46
850 903 10 47
850 904 10 48
850 905 10 49
850 906 10 50
850 907 10 51
850 908 10 22
850 909 10 23
850 910 10 24
850 911 10 25
850 912 10 26
850 913 10 27
850 914 10 28
850 915 10 29
850 916 10 30
850 917 10 31
850 918 10 32
851 879 10 23
851 880 10 24
851 881 10 25
851 882 10 26
851 883 10 27
851 884 10 28
851 885 10 29
851 886 10 30
851 887 10 31
851 888 10 32
851 889 10 33
851 890 10 34
851 891 10 35
851 892 10 36
851 893 10 37
851 894 10 38
851 895 10 39
851 896 10 40
851 897 10 41
851 898 10 42
851 899 10 43
851 900 10 44
851 901 10 45
851 902 10 46
851 903 10 47
851 904 10 48
851 905 10 49
851 906 10 50
851 907 10 51
851 908 10 22
851 909 10 23
851 910 10 24
851 911 10 25
851 912 10 26
851 913 10 27
851 914 10 28
851 915 10 29
851 916 10 30
851 917 10 31
851 918 10 32
852 879 10 23
852 880 10 24
852 881 10 25
852 882 10 26
852 883 10 27
852 884 10 28
852 885 10 29
852 886 10 30
852 887 10 31
852 888 10 32
852 889 10 33
852 890 10 34
852 891 10 35
852 892 10 36
852 893 10 37
852 894 10 38
852 895 10 39
852 896 10 40
852 897 10 41
852 898 10 42
852 899 10 43
852 900 10 44
852 901 10 45
852 902 10 46
852 903 10 47
852 904 10 48
852 905 10 49
852 906 10 50
852 907 10 51
852 908 10 22
852 909 10 23
852 910 10 24
852 911 10 25
852 912 10 26
852 913 10 27
852 914 10 28
852 915 10 29
852 916 10 30
852 917 10 31
852 918 10 32
853 879 10 23
853 880 10 24
853 881 10 25
853 882 10 26
853 883 10 27
853 884 10 28
853 885 10 29
853 886 10 30
853 887 10 31
853 888 10 32
853 889 10 33
853 890 10 34
853 891 10 35
853 892 10 36
853 893 10 37
853 894 10 38
853 895 10 39
853 896 10 40
853 897 10 41
853 898 10 42
853 899 10 43
853 900 10 44
853 901 10 45
853 902 10 46
853 903 10 47
853 904 10 48
853 905 10 49
853 906 10 50
853 907 10 51
853 908 10 22
853 909 10 23
853 910 10 24
853 911 10 25
853 912 10 26
853 913 10 27
853 914 10 28
853 915 10 29
853 916 10 30
853 917 10 31
853 918 10 32
854 879 10 23
854 880 10 24
854 881 10 25
854 882 10 26
854 883 10 27
854 884 10 28
854 885 10 29
854 886 10 30
854 887 10 31
854 888 10 32
854 889 10 33
854 890 10 34
854 891 10 35
854 892 10 36
854 893 10 37
854 894 10 38
854 895 10 39
854 896 10 40
854 897 10 41
854 898 10 42
854 899 10 43
854 900 10 44
854 901 10 45
854 902 10 46
854 903 10 47
854 904 10 48
854 905 10 49
854 906 10 50
854 907 10 51
854 908 10 22
854 909 10 23
854 910 10 24
854 911 10 25
854 912 10 26
854 913 10 27
854 914 10 28
854 915 10 29
854 916 10 30
854 917 10 31
854 918 10 32
855 879 10 23
855 880 10 24
855 881 10 25
855 882 10 26
855 883 10 27
855 884 10 28
855 885 10 29
855 886 10 30
855 887 10 31
855 888 10 32
855 889 10 33
855 890 10 34
855 891 10 35
855 892 10 36
855 893 10 37
855 894 10 38
855 895 10 39
855 896 10 40
855 897 10 41
855 898 10 42
855 899 10 43
855 900 10 44
855 901 10 45
855 902 10 46
855 903 10 47
855 904 10 48
855 905 10 49
855 906 10 50
855 907 10 51
855 908 10 22
855 909 10 23
855 910 10 24
855 911 10 25
855 912 10 26
855 913 10 27
855 914 10 28
855 915 10 29
855 916 10 30
855 917 10 31
855 918 10 32
856 879 10 23
856 880 10 24
856 881 10 25
856 882 10 26
856 883 10 27
856 884 10 28
856 885 10 29
856 886 10 30
856 887 10 31
856 888 10 32
856 889 10 33
856 890 10 34
856 891 10 35
856 892 10 36
856 893 10 37
856 894 10 38
856 895 10 39
856 896 10 40
856 897 10 41
856 898 10 42
856 899 10 43
856 900 10 44
856 901 10 45
856 902 10 46
856 903 10 47
856 904 10 48
856 905 10 49
856 906 10 50
856 907 10 51
856 908 10 22
856 909 10 23
856 910 10 24
856 911 10 25
856 912 10 26
856 913 10 27
856 914 10 28
856 915 10 29
856 916 10 30
856 917 10 31
856 918 10 32
857 879 10 23
857 880 10 24
857 881 10 25
857 882 10 26
857 883 10 27
857 884 10 28
857 885 10 29
857 886 10 30
857 887 10 31
857 888 10 32
857 889 10 33
857 890 10 34
857 891 10 35
857 892 10 36
857 893 10 37
857 894 10 38
857 895 10 39
857 896 10 40
857 897 10 41
857 898 10 42
857 899 10 43
857 900 10 44
857 901 10 45
857 902 10 46
857 903 10 47
857 904 10 48
857 905 10 49
857 906 10 50
857 907 10 51
857 908 10 22
857 909 10 23
857 910 10 24
857 911 10 25
857 912 10 26
857 913 10 27
857 914 10 28
857 915 10 29
857 916 10 30
857 917 10 31
857 918 10 32
858 879 10 23
858 880 10 24
858 881 10 25
858 882 10 26
858 883 10 27
858 884 10 28
858 885 10 29
858 886 10 30
858 887 10 31
858 888 10 32
858 889 10 33
858 890 10 34
858 891 10 35
858 892 10 36
858 893 10 37
858 894 10 38
858 895 10 39
858 896 10 40
858 897 10 41
858 898 10 42
858 899 10 43
858 900 10 44
858 901 10 45
858 902 10 46
858 903 10 47
858 904 10 48
858 905 10 49
858 906 10 50
858 907 10 51
858 908 10 22
858 909 10 23
858 910 10 24
858 911 10 25
858 912 10 26
858 913 10 27
858 914 10 28
858 915 10 29
858 916 10 30
858 917 10 31
858 918 10 32
859 879 10 23
859 880 10 24
859 881 10 25
859 882 10 26
859 883 10 27
859 884 10 28
859 885 10 29
859 886 10 30
859 887 10 31
859 888 10 32
859 889 10 33
859 890 10 34
859 891 10 35
859 892 10 36
859 893 10 37
859 894 10 38
859 895 10 39
859 896 10 40
859 897 10 41
859 898 10 42
859 899 10 43
859 900 10 44
859 901 10 45
859 902 10 46
859 903 10 47
859 904 10 48
859 905 10 49
859 906 10 50
859 907 10 51
859 908 10 22
859 909 10 23
859 910 10 24
859 911 10 25
859 912 10 26
859 913 10 27
859 914 10 28
859 915 10 29
859 916 10 30
859 917 10 31
859 918 10 32
860 879 10 23
860 880 10 24
860 881 10 25
860 882 10 26
860 883 10 27
860 884 10 28
860 885 10 29
860 886 10 30
860 887 10 31
860 888 10 32
860 889 10 33
860 890 10 34
860 891 10 35
860 892 10 36
860 893 10 37
860 894 10 38
860 895 10 39
860 896 10 40
860 897 10 41
860 898 10 42
860 899 10 43
860 900 10 44
860 901 10 45
860 902 10 46
860 903 10 47
860 904 10 48
860 905 10 49
860 906 10 50
860 907 10 51
860 908 10 22
860 909 10 23
860 910 10 24
860 911 10 25
860 912 10 26
860 913 10 27
860 914 10 28
860 915 10 29
860 916 10 30
860 917 10 31
860 918 10 32
861 879 10 23
861 880 10 24
861 881 10 25
861 882 10 26
861 883 10 27
861 884 10 28
861 885 10 29
861 886 10 30
861 887 10 31
861 888 10 32
861 889 10 33
861 890 10 34
861 891 10 35
861 892 10 36
861 893 10 37
861 894 10 38
861 895 10 39
861 896 10 40
861 897 10 41
861 898 10 42
861 899 10 43
861 900 10 44
861 901 10 45
861 902 10 46
861 903 10 47
861 904 10 48
861 905 10 49
861 906 10 50
861 907 10 51
861 908 10 22
861 909 10 23
861 910 10 24
861 911 10 25
861 912 10 26
861 913 10 27
861 914 10 28
861 915 10 29
861 916 10 30
861 917 10 31
861 918 10 32
862 879 10 23
862 880 10 24
862 881 10 25
862 882 10 26
862 883 10 27
862 884 10 28
862 885 10 29
862 886 10 30
862 887 10 31
862 888 10 32
862 889 10 33
862 890 10 34
862 891 10 35
862 892 10 36
862 893 10 37
862 894 10 38
862 895 10 39
862 896 10 40
862 897 10 41
862 898 10 42
862 899 10 43
862 900 10 44
862 901 10 45
862 902 10 46
862 903 10 47
862 904 10 48
862 905 10 49
862 906 10 50
862 907 10 51
862 908 10 22
862 909 10 23
862 910 10 24
862 911 10 25
862 912 10 26
862 913 10 27
862 914 10 28
862 915 10 29
862 916 10 30
862 917 10 31
862 918 10 32
863 879 10 23
863 880 10 24
863 881 10 25
863 882 10 26
863 883 10 27
863 884 10 28
863 885 10 29
863 886 10 30
863 887 10 31
863 888 10 32
863 889 10 33
863 890 10 34
863 891 10 35
863 892 10 36
863 893 10 37
863 894 10 38
863 895 10 39
863 896 10 40
863 897 10 41
863 898 10 42
863 899 10 43
863 900 10 44
863 901 10 45
863 902 10 46
863 903 10 47
863 904 10 48
863 905 10 49
863 906 10 50
863 907 10 51
863 908 10 22
863 909 10 23
863 910 10 24
863 911 10 25
863 912 10 26
863 913 10 27
863 914 10 28
863 915 10 29
863 916 10 30
863 917 10 31
863 918 10 32
864 879 10 23
864 880 10 24
864 881 10 25
864 882 10 26
864 883 10 27
864 884 10 28
864 885 10 29
864 886 10 30
864 887 10 31
864 888 10 32
864 889 10 33
864 890 10 34
864 891 10 35
864 892 10 36
864 893 10 37
864 894 10 38
864 895 10 39
864 896 10 40
864 897 10 41
864 898 10 42
864 899 10 43
864 900 10 44
864 901 10 45
864 902 10 46
864 903 10 47
864 904 10 48
864 905 10 49
864 906 10 50
864 907 10 51
864 908 10 22
864 909 10 23
864 910 10 24
864 911 10 25
864 912 10 26
864 913 10 27
864 914 10 28
864 915 10 29
864 916 10 30
864 917 10 31
864 918 10 32
865 879 10 23
865 880 10 24
865 881 10 25
865 882 10 26
865 883 10 27
865 884 10 28
865 885 10 29
865 886 10 30
865 887 10 31
865 888 10 32
865 889 10 33
865 890 10 34
865 891 10 35
865 892 10 36
865 893 10 37
865 894 10 38
865 895 10 39
865 896 10 40
865 897 10 41
865 898 10 42
865 899 10 43
865 900 10 44
865 901 10 45
865 902 10 46
865 903 10 47
865 904 10 48
865 905 10 49
865 906 10 50
865 907 10 51
865 908 10 22
865 909 10 23
865 910 10 24
865 911 10 25
865 912 10 26
865 913 10 27
865 914 10 28
865 915 10 29
865 916 10 30
865 917 10 31
865 918 10 32
866 879 10 23
866 880 10 24
866 881 10 25
866 882 10 26
866 883 10 27
866 884 10 28
866 885 10 29
866 886 10 30
866 887 10 31
866 888 10 32
866 889 10 33
866 890 10 34
866 891 10 35
866 892 10 36
866 893 10 37
866 894 10 38
866 895 10 39
866 896 10 40
866 897 10 41
866 898 10 42
866 899 10 43
866 900 10 44
866 901 10 45
866 902 10 46
866 903 10 47
866 904 10 48
866 905 10 49
866 906 10 50
866 907 10 51
866 908 10 22
866 909 10 23
866 910 10 24
866 911 10 25
866 912 10 26
866 913 10 27
866 914 10 28
866 915 10 29
866 916 10 30
866 917 10 31
866 918 10 32
867 879 10 23
867 880 10 24
867 881 10 25
867 882 10 26
867 883 10 27
867 884 10 28
867 885 10 29
867 886 10 30
867 887 10 31
867 888 10 32
867 889 10 33
867 890 10 34
867 891 10 35
867 892 10 36
867 893 10 37
867 894 10 38
867 895 10 39
867 896 10 40
867 897 10 41
867 898 10 42
867 899 10 43
867 900 10 44
867 901 10 45
867 902 10 46
867 903 10 47
867 904 10 48
867 905 10 49
867 906 10 50
867 907 10 51
867 908 10 22
867 909 10 23
867 910 10 24
867 911 10 25
867 912 10 26
867 913 10 27
867 914 10 28
867 915 10 29
867 916 10 30
867 917 10 31
867 918 10 32
868 879 10 23
868 880 10 24
868 881 10 25
868 882 10 26
868 883 10 27
868 884 10 28
868 885 10 29
868 886 10 30
868 887 10 31
868 888 10 32
868 889 10 33
868 890 10 34
868 891 10 35
868 892 10 36
868 893 10 37
868 894 10 38
868 895 10 39
868 896 10 40
868 897 10 41
868 898 10 42
868 899 10 43
868 900 10 44
868 901 10 45
868 902 10 46
868 903 10 47
868 904 10 48
868 905 10 49
868 906 10 50
868 907 10 51
868 908 10 22
868 909 10 23
868 910 10 24
868 911 10 25
868 912 10 26
868 913 10 27
868 914 10 28
868 915 10 29
868 916 10 30
868 917 10 31
868 918 10 32
869 879 10 23
869 880 10 24
869 881 10 25
869 882 10 26
869 883 10 27
869 884 10 28
869 885 10 29
869 886 10 30
869 887 10 31
869 888 10 32
869 889 10 33
869 890 10 34
869 891 10 35
869 892 10 36
869 893 10 37
869 894 10 38
869 895 10 39
869 896 10 40
869 897 10 41
869 898 10 42
869 899 10 43
869 900 10 44
869 901 10 45
869 902 10 46
869 903 10 47
869 904 10 48
869 905 10 49
869 906 10 50
869 907 10 51
869 908 10 22
869 909 10 23
869 910 10 24
869 911 10 25
869 912 10 26
869 913 10 27
869 914 10 28
869 915 10 29
869 916 10 30
869 917 10 31
869 918 10 32
870 879 10 23
870 880 10 24
870 881 10 25
870 882 10 26
870 883 10 27
870 884 10 28
870 885 10 29
870 886 10 30
870 887 10 31
870 888 10 32
870 889 10 33
870 890 10 34
870 891 10 35
870 892 10 36
870 893 10 37
870 894 10 38
870 895 10 39
870 896 10 40
870 897 10 41
870 898 10 42
870 899 10 43
870 900 10 44
870 901 10 45
870 902 10 46
870 903 10 47
870 904 10 48
870 905 10 49
870 906 10 50
870 907 10 51
870 908 10 22
870 909 10 23
870 910 10 24
870 911 10 25
870 912 10 26
870 913 10 27
870 914 10 28
870 915 10 29
870 916 10 30
870 917 10 31
870 918 10 32
871 879 10 23
871 880 10 24
871 881 10 25
871 882 10 26
871 883 10 27
871 884 10 28
871 885 10 29
871 886 10 30
871 887 10 31
871 888 10 32
871 889 10 33
871 890 10 34
871 891 10 35
871 892 10 36
871 893 10 37
871 894 10 38
871 895 10 39
871 896 10 40
871 897 10 41
871 898 10 42
871 899 10 43
871 900 10 44
871 901 10 45
871 902 10 46
871 903 10 47
871 904 10 48
871 905 10 49
871 906 10 50
871 907 10 51
871 908 10 22
871 909 10 23
871 910 10 24
871 911 10 25
871 912 10 26
871 913 10 27
871 914 10 28
871 915 10 29
871 916 10 30
871 917 10 31
871 918 10 32
872 879 10 23
872 880 10 24
872 881 10 25
872 882 10 26
872 883 10 27
872 884 10 28
872 885 10 29
872 886 10 30
872 887 10 31
872 888 10 32
872 889 10 33
872 890 10 34
872 891 10 35
872 892 10 36
872 893 10 37
872 894 10 38
872 895 10 39
872 896 10 40
872 897 10 41
872 898 10 42
872 899 10 43
872 900 10 44
872 901 10 45
872 902 10 46
872 903 10 47
872 904 10 48
872 905 10 49
872 906 10 50
872 907 10 51
872 908 10 22
872 909 10 23
872 910 10 24
872 911 10 25
872 912 10 26
872 913 10 27
872 914 10 28
872 915 10 29
872 916 10 30
872 917 10 31
872 918 10 32
873 879 10 23
873 880 10 24
873 881 10 25
873 882 10 26
873 883 10 27
873 884 10 28
873 885 10 29
873 886 10 30
873 887 10 31
873 888 10 32
873 889 10 33
873 890 10 34
873 891 10 35
873 892 10 36
873 893 10 37
873 894 10 38
873 895 10 39
873 896 10 40
873 897 10 41
873 898 10 42
873 899 10 43
873 900 10 44
873 901 10 45
873 902 10 46
873 903 10 47
873 904 10 48
873 905 10 49
873 906 10 50
873 907 10 51
873 908 10 22
873 909 10 23
873 910 10 24
873 911 10 25
873 912 10 26
873 913 10 27
873 914 10 28
873 915 10 29
873 916 10 30
873 917 10 31
873 918 10 32
874 879 10 23
874 880 10 24
874 881 10 25
874 882 10 26
874 883 10 27
874 884 10 28
874 885 10 29
874 886 10 30
874 887 10 31
874 888 10 32
874 889 10 33
874 890 10 34
874 891 10 35
874 892 10 36
874 893 10 37
874 894 10 38
874 895 10 39
874 896 10 40
874 897 10 41
874 898 10 42
874 899 10 43
874 900 10 44
874 901 10 45
874 902 10 46
874 903 10 47
874 904 10 48
874 905 10 49
874 906 10 50
874 907 10 51
874 908 10 22
874 909 10 23
874 910 10 24
874 911 10 25
874 912 10 26
874 913 10 27
874 914 10 28
874 915 10 29
874 916 10 30
874 917 10 31
874 918 10 32
875 879 10 23
875 880 10 24
875 881 10 25
875 882 10 26
875 883 10 27
875 884 10 28
875 885 10 29
875 886 10 30
875 887 10 31
875 888 10 32
875 889 10 33
875 890 10 34
875 891 10 35
875 892 10 36
875 893 10 37
875 894 10 38
875 895 10 39
875 896 10 40
875 897 10 41
875 898 10 42
875 899 10 43
875 900 10 44
875 901 10 45
875 902 10 46
875 903 10 47
875 904 10 48
875 905 10 49
875 906 10 50
875 907 10 51
875 908 10 22
875 909 10 23
875 910 10 24
875 911 10 25
875 912 10 26
875 913 10 27
875 914 10 28
875 915 10 29
875 916 10 30
875 917 10 31
875 918 10 32
876 879 10 23
876 880 10 24
876 881 10 25
876 882 10 26
876 883 10 27
876 884 10 28
876 885 10 29
876 886 10 30
876 887 10 31
876 888 10 32
876 889 10 33
876 890 10 34
876 891 10 35
876 892 10 36
876 893 10 37
876 894 10 38
876 895 10 39
876 896 10 40
876 897 10 41
876 898 10 42
876 899 10 43
876 900 10 44
876 901 10 45
876 902 10 46
876 903 10 47
876 904 10 48
876 905 10 49
876 906 10 50
876 907 10 51
876 908 10 22
876 909 10 23
876 910 10 24
876 911 10 25
876 912 10 26
876 913 10 27
876 914 10 28
876 915 10 29
876 916 10 30
876 917 10 31
876 918 10 32
877 879 10 23
877 880 10 24
877 881 10 25
877 882 10 26
877 883 10 27
877 884 10 28
877 885 10 29
877 886 10 30
877 887 10 31
877 888 10 32
877 889 10 33
877 890 10 34
877 891 10 35
877 892 10 36
877 893 10 37
877 894 10 38
877 895 10 39
877 896 10 40
877 897 10 41
877 898 10 42
877 899 10 43
877 900 10 44
877 901 10 45
877 902 10 46
877 903 10 47
877 904 10 48
877 905 10 49
877 906 10 50
877 907 10 51
877 908 10 22
877 909 10 23
877 910 10 24
877 911 10 25
877 912 10 26
877 913 10 27
877 914 10 28
877 915 10 29
877 916 10 30
877 917 10 31
877 918 10 32
878 879 10 23
878 880 10 24
878 881 10 25
878 882 10 26
878 883 10 27
878 884 10 28
878 885 10 29
878 886 10 30
878 887 10 31
878 888 10 32
878 889 10 33
878 890 10 34
878 891 10 35
878 892 10 36
878 893 10 37
878 894 10 38
878 895 10 39
878 896 10 40
878 897 10 41
878 898 10 42
878 899 10 43
878 900 10 44
878 901 10 45
878 902 10 46
878 903 10 47
878 904 10 48
878 905 10 49
878 906 10 50
878 907 10 51
878 908 10 22
878 909 10 23
878 910 10 24
878 911 10 25
878 912 10 26
878 913 10 27
878 914 10 28
878 915 10 29
878 916 10 30
878 917 10 31
878 918 10 32
879 919 10 24
879 920 10 25
879 921 10 26
879 922 10 27
879 923 10 28
879 924 10 29
879 925 10 30
879 926 10 31
879 927 10 32
879 928 10 33
879 929 10 34
879 930 10 35
879 931 10 36
879 932 10 37
879 933 10 38
879 934 10 39
879 935 10 40
879 936 10 41
879 937 10 42
879 938 10 43
879 939 10 44
879 940 10 45
879 941 10 46
879 942 10 47
879 943 10 48
879 944 10 49
879 945 10 50
879 946 10 51
879 947 10 52
879 948 10 23
879 949 10 24
879 950 10 25
879 951 10 26
879 952 10 27
879 953 10 28
879 954 10 29
879 955 10 30
879 956 10 31
879 957 10 32
879 958 10 33
880 919 10 24
880 920 10 25
880 921 10 26
880 922 10 27
880 923 10 28
880 924 10 29
880 925 10 30
880 926 10 31
880 927 10 32
880 928 10 33
880 929 10 34
880 930 10 35
880 931 10 36
880 932 10 37
880 933 10 38
880 934 10 39
880 935 10 40
880 936 10 41
880 937 10 42
880 938 10 43
880 939 10 44
880 940 10 45
880 941 10 46
880 942 10 47
880 943 10 48
880 944 10 49
880 945 10 50
880 946 10 51
880 947 10 52
880 948 10 23
880 949 10 24
880 950 10 25
880 951 10 26
880 952 10 27
880 953 10 28
880 954 10 29
880 955 10 30
880 956 10 31
880 957 10 32
880 958 10 33
881 919 10 24
881 920 10 25
881 921 10 26
881 922 10 27
881 923 10 28
881 924 10 29
881 925 10 30
881 926 10 31
881 927 10 32
881 928 10 33
881 929 10 34
881 930 10 35
881 931 10 36
881 932 10 37
881 933 10 38
881 934 10 39
881 935 10 40
881 936 10 41
881 937 10 42
881 938 10 43
881 939 10 44
881 940 10 45
881 941 10 46
881 942 10 47
881 943 10 48
881 944 10 49
881 945 10 50
881 946 10 51
881 947 10 52
881 948 10 23
881 949 10 24
881 950 10 25
881 951 10 26
881 952 10 27
881 953 10 28
881 954 10 29
881 955 10 30
881 956 10 31
881 957 10 32
881 958 10 33
882 919 10 24
882 920 10 25
882 921 10 26
882 922 10 27
882 923 10 28
882 924 10 29
882 925 10 30
882 926 10 31
882 927 10 32
882 928 10 33
882 929 10 34
882 930 10 35
882 931 10 36
882 932 10 37
882 933 10 38
882 934 10 39
882 935 10 40
882 936 10 41
882 937 10 42
882 938 10 43
882 939 10 44
882 940 10 45
882 941 10 46
882 942 10 47
882 943 10 48
882 944 10 49
882 945 10 50
882 946 10 51
882 947 10 52
882 948 10 23
882 949 10 24
882 950 10 25
882 951 10 26
882 952 10 27
882 953 10 28
882 954 10 29
882 955 10 30
882 956 10 31
882 957 10 32
882 958 10 33
883 919 10 24
883 920 10 25
883 921 10 26
883 922 10 27
883 923 10 28
883 924 10 29
883 925 10 30
883 926 10 31
883 927 10 32
883 928 10 33
883 929 10 34
883 930 10 35
883 931 10 36
883 932 10 37
883 933 10 38
883 934 10 39
883 935 10 40
883 936 10 41
883 937 10 42
883 938 10 43
883 939 10 44
883 940 10 45
883 941 10 46
883 942 10 47
883 943 10 48
883 944 10 49
883 945 10 50
883 946 10 51
883 947 10 52
883 948 10 23
883 949 10 24
883 950 10 25
883 951 10 26
883 952 10 27
883 953 10 28
883 954 10 29
883 955 10 30
883 956 10 31
883 957 10 32
883 958 10 33
884 919 10 24
884 920 10 25
884 921 10 26
884 922 10 27
884 923 10 28
884 924 10 29
884 925 10 30
884 926 10 31
884 927 10 32
884 928 10 33
884 929 10 34
884 930 10 35
884 931 10 36
884 932 10 37
884 933 10 38
884 934 10 39
884 935 10 40
884 936 10 41
884 937 10 42
884 938 10 43
884 939 10 44
884 940 10 45
884 941 10 46
884 942 10 47
884 943 10 48
884 944 10 49
884 945 10 50
884 946 10 51
884 947 10 52
884 948 10 23
884 949 10 24
884 950 10 25
884 951 10 26
884 952 10 27
884 953 10 28
884 954 10 29
884 955 10 30
884 956 10 31
884 957 10 32
884 958 10 33
885 919 10 24
885 920 10 25
885 921 10 26
885 922 10 27
885 923 10 28
885 924 10 29
885 925 10 30
885 926 10 31
885 927 10 32
885 928 10 33
885 929 10 34
885 930 10 35
885 931 10 36
885 932 10 37
885 933 10 38
885 934 10 39
885 935 10 40
885 936 10 41
885 937 10 42
885 938 10 43
885 939 10 44
885 940 10 45
885 941 10 46
885 942 10 47
885 943 10 48
885 944 10 49
885 945 10 50
885 946 10 51
885 947 10 52
885 948 10 23
885 949 10 24
885 950 10 25
885 951 10 26
885 952 10 27
885 953 10 28
885 954 10 29
885 955 10 30
885 956 10 31
885 957 10 32
885 958 10 33
886 919 10 24
886 920 10 25
886 921 10 26
886 922 10 27
886 923 10 28
886 924 10 29
886 925 10 30
886 926 10 31
886 927 10 32
886 928 10 33
886 929 10 34
886 930 10 35
886 931 10 36
886 932 10 37
886 933 10 38
886 934 10 39
886 935 10 40
886 936 10 41
886 937 10 42
886 938 10 43
886 939 10 44
886 940 10 45
886 941 10 46
886 942 10 47
886 943 10 48
886 944 10 49
886 945 10 50
886 946 10 51
886 947 10 52
886 948 10 23
886 949 10 24
886 950 10 25
886 951 10 26
886 952 10 27
886 953 10 28
886 954 10 29
886 955 10 30
886 956 10 31
886 957 10 32
886 958 10 33
887 919 10 24
887 920 10 25
887 921 10 26
887 922 10 27
887 923 10 28
887 924 10 29
887 925 10 30
887 926 10 31
887 927 10 32
887 928 10 33
887 929 10 34
887 930 10 35
887 931 10 36
887 932 10 37
887 933 10 38
887 934 10 39
887 935 10 40
887 936 10 41
887 937 10 42
887 938 10 43
887 939 10 44
887 940 10 45
887 941 10 46
887 942 10 47
887 943 10 48
887 944 10 49
887 945 10 50
887 946 10 51
887 947 10 52
887 948 10 23
887 949 10 24
887 950 10 25
887 951 10 26
887 952 10 27
887 953 10 28
887 954 10 29
887 955 10 30
887 956 10 31
887 957 10 32
887 958 10 33
888 919 10 24
888 920 10 25
888 921 10 26
888 922 10 27
888 923 10 28
888 924 10 29
888 925 10 30
888 926 10 31
888 927 10 32
888 928 10 33
888 929 10 34
888 930 10 35
888 931 10 36
888 932 10 37
888 933 10 38
888 934 10 39
888 935 10 40
888 936 10 41
888 937 10 42
888 938 10 43
888 939 10 44
888 940 10 45
888 941 10 46
888 942 10 47
888 943 10 48
888 944 10 49
888 945 10 50
888 946 10 51
888 947 10 52
888 948 10 23
888 949 10 24
888 950 10 25
888 951 10 26
888 952 10 27
888 953 10 28
888 954 10 29
888 955 10 30
888 956 10 31
888 957 10 32
888 958 10 33
889 919 10 24
889 920 10 25
889 921 10 26
889 922 10 27
889 923 10 28
889 924 10 29
889 925 10 30
889 926 10 31
889 927 10 32
889 928 10 33
889 929 10 34
889 930 10 35
889 931 10 36
889 932 10 37
889 933 10 38
889 934 10 39
889 935 10 40
889 936 10 41
889 937 10 42
889 938 10 43
889 939 10 44
889 940 10 45
889 941 10 46
889 942 10 47
889 943 10 48
889 944 10 49
889 945 10 50
889 946 10 51
889 947 10 52
889 948 10 23
889 949 10 24
889 950 10 25
889 951 10 26
889 952 10 27
889 953 10 28
889 954 10 29
889 955 10 30
889 956 10 31
889 957 10 32
889 958 10 33
890 919 10 24
890 920 10 25
890 921 10 26
890 922 10 27
890 923 10 28
890 924 10 29
890 925 10 30
890 926 10 31
890 927 10 32
890 928 10 33
890 929 10 34
890 930 10 35
890 931 10 36
890 932 10 37
890 933 10 38
890 934 10 39
890 935 10 40
890 936 10 41
890 937 10 42
890 938 10 43
890 939 10 44
890 940 10 45
890 941 10 46
890 942 10 47
890 943 10 48
890 944 10 49
890 945 10 50
890 946 10 51
890 947 10 52
890 948 10 23
890 949 10 24
890 950 10 25
890 951 10 26
890 952 10 27
890 953 10 28
890 954 10 29
890 955 10 30
890 956 10 31
890 957 10 32
890 958 10 33
891 919 10 24
891 920 10 25
891 921 10 26
891 922 10 27
891 923 10 28
891 924 10 29
891 925 10 30
891 926 10 31
891 927 10 32
891 928 10 33
891 929 10 34
891 930 10 35
891 931 10 36
891 932 10 37
891 933 10 38
891 934 10 39
891 935 10 40
891 936 10 41
891 937 10 42
891 938 10 43
891 939 10 44
891 940 10 45
891 941 10 46
891 942 10 47
891 943 10 48
891 944 10 49
891 945 10 50
891 946 10 51
891 947 10 52
891 948 10 23
891 949 10 24
891 950 10 25
891 951 10 26
891 952 10 27
891 953 10 28
891 954 10 29
891 955 10 30
891 956 10 31
891 957 10 32
891 958 10 33
892 919 10 24
892 920 10 25
892 921 10 26
892 922 10 27
892 923 10 28
892 924 10 29
892 925 10 30
892 926 10 31
892 927 10 32
892 928 10 33
892 929 10 34
892 930 10 35
892 931 10 36
892 932 10 37
892 933 10 38
892 934 10 39
892 935 10 40
892 936 10 41
892 937 10 42
892 938 10 43
892 939 10 44
892 940 10 45
892 941 10 46
892 942 10 47
892 943 10 48
892 944 10 49
892 945 10 50
892 946 10 51
892 947 10 52
892 948 10 23
892 949 10 24
892 950 10 25
892 951 10 26
892 952 10 27
892 953 10 28
892 954 10 29
892 955 10 30
892 956 10 31
892 957 10 32
892 958 10 33
893 919 10 24
893 920 10 25
893 921 10 26
893 922 10 27
893 923 10 28
893 924 10 29
893 925 10 30
893 926 10 31
893 927 10 32
893 928 10 33
893 929 10 34
893 930 10 35
893 931 10 36
893 932 10 37
893 933 10 38
893 934 10 39
893 935 10 40
893 936 10 41
893 937 10 42
893 938 10 43
893 939 10 44
893 940 10 45
893 941 10 46
893 942 10 47
893 943 10 48
893 944 10 49
893 945 10 50
893 946 10 51
893 947 10 52
893 948 10 23
893 949 10 24
893 950 10 25
893 951 10 26
893 952 10 27
893 953 10 28
893 954 10 29
893 955 10 30
893 956 10 31
893 957 10 32
893 958 10 33
894 919 10 24
894 920 10 25
894 921 10 26
894 922 10 27
894 923 10 28
894 924 10 29
894 925 10 30
894 926 10 31
894 927 10 32
894 928 10 33
894 929 10 34
894 930 10 35
894 931 10 36
894 932 10 37
894 933 10 38
894 934 10 39
894 935 10 40
894 936 10 41
894 937 10 42
894 938 10 43
894 939 10 44
894 940 10 45
894 941 10 46
894 942 10 47
894 943 10 48
894 944 10 49
894 945 10 50
894 946 10 51
894 947 10 52
894 948 10 23
894 949 10 24
894 950 10 25
894 951 10 26
894 952 10 27
894 953 10 28
894 954 10 29
894 955 10 30
894 956 10 31
894 957 10 32
894 958 10 33
895 919 10 24
895 920 10 25
895 921 10 26
895 922 10 27
895 923 10 28
895 924 10 29
895 925 10 30
895 926 10 31
895 927 10 32
895 928 10 33
895 929 10 34
895 930 10 35
895 931 10 36
895 932 10 37
895 933 10 38
895 934 10 39
895 935 10 40
895 936 10 41
895 937 10 42
895 938 10 43
895 939 10 44
895 940 10 45
895 941 10 46
895 942 10 47
895 943 10 48
895 944 10 49
895 945 10 50
895 946 10 51
895 947 10 52
895 948 10 23
895 949 10 24
895 950 10 25
895 951 10 26
895 952 10 27
895 953 10 28
895 954 10 29
895 955 10 30
895 956 10 31
895 957 10 32
895 958 10 33
896 919 10 24
896 920 10 25
896 921 10 26
896 922 10 27
896 923 10 28
896 924 10 29
896 925 10 30
896 926 10 31
896 927 10 32
896 928 10 33
896 929 10 34
896 930 10 35
896 931 10 36
896 932 10 37
896 933 10 38
896 934 10 39
896 935 10 40
896 936 10 41
896 937 10 42
896 938 10 43
896 939 10 44
896 940 10 45
896 941 10 46
896 942 10 47
896 943 10 48
896 944 10 49
896 945 10 50
896 946 10 51
896 947 10 52
896 948 10 23
896 949 10 24
896 950 10 25
896 951 10 26
896 952 10 27
896 953 10 28
896 954 10 29
896 955 10 30
896 956 10 31
896 957 10 32
896 958 10 33
897 919 10 24
897 920 10 25
897 921 10 26
897 922 10 27
897 923 10 28
897 924 10 29
897 925 10 30
897 926 10 31
897 927 10 32
897 928 10 33
897 929 10 34
897 930 10 35
897 931 10 36
897 932 10 37
897 933 10 38
897 934 10 39
897 935 10 40
897 936 10 41
897 937 10 42
897 938 10 43
897 939 10 44
897 940 10 45
897 941 10 46
897 942 10 47
897 943 10 48
897 944 10 49
897 945 10 50
897 946 10 51
897 947 10 52
897 948 10 23
897 949 10 24
897 950 10 25
897 951 10 26
897 952 10 27
897 953 10 28
897 954 10 29
897 955 10 30
897 956 10 31
897 957 10 32
897 958 10 33
898 919 10 24
898 920 10 25
898 921 10 26
898 922 10 27
898 923 10 28
898 924 10 29
898 925 10 30
898 926 10 31
898 927 10 32
898 928 10 33
898 929 10 34
898 930 10 35
898 931 10 36
898 932 10 37
898 933 10 38
898 934 10 39
898 935 10 40
898 936 10 41
898 937 10 42
898 938 10 43
898 939 10 44
898 940 10 45
898 941 10 46
898 942 10 47
898 943 10 48
898 944 10 49
898 945 10 50
898 946 10 51
898 947 10 52
898 948 10 23
898 949 10 24
898 950 10 25
898 951 10 26
898 952 10 27
898 953 10 28
898 954 10 29
898 955 10 30
898 956 10 31
898 957 10 32
898 958 10 33
899 919 10 24
899 920 10 25
899 921 10 26
899 922 10 27
899 923 10 28
899 924 10 29
899 925 10 30
899 926 10 31
899 927 10 32
899 928 10 33
899 929 10 34
899 930 10 35
899 931 10 36
899 932 10 37
899 933 10 38
899 934 10 39
899 935 10 40
899 936 10 41
899 937 10 42
899 938 10 43
899 939 10 44
899 940 10 45
899 941 10 46
899 942 10 47
899 943 10 48
899 944 10 49
899 945 10 50
899 946 10 51
899 947 10 52
899 948 10 23
899 949 10 24
899 950 10 25
899 951 10 26
899 952 10 27
899 953 10 28
899 954 10 29
899 955 10 30
899 956 10 31
899 957 10 32
899 958 10 33
900 919 10 24
900 920 10 25
900 921 10 26
900 922 10 27
900 923 10 28
900 924 10 29
900 925 10 30
900 926 10 31
900 927 10 32
900 928 10 33
900 929 10 34
900 930 10 35
900 931 10 36
900 932 10 37
900 933 10 38
900 934 10 39
900 935 10 40
900 936 10 41
900 937 10 42
900 938 10 43
900 939 10 44
900 940 10 45
900 941 10 46
900 942 10 47
900 943 10 48
900 944 10 49
900 945 10 50
900 946 10 51
900 947 10 52
900 948 10 23
900 949 10 24
900 950 10 25
900 951 10 26
900 952 10 27
900 953 10 28
900 954 10 29
900 955 10 30
900 956 10 31
900 957 10 32
900 958 10 33
901 919 10 24
901 920 10 25
901 921 10 26
901 922 10 27
901 923 10 28
901 924 10 29
901 925 10 30
901 926 10 31
901 927 10 32
901 928 10 33
901 929 10 34
901 930 10 35
901 931 10 36
901 932 10 37
901 933 10 38
901 934 10 39
901 935 10 40
901 936 10 41
901 937 10 42
901 938 10 43
901 939 10 44
901 940 10 45
901 941 10 46
901 942 10 47
901 943 10 48
901 944 10 49
901 945 10 50
901 946 10 51
901 947 10 52
901 948 10 23
901 949 10 24
901 950 10 25
901 951 10 26
901 952 10 27
901 953 10 28
901 954 10 29
901 955 10 30
901 956 10 31
901 957 10 32
901 958 10 33
902 919 10 24
902 920 10 25
902 921 10 26
902 922 10 27
902 923 10 28
902 924 10 29
902 925 10 30
902 926 10 31
902 927 10 32
902 928 10 33
902 929 10 34
902 930 10 35
902 931 10 36
902 932 10 37
902 933 10 38
902 934 10 39
902 935 10 40
902 936 10 41
902 937 10 42
902 938 10 43
902 939 10 44
902 940 10 45
902 941 10 46
902 942 10 47
902 943 10 48
902 944 10 49
902 945 10 50
902 946 10 51
902 947 10 52
902 948 10 23
902 949 10 24
902 950 10 25
902 951 10 26
902 952 10 27
902 953 10 28
902 954 10 29
902 955 10 30
902 956 10 31
902 957 10 32
902 958 10 33
903 919 10 24
903 920 10 25
903 921 10 26
903 922 10 27
903 923 10 28
903 924 10 29
903 925 10 30
903 926 10 31
903 927 10 32
903 928 10 33
903 929 10 34
903 930 10 35
903 931 10 36
903 932 10 37
903 933 10 38
903 934 10 39
903 935 10 40
903 936 10 41
903 937 10 42
903 938 10 43
903 939 10 44
903 940 10 45
903 941 10 46
903 942 10 47
903 943 10 48
903 944 10 49
903 945 10 50
903 946 10 51
903 947 10 52
903 948 10 23
903 949 10 24
903 950 10 25
903 951 10 26
903 952 10 27
903 953 10 28
903 954 10 29
903 955 10 30
903 956 10 31
903 957 10 32
903 958 10 33
904 919 10 24
904 920 10 25
904 921 10 26
904 922 10 27
904 923 10 28
904 924 10 29
904 925 10 30
904 926 10 31
904 927 10 32
904 928 10 33
904 929 10 34
904 930 10 35
904 931 10 36
904 932 10 37
904 933 10 38
904 934 10 39
904 935 10 40
904 936 10 41
904 937 10 42
904 938 10 43
904 939 10 44
904 940 10 45
904 941 10 46
904 942 10 47
904 943 10 48
904 944 10 49
904 945 10 50
904 946 10 51
904 947 10 52
904 948 10 23
904 949 10 24
904 950 10 25
904 951 10 26
904 952 10 27
904 953 10 28
904 954 10 29
904 955 10 30
904 956 10 31
904 957 10 32
904 958 10 33
905 919 10 24
905 920 10 25
905 921 10 26
905 922 10 27
905 923 10 28
905 924 10 29
905 925 10 30
905 926 10 31
905 927 10 32
905 928 10 33
905 929 10 34
905 930 10 35
905 931 10 36
905 932 10 37
905 933 10 38
905 934 10 39
905 935 10 40
905 936 10 41
905 937 10 42
905 938 10 43
905 939 10 44
905 940 10 45
905 941 10 46
905 942 10 47
905 943 10 48
905 944 10 49
905 945 10 50
905 946 10 51
905 947 10 52
905 948 10 23
905 949 10 24
905 950 10 25
905 951 10 26
905 952 10 27
905 953 10 28
905 954 10 29
905 955 10 30
905 956 10 31
905 957 10 32
905 958 10 33
906 919 10 24
906 920 10 25
906 921 10 26
906 922 10 27
906 923 10 28
906 924 10 29
906 925 10 30
906 926 10 31
906 927 10 32
906 928 10 33
906 929 10 34
906 930 10 35
906 931 10 36
906 932 10 37
906 933 10 38
906 934 10 39
906 935 10 40
906 936 10 41
906 937 10 42
906 938 10 43
906 939 10 44
906 940 10 45
906 941 10 46
906 942 10 47
906 943 10 48
906 944 10 49
906 945 10 50
906 946 10 51
906 947 10 52
906 948 10 23
906 949 10 24
906 950 10 25
906 951 10 26
906 952 10 27
906 953 10 28
906 954 10 29
906 955 10 30
906 956 10 31
906 957 10 32
906 958 10 33
907 919 10 24
907 920 10 25
907 921 10 26
907 922 10 27
907 923 10 28
907 924 10 29
907 925 10 30
907 926 10 31
907 927 10 32
907 928 10 33
907 929 10 34
907 930 10 35
907 931 10 36
907 932 10 37
907 933 10 38
907 934 10 39
907 935 10 40
907 936 10 41
907 937 10 42
907 938 10 43
907 939 10 44
907 940 10 45
907 941 10 46
907 942 10 47
907 943 10 48
907 944 10 49
907 945 10 50
907 946 10 51
907 947 10 52
907 948 10 23
907 949 10 24
907 950 10 25
907 951 10 26
907 952 10 27
907 953 10 28
907 954 10 29
907 955 10 30
907 956 10 31
907 957 10 32
907 958 10 33
908 919 10 24
908 920 10 25
908 921 10 26
908 922 10 27
908 923 10 28
908 924 10 29
908 925 10 30
908 926 10 31
908 927 10 32
908 928 10 33
908 929 10 34
908 930 10 35
908 931 10 36
908 932 10 37
908 933 10 38
908 934 10 39
908 935 10 40
908 936 10 41
908 937 10 42
908 938 10 43
908 939 10 44
908 940 10 45
908 941 10 46
908 942 10 47
908 943 10 48
908 944 10 49
908 945 10 50
908 946 10 51
908 947 10 52
908 948 10 23
908 949 10 24
908 950 10 25
908 951 10 26
908 952 10 27
908 953 10 28
908 954 10 29
908 955 10 30
908 956 10 31
908 957 10 32
908 958 10 33
909 919 10 24
909 920 10 25
909 921 10 26
909 922 10 27
909 923 10 28
909 924 10 29
909 925 10 30
909 926 10 31
909 927 10 32
909 928 10 33
909 929 10 34
909 930 10 35
909 931 10 36
909 932 10 37
909 933 10 38
909 934 10 39
909 935 10 40
909 936 10 41
909 937 10 42
909 938 10 43
909 939 10 44
909 940 10 45
909 941 10 46
909 942 10 47
909 943 10 48
909 944 10 49
909 945 10 50
909 946 10 51
909 947 10 52
909 948 10 23
909 949 10 24
909 950 10 25
909 951 10 26
909 952 10 27
909 953 10 28
909 954 10 29
909 955 10 30
909 956 10 31
909 957 10 32
909 958 10 33
910 919 10 24
910 920 10 25
910 921 10 26
910 922 10 27
910 923 10 28
910 924 10 29
910 925 10 30
910 926 10 31
910 927 10 32
910 928 10 33
910 929 10 34
910 930 10 35
910 931 10 36
910 932 10 37
910 933 10 38
910 934 10 39
910 935 10 40
910 936 10 41
910 937 10 42
910 938 10 43
910 939 10 44
910 940 10 45
910 941 10 46
910 942 10 47
910 943 10 48
910 944 10 49
910 945 10 50
910 946 10 51
910 947 10 52
910 948 10 23
910 949 10 24
910 950 10 25
910 951 10 26
910 952 10 27
910 953 10 28
910 954 10 29
910 955 10 30
910 956 10 31
910 957 10 32
910 958 10 33
911 919 10 24
911 920 10 25
911 921 10 26
911 922 10 27
911 923 10 28
911 924 10 29
911 925 10 30
911 926 10 31
911 927 10 32
911 928 10 33
911 929 10 34
911 930 10 35
911 931 10 36
911 932 10 37
911 933 10 38
911 934 10 39
911 935 10 40
911 936 10 41
911 937 10 42
911 938 10 43
911 939 10 44
911 940 10 45
911 941 10 46
911 942 10 47
911 943 10 48
911 944 10 49
911 945 10 50
911 946 10 51
911 947 10 52
911 948 10 23
911 949 10 24
911 950 10 25
911 951 10 26
911 952 10 27
911 953 10 28
911 954 10 29
911 955 10 30
911 956 10 31
911 957 10 32
911 958 10 33
912 919 10 24
912 920 10 25
912 921 10 26
912 922 10 27
912 923 10 28
912 924 10 29
912 925 10 30
912 926 10 31
912 927 10 32
912 928 10 33
912 929 10 34
912 930 10 35
912 931 10 36
912 932 10 37
912 933 10 38
912 934 10 39
912 935 10 40
912 936 10 41
912 937 10 42
912 938 10 43
912 939 10 44
912 940 10 45
912 941 10 46
912 942 10 47
912 943 10 48
912 944 10 49
912 945 10 50
912 946 10 51
912 947 10 52
912 948 10 23
912 949 10 24
912 950 10 25
912 951 10 26
912 952 10 27
912 953 10 28
912 954 10 29
912 955 10 30
912 956 10 31
912 957 10 32
912 958 10 33
913 919 10 24
913 920 10 25
913 921 10 26
913 922 10 27
913 923 10 28
913 924 10 29
913 925 10 30
913 926 10 31
913 927 10 32
913 928 10 33
913 929 10 34
913 930 10 35
913 931 10 36
913 932 10 37
913 933 10 38
913 934 10 39
913 935 10 40
913 936 10 41
913 937 10 42
913 938 10 43
913 939 10 44
913 940 10 45
913 941 10 46
913 942 10 47
913 943 10 48
913 944 10 49
913 945 10 50
913 946 10 51
913 947 10 52
913 948 10 23
913 949 10 24
913 950 10 25
913 951 10 26
913 952 10 27
913 953 10 28
913 954 10 29
913 955 10 30
913 956 10 31
913 957 10 32
913 958 10 33
914 919 10 24
914 920 10 25
914 921 10 26
914 922 10 27
914 923 10 28
914 924 10 29
914 925 10 30
914 926 10 31
914 927 10 32
914 928 10 33
914 929 10 34
914 930 10 35
914 931 10 36
914 932 10 37
914 933 10 38
914 934 10 39
914 935 10 40
914 936 10 41
914 937 10 42
914 938 10 43
914 939 10 44
914 940 10 45
914 941 10 46
914 942 10 47
914 943 10 48
914 944 10 49
914 945 10 50
914 946 10 51
914 947 10 52
914 948 10 23
914 949 10 24
914 950 10 25
914 951 10 26
914 952 10 27
914 953 10 28
914 954 10 29
914 955 10 30
914 956 10 31
914 957 10 32
914 958 10 33
915 919 10 24
915 920 10 25
915 921 10 26
915 922 10 27
915 923 10 28
915 924 10 29
915 925 10 30
915 926 10 31
915 927 10 32
915 928 10 33
915 929 10 34
915 930 10 35
915 931 10 36
915 932 10 37
915 933 10 38
915 934 10 39
915 935 10 40
915 936 10 41
915 937 10 42
915 938 10 43
915 939 10 44
915 940 10 45
915 941 10 46
915 942 10 47
915 943 10 48
915 944 10 49
915 945 10 50
915 946 10 51
915 947 10 52
915 948 10 23
915 949 10 24
915 950 10 25
915 951 10 26
915 952 10 27
915 953 10 28
915 954 10 29
915 955 10 30
915 956 10 31
915 957 10 32
915 958 10 33
916 919 10 24
916 920 10 25
916 921 10 26
916 922 10 27
916 923 10 28
916 924 10 29
916 925 10 30
916 926 10 31
916 927 10 32
916 928 10 33
916 929 10 34
916 930 10 35
916 931 10 36
916 932 10 37
916 933 10 38
916 934 10 39
916 935 10 40
916 936 10 41
916 937 10 42
916 938 10 43
916 939 10 44
916 940 10 45
916 941 10 46
916 942 10 47
916 943 10 48
916 944 10 49
916 945 10 50
916 946 10 51
916 947 10 52
916 948 10 23
916 949 10 24
916 950 10 25
916 951 10 26
916 952 10 27
916 953 10 28
916 954 10 29
916 955 10 30
916 956 10 31
916 957 10 32
916 958 10 33
917 919 10 24
917 920 10 25
917 921 10 26
917 922 10 27
917 923 10 28
917 924 10 29
917 925 10 30
917 926 10 31
917 927 10 32
917 928 10 33
917 929 10 34
917 930 10 35
917 931 10 36
917 932 10 37
917 933 10 38
917 934 10 39
917 935 10 40
917 936 10 41
917 937 10 42
917 938 10 43
917 939 10 44
917 940 10 45
917 941 10 46
917 942 10 47
917 943 10 48
917 944 10 49
917 945 10 50
917 946 10 51
917 947 10 52
917 948 10 23
917 949 10 24
917 950 10 25
917 951 10 26
917 952 10 27
917 953 10 28
917 954 10 29
917 955 10 30
917 956 10 31
917 957 10 32
917 958 10 33
918 919 10 24
918 920 10 25
918 921 10 26
918 922 10 27
918 923 10 28
918 924 10 29
918 925 10 30
918 926 10 31
918 927 10 32
918 928 10 33
918 929 10 34
918 930 10 35
918 931 10 36
918 932 10 37
918 933 10 38
918 934 10 39
918 935 10 40
918 936 10 41
918 937 10 42
918 938 10 43
918 939 10 44
918 940 10 45
918 941 10 46
918 942 10 47
918 943 10 48
918 944 10 49
918 945 10 50
918 946 10 51
918 947 10 52
918 948 10 23
918 949 10 24
918 950 10 25
918 951 10 26
918 952 10 27
918 953 10 28
918 954 10 29
918 955 10 30
918 956 10 31
918 957 10 32
918 958 10 33
919 959 10 25
919 960 10 26
919 961 10 27
919 962 10 28
919 963 10 29
919 964 10 30
919 965 10 31
919 966 10 32
919 967 10 33
919 968 10 34
919 969 10 35
919 970 10 36
919 971 10 37
919 972 10 38
919 973 10 39
919 974 10 40
919 975 10 41
919 976 10 42
919 977 10 43
919 978 10 44
919 979 10 45
919 980 10 46
919 981 10 47
919 982 10 48
919 983 10 49
919 984 10 50
919 985 10 51
919 986 10 52
919 987 10 53
919 988 10 24
919 989 10 25
919 990 10 26
919 991 10 27
919 992 10 28
919 993 10 29
919 994 10 30
919 995 10 31
919 996 10 32
919 997 10 33
919 998 10 34
920 959 10 25
920 960 10 26
920 961 10 27
920 962 10 28
920 963 10 29
920 964 10 30
920 965 10 31
920 966 10 32
920 967 10 33
920 968 10 34
920 969 10 35
920 970 10 36
920 971 10 37
920 972 10 38
920 973 10 39
920 974 10 40
920 975 10 41
920 976 10 42
920 977 10 43
920 978 10 44
920 979 10 45
920 980 10 46
920 981 10 47
920 982 10 48
920 983 10 49
920 984 10 50
920 985 10 51
920 986 10 52
920 987 10 53
920 988 10 24
920 989 10 25
920 990 10 26
920 991 10 27
920 992 10 28
920 993 10 29
920 994 10 30
920 995 10 31
920 996 10 32
920 997 10 33
920 998 10 34
921 959 10 25
921 960 10 26
921 961 10 27
921 962 10 28
921 963 10 29
921 964 10 30
921 965 10 31
921 966 10 32
921 967 10 33
921 968 10 34
921 969 10 35
921 970 10 36
921 971 10 37
921 972 10 38
921 973 10 39
921 974 10 40
921 975 10 41
921 976 10 42
921 977 10 43
921 978 10 44
921 979 10 45
921 980 10 46
921 981 10 47
921 982 10 48
921 983 10 49
921 984 10 50
921 985 10 51
921 986 10 52
921 987 10 53
921 988 10 24
921 989 10 25
921 990 10 26
921 991 10 27
921 992 10 28
921 993 10 29
921 994 10 30
921 995 10 31
921 996 10 32
921 997 10 33
921 998 10 34
922 959 10 25
922 960 10 26
922 961 10 27
922 962 10 28
922 963 10 29
922 964 10 30
922 965 10 31
922 966 10 32
922 967 10 33
922 968 10 34
922 969 10 35
922 970 10 36
922 971 10 37
922 972 10 38
922 973 10 39
922 974 10 40
922 975 10 41
922 976 10 42
922 977 10 43
922 978 10 44
922 979 10 45
922 980 10 46
922 981 10 47
922 982 10 48
922 983 10 49
922 984 10 50
922 985 10 51
922 986 10 52
922 987 10 53
922 988 10 24
922 989 10 25
922 990 10 26
922 991 10 27
922 992 10 28
922 993 10 29
922 994 10 30
922 995 10 31
922 996 10 32
922 997 10 33
922 998 10 34
923 959 10 25
923 960 10 26
923 961 10 27
923 962 10 28
923 963 10 29
923 964 10 30
923 965 10 31
923 966 10 32
923 967 10 33
923 968 10 34
923 969 10 35
923 970 10 36
923 971 10 37
923 972 10 38
923 973 10 39
923 974 10 40
923 975 10 41
923 976 10 42
923 977 10 43
923 978 10 44
923 979 10 45
923 980 10 46
923 981 10 47
923 982 10 48
923 983 10 49
923 984 10 50
923 985 10 51
923 986 10 52
923 987 10 53
923 988 10 24
923 989 10 25
923 990 10 26
923 991 10 27
923 992 10 28
923 993 10 29
923 994 10 30
923 995 10 31
923 996 10 32
923 997 10 33
923 998 10 34
924 959 10 25
924 960 10 26
924 961 10 27
924 962 10 28
924 963 10 29
924 964 10 30
924 965 10 31
924 966 10 32
924 967 10 33
924 968 10 34
924 969 10 35
924 970 10 36
924 971 10 37
924 972 10 38
924 973 10 39
924 974 10 40
924 975 10 41
924 976 10 42
924 977 10 43
924 978 10 44
924 979 10 45
924 980 10 46
924 981 10 47
924 982 10 48
924 983 10 49
924 984 10 50
924 985 10 51
924 986 10 52
924 987 10 53
924 988 10 24
924 989 10 25
924 990 10 26
924 991 10 27
924 992 10 28
924 993 10 29
924 994 10 30
924 995 10 31
924 996 10 32
924 997 10 33
924 998 10 34
925 959 10 25
925 960 10 26
925 961 10 27
925 962 10 28
925 963 10 29
925 964 10 30
925 965 10 31
925 966 10 32
925 967 10 33
925 968 10 34
925 969 10 35
925 970 10 36
925 971 10 37
925 972 10 38
925 973 10 39
925 974 10 40
925 975 10 41
925 976 10 42
925 977 10 43
925 978 10 44
925 979 10 45
925 980 10 46
925 981 10 47
925 982 10 48
925 983 10 49
925 984 10 50
925 985 10 51
925 986 10 52
925 987 10 53
925 988 10 24
925 989 10 25
925 990 10 26
925 991 10 27
925 992 10 28
925 993 10 29
925 994 10 30
925 995 10 31
925 996 10 32
925 997 10 33
925 998 10 34
926 959 10 25
926 960 10 26
926 961 10 27
926 962 10 28
926 963 10 29
926 964 10 30
926 965 10 31
926 966 10 32
926 967 10 33
926 968 10 34
926 969 10 35
926 970 10 36
926 971 10 37
926 972 10 38
926 973 10 39
926 974 10 40
926 975 10 41
926 976 10 42
926 977 10 43
926 978 10 44
926 979 10 45
926 980 10 46
926 981 10 47
926 982 10 48
926 983 10 49
926 984 10 50
926 985 10 51
926 986 10 52
926 987 10 53
926 988 10 24
926 989 10 25
926 990 10 26
926 991 10 27
926 992 10 28
926 993 10 29
926 994 10 30
926 995 10 31
926 996 10 32
926 997 10 33
926 998 10 34
927 959 10 25
927 960 10 26
927 961 10 27
927 962 10 28
927 963 10 29
927 964 10 30
927 965 10 31
927 966 10 32
927 967 10 33
927 968 10 34
927 969 10 35
927 970 10 36
927 971 10 37
927 972 10 38
927 973 10 39
927 974 10 40
927 975 10 41
927 976 10 42
927 977 10 43
927 978 10 44
927 979 10 45
927 980 10 46
927 981 10 47
927 982 10 48
927 983 10 49
927 984 10 50
927 985 10 51
927 986 10 52
927 987 10 53
927 988 10 24
927 989 10 25
927 990 10 26
927 991 10 27
927 992 10 28
927 993 10 29
927 994 10 30
927 995 10 31
927 996 10 32
927 997 10 33
927 998 10 34
928 959 10 25
928 960 10 26
928 961 10 27
928 962 10 28
928 963 10 29
928 964 10 30
928 965 10 31
928 966 10 32
928 967 10 33
928 968 10 34
928 969 10 35
928 970 10 36
928 971 10 37
928 972 10 38
928 973 10 39
928 974 10 40
928 975 10 41
928 976 10 42
928 977 10 43
928 978 10 44
928 979 10 45
928 980 10 46
928 981 10 47
928 982 10 48
928 983 10 49
928 984 10 50
928 985 10 51
928 986 10 52
928 987 10 53
928 988 10 24
928 989 10 25
928 990 10 26
928 991 10 27
928 992 10 28
928 993 10 29
928 994 10 30
928 995 10 31
928 996 10 32
928 997 10 33
928 998 10 34
929 959 10 25
929 960 10 26
929 961 10 27
929 962 10 28
929 963 10 29
929 964 10 30
929 965 10 31
929 966 10 32
929 967 10 33
929 968 10 34
929 969 10 35
929 970 10 36
929 971 10 37
929 972 10 38
929 973 10 39
929 974 10 40
929 975 10 41
929 976 10 42
929 977 10 43
929 978 10 44
929 979 10 45
929 980 10 46
929 981 10 47
929 982 10 48
929 983 10 49
929 984 10 50
929 985 10 51
929 986 10 52
929 987 10 53
929 988 10 24
929 989 10 25
929 990 10 26
929 991 10 27
929 992 10 28
929 993 10 29
929 994 10 30
929 995 10 31
929 996 10 32
929 997 10 33
929 998 10 34
930 959 10 25
930 960 10 26
930 961 10 27
930 962 10 28
930 963 10 29
930 964 10 30
930 965 10 31
930 966 10 32
930 967 10 33
930 968 10 34
930 969 10 35
930 970 10 36
930 971 10 37
930 972 10 38
930 973 10 39
930 974 10 40
930 975 10 41
930 976 10 42
930 977 10 43
930 978 10 44
930 979 10 45
930 980 10 46
930 981 10 47
930 982 10 48
930 983 10 49
930 984 10 50
930 985 10 51
930 986 10 52
930 987 10 53
930 988 10 24
930 989 10 25
930 990 10 26
930 991 10 27
930 992 10 28
930 993 10 29
930 994 10 30
930 995 10 31
930 996 10 32
930 997 10 33
930 998 10 34
931 959 10 25
931 960 10 26
931 961 10 27
931 962 10 28
931 963 10 29
931 964 10 30
931 965 10 31
931 966 10 32
931 967 10 33
931 968 10 34
931 969 10 35
931 970 10 36
931 971 10 37
931 972 10 38
931 973 10 39
931 974 10 40
931 975 10 41
931 976 10 42
931 977 10 43
931 978 10 44
931 979 10 45
931 980 10 46
931 981 10 47
931 982 10 48
931 983 10 49
931 984 10 50
931 985 10 51
931 986 10 52
931 987 10 53
931 988 10 24
931 989 10 25
931 990 10 26
931 991 10 27
931 992 10 28
931 993 10 29
931 994 10 30
931 995 10 31
931 996 10 32
931 997 10 33
931 998 10 34
932 959 10 25
932 960 10 26
932 961 10 27
932 962 10 28
932 963 10 29
932 964 10 30
932 965 10 31
932 966 10 32
932 967 10 33
932 968 10 34
932 969 10 35
932 970 10 36
932 971 10 37
932 972 10 38
932 973 10 39
932 974 10 40
932 975 10 41
932 976 10 42
932 977 10 43
932 978 10 44
932 979 10 45
932 980 10 46
932 981 10 47
932 982 10 48
932 983 10 49
932 984 10 50
932 985 10 51
932 986 10 52
932 987 10 53
932 988 10 24
932 989 10 25
932 990 10 26
932 991 10 27
932 992 10 28
932 993 10 29
932 994 10 30
932 995 10 31
932 996 10 32
932 997 10 33
932 998 10 34
933 959 10 25
933 960 10 26
933 961 10 27
933 962 10 28
933 963 10 29
933 964 10 30
933 965 10 31
933 966 10 32
933 967 10 33
933 968 10 34
933 969 10 35
933 970 10 36
933 971 10 37
933 972 10 38
933 973 10 39
933 974 10 40
933 975 10 41
933 976 10 42
933 977 10 43
933 978 10 44
933 979 10 45
933 980 10 46
933 981 10 47
933 982 10 48
933 983 10 49
933 984 10 50
933 985 10 51
933 986 10 52
933 987 10 53
933 988 10 24
933 989 10 25
933 990 10 26
933 991 10 27
933 992 10 28
933 993 10 29
933 994 10 30
933 995 10 31
933 996 10 32
933 997 10 33
933 998 10 34
934 959 10 25
934 960 10 26
934 961 10 27
934 962 10 28
934 963 10 29
934 964 10 30
934 965 10 31
934 966 10 32
934 967 10 33
934 968 10 34
934 969 10 35
934 970 10 36
934 971 10 37
934 972 10 38
934 973 10 39
934 974 10 40
934 975 10 41
934 976 10 42
934 977 10 43
934 978 10 44
934 979 10 45
934 980 10 46
934 981 10 47
934 982 10 48
934 983 10 49
934 984 10 50
934 985 10 51
934 986 10 52
934 987 10 53
934 988 10 24
934 989 10 25
934 990 10 26
934 991 10 27
934 992 10 28
934 993 10 29
934 994 10 30
934 995 10 31
934 996 10 32
934 997 10 33
934 998 10 34
935 959 10 25
935 960 10 26
935 961 10 27
935 962 10 28
935 963 10 29
935 964 10 30
935 965 10 31
935 966 10 32
935 967 10 33
935 968 10 34
935 969 10 35
935 970 10 36
935 971 10 37
935 972 10 38
935 973 10 39
935 974 10 40
935 975 10 41
935 976 10 42
935 977 10 43
935 978 10 44
935 979 10 45
935 980 10 46
935 981 10 47
935 982 10 48
935 983 10 49
935 984 10 50
935 985 10 51
935 986 10 52
935 987 10 53
935 988 10 24
935 989 10 25
935 990 10 26
935 991 10 27
935 992 10 28
935 993 10 29
935 994 10 30
935 995 10 31
935 996 10 32
935 997 10 33
935 998 10 34
936 959 10 25
936 960 10 26
936 961 10 27
936 962 10 28
936 963 10 29
936 964 10 30
936 965 10 31
936 966 10 32
936 967 10 33
936 968 10 34
936 969 10 35
936 970 10 36
936 971 10 37
936 972 10 38
936 973 10 39
936 974 10 40
936 975 10 41
936 976 10 42
936 977 10 43
936 978 10 44
936 979 10 45
936 980 10 46
936 981 10 47
936 982 10 48
936 983 10 49
936 984 10 50
936 985 10 51
936 986 10 52
936 987 10 53
936 988 10 24
936 989 10 25
936 990 10 26
936 991 10 27
936 992 10 28
936 993 10 29
936 994 10 30
936 995 10 31
936 996 10 32
936 997 10 33
936 998 10 34
937 959 10 25
937 960 10 26
937 961 10 27
937 962 10 28
937 963 10 29
937 964 10 30
937 965 10 31
937 966 10 32
937 967 10 33
937 968 10 34
937 969 10 35
937 970 10 36
937 971 10 37
937 972 10 38
937 973 10 39
937 974 10 40
937 975 10 41
937 976 10 42
937 977 10 43
937 978 10 44
937 979 10 45
937 980 10 46
937 981 10 47
937 982 10 48
937 983 10 49
937 984 10 50
937 985 10 51
937 986 10 52
937 987 10 53
937 988 10 24
937 989 10 25
937 990 10 26
937 991 10 27
937 992 10 28
937 993 10 29
937 994 10 30
937 995 10 31
937 996 10 32
937 997 10 33
937 998 10 34
938 959 10 25
938 960 10 26
938 961 10 27
938 962 10 28
938 963 10 29
938 964 10 30
938 965 10 31
938 966 10 32
938 967 10 33
938 968 10 34
938 969 10 35
938 970 10 36
938 971 10 37
938 972 10 38
938 973 10 39
938 974 10 40
938 975 10 41
938 976 10 42
938 977 10 43
938 978 10 44
938 979 10 45
938 980 10 46
938 981 10 47
938 982 10 48
938 983 10 49
938 984 10 50
938 985 10 51
938 986 10 52
938 987 10 53
938 988 10 24
938 989 10 25
938 990 10 26
938 991 10 27
938 992 10 28
938 993 10 29
938 994 10 30
938 995 10 31
938 996 10 32
938 997 10 33
938 998 10 34
939 959 10 25
939 960 10 26
939 961 10 27
939 962 10 28
939 963 10 29
939 964 10 30
939 965 10 31
939 966 10 32
939 967 10 33
939 968 10 34
939 969 10 35
939 970 10 36
939 971 10 37
939 972 10 38
939 973 10 39
939 974 10 40
939 975 10 41
939 976 10 42
939 977 10 43
939 978 10 44
939 979 10 45
939 980 10 46
939 981 10 47
939 982 10 48
939 983 10 49
939 984 10 50
939 985 10 51
939 986 10 52
939 987 10 53
939 988 10 24
939 989 10 25
939 990 10 26
939 991 10 27
939 992 10 28
939 993 10 29
939 994 10 30
939 995 10 31
939 996 10 32
939 997 10 33
939 998 10 34
940 959 10 25
940 960 10 26
940 961 10 27
940 962 10 28
940 963 10 29
940 964 10 30
940 965 10 31
940 966 10 32
940 967 10 33
940 968 10 34
940 969 10 35
940 970 10 36
940 971 10 37
940 972 10 38
940 973 10 39
940 974 10 40
940 975 10 41
940 976 10 42
940 977 10 43
940 978 10 44
940 979 10 45
940 980 10 46
940 981 10 47
940 982 10 48
940 983 10 49
940 984 10 50
940 985 10 51
940 986 10 52
940 987 10 53
940 988 10 24
940 989 10 25
940 990 10 26
940 991 10 27
940 992 10 28
940 993 10 29
940 994 10 30
940 995 10 31
940 996 10 32
940 997 10 33
940 998 10 34
941 959 10 25
941 960 10 26
941 961 10 27
941 962 10 28
941 963 10 29
941 964 10 30
941 965 10 31
941 966 10 32
941 967 10 33
941 968 10 34
941 969 10 35
941 970 10 36
941 971 10 37
941 972 10 38
941 973 10 39
941 974 10 40
941 975 10 41
941 976 10 42
941 977 10 43
941 978 10 44
941 979 10 45
941 980 10 46
941 981 10 47
941 982 10 48
941 983 10 49
941 984 10 50
941 985 10 51
941 986 10 52
941 987 10 53
941 988 10 24
941 989 10 25
941 990 10 26
941 991 10 27
941 992 10 28
941 993 10 29
941 994 10 30
941 995 10 31
941 996 10 32
941 997 10 33
941 998 10 34
942 959 10 25
942 960 10 26
942 961 10 27
942 962 10 28
942 963 10 29
942 964 10 30
942 965 10 31
942 966 10 32
942 967 10 33
942 968 10 34
942 969 10 35
942 970 10 36
942 971 10 37
942 972 10 38
942 973 10 39
942 974 10 40
942 975 10 41
942 976 10 42
942 977 10 43
942 978 10 44
942 979 10 45
942 980 10 46
942 981 10 47
942 982 10 48
942 983 10 49
942 984 10 50
942 985 10 51
942 986 10 52
942 987 10 53
942 988 10 24
942 989 10 25
942 990 10 26
942 991 10 27
942 992 10 28
942 993 10 29
942 994 10 30
942 995 10 31
942 996 10 32
942 997 10 33
942 998 10 34
943 959 10 25
943 960 10 26
943 961 10 27
943 962 10 28
943 963 10 29
943 964 10 30
943 965 10 31
943 966 10 32
943 967 10 33
943 968 10 34
943 969 10 35
943 970 10 36
943 971 10 37
943 972 10 38
943 973 10 39
943 974 10 40
943 975 10 41
943 976 10 42
943 977 10 43
943 978 10 44
943 979 10 45
943 980 10 46
943 981 10 47
943 982 10 48
943 983 10 49
943 984 10 50
943 985 10 51
943 986 10 52
943 987 10 53
943 988 10 24
943 989 10 25
943 990 10 26
943 991 10 27
943 992 10 28
943 993 10 29
943 994 10 30
943 995 10 31
943 996 10 32
943 997 10 33
943 998 10 34
944 959 10 25
944 960 10 26
944 961 10 27
944 962 10 28
944 963 10 29
944 964 10 30
944 965 10 31
944 966 10 32
944 967 10 33
944 968 10 34
944 969 10 35
944 970 10 36
944 971 10 37
944 972 10 38
944 973 10 39
944 974 10 40
944 975 10 41
944 976 10 42
944 977 10 43
944 978 10 44
944 979 10 45
944 980 10 46
944 981 10 47
944 982 10 48
944 983 10 49
944 984 10 50
944 985 10 51
944 986 10 52
944 987 10 53
944 988 10 24
944 989 10 25
944 990 10 26
944 991 10 27
944 992 10 28
944 993 10 29
944 994 10 30
944 995 10 31
944 996 10 32
944 997 10 33
944 998 10 34
945 959 10 25
945 960 10 26
945 961 10 27
945 962 10 28
945 963 10 29
945 964 10 30
945 965 10 31
945 966 10 32
945 967 10 33
945 968 10 34
945 969 10 35
945 970 10 36
945 971 10 37
945 972 10 38
945 973 10 39
945 974 10 40
945 975 10 41
945 976 10 42
945 977 10 43
945 978 10 44
945 979 10 45
945 980 10 46
945 981 10 47
945 982 10 48
945 983 10 49
945 984 10 50
945 985 10 51
945 986 10 52
945 987 10 53
945 988 10 24
945 989 10 25
945 990 10 26
945 991 10 27
945 992 10 28
945 993 10 29
945 994 10 30
945 995 10 31
945 996 10 32
945 997 10 33
945 998 10 34
946 959 10 25
946 960 10 26
946 961 10 27
946 962 10 28
946 963 10 29
946 964 10 30
946 965 10 31
946 966 10 32
946 967 10 33
946 968 10 34
946 969 10 35
946 970 10 36
946 971 10 37
946 972 10 38
946 973 10 39
946 974 10 40
946 975 10 41
946 976 10 42
946 977 10 43
946 978 10 44
946 979 10 45
946 980 10 46
946 981 10 47
946 982 10 48
946 983 10 49
946 984 10 50
946 985 10 51
946 986 10 52
946 987 10 53
946 988 10 24
946 989 10 25
946 990 10 26
946 991 10 27
946 992 10 28
946 993 10 29
946 994 10 30
946 995 10 31
946 996 10 32
946 997 10 33
946 998 10 34
947 959 10 25
947 960 10 26
947 961 10 27
947 962 10 28
947 963 10 29
947 964 10 30
947 965 10 31
947 966 10 32
947 967 10 33
947 968 10 34
947 969 10 35
947 970 10 36
947 971 10 37
947 972 10 38
947 973 10 39
947 974 10 40
947 975 10 41
947 976 10 42
947 977 10 43
947 978 10 44
947 979 10 45
947 980 10 46
947 981 10 47
947 982 10 48
947 983 10 49
947 984 10 50
947 985 10 51
947 986 10 52
947 987 10 53
947 988 10 24
947 989 10 25
947 990 10 26
947 991 10 27
947 992 10 28
947 993 10 29
947 994 10 30
947 995 10 31
947 996 10 32
947 997 10 33
947 998 10 34
948 959 10 25
948 960 10 26
948 961 10 27
948 962 10 28
948 963 10 29
948 964 10 30
948 965 10 31
948 966 10 32
948 967 10 33
948 968 10 34
948 969 10 35
948 970 10 36
948 971 10 37
948 972 10 38
948 973 10 39
948 974 10 40
948 975 10 41
948 976 10 42
948 977 10 43
948 978 10 44
948 979 10 45
948 980 10 46
948 981 10 47
948 982 10 48
948 983 10 49
948 984 10 50
948 985 10 51
948 986 10 52
948 987 10 53
948 988 10 24
948 989 10 25
948 990 10 26
948 991 10 27
948 992 10 28
948 993 10 29
948 994 10 30
948 995 10 31
948 996 10 32
948 997 10 33
948 998 10 34
949 959 10 25
949 960 10 26
949 961 10 27
949 962 10 28
949 963 10 29
949 964 10 30
949 965 10 31
949 966 10 32
949 967 10 33
949 968 10 34
949 969 10 35
949 970 10 36
949 971 10 37
949 972 10 38
949 973 10 39
949 974 10 40
949 975 10 41
949 976 10 42
949 977 10 43
949 978 10 44
949 979 10 45
949 980 10 46
949 981 10 47
949 982 10 48
949 983 10 49
949 984 10 50
949 985 10 51
949 986 10 52
949 987 10 53
949 988 10 24
949 989 10 25
949 990 10 26
949 991 10 27
949 992 10 28
949 993 10 29
949 994 10 30
949 995 10 31
949 996 10 32
949 997 10 33
949 998 10 34
950 959 10 25
950 960 10 26
950 961 10 27
950 962 10 28
950 963 10 29
950 964 10 30
950 965 10 31
950 966 10 32
950 967 10 33
950 968 10 34
950 969 10 35
950 970 10 36
950 971 10 37
950 972 10 38
950 973 10 39
950 974 10 40
950 975 10 41
950 976 10 42
950 977 10 43
950 978 10 44
950 979 10 45
950 980 10 46
950 981 10 47
950 982 10 48
950 983 10 49
950 984 10 50
950 985 10 51
950 986 10 52
950 987 10 53
950 988 10 24
950 989 10 25
950 990 10 26
950 991 10 27
950 992 10 28
950 993 10 29
950 994 10 30
950 995 10 31
950 996 10 32
950 997 10 33
950 998 10 34
951 959 10 25
951 960 10 26
951 961 10 27
951 962 10 28
951 963 10 29
951 964 10 30
951 965 10 31
951 966 10 32
951 967 10 33
951 968 10 34
951 969 10 35
951 970 10 36
951 971 10 37
951 972 10 38
951 973 10 39
951 974 10 40
951 975 10 41
951 976 10 42
951 977 10 43
951 978 10 44
951 979 10 45
951 980 10 46
951 981 10 47
951 982 10 48
951 983 10 49
951 984 10 50
951 985 10 51
951 986 10 52
951 987 10 53
951 988 10 24
951 989 10 25
951 990 10 26
951 991 10 27
951 992 10 28
951 993 10 29
951 994 10 30
951 995 10 31
951 996 10 32
951 997 10 33
951 998 10 34
952 959 10 25
952 960 10 26
952 961 10 27
952 962 10 28
952 963 10 29
952 964 10 30
952 965 10 31
952 966 10 32
952 967 10 33
952 968 10 34
952 969 10 35
952 970 10 36
952 971 10 37
952 972 10 38
952 973 10 39
952 974 10 40
952 975 10 41
952 976 10 42
952 977 10 43
952 978 10 44
952 979 10 45
952 980 10 46
952 981 10 47
952 982 10 48
952 983 10 49
952 984 10 50
952 985 10 51
952 986 10 52
952 987 10 53
952 988 10 24
952 989 10 25
952 990 10 26
952 991 10 27
952 992 10 28
952 993 10 29
952 994 10 30
952 995 10 31
952 996 10 32
952 997 10 33
952 998 10 34
953 959 10 25
953 960 10 26
953 961 10 27
953 962 10 28
953 963 10 29
953 964 10 30
953 965 10 31
953 966 10 32
953 967 10 33
953 968 10 34
953 969 10 35
953 970 10 36
953 971 10 37
953 972 10 38
953 973 10 39
953 974 10 40
953 975 10 41
953 976 10 42
953 977 10 43
953 978 10 44
953 979 10 45
953 980 10 46
953 981 10 47
953 982 10 48
953 983 10 49
953 984 10 50
953 985 10 51
953 986 10 52
953 987 10 53
953 988 10 24
953 989 10 25
953 990 10 26
953 991 10 27
953 992 10 28
953 993 10 29
953 994 10 30
953 995 10 31
953 996 10 32
953 997 10 33
953 998 10 34
954 959 10 25
954 960 10 26
954 961 10 27
954 962 10 28
954 963 10 29
954 964 10 30
954 965 10 31
954 966 10 32
954 967 10 33
954 968 10 34
954 969 10 35
954 970 10 36
954 971 10 37
954 972 10 38
954 973 10 39
954 974 10 40
954 975 10 41
954 976 10 42
954 977 10 43
954 978 10 44
954 979 10 45
954 980 10 46
954 981 10 47
954 982 10 48
954 983 10 49
954 984 10 50
954 985 10 51
954 986 10 52
954 987 10 53
954 988 10 24
954 989 10 25
954 990 10 26
954 991 10 27
954 992 10 28
954 993 10 29
954 994 10 30
954 995 10 31
954 996 10 32
954 997 10 33
954 998 10 34
955 959 10 25
955 960 10 26
955 961 10 27
955 962 10 28
955 963 10 29
955 964 10 30
955 965 10 31
955 966 10 32
955 967 10 33
955 968 10 34
955 969 10 35
955 970 10 36
955 971 10 37
955 972 10 38
955 973 10 39
955 974 10 40
955 975 10 41
955 976 10 42
955 977 10 43
955 978 10 44
955 979 10 45
955 980 10 46
955 981 10 47
955 982 10 48
955 983 10 49
955 984 10 50
955 985 10 51
955 986 10 52
955 987 10 53
955 988 10 24
955 989 10 25
955 990 10 26
955 991 10 27
955 992 10 28
955 993 10 29
955 994 10 30
955 995 10 31
955 996 10 32
955 997 10 33
955 998 10 34
956 959 10 25
956 960 10 26
956 961 10 27
956 962 10 28
956 963 10 29
956 964 10 30
956 965 10 31
956 966 10 32
956 967 10 33
956 968 10 34
956 969 10 35
956 970 10 36
956 971 10 37
956 972 10 38
956 973 10 39
956 974 10 40
956 975 10 41
956 976 10 42
956 977 10 43
956 978 10 44
956 979 10 45
956 980 10 46
956 981 10 47
956 982 10 48
956 983 10 49
956 984 10 50
956 985 10 51
956 986 10 52
956 987 10 53
956 988 10 24
956 989 10 25
956 990 10 26
956 991 10 27
956 992 10 28
956 993 10 29
956 994 10 30
956 995 10 31
956 996 10 32
956 997 10 33
956 998 10 34
957 959 10 25
957 960 10 26
957 961 10 27
957 962 10 28
957 963 10 29
957 964 10 30
957 965 10 31
957 966 10 32
957 967 10 33
957 968 10 34
957 969 10 35
957 970 10 36
957 971 10 37
957 972 10 38
957 973 10 39
957 974 10 40
957 975 10 41
957 976 10 42
957 977 10 43
957 978 10 44
957 979 10 45
957 980 10 46
957 981 10 47
957 982 10 48
957 983 10 49
957 984 10 50
957 985 10 51
957 986 10 52
957 987 10 53
957 988 10 24
957 989 10 25
957 990 10 26
957 991 10 27
957 992 10 28
957 993 10 29
957 994 10 30
957 995 10 31
957 996 10 32
957 997 10 33
957 998 10 34
958 959 10 25
958 960 10 26
958 961 10 27
958 962 10 28
958 963 10 29
958 964 10 30
958 965 10 31
958 966 10 32
958 967 10 33
958 968 10 34
958 969 10 35
958 970 10 36
958 971 10 37
958 972 10 38
958 973 10 39
958 974 10 40
958 975 10 41
958 976 10 42
958 977 10 43
958 978 10 44
958 979 10 45
958 980 10 46
958 981 10 47
958 982 10 48
958 983 10 49
958 984 10 50
958 985 10 51
958 986 10 52
958 987 10 53
958 988 10 24
958 989 10 25
958 990 10 26
958 991 10 27
958 992 10 28
958 993 10 29
958 994 10 30
958 995 10 31
958 996 10 32
958 997 10 33
958 998 10 34
959 999 10 26
959 1000 10 27
959 1001 10 28
959 1002 10 29
959 1003 10 30
959 1004 10 31
959 1005 10 32
959 1006 10 33
959 1007 10 34
959 1008 10 35
959 1009 10 36
959 1010 10 37
959 1011 10 38
959 1012 10 39
959 1013 10 40
959 1014 10 41
959 1015 10 42
959 1016 10 43
959 1017 10 44
959 1018 10 45
959 1019 10 46
959 1020 10 47
959 1021 10 48
959 1022 10 49
959 1023 10 50
959 1024 10 51
959 1025 10 52
959 1026 10 53
959 1027 10 54
959 1028 10 25
959 1029 10 26
959 1030 10 27
959 1031 10 28
959 1032 10 29
959 1033 10 30
959 1034 10 31
959 1035 10 32
959 1036 10 33
959 1037 10 34
959 1038 10 35
960 999 10 26
960 1000 10 27
960 1001 10 28
960 1002 10 29
960 1003 10 30
960 1004 10 31
960 1005 10 32
960 1006 10 33
960 1007 10 34
960 1008 10 35
960 1009 10 36
960 1010 10 37
960 1011 10 38
960 1012 10 39
960 1013 10 40
960 1014 10 41
960 1015 10 42
960 1016 10 43
960 1017 10 44
960 1018 10 45
960 1019 10 46
960 1020 10 47
960 1021 10 48
960 1022 10 49
960 1023 10 50
960 1024 10 51
960 1025 10 52
960 1026 10 53
960 1027 10 54
960 1028 10 25
960 1029 10 26
960 1030 10 27
960 1031 10 28
960 1032 10 29
960 1033 10 30
960 1034 10 31
960 1035 10 32
960 1036 10 33
960 1037 10 34
960 1038 10 35
961 999 10 26
961 1000 10 27
961 1001 10 28
961 1002 10 29
961 1003 10 30
961 1004 10 31
961 1005 10 32
961 1006 10 33
961 1007 10 34
961 1008 10 35
961 1009 10 36
961 1010 10 37
961 1011 10 38
961 1012 10 39
961 1013 10 40
961 1014 10 41
961 1015 10 42
961 1016 10 43
961 1017 10 44
961 1018 10 45
961 1019 10 46
961 1020 10 47
961 1021 10 48
961 1022 10 49
961 1023 10 50
961 1024 10 51
961 1025 10 52
961 1026 10 53
961 1027 10 54
961 1028 10 25
961 1029 10 26
961 1030 10 27
961 1031 10 28
961 1032 10 29
961 1033 10 30
961 1034 10 31
961 1035 10 32
961 1036 10 33
961 1037 10 34
961 1038 10 35
962 999 10 26
962 1000 10 27
962 1001 10 28
962 1002 10 29
962 1003 10 30
962 1004 10 31
962 1005 10 32
962 1006 10 33
962 1007 10 34
962 1008 10 35
962 1009 10 36
962 1010 10 37
962 1011 10 38
962 1012 10 39
962 1013 10 40
962 1014 10 41
962 1015 10 42
962 1016 10 43
962 1017 10 44
962 1018 10 45
962 1019 10 46
962 1020 10 47
962 1021 10 48
962 1022 10 49
962 1023 10 50
962 1024 10 51
962 1025 10 52
962 1026 10 53
962 1027 10 54
962 1028 10 25
962 1029 10 26
962 1030 10 27
962 1031 10 28
962 1032 10 29
962 1033 10 30
962 1034 10 31
962 1035 10 32
962 1036 10 33
962 1037 10 34
962 1038 10 35
963 999 10 26
963 1000 10 27
963 1001 10 28
963 1002 10 29
963 1003 10 30
963 1004 10 31
963 1005 10 32
963 1006 10 33
963 1007 10 34
963 1008 10 35
963 1009 10 36
963 1010 10 37
963 1011 10 38
963 1012 10 39
963 1013 10 40
963 1014 10 41
963 1015 10 42
963 1016 10 43
963 1017 10 44
963 1018 10 45
963 1019 10 46
963 1020 10 47
963 1021 10 48
963 1022 10 49
963 1023 10 50
963 1024 10 51
963 1025 10 52
963 1026 10 53
963 1027 10 54
963 1028 10 25
963 1029 10 26
963 1030 10 27
963 1031 10 28
963 1032 10 29
963 1033 10 30
963 1034 10 31
963 1035 10 32
963 1036 10 33
963 1037 10 34
963 1038 10 35
964 999 10 26
964 1000 10 27
964 1001 10 28
964 1002 10 29
964 1003 10 30
964 1004 10 31
964 1005 10 32
964 1006 10 33
964 1007 10 34
964 1008 10 35
964 1009 10 36
964 1010 10 37
964 1011 10 38
964 1012 10 39
964 1013 10 40
964 1014 10 41
964 1015 10 42
964 1016 10 43
964 1017 10 44
964 1018 10 45
964 1019 10 46
964 1020 10 47
964 1021 10 48
964 1022 10 49
964 1023 10 50
964 1024 10 51
964 1025 10 52
964 1026 10 53
964 1027 10 54
964 1028 10 25
964 1029 10 26
964 1030 10 27
964 1031 10 28
964 1032 10 29
964 1033 10 30
964 1034 10 31
964 1035 10 32
964 1036 10 33
964 1037 10 34
964 1038 10 35
965 999 10 26
965 1000 10 27
965 1001 10 28
965 1002 10 29
965 1003 10 30
965 1004 10 31
965 1005 10 32
965 1006 10 33
965 1007 10 34
965 1008 10 35
965 1009 10 36
965 1010 10 37
965 1011 10 38
965 1012 10 39
965 1013 10 40
965 1014 10 41
965 1015 10 42
965 1016 10 43
965 1017 10 44
965 1018 10 45
965 1019 10 46
965 1020 10 47
965 1021 10 48
965 1022 10 49
965 1023 10 50
965 1024 10 51
965 1025 10 52
965 1026 10 53
965 1027 10 54
965 1028 10 25
965 1029 10 26
965 1030 10 27
965 1031 10 28
965 1032 10 29
965 1033 10 30
965 1034 10 31
965 1035 10 32
965 1036 10 33
965 1037 10 34
965 1038 10 35
966 999 10 26
966 1000 10 27
966 1001 10 28
966 1002 10 29
966 1003 10 30
966 1004 10 31
966 1005 10 32
966 1006 10 33
966 1007 10 34
966 1008 10 35
966 1009 10 36
966 1010 10 37
966 1011 10 38
966 1012 10 39
966 1013 10 40
966 1014 10 41
966 1015 10 42
966 1016 10 43
966 1017 10 44
966 1018 10 45
966 1019 10 46
966 1020 10 47
966 1021 10 48
966 1022 10 49
966 1023 10 50
966 1024 10 51
966 1025 10 52
966 1026 10 53
966 1027 10 54
966 1028 10 25
966 1029 10 26
966 1030 10 27
966 1031 10 28
966 1032 10 29
966 1033 10 30
966 1034 10 31
966 1035 10 32
966 1036 10 33
966 1037 10 34
966 1038 10 35
967 999 10 26
967 1000 10 27
967 1001 10 28
967 1002 10 29
967 1003 10 30
967 1004 10 31
967 1005 10 32
967 1006 10 33
967 1007 10 34
967 1008 10 35
967 1009 10 36
967 1010 10 37
967 1011 10 38
967 1012 10 39
967 1013 10 40
967 1014 10 41
967 1015 10 42
967 1016 10 43
967 1017 10 44
967 1018 10 45
967 1019 10 46
967 1020 10 47
967 1021 10 48
967 1022 10 49
967 1023 10 50
967 1024 10 51
967 1025 10 52
967 1026 10 53
967 1027 10 54
967 1028 10 25
967 1029 10 26
967 1030 10 27
967 1031 10 28
967 1032 10 29
967 1033 10 30
967 1034 10 31
967 1035 10 32
967 1036 10 33
967 1037 10 34
967 1038 10 35
968 999 10 26
968 1000 10 27
968 1001 10 28
968 1002 10 29
968 1003 10 30
968 1004 10 31
968 1005 10 32
968 1006 10 33
968 1007 10 34
968 1008 10 35
968 1009 10 36
968 1010 10 37
968 1011 10 38
968 1012 10 39
968 1013 10 40
968 1014 10 41
968 1015 10 42
968 1016 10 43
968 1017 10 44
968 1018 10 45
968 1019 10 46
968 1020 10 47
968 1021 10 48
968 1022 10 49
968 1023 10 50
968 1024 10 51
968 1025 10 52
968 1026 10 53
968 1027 10 54
968 1028 10 25
968 1029 10 26
968 1030 10 27
968 1031 10 28
968 1032 10 29
968 1033 10 30
968 1034 10 31
968 1035 10 32
968 1036 10 33
968 1037 10 34
968 1038 10 35
969 999 10 26
969 1000 10 27
969 1001 10 28
969 1002 10 29
969 1003 10 30
969 1004 10 31
969 1005 10 32
969 1006 10 33
969 1007 10 34
969 1008 10 35
969 1009 10 36
969 1010 10 37
969 1011 10 38
969 1012 10 39
969 1013 10 40
969 1014 10 41
969 1015 10 42
969 1016 10 43
969 1017 10 44
969 1018 10 45
969 1019 10 46
969 1020 10 47
969 1021 10 48
969 1022 10 49
969 1023 10 50
969 1024 10 51
969 1025 10 52
969 1026 10 53
969 1027 10 54
969 1028 10 25
969 1029 10 26
969 1030 10 27
969 1031 10 28
969 1032 10 29
969 1033 10 30
969 1034 10 31
969 1035 10 32
969 1036 10 33
969 1037 10 34
969 1038 10 35
970 999 10 26
970 1000 10 27
970 1001 10 28
970 1002 10 29
970 1003 10 30
970 1004 10 31
970 1005 10 32
970 1006 10 33
970 1007 10 34
970 1008 10 35
970 1009 10 36
970 1010 10 37
970 1011 10 38
970 1012 10 39
970 1013 10 40
970 1014 10 41
970 1015 10 42
970 1016 10 43
970 1017 10 44
970 1018 10 45
970 1019 10 46
970 1020 10 47
970 1021 10 48
970 1022 10 49
970 1023 10 50
970 1024 10 51
970 1025 10 52
970 1026 10 53
970 1027 10 54
970 1028 10 25
970 1029 10 26
970 1030 10 27
970 1031 10 28
970 1032 10 29
970 1033 10 30
970 1034 10 31
970 1035 10 32
970 1036 10 33
970 1037 10 34
970 1038 10 35
971 999 10 26
971 1000 10 27
971 1001 10 28
971 1002 10 29
971 1003 10 30
971 1004 10 31
971 1005 10 32
971 1006 10 33
971 1007 10 34
971 1008 10 35
971 1009 10 36
971 1010 10 37
971 1011 10 38
971 1012 10 39
971 1013 10 40
971 1014 10 41
971 1015 10 42
971 1016 10 43
971 1017 10 44
971 1018 10 45
971 1019 10 46
971 1020 10 47
971 1021 10 48
971 1022 10 49
971 1023 10 50
971 1024 10 51
971 1025 10 52
971 1026 10 53
971 1027 10 54
971 1028 10 25
971 1029 10 26
971 1030 10 27
971 1031 10 28
971 1032 10 29
971 1033 10 30
971 1034 10 31
971 1035 10 32
971 1036 10 33
971 1037 10 34
971 1038 10 35
972 999 10 26
972 1000 10 27
972 1001 10 28
972 1002 10 29
972 1003 10 30
972 1004 10 31
972 1005 10 32
972 1006 10 33
972 1007 10 34
972 1008 10 35
972 1009 10 36
972 1010 10 37
972 1011 10 38
972 1012 10 39
972 1013 10 40
972 1014 10 41
972 1015 10 42
972 1016 10 43
972 1017 10 44
972 1018 10 45
972 1019 10 46
972 1020 10 47
972 1021 10 48
972 1022 10 49
972 1023 10 50
972 1024 10 51
972 1025 10 52
972 1026 10 53
972 1027 10 54
972 1028 10 25
972 1029 10 26
972 1030 10 27
972 1031 10 28
972 1032 10 29
972 1033 10 30
972 1034 10 31
972 1035 10 32
972 1036 10 33
972 1037 10 34
972 1038 10 35
973 999 10 26
973 1000 10 27
973 1001 10 28
973 1002 10 29
973 1003 10 30
973 1004 10 31
973 1005 10 32
973 1006 10 33
973 1007 10 34
973 1008 10 35
973 1009 10 36
973 1010 10 37
973 1011 10 38
973 1012 10 39
973 1013 10 40
973 1014 10 41
973 1015 10 42
973 1016 10 43
973 1017 10 44
973 1018 10 45
973 1019 10 46
973 1020 10 47
973 1021 10 48
973 1022 10 49
973 1023 10 50
973 1024 10 51
973 1025 10 52
973 1026 10 53
973 1027 10 54
973 1028 10 25
973 1029 10 26
973 1030 10 27
973 1031 10 28
973 1032 10 29
973 1033 10 30
973 1034 10 31
973 1035 10 32
973 1036 10 33
973 1037 10 34
973 1038 10 35
974 999 10 26
974 1000 10 27
974 1001 10 28
974 1002 10 29
974 1003 10 30
974 1004 10 31
974 1005 10 32
974 1006 10 33
974 1007 10 34
974 1008 10 35
974 1009 10 36
974 1010 10 37
974 1011 10 38
974 1012 10 39
974 1013 10 40
974 1014 10 41
974 1015 10 42
974 1016 10 43
974 1017 10 44
974 1018 10 45
974 1019 10 46
974 1020 10 47
974 1021 10 48
974 1022 10 49
974 1023 10 50
974 1024 10 51
974 1025 10 52
974 1026 10 53
974 1027 10 54
974 1028 10 25
974 1029 10 26
974 1030 10 27
974 1031 10 28
974 1032 10 29
974 1033 10 30
974 1034 10 31
974 1035 10 32
974 1036 10 33
974 1037 10 34
974 1038 10 35
975 999 10 26
975 1000 10 27
975 1001 10 28
975 1002 10 29
975 1003 10 30
975 1004 10 31
975 1005 10 32
975 1006 10 33
975 1007 10 34
975 1008 10 35
975 1009 10 36
975 1010 10 37
975 1011 10 38
975 1012 10 39
975 1013 10 40
975 1014 10 41
975 1015 10 42
975 1016 10 43
975 1017 10 44
975 1018 10 45
975 1019 10 46
975 1020 10 47
975 1021 10 48
975 1022 10 49
975 1023 10 50
975 1024 10 51
975 1025 10 52
975 1026 10 53
975 1027 10 54
975 1028 10 25
975 1029 10 26
975 1030 10 27
975 1031 10 28
975 1032 10 29
975 1033 10 30
975 1034 10 31
975 1035 10 32
975 1036 10 33
975 1037 10 34
975 1038 10 35
976 999 10 26
976 1000 10 27
976 1001 10 28
976 1002 10 29
976 1003 10 30
976 1004 10 31
976 1005 10 32
976 1006 10 33
976 1007 10 34
976 1008 10 35
976 1009 10 36
976 1010 10 37
976 1011 10 38
976 1012 10 39
976 1013 10 40
976 1014 10 41
976 1015 10 42
976 1016 10 43
976 1017 10 44
976 1018 10 45
976 1019 10 46
976 1020 10 47
976 1021 10 48
976 1022 10 49
976 1023 10 50
976 1024 10 51
976 1025 10 52
976 1026 10 53
976 1027 10 54
976 1028 10 25
976 1029 10 26
976 1030 10 27
976 1031 10 28
976 1032 10 29
976 1033 10 30
976 1034 10 31
976 1035 10 32
976 1036 10 33
976 1037 10 34
976 1038 10 35
977 999 10 26
977 1000 10 27
977 1001 10 28
977 1002 10 29
977 1003 10 30
977 1004 10 31
977 1005 10 32
977 1006 10 33
977 1007 10 34
977 1008 10 35
977 1009 10 36
977 1010 10 37
977 1011 10 38
977 1012 10 39
977 1013 10 40
977 1014 10 41
977 1015 10 42
977 1016 10 43
977 1017 10 44
977 1018 10 45
977 1019 10 46
977 1020 10 47
977 1021 10 48
977 1022 10 49
977 1023 10 50
977 1024 10 51
977 1025 10 52
977 1026 10 53
977 1027 10 54
977 1028 10 25
977 1029 10 26
977 1030 10 27
977 1031 10 28
977 1032 10 29
977 1033 10 30
977 1034 10 31
977 1035 10 32
977 1036 10 33
977 1037 10 34
977 1038 10 35
978 999 10 26
978 1000 10 27
978 1001 10 28
978 1002 10 29
978 1003 10 30
978 1004 10 31
978 1005 10 32
978 1006 10 33
978 1007 10 34
978 1008 10 35
978 1009 10 36
978 1010 10 37
978 1011 10 38
978 1012 10 39
978 1013 10 40
978 1014 10 41
978 1015 10 42
978 1016 10 43
978 1017 10 44
978 1018 10 45
978 1019 10 46
978 1020 10 47
978 1021 10 48
978 1022 10 49
978 1023 10 50
978 1024 10 51
978 1025 10 52
978 1026 10 53
978 1027 10 54
978 1028 10 25
978 1029 10 26
978 1030 10 27
978 1031 10 28
978 1032 10 29
978 1033 10 30
978 1034 10 31
978 1035 10 32
978 1036 10 33
978 1037 10 34
978 1038 10 35
979 999 10 26
979 1000 10 27
979 1001 10 28
979 1002 10 29
979 1003 10 30
979 1004 10 31
979 1005 10 32
979 1006 10 33
979 1007 10 34
979 1008 10 35
979 1009 10 36
979 1010 10 37
979 1011 10 38
979 1012 10 39
979 1013 10 40
979 1014 10 41
979 1015 10 42
979 1016 10 43
979 1017 10 44
979 1018 10 45
979 1019 10 46
979 1020 10 47
979 1021 10 48
979 1022 10 49
979 1023 10 50
979 1024 10 51
979 1025 10 52
979 1026 10 53
979 1027 10 54
979 1028 10 25
979 1029 10 26
979 1030 10 27
979 1031 10 28
979 1032 10 29
979 1033 10 30
979 1034 10 31
979 1035 10 32
979 1036 10 33
979 1037 10 34
979 1038 10 35
980 999 10 26
980 1000 10 27
980 1001 10 28
980 1002 10 29
980 1003 10 30
980 1004 10 31
980 1005 10 32
980 1006 10 33
980 1007 10 34
980 1008 10 35
980 1009 10 36
980 1010 10 37
980 1011 10 38
980 1012 10 39
980 1013 10 40
980 1014 10 41
980 1015 10 42
980 1016 10 43
980 1017 10 44
980 1018 10 45
980 1019 10 46
980 1020 10 47
980 1021 10 48
980 1022 10 49
980 1023 10 50
980 1024 10 51
980 1025 10 52
980 1026 10 53
980 1027 10 54
980 1028 10 25
980 1029 10 26
980 1030 10 27
980 1031 10 28
980 1032 10 29
980 1033 10 30
980 1034 10 31
980 1035 10 32
980 1036 10 33
980 1037 10 34
980 1038 10 35
981 999 10 26
981 1000 10 27
981 1001 10 28
981 1002 10 29
981 1003 10 30
981 1004 10 31
981 1005 10 32
981 1006 10 33
981 1007 10 34
981 1008 10 35
981 1009 10 36
981 1010 10 37
981 1011 10 38
981 1012 10 39
981 1013 10 40
981 1014 10 41
981 1015 10 42
981 1016 10 43
981 1017 10 44
981 1018 10 45
981 1019 10 46
981 1020 10 47
981 1021 10 48
981 1022 10 49
981 1023 10 50
981 1024 10 51
981 1025 10 52
981 1026 10 53
981 1027 10 54
981 1028 10 25
981 1029 10 26
981 1030 10 27
981 1031 10 28
981 1032 10 29
981 1033 10 30
981 1034 10 31
981 1035 10 32
981 1036 10 33
981 1037 10 34
981 1038 10 35
982 999 10 26
982 1000 10 27
982 1001 10 28
982 1002 10 29
982 1003 10 30
982 1004 10 31
982 1005 10 32
982 1006 10 33
982 1007 10 34
982 1008 10 35
982 1009 10 36
982 1010 10 37
982 1011 10 38
982 1012 10 39
982 1013 10 40
982 1014 10 41
982 1015 10 42
982 1016 10 43
982 1017 10 44
982 1018 10 45
982 1019 10 46
982 1020 10 47
982 1021 10 48
982 1022 10 49
982 1023 10 50
982 1024 10 51
982 1025 10 52
982 1026 10 53
982 1027 10 54
982 1028 10 25
982 1029 10 26
982 1030 10 27
982 1031 10 28
982 1032 10 29
982 1033 10 30
982 1034 10 31
982 1035 10 32
982 1036 10 33
982 1037 10 34
982 1038 10 35
983 999 10 26
983 1000 10 27
983 1001 10 28
983 1002 10 29
983 1003 10 30
983 1004 10 31
983 1005 10 32
983 1006 10 33
983 1007 10 34
983 1008 10 35
983 1009 10 36
983 1010 10 37
983 1011 10 38
983 1012 10 39
983 1013 10 40
983 1014 10 41
983 1015 10 42
983 1016 10 43
983 1017 10 44
983 1018 10 45
983 1019 10 46
983 1020 10 47
983 1021 10 48
983 1022 10 49
983 1023 10 50
983 1024 10 51
983 1025 10 52
983 1026 10 53
983 1027 10 54
983 1028 10 25
983 1029 10 26
983 1030 10 27
983 1031 10 28
983 1032 10 29
983 1033 10 30
983 1034 10 31
983 1035 10 32
983 1036 10 33
983 1037 10 34
983 1038 10 35
984 999 10 26
984 1000 10 27
984 1001 10 28
984 1002 10 29
984 1003 10 30
984 1004 10 31
984 1005 10 32
984 1006 10 33
984 1007 10 34
984 1008 10 35
984 1009 10 36
984 1010 10 37
984 1011 10 38
984 1012 10 39
984 1013 10 40
984 1014 10 41
984 1015 10 42
984 1016 10 43
984 1017 10 44
984 1018 10 45
984 1019 10 46
984 1020 10 47
984 1021 10 48
984 1022 10 49
984 1023 10 50
984 1024 10 51
984 1025 10 52
984 1026 10 53
984 1027 10 54
984 1028 10 25
984 1029 10 26
984 1030 10 27
984 1031 10 28
984 1032 10 29
984 1033 10 30
984 1034 10 31
984 1035 10 32
984 1036 10 33
984 1037 10 34
984 1038 10 35
985 999 10 26
985 1000 10 27
985 1001 10 28
985 1002 10 29
985 1003 10 30
985 1004 10 31
985 1005 10 32
985 1006 10 33
985 1007 10 34
985 1008 10 35
985 1009 10 36
985 1010 10 37
985 1011 10 38
985 1012 10 39
985 1013 10 40
985 1014 10 41
985 1015 10 42
985 1016 10 43
985 1017 10 44
985 1018 10 45
985 1019 10 46
985 1020 10 47
985 1021 10 48
985 1022 10 49
985 1023 10 50
985 1024 10 51
985 1025 10 52
985 1026 10 53
985 1027 10 54
985 1028 10 25
985 1029 10 26
985 1030 10 27
985 1031 10 28
985 1032 10 29
985 1033 10 30
985 1034 10 31
985 1035 10 32
985 1036 10 33
985 1037 10 34
985 1038 10 35
986 999 10 26
986 1000 10 27
986 1001 10 28
986 1002 10 29
986 1003 10 30
986 1004 10 31
986 1005 10 32
986 1006 10 33
986 1007 10 34
986 1008 10 35
986 1009 10 36
986 1010 10 37
986 1011 10 38
986 1012 10 39
986 1013 10 40
986 1014 10 41
986 1015 10 42
986 1016 10 43
986 1017 10 44
986 1018 10 45
986 1019 10 46
986 1020 10 47
986 1021 10 48
986 1022 10 49
986 1023 10 50
986 1024 10 51
986 1025 10 52
986 1026 10 53
986 1027 10 54
986 1028 10 25
986 1029 10 26
986 1030 10 27
986 1031 10 28
986 1032 10 29
986 1033 10 30
986 1034 10 31
986 1035 10 32
986 1036 10 33
986 1037 10 34
986 1038 10 35
987 999 10 26
987 1000 10 27
987 1001 10 28
987 1002 10 29
987 1003 10 30
987 1004 10 31
987 1005 10 32
987 1006 10 33
987 1007 10 34
987 1008 10 35
987 1009 10 36
987 1010 10 37
987 1011 10 38
987 1012 10 39
987 1013 10 40
987 1014 10 41
987 1015 10 42
987 1016 10 43
987 1017 10 44
987 1018 10 45
987 1019 10 46
987 1020 10 47
987 1021 10 48
987 1022 10 49
987 1023 10 50
987 1024 10 51
987 1025 10 52
987 1026 10 53
987 1027 10 54
987 1028 10 25
987 1029 10 26
987 1030 10 27
987 1031 10 28
987 1032 10 29
987 1033 10 30
987 1034 10 31
987 1035 10 32
987 1036 10 33
987 1037 10 34
987 1038 10 35
988 999 10 26
988 1000 10 27
988 1001 10 28
988 1002 10 29
988 1003 10 30
988 1004 10 31
988 1005 10 32
988 1006 10 33
988 1007 10 34
988 1008 10 35
988 1009 10 36
988 1010 10 37
988 1011 10 38
988 1012 10 39
988 1013 10 40
988 1014 10 41
988 1015 10 42
988 1016 10 43
988 1017 10 44
988 1018 10 45
988 1019 10 46
988 1020 10 47
988 1021 10 48
988 1022 10 49
988 1023 10 50
988 1024 10 51
988 1025 10 52
988 1026 10 53
988 1027 10 54
988 1028 10 25
988 1029 10 26
988 1030 10 27
988 1031 10 28
988 1032 10 29
988 1033 10 30
988 1034 10 31
988 1035 10 32
988 1036 10 33
988 1037 10 34
988 1038 10 35
989 999 10 26
989 1000 10 27
989 1001 10 28
989 1002 10 29
989 1003 10 30
989 1004 10 31
989 1005 10 32
989 1006 10 33
989 1007 10 34
989 1008 10 35
989 1009 10 36
989 1010 10 37
989 1011 10 38
989 1012 10 39
989 1013 10 40
989 1014 10 41
989 1015 10 42
989 1016 10 43
989 1017 10 44
989 1018 10 45
989 1019 10 46
989 1020 10 47
989 1021 10 48
989 1022 10 49
989 1023 10 50
989 1024 10 51
989 1025 10 52
989 1026 10 53
989 1027 10 54
989 1028 10 25
989 1029 10 26
989 1030 10 27
989 1031 10 28
989 1032 10 29
989 1033 10 30
989 1034 10 31
989 1035 10 32
989 1036 10 33
989 1037 10 34
989 1038 10 35
990 999 10 26
990 1000 10 27
990 1001 10 28
990 1002 10 29
990 1003 10 30
990 1004 10 31
990 1005 10 32
990 1006 10 33
990 1007 10 34
990 1008 10 35
990 1009 10 36
990 1010 10 37
990 1011 10 38
990 1012 10 39
990 1013 10 40
990 1014 10 41
990 1015 10 42
990 1016 10 43
990 1017 10 44
990 1018 10 45
990 1019 10 46
990 1020 10 47
990 1021 10 48
990 1022 10 49
990 1023 10 50
990 1024 10 51
990 1025 10 52
990 1026 10 53
990 1027 10 54
990 1028 10 25
990 1029 10 26
990 1030 10 27
990 1031 10 28
990 1032 10 29
990 1033 10 30
990 1034 10 31
990 1035 10 32
990 1036 10 33
990 1037 10 34
990 1038 10 35
991 999 10 26
991 1000 10 27
991 1001 10 28
991 1002 10 29
991 1003 10 30
991 1004 10 31
991 1005 10 32
991 1006 10 33
991 1007 10 34
991 1008 10 35
991 1009 10 36
991 1010 10 37
991 1011 10 38
991 1012 10 39
991 1013 10 40
991 1014 10 41
991 1015 10 42
991 1016 10 43
991 1017 10 44
991 1018 10 45
991 1019 10 46
991 1020 10 47
991 1021 10 48
991 1022 10 49
991 1023 10 50
991 1024 10 51
991 1025 10 52
991 1026 10 53
991 1027 10 54
991 1028 10 25
991 1029 10 26
991 1030 10 27
991 1031 10 28
991 1032 10 29
991 1033 10 30
991 1034 10 31
991 1035 10 32
991 1036 10 33
991 1037 10 34
991 1038 10 35
992 999 10 26
992 1000 10 27
992 1001 10 28
992 1002 10 29
992 1003 10 30
992 1004 10 31
992 1005 10 32
992 1006 10 33
992 1007 10 34
992 1008 10 35
992 1009 10 36
992 1010 10 37
992 1011 10 38
992 1012 10 39
992 1013 10 40
992 1014 10 41
992 1015 10 42
992 1016 10 43
992 1017 10 44
992 1018 10 45
992 1019 10 46
992 1020 10 47
992 1021 10 48
992 1022 10 49
992 1023 10 50
992 1024 10 51
992 1025 10 52
992 1026 10 53
992 1027 10 54
992 1028 10 25
992 1029 10 26
992 1030 10 27
992 1031 10 28
992 1032 10 29
992 1033 10 30
992 1034 10 31
992 1035 10 32
992 1036 10 33
992 1037 10 34
992 1038 10 35
993 999 10 26
993 1000 10 27
993 1001 10 28
993 1002 10 29
993 1003 10 30
993 1004 10 31
993 1005 10 32
993 1006 10 33
993 1007 10 34
993 1008 10 35
993 1009 10 36
993 1010 10 37
993 1011 10 38
993 1012 10 39
993 1013 10 40
993 1014 10 41
993 1015 10 42
993 1016 10 43
993 1017 10 44
993 1018 10 45
993 1019 10 46
993 1020 10 47
993 1021 10 48
993 1022 10 49
993 1023 10 50
993 1024 10 51
993 1025 10 52
993 1026 10 53
993 1027 10 54
993 1028 10 25
993 1029 10 26
993 1030 10 27
993 1031 10 28
993 1032 10 29
993 1033 10 30
993 1034 10 31
993 1035 10 32
993 1036 10 33
993 1037 10 34
993 1038 10 35
994 999 10 26
994 1000 10 27
994 1001 10 28
994 1002 10 29
994 1003 10 30
994 1004 10 31
994 1005 10 32
994 1006 10 33
994 1007 10 34
994 1008 10 35
994 1009 10 36
994 1010 10 37
994 1011 10 38
994 1012 10 39
994 1013 10 40
994 1014 10 41
994 1015 10 42
994 1016 10 43
994 1017 10 44
994 1018 10 45
994 1019 10 46
994 1020 10 47
994 1021 10 48
994 1022 10 49
994 1023 10 50
994 1024 10 51
994 1025 10 52
994 1026 10 53
994 1027 10 54
994 1028 10 25
994 1029 10 26
994 1030 10 27
994 1031 10 28
994 1032 10 29
994 1033 10 30
994 1034 10 31
994 1035 10 32
994 1036 10 33
994 1037 10 34
994 1038 10 35
995 999 10 26
995 1000 10 27
995 1001 10 28
995 1002 10 29
995 1003 10 30
995 1004 10 31
995 1005 10 32
995 1006 10 33
995 1007 10 34
995 1008 10 35
995 1009 10 36
995 1010 10 37
995 1011 10 38
995 1012 10 39
995 1013 10 40
995 1014 10 41
995 1015 10 42
995 1016 10 43
995 1017 10 44
995 1018 10 45
995 1019 10 46
995 1020 10 47
995 1021 10 48
995 1022 10 49
995 1023 10 50
995 1024 10 51
995 1025 10 52
995 1026 10 53
995 1027 10 54
995 1028 10 25
995 1029 10 26
995 1030 10 27
995 1031 10 28
995 1032 10 29
995 1033 10 30
995 1034 10 31
995 1035 10 32
995 1036 10 33
995 1037 10 34
995 1038 10 35
996 999 10 26
996 1000 10 27
996 1001 10 28
996 1002 10 29
996 1003 10 30
996 1004 10 31
996 1005 10 32
996 1006 10 33
996 1007 10 34
996 1008 10 35
996 1009 10 36
996 1010 10 37
996 1011 10 38
996 1012 10 39
996 1013 10 40
996 1014 10 41
996 1015 10 42
996 1016 10 43
996 1017 10 44
996 1018 10 45
996 1019 10 46
996 1020 10 47
996 1021 10 48
996 1022 10 49
996 1023 10 50
996 1024 10 51
996 1025 10 52
996 1026 10 53
996 1027 10 54
996 1028 10 25
996 1029 10 26
996 1030 10 27
996 1031 10 28
996 1032 10 29
996 1033 10 30
996 1034 10 31
996 1035 10 32
996 1036 10 33
996 1037 10 34
996 1038 10 35
997 999 10 26
997 1000 10 27
997 1001 10 28
997 1002 10 29
997 1003 10 30
997 1004 10 31
997 1005 10 32
997 1006 10 33
997 1007 10 34
997 1008 10 35
997 1009 10 36
997 1010 10 37
997 1011 10 38
997 1012 10 39
997 1013 10 40
997 1014 10 41
997 1015 10 42
997 1016 10 43
997 1017 10 44
997 1018 10 45
997 1019 10 46
997 1020 10 47
997 1021 10 48
997 1022 10 49
997 1023 10 50
997 1024 10 51
997 1025 10 52
997 1026 10 53
997 1027 10 54
997 1028 10 25
997 1029 10 26
997 1030 10 27
997 1031 10 28
997 1032 10 29
997 1033 10 30
997 1034 10 31
997 1035 10 32
997 1036 10 33
997 1037 10 34
997 1038 10 35
998 999 10 26
998 1000 10 27
998 1001 10 28
998 1002 10 29
998 1003 10 30
998 1004 10 31
998 1005 10 32
998 1006 10 33
998 1007 10 34
998 1008 10 35
998 1009 10 36
998 1010 10 37
998 1011 10 38
998 1012 10 39
998 1013 10 40
998 1014 10 41
998 1015 10 42
998 1016 10 43
998 1017 10 44
998 1018 10 45
998 1019 10 46
998 1020 10 47
998 1021 10 48
998 1022 10 49
998 1023 10 50
998 1024 10 51
998 1025 10 52
998 1026 10 53
998 1027 10 54
998 1028 10 25
998 1029 10 26
998 1030 10 27
998 1031 10 28
998 1032 10 29
998 1033 10 30
998 1034 10 31
998 1035 10 32
998 1036 10 33
998 1037 10 34
998 1038 10 35
999 1039 10 27
999 1040 10 28
999 1041 10 29
999 1042 10 30
999 1043 10 31
999 1044 10 32
999 1045 10 33
999 1046 10 34
999 1047 10 35
999 1048 10 36
999 1049 10 37
999 1050 10 38
999 1051 10 39
999 1052 10 40
999 1053 10 41
999 1054 10 42
999 1055 10 43
999 1056 10 44
999 1057 10 45
999 1058 10 46
999 1059 10 47
999 1060 10 48
999 1061 10 49
999 1062 10 50
999 1063 10 51
999 1064 10 52
999 1065 10 53
999 1066 10 54
999 1067 10 55
999 1068 10 26
999 1069 10 27
999 1070 10 28
999 1071 10 29
999 1072 10 30
999 1073 10 31
999 1074 10 32
999 1075 10 33
999 1076 10 34
999 1077 10 35
999 1078 10 36
1000 1039 10 27
1000 1040 10 28
1000 1041 10 29
1000 1042 10 30
1000 1043 10 31
1000 1044 10 32
1000 1045 10 33
1000 1046 10 34
1000 1047 10 35
1000 1048 10 36
1000 1049 10 37
1000 1050 10 38
1000 1051 10 39
1000 1052 10 40
1000 1053 10 41
1000 1054 10 42
1000 1055 10 43
1000 1056 10 44
1000 1057 10 45
1000 1058 10 46
1000 1059 10 47
1000 1060 10 48
1000 1061 10 49
1000 1062 10 50
1000 1063 10 51
1000 1064 10 52
1000 1065 10 53
1000 1066 10 54
1000 1067 10 55
1000 1068 10 26
1000 1069 10 27
1000 1070 10 28
1000 1071 10 29
1000 1072 10 30
1000 1073 10 31
1000 1074 10 32
1000 1075 10 33
1000 1076 10 34
1000 1077 10 35
1000 1078 10 36
1001 1039 10 27
1001 1040 10 28
1001 1041 10 29
1001 1042 10 30
1001 1043 10 31
1001 1044 10 32
1001 1045 10 33
1001 1046 10 34
1001 1047 10 35
1001 1048 10 36
1001 1049 10 37
1001 1050 10 38
1001 1051 10 39
1001 1052 10 40
1001 1053 10 41
1001 1054 10 42
1001 1055 10 43
1001 1056 10 44
1001 1057 10 45
1001 1058 10 46
1001 1059 10 47
1001 1060 10 48
1001 1061 10 49
1001 1062 10 50
1001 1063 10 51
1001 1064 10 52
1001 1065 10 53
1001 1066 10 54
1001 1067 10 55
1001 1068 10 26
1001 1069 10 27
1001 1070 10 28
1001 1071 10 29
1001 1072 10 30
1001 1073 10 31
1001 1074 10 32
1001 1075 10 33
1001 1076 10 34
1001 1077 10 35
1001 1078 10 36
1002 1039 10 27
1002 1040 10 28
1002 1041 10 29
1002 1042 10 30
1002 1043 10 31
1002 1044 10 32
1002 1045 10 33
1002 1046 10 34
1002 1047 10 35
1002 1048 10 36
1002 1049 10 37
1002 1050 10 38
1002 1051 10 39
1002 1052 10 40
1002 1053 10 41
1002 1054 10 42
1002 1055 10 43
1002 1056 10 44
1002 1057 10 45
1002 1058 10 46
1002 1059 10 47
1002 1060 10 48
1002 1061 10 49
1002 1062 10 50
1002 1063 10 51
1002 1064 10 52
1002 1065 10 53
1002 1066 10 54
1002 1067 10 55
1002 1068 10 26
1002 1069 10 27
1002 1070 10 28
1002 1071 10 29
1002 1072 10 30
1002 1073 10 31
1002 1074 10 32
1002 1075 10 33
1002 1076 10 34
1002 1077 10 35
1002 1078 10 36
1003 1039 10 27
1003 1040 10 28
1003 1041 10 29
1003 1042 10 30
1003 1043 10 31
1003 1044 10 32
1003 1045 10 33
1003 1046 10 34
1003 1047 10 35
1003 1048 10 36
1003 1049 10 37
1003 1050 10 38
1003 1051 10 39
1003 1052 10 40
1003 1053 10 41
1003 1054 10 42
1003 1055 10 43
1003 1056 10 44
1003 1057 10 45
1003 1058 10 46
1003 1059 10 47
1003 1060 10 48
1003 1061 10 49
1003 1062 10 50
1003 1063 10 51
1003 1064 10 52
1003 1065 10 53
1003 1066 10 54
1003 1067 10 55
1003 1068 10 26
1003 1069 10 27
1003 1070 10 28
1003 1071 10 29
1003 1072 10 30
1003 1073 10 31
1003 1074 10 32
1003 1075 10 33
1003 1076 10 34
1003 1077 10 35
1003 1078 10 36
1004 1039 10 27
1004 1040 10 28
1004 1041 10 29
1004 1042 10 30
1004 1043 10 31
1004 1044 10 32
1004 1045 10 33
1004 1046 10 34
1004 1047 10 35
1004 1048 10 36
1004 1049 10 37
1004 1050 10 38
1004 1051 10 39
1004 1052 10 40
1004 1053 10 41
1004 1054 10 42
1004 1055 10 43
1004 1056 10 44
1004 1057 10 45
1004 1058 10 46
1004 1059 10 47
1004 1060 10 48
1004 1061 10 49
1004 1062 10 50
1004 1063 10 51
1004 1064 10 52
1004 1065 10 53
1004 1066 10 54
1004 1067 10 55
1004 1068 10 26
1004 1069 10 27
1004 1070 10 28
1004 1071 10 29
1004 1072 10 30
1004 1073 10 31
1004 1074 10 32
1004 1075 10 33
1004 1076 10 34
1004 1077 10 35
1004 1078 10 36
1005 1039 10 27
1005 1040 10 28
1005 1041 10 29
1005 1042 10 30
1005 1043 10 31
1005 1044 10 32
1005 1045 10 33
1005 1046 10 34
1005 1047 10 35
1005 1048 10 36
1005 1049 10 37
1005 1050 10 38
1005 1051 10 39
1005 1052 10 40
1005 1053 10 41
1005 1054 10 42
1005 1055 10 43
1005 1056 10 44
1005 1057 10 45
1005 1058 10 46
1005 1059 10 47
1005 1060 10 48
1005 1061 10 49
1005 1062 10 50
1005 1063 10 51
1005 1064 10 52
1005 1065 10 53
1005 1066 10 54
1005 1067 10 55
1005 1068 10 26
1005 1069 10 27
1005 1070 10 28
1005 1071 10 29
1005 1072 10 30
1005 1073 10 31
1005 1074 10 32
1005 1075 10 33
1005 1076 10 34
1005 1077 10 35
1005 1078 10 36
1006 1039 10 27
1006 1040 10 28
1006 1041 10 29
1006 1042 10 30
1006 1043 10 31
1006 1044 10 32
1006 1045 10 33
1006 1046 10 34
1006 1047 10 35
1006 1048 10 36
1006 1049 10 37
1006 1050 10 38
1006 1051 10 39
1006 1052 10 40
1006 1053 10 41
1006 1054 10 42
1006 1055 10 43
1006 1056 10 44
1006 1057 10 45
1006 1058 10 46
1006 1059 10 47
1006 1060 10 48
1006 1061 10 49
1006 1062 10 50
1006 1063 10 51
1006 1064 10 52
1006 1065 10 53
1006 1066 10 54
1006 1067 10 55
1006 1068 10 26
1006 1069 10 27
1006 1070 10 28
1006 1071 10 29
1006 1072 10 30
1006 1073 10 31
1006 1074 10 32
1006 1075 10 33
1006 1076 10 34
1006 1077 10 35
1006 1078 10 36
1007 1039 10 27
1007 1040 10 28
1007 1041 10 29
1007 1042 10 30
1007 1043 10 31
1007 1044 10 32
1007 1045 10 33
1007 1046 10 34
1007 1047 10 35
1007 1048 10 36
1007 1049 10 37
1007 1050 10 38
1007 1051 10 39
1007 1052 10 40
1007 1053 10 41
1007 1054 10 42
1007 1055 10 43
1007 1056 10 44
1007 1057 10 45
1007 1058 10 46
1007 1059 10 47
1007 1060 10 48
1007 1061 10 49
1007 1062 10 50
1007 1063 10 51
1007 1064 10 52
1007 1065 10 53
1007 1066 10 54
1007 1067 10 55
1007 1068 10 26
1007 1069 10 27
1007 1070 10 28
1007 1071 10 29
1007 1072 10 30
1007 1073 10 31
1007 1074 10 32
1007 1075 10 33
1007 1076 10 34
1007 1077 10 35
1007 1078 10 36
1008 1039 10 27
1008 1040 10 28
1008 1041 10 29
1008 1042 10 30
1008 1043 10 31
1008 1044 10 32
1008 1045 10 33
1008 1046 10 34
1008 1047 10 35
1008 1048 10 36
1008 1049 10 37
1008 1050 10 38
1008 1051 10 39
1008 1052 10 40
1008 1053 10 41
1008 1054 10 42
1008 1055 10 43
1008 1056 10 44
1008 1057 10 45
1008 1058 10 46
1008 1059 10 47
1008 1060 10 48
1008 1061 10 49
1008 1062 10 50
1008 1063 10 51
1008 1064 10 52
1008 1065 10 53
1008 1066 10 54
1008 1067 10 55
1008 1068 10 26
1008 1069 10 27
1008 1070 10 28
1008 1071 10 29
1008 1072 10 30
1008 1073 10 31
1008 1074 10 32
1008 1075 10 33
1008 1076 10 34
1008 1077 10 35
1008 1078 10 36
1009 1039 10 27
1009 1040 10 28
1009 1041 10 29
1009 1042 10 30
1009 1043 10 31
1009 1044 10 32
1009 1045 10 33
1009 1046 10 34
1009 1047 10 35
1009 1048 10 36
1009 1049 10 37
1009 1050 10 38
1009 1051 10 39
1009 1052 10 40
1009 1053 10 41
1009 1054 10 42
1009 1055 10 43
1009 1056 10 44
1009 1057 10 45
1009 1058 10 46
1009 1059 10 47
1009 1060 10 48
1009 1061 10 49
1009 1062 10 50
1009 1063 10 51
1009 1064 10 52
1009 1065 10 53
1009 1066 10 54
1009 1067 10 55
1009 1068 10 26
1009 1069 10 27
1009 1070 10 28
1009 1071 10 29
1009 1072 10 30
1009 1073 10 31
1009 1074 10 32
1009 1075 10 33
1009 1076 10 34
1009 1077 10 35
1009 1078 10 36
1010 1039 10 27
1010 1040 10 28
1010 1041 10 29
1010 1042 10 30
1010 1043 10 31
1010 1044 10 32
1010 1045 10 33
1010 1046 10 34
1010 1047 10 35
1010 1048 10 36
1010 1049 10 37
1010 1050 10 38
1010 1051 10 39
1010 1052 10 40
1010 1053 10 41
1010 1054 10 42
1010 1055 10 43
1010 1056 10 44
1010 1057 10 45
1010 1058 10 46
1010 1059 10 47
1010 1060 10 48
1010 1061 10 49
1010 1062 10 50
1010 1063 10 51
1010 1064 10 52
1010 1065 10 53
1010 1066 10 54
1010 1067 10 55
1010 1068 10 26
1010 1069 10 27
1010 1070 10 28
1010 1071 10 29
1010 1072 10 30
1010 1073 10 31
1010 1074 10 32
1010 1075 10 33
1010 1076 10 34
1010 1077 10 35
1010 1078 10 36
1011 1039 10 27
1011 1040 10 28
1011 1041 10 29
1011 1042 10 30
1011 1043 10 31
1011 1044 10 32
1011 1045 10 33
1011 1046 10 34
1011 1047 10 35
1011 1048 10 36
1011 1049 10 37
1011 1050 10 38
1011 1051 10 39
1011 1052 10 40
1011 1053 10 41
1011 1054 10 42
1011 1055 10 43
1011 1056 10 44
1011 1057 10 45
1011 1058 10 46
1011 1059 10 47
1011 1060 10 48
1011 1061 10 49
1011 1062 10 50
1011 1063 10 51
1011 1064 10 52
1011 1065 10 53
1011 1066 10 54
1011 1067 10 55
1011 1068 10 26
1011 1069 10 27
1011 1070 10 28
1011 1071 10 29
1011 1072 10 30
1011 1073 10 31
1011 1074 10 32
1011 1075 10 33
1011 1076 10 34
1011 1077 10 35
1011 1078 10 36
1012 1039 10 27
1012 1040 10 28
1012 1041 10 29
1012 1042 10 30
1012 1043 10 31
1012 1044 10 32
1012 1045 10 33
1012 1046 10 34
1012 1047 10 35
1012 1048 10 36
1012 1049 10 37
1012 1050 10 38
1012 1051 10 39
1012 1052 10 40
1012 1053 10 41
1012 1054 10 42
1012 1055 10 43
1012 1056 10 44
1012 1057 10 45
1012 1058 10 46
1012 1059 10 47
1012 1060 10 48
1012 1061 10 49
1012 1062 10 50
1012 1063 10 51
1012 1064 10 52
1012 1065 10 53
1012 1066 10 54
1012 1067 10 55
1012 1068 10 26
1012 1069 10 27
1012 1070 10 28
1012 1071 10 29
1012 1072 10 30
1012 1073 10 31
1012 1074 10 32
1012 1075 10 33
1012 1076 10 34
1012 1077 10 35
1012 1078 10 36
1013 1039 10 27
1013 1040 10 28
1013 1041 10 29
1013 1042 10 30
1013 1043 10 31
1013 1044 10 32
1013 1045 10 33
1013 1046 10 34
1013 1047 10 35
1013 1048 10 36
1013 1049 10 37
1013 1050 10 38
1013 1051 10 39
1013 1052 10 40
1013 1053 10 41
1013 1054 10 42
1013 1055 10 43
1013 1056 10 44
1013 1057 10 45
1013 1058 10 46
1013 1059 10 47
1013 1060 10 48
1013 1061 10 49
1013 1062 10 50
1013 1063 10 51
1013 1064 10 52
1013 1065 10 53
1013 1066 10 54
1013 1067 10 55
1013 1068 10 26
1013 1069 10 27
1013 1070 10 28
1013 1071 10 29
1013 1072 10 30
1013 1073 10 31
1013 1074 10 32
1013 1075 10 33
1013 1076 10 34
1013 1077 10 35
1013 1078 10 36
1014 1039 10 27
1014 1040 10 28
1014 1041 10 29
1014 1042 10 30
1014 1043 10 31
1014 1044 10 32
1014 1045 10 33
1014 1046 10 34
1014 1047 10 35
1014 1048 10 36
1014 1049 10 37
1014 1050 10 38
1014 1051 10 39
1014 1052 10 40
1014 1053 10 41
1014 1054 10 42
1014 1055 10 43
1014 1056 10 44
1014 1057 10 45
1014 1058 10 46
1014 1059 10 47
1014 1060 10 48
1014 1061 10 49
1014 1062 10 50
1014 1063 10 51
1014 1064 10 52
1014 1065 10 53
1014 1066 10 54
1014 1067 10 55
1014 1068 10 26
1014 1069 10 27
1014 1070 10 28
1014 1071 10 29
1014 1072 10 30
1014 1073 10 31
1014 1074 10 32
1014 1075 10 33
1014 1076 10 34
1014 1077 10 35
1014 1078 10 36
1015 1039 10 27
1015 1040 10 28
1015 1041 10 29
1015 1042 10 30
1015 1043 10 31
1015 1044 10 32
1015 1045 10 33
1015 1046 10 34
1015 1047 10 35
1015 1048 10 36
1015 1049 10 37
1015 1050 10 38
1015 1051 10 39
1015 1052 10 40
1015 1053 10 41
1015 1054 10 42
1015 1055 10 43
1015 1056 10 44
1015 1057 10 45
1015 1058 10 46
1015 1059 10 47
1015 1060 10 48
1015 1061 10 49
1015 1062 10 50
1015 1063 10 51
1015 1064 10 52
1015 1065 10 53
1015 1066 10 54
1015 1067 10 55
1015 1068 10 26
1015 1069 10 27
1015 1070 10 28
1015 1071 10 29
1015 1072 10 30
1015 1073 10 31
1015 1074 10 32
1015 1075 10 33
1015 1076 10 34
1015 1077 10 35
1015 1078 10 36
1016 1039 10 27
1016 1040 10 28
1016 1041 10 29
1016 1042 10 30
1016 1043 10 31
1016 1044 10 32
1016 1045 10 33
1016 1046 10 34
1016 1047 10 35
1016 1048 10 36
1016 1049 10 37
1016 1050 10 38
1016 1051 10 39
1016 1052 10 40
1016 1053 10 41
1016 1054 10 42
1016 1055 10 43
1016 1056 10 44
1016 1057 10 45
1016 1058 10 46
1016 1059 10 47
1016 1060 10 48
1016 1061 10 49
1016 1062 10 50
1016 1063 10 51
1016 1064 10 52
1016 1065 10 53
1016 1066 10 54
1016 1067 10 55
1016 1068 10 26
1016 1069 10 27
1016 1070 10 28
1016 1071 10 29
1016 1072 10 30
1016 1073 10 31
1016 1074 10 32
1016 1075 10 33
1016 1076 10 34
1016 1077 10 35
1016 1078 10 36
1017 1039 10 27
1017 1040 10 28
1017 1041 10 29
1017 1042 10 30
1017 1043 10 31
1017 1044 10 32
1017 1045 10 33
1017 1046 10 34
1017 1047 10 35
1017 1048 10 36
1017 1049 10 37
1017 1050 10 38
1017 1051 10 39
1017 1052 10 40
1017 1053 10 41
1017 1054 10 42
1017 1055 10 43
1017 1056 10 44
1017 1057 10 45
1017 1058 10 46
1017 1059 10 47
1017 1060 10 48
1017 1061 10 49
1017 1062 10 50
1017 1063 10 51
1017 1064 10 52
1017 1065 10 53
1017 1066 10 54
1017 1067 10 55
1017 1068 10 26
1017 1069 10 27
1017 1070 10 28
1017 1071 10 29
1017 1072 10 30
1017 1073 10 31
1017 1074 10 32
1017 1075 10 33
1017 1076 10 34
1017 1077 10 35
1017 1078 10 36
1018 1039 10 27
1018 1040 10 28
1018 1041 10 29
1018 1042 10 30
1018 1043 10 31
1018 1044 10 32
1018 1045 10 33
1018 1046 10 34
1018 1047 10 35
1018 1048 10 36
1018 1049 10 37
1018 1050 10 38
1018 1051 10 39
1018 1052 10 40
1018 1053 10 41
1018 1054 10 42
1018 1055 10 43
1018 1056 10 44
1018 1057 10 45
1018 1058 10 46
1018 1059 10 47
1018 1060 10 48
1018 1061 10 49
1018 1062 10 50
1018 1063 10 51
1018 1064 10 52
1018 1065 10 53
1018 1066 10 54
1018 1067 10 55
1018 1068 10 26
1018 1069 10 27
1018 1070 10 28
1018 1071 10 29
1018 1072 10 30
1018 1073 10 31
1018 1074 10 32
1018 1075 10 33
1018 1076 10 34
1018 1077 10 35
1018 1078 10 36
1019 1039 10 27
1019 1040 10 28
1019 1041 10 29
1019 1042 10 30
1019 1043 10 31
1019 1044 10 32
1019 1045 10 33
1019 1046 10 34
1019 1047 10 35
1019 1048 10 36
1019 1049 10 37
1019 1050 10 38
1019 1051 10 39
1019 1052 10 40
1019 1053 10 41
1019 1054 10 42
1019 1055 10 43
1019 1056 10 44
1019 1057 10 45
1019 1058 10 46
1019 1059 10 47
1019 1060 10 48
1019 1061 10 49
1019 1062 10 50
1019 1063 10 51
1019 1064 10 52
1019 1065 10 53
1019 1066 10 54
1019 1067 10 55
1019 1068 10 26
1019 1069 10 27
1019 1070 10 28
1019 1071 10 29
1019 1072 10 30
1019 1073 10 31
1019 1074 10 32
1019 1075 10 33
1019 1076 10 34
1019 1077 10 35
1019 1078 10 36
1020 1039 10 27
1020 1040 10 28
1020 1041 10 29
1020 1042 10 30
1020 1043 10 31
1020 1044 10 32
1020 1045 10 33
1020 1046 10 34
1020 1047 10 35
1020 1048 10 36
1020 1049 10 37
1020 1050 10 38
1020 1051 10 39
1020 1052 10 40
1020 1053 10 41
1020 1054 10 42
1020 1055 10 43
1020 1056 10 44
1020 1057 10 45
1020 1058 10 46
1020 1059 10 47
1020 1060 10 48
1020 1061 10 49
1020 1062 10 50
1020 1063 10 51
1020 1064 10 52
1020 1065 10 53
1020 1066 10 54
1020 1067 10 55
1020 1068 10 26
1020 1069 10 27
1020 1070 10 28
1020 1071 10 29
1020 1072 10 30
1020 1073 10 31
1020 1074 10 32
1020 1075 10 33
1020 1076 10 34
1020 1077 10 35
1020 1078 10 36
1021 1039 10 27
1021 1040 10 28
1021 1041 10 29
1021 1042 10 30
1021 1043 10 31
1021 1044 10 32
1021 1045 10 33
1021 1046 10 34
1021 1047 10 35
1021 1048 10 36
1021 1049 10 37
1021 1050 10 38
1021 1051 10 39
1021 1052 10 40
1021 1053 10 41
1021 1054 10 42
1021 1055 10 43
1021 1056 10 44
1021 1057 10 45
1021 1058 10 46
1021 1059 10 47
1021 1060 10 48
1021 1061 10 49
1021 1062 10 50
1021 1063 10 51
1021 1064 10 52
1021 1065 10 53
1021 1066 10 54
1021 1067 10 55
1021 1068 10 26
1021 1069 10 27
1021 1070 10 28
1021 1071 10 29
1021 1072 10 30
1021 1073 10 31
1021 1074 10 32
1021 1075 10 33
1021 1076 10 34
1021 1077 10 35
1021 1078 10 36
1022 1039 10 27
1022 1040 10 28
1022 1041 10 29
1022 1042 10 30
1022 1043 10 31
1022 1044 10 32
1022 1045 10 33
1022 1046 10 34
1022 1047 10 35
1022 1048 10 36
1022 1049 10 37
1022 1050 10 38
1022 1051 10 39
1022 1052 10 40
1022 1053 10 41
1022 1054 10 42
1022 1055 10 43
1022 1056 10 44
1022 1057 10 45
1022 1058 10 46
1022 1059 10 47
1022 1060 10 48
1022 1061 10 49
1022 1062 10 50
1022 1063 10 51
1022 1064 10 52
1022 1065 10 53
1022 1066 10 54
1022 1067 10 55
1022 1068 10 26
1022 1069 10 27
1022 1070 10 28
1022 1071 10 29
1022 1072 10 30
1022 1073 10 31
1022 1074 10 32
1022 1075 10 33
1022 1076 10 34
1022 1077 10 35
1022 1078 10 36
1023 1039 10 27
1023 1040 10 28
1023 1041 10 29
1023 1042 10 30
1023 1043 10 31
1023 1044 10 32
1023 1045 10 33
1023 1046 10 34
1023 1047 10 35
1023 1048 10 36
1023 1049 10 37
1023 1050 10 38
1023 1051 10 39
1023 1052 10 40
1023 1053 10 41
1023 1054 10 42
1023 1055 10 43
1023 1056 10 44
1023 1057 10 45
1023 1058 10 46
1023 1059 10 47
1023 1060 10 48
1023 1061 10 49
1023 1062 10 50
1023 1063 10 51
1023 1064 10 52
1023 1065 10 53
1023 1066 10 54
1023 1067 10 55
1023 1068 10 26
1023 1069 10 27
1023 1070 10 28
1023 1071 10 29
1023 1072 10 30
1023 1073 10 31
1023 1074 10 32
1023 1075 10 33
1023 1076 10 34
1023 1077 10 35
1023 1078 10 36
1024 1039 10 27
1024 1040 10 28
1024 1041 10 29
1024 1042 10 30
1024 1043 10 31
1024 1044 10 32
1024 1045 10 33
1024 1046 10 34
1024 1047 10 35
1024 1048 10 36
1024 1049 10 37
1024 1050 10 38
1024 1051 10 39
1024 1052 10 40
1024 1053 10 41
1024 1054 10 42
1024 1055 10 43
1024 1056 10 44
1024 1057 10 45
1024 1058 10 46
1024 1059 10 47
1024 1060 10 48
1024 1061 10 49
1024 1062 10 50
1024 1063 10 51
1024 1064 10 52
1024 1065 10 53
1024 1066 10 54
1024 1067 10 55
1024 1068 10 26
1024 1069 10 27
1024 1070 10 28
1024 1071 10 29
1024 1072 10 30
1024 1073 10 31
1024 1074 10 32
1024 1075 10 33
1024 1076 10 34
1024 1077 10 35
1024 1078 10 36
1025 1039 10 27
1025 1040 10 28
1025 1041 10 29
1025 1042 10 30
1025 1043 10 31
1025 1044 10 32
1025 1045 10 33
1025 1046 10 34
1025 1047 10 35
1025 1048 10 36
1025 1049 10 37
1025 1050 10 38
1025 1051 10 39
1025 1052 10 40
1025 1053 10 41
1025 1054 10 42
1025 1055 10 43
1025 1056 10 44
1025 1057 10 45
1025 1058 10 46
1025 1059 10 47
1025 1060 10 48
1025 1061 10 49
1025 1062 10 50
1025 1063 10 51
1025 1064 10 52
1025 1065 10 53
1025 1066 10 54
1025 1067 10 55
1025 1068 10 26
1025 1069 10 27
1025 1070 10 28
1025 1071 10 29
1025 1072 10 30
1025 1073 10 31
1025 1074 10 32
1025 1075 10 33
1025 1076 10 34
1025 1077 10 35
1025 1078 10 36
1026 1039 10 27
1026 1040 10 28
1026 1041 10 29
1026 1042 10 30
1026 1043 10 31
1026 1044 10 32
1026 1045 10 33
1026 1046 10 34
1026 1047 10 35
1026 1048 10 36
1026 1049 10 37
1026 1050 10 38
1026 1051 10 39
1026 1052 10 40
1026 1053 10 41
1026 1054 10 42
1026 1055 10 43
1026 1056 10 44
1026 1057 10 45
1026 1058 10 46
1026 1059 10 47
1026 1060 10 48
1026 1061 10 49
1026 1062 10 50
1026 1063 10 51
1026 1064 10 52
1026 1065 10 53
1026 1066 10 54
1026 1067 10 55
1026 1068 10 26
1026 1069 10 27
1026 1070 10 28
1026 1071 10 29
1026 1072 10 30
1026 1073 10 31
1026 1074 10 32
1026 1075 10 33
1026 1076 10 34
1026 1077 10 35
1026 1078 10 36
1027 1039 10 27
1027 1040 10 28
1027 1041 10 29
1027 1042 10 30
1027 1043 10 31
1027 1044 10 32
1027 1045 10 33
1027 1046 10 34
1027 1047 10 35
1027 1048 10 36
1027 1049 10 37
1027 1050 10 38
1027 1051 10 39
1027 1052 10 40
1027 1053 10 41
1027 1054 10 42
1027 1055 10 43
1027 1056 10 44
1027 1057 10 45
1027 1058 10 46
1027 1059 10 47
1027 1060 10 48
1027 1061 10 49
1027 1062 10 50
1027 1063 10 51
1027 1064 10 52
1027 1065 10 53
1027 1066 10 54
1027 1067 10 55
1027 1068 10 26
1027 1069 10 27
1027 1070 10 28
1027 1071 10 29
1027 1072 10 30
1027 1073 10 31
1027 1074 10 32
1027 1075 10 33
1027 1076 10 34
1027 1077 10 35
1027 1078 10 36
1028 1039 10 27
1028 1040 10 28
1028 1041 10 29
1028 1042 10 30
1028 1043 10 31
1028 1044 10 32
1028 1045 10 33
1028 1046 10 34
1028 1047 10 35
1028 1048 10 36
1028 1049 10 37
1028 1050 10 38
1028 1051 10 39
1028 1052 10 40
1028 1053 10 41
1028 1054 10 42
1028 1055 10 43
1028 1056 10 44
1028 1057 10 45
1028 1058 10 46
1028 1059 10 47
1028 1060 10 48
1028 1061 10 49
1028 1062 10 50
1028 1063 10 51
1028 1064 10 52
1028 1065 10 53
1028 1066 10 54
1028 1067 10 55
1028 1068 10 26
1028 1069 10 27
1028 1070 10 28
1028 1071 10 29
1028 1072 10 30
1028 1073 10 31
1028 1074 10 32
1028 1075 10 33
1028 1076 10 34
1028 1077 10 35
1028 1078 10 36
1029 1039 10 27
1029 1040 10 28
1029 1041 10 29
1029 1042 10 30
1029 1043 10 31
1029 1044 10 32
1029 1045 10 33
1029 1046 10 34
1029 1047 10 35
1029 1048 10 36
1029 1049 10 37
1029 1050 10 38
1029 1051 10 39
1029 1052 10 40
1029 1053 10 41
1029 1054 10 42
1029 1055 10 43
1029 1056 10 44
1029 1057 10 45
1029 1058 10 46
1029 1059 10 47
1029 1060 10 48
1029 1061 10 49
1029 1062 10 50
1029 1063 10 51
1029 1064 10 52
1029 1065 10 53
1029 1066 10 54
1029 1067 10 55
1029 1068 10 26
1029 1069 10 27
1029 1070 10 28
1029 1071 10 29
1029 1072 10 30
1029 1073 10 31
1029 1074 10 32
1029 1075 10 33
1029 1076 10 34
1029 1077 10 35
1029 1078 10 36
1030 1039 10 27
1030 1040 10 28
1030 1041 10 29
1030 1042 10 30
1030 1043 10 31
1030 1044 10 32
1030 1045 10 33
1030 1046 10 34
1030 1047 10 35
1030 1048 10 36
1030 1049 10 37
1030 1050 10 38
1030 1051 10 39
1030 1052 10 40
1030 1053 10 41
1030 1054 10 42
1030 1055 10 43
1030 1056 10 44
1030 1057 10 45
1030 1058 10 46
1030 1059 10 47
1030 1060 10 48
1030 1061 10 49
1030 1062 10 50
1030 1063 10 51
1030 1064 10 52
1030 1065 10 53
1030 1066 10 54
1030 1067 10 55
1030 1068 10 26
1030 1069 10 27
1030 1070 10 28
1030 1071 10 29
1030 1072 10 30
1030 1073 10 31
1030 1074 10 32
1030 1075 10 33
1030 1076 10 34
1030 1077 10 35
1030 1078 10 36
1031 1039 10 27
1031 1040 10 28
1031 1041 10 29
1031 1042 10 30
1031 1043 10 31
1031 1044 10 32
1031 1045 10 33
1031 1046 10 34
1031 1047 10 35
1031 1048 10 36
1031 1049 10 37
1031 1050 10 38
1031 1051 10 39
1031 1052 10 40
1031 1053 10 41
1031 1054 10 42
1031 1055 10 43
1031 1056 10 44
1031 1057 10 45
1031 1058 10 46
1031 1059 10 47
1031 1060 10 48
1031 1061 10 49
1031 1062 10 50
1031 1063 10 51
1031 1064 10 52
1031 1065 10 53
1031 1066 10 54
1031 1067 10 55
1031 1068 10 26
1031 1069 10 27
1031 1070 10 28
1031 1071 10 29
1031 1072 10 30
1031 1073 10 31
1031 1074 10 32
1031 1075 10 33
1031 1076 10 34
1031 1077 10 35
1031 1078 10 36
1032 1039 10 27
1032 1040 10 28
1032 1041 10 29
1032 1042 10 30
1032 1043 10 31
1032 1044 10 32
1032 1045 10 33
1032 1046 10 34
1032 1047 10 35
1032 1048 10 36
1032 1049 10 37
1032 1050 10 38
1032 1051 10 39
1032 1052 10 40
1032 1053 10 41
1032 1054 10 42
1032 1055 10 43
1032 1056 10 44
1032 1057 10 45
1032 1058 10 46
1032 1059 10 47
1032 1060 10 48
1032 1061 10 49
1032 1062 10 50
1032 1063 10 51
1032 1064 10 52
1032 1065 10 53
1032 1066 10 54
1032 1067 10 55
1032 1068 10 26
1032 1069 10 27
1032 1070 10 28
1032 1071 10 29
1032 1072 10 30
1032 1073 10 31
1032 1074 10 32
1032 1075 10 33
1032 1076 10 34
1032 1077 10 35
1032 1078 10 36
1033 1039 10 27
1033 1040 10 28
1033 1041 10 29
1033 1042 10 30
1033 1043 10 31
1033 1044 10 32
1033 1045 10 33
1033 1046 10 34
1033 1047 10 35
1033 1048 10 36
1033 1049 10 37
1033 1050 10 38
1033 1051 10 39
1033 1052 10 40
1033 1053 10 41
1033 1054 10 42
1033 1055 10 43
1033 1056 10 44
1033 1057 10 45
1033 1058 10 46
1033 1059 10 47
1033 1060 10 48
1033 1061 10 49
1033 1062 10 50
1033 1063 10 51
1033 1064 10 52
1033 1065 10 53
1033 1066 10 54
1033 1067 10 55
1033 1068 10 26
1033 1069 10 27
1033 1070 10 28
1033 1071 10 29
1033 1072 10 30
1033 1073 10 31
1033 1074 10 32
1033 1075 10 33
1033 1076 10 34
1033 1077 10 35
1033 1078 10 36
1034 1039 10 27
1034 1040 10 28
1034 1041 10 29
1034 1042 10 30
1034 1043 10 31
1034 1044 10 32
1034 1045 10 33
1034 1046 10 34
1034 1047 10 35
1034 1048 10 36
1034 1049 10 37
1034 1050 10 38
1034 1051 10 39
1034 1052 10 40
1034 1053 10 41
1034 1054 10 42
1034 1055 10 43
1034 1056 10 44
1034 1057 10 45
1034 1058 10 46
1034 1059 10 47
1034 1060 10 48
1034 1061 10 49
1034 1062 10 50
1034 1063 10 51
1034 1064 10 52
1034 1065 10 53
1034 1066 10 54
1034 1067 10 55
1034 1068 10 26
1034 1069 10 27
1034 1070 10 28
1034 1071 10 29
1034 1072 10 30
1034 1073 10 31
1034 1074 10 32
1034 1075 10 33
1034 1076 10 34
1034 1077 10 35
1034 1078 10 36
1035 1039 10 27
1035 1040 10 28
1035 1041 10 29
1035 1042 10 30
1035 1043 10 31
1035 1044 10 32
1035 1045 10 33
1035 1046 10 34
1035 1047 10 35
1035 1048 10 36
1035 1049 10 37
1035 1050 10 38
1035 1051 10 39
1035 1052 10 40
1035 1053 10 41
1035 1054 10 42
1035 1055 10 43
1035 1056 10 44
1035 1057 10 45
1035 1058 10 46
1035 1059 10 47
1035 1060 10 48
1035 1061 10 49
1035 1062 10 50
1035 1063 10 51
1035 1064 10 52
1035 1065 10 53
1035 1066 10 54
1035 1067 10 55
1035 1068 10 26
1035 1069 10 27
1035 1070 10 28
1035 1071 10 29
1035 1072 10 30
1035 1073 10 31
1035 1074 10 32
1035 1075 10 33
1035 1076 10 34
1035 1077 10 35
1035 1078 10 36
1036 1039 10 27
1036 1040 10 28
1036 1041 10 29
1036 1042 10 30
1036 1043 10 31
1036 1044 10 32
1036 1045 10 33
1036 1046 10 34
1036 1047 10 35
1036 1048 10 36
1036 1049 10 37
1036 1050 10 38
1036 1051 10 39
1036 1052 10 40
1036 1053 10 41
1036 1054 10 42
1036 1055 10 43
1036 1056 10 44
1036 1057 10 45
1036 1058 10 46
1036 1059 10 47
1036 1060 10 48
1036 1061 10 49
1036 1062 10 50
1036 1063 10 51
1036 1064 10 52
1036 1065 10 53
1036 1066 10 54
1036 1067 10 55
1036 1068 10 26
1036 1069 10 27
1036 1070 10 28
1036 1071 10 29
1036 1072 10 30
1036 1073 10 31
1036 1074 10 32
1036 1075 10 33
1036 1076 10 34
1036 1077 10 35
1036 1078 10 36
1037 1039 10 27
1037 1040 10 28
1037 1041 10 29
1037 1042 10 30
1037 1043 10 31
1037 1044 10 32
1037 1045 10 33
1037 1046 10 34
1037 1047 10 35
1037 1048 10 36
1037 1049 10 37
1037 1050 10 38
1037 1051 10 39
1037 1052 10 40
1037 1053 10 41
1037 1054 10 42
1037 1055 10 43
1037 1056 10 44
1037 1057 10 45
1037 1058 10 46
1037 1059 10 47
1037 1060 10 48
1037 1061 10 49
1037 1062 10 50
1037 1063 10 51
1037 1064 10 52
1037 1065 10 53
1037 1066 10 54
1037 1067 10 55
1037 1068 10 26
1037 1069 10 27
1037 1070 10 28
1037 1071 10 29
1037 1072 10 30
1037 1073 10 31
1037 1074 10 32
1037 1075 10 33
1037 1076 10 34
1037 1077 10 35
1037 1078 10 36
1038 1039 10 27
1038 1040 10 28
1038 1041 10 29
1038 1042 10 30
1038 1043 10 31
1038 1044 10 32
1038 1045 10 33
1038 1046 10 34
1038 1047 10 35
1038 1048 10 36
1038 1049 10 37
1038 1050 10 38
1038 1051 10 39
1038 1052 10 40
1038 1053 10 41
1038 1054 10 42
1038 1055 10 43
1038 1056 10 44
1038 1057 10 45
1038 1058 10 46
1038 1059 10 47
1038 1060 10 48
1038 1061 10 49
1038 1062 10 50
1038 1063 10 51
1038 1064 10 52
1038 1065 10 53
1038 1066 10 54
1038 1067 10 55
1038 1068 10 26
1038 1069 10 27
1038 1070 10 28
1038 1071 10 29
1038 1072 10 30
1038 1073 10 31
1038 1074 10 32
1038 1075 10 33
1038 1076 10 34
1038 1077 10 35
1038 1078 10 36
1039 1079 10 28
1039 1080 10 29
1039 1081 10 30
1039 1082 10 31
1039 1083 10 32
1039 1084 10 33
1039 1085 10 34
1039 1086 10 35
1039 1087 10 36
1039 1088 10 37
1039 1089 10 38
1039 1090 10 39
1039 1091 10 40
1039 1092 10 41
1039 1093 10 42
1039 1094 10 43
1039 1095 10 44
1039 1096 10 45
1039 1097 10 46
1039 1098 10 47
1039 1099 10 48
1039 1100 10 49
1039 1101 10 50
1039 1102 10 51
1039 1103 10 52
1039 1104 10 53
1039 1105 10 54
1039 1106 10 55
1039 1107 10 56
1039 1108 10 27
1039 1109 10 28
1039 1110 10 29
1039 1111 10 30
1039 1112 10 31
1039 1113 10 32
1039 1114 10 33
1039 1115 10 34
1039 1116 10 35
1039 1117 10 36
1039 1118 10 37
1040 1079 10 28
1040 1080 10 29
1040 1081 10 30
1040 1082 10 31
1040 1083 10 32
1040 1084 10 33
1040 1085 10 34
1040 1086 10 35
1040 1087 10 36
1040 1088 10 37
1040 1089 10 38
1040 1090 10 39
1040 1091 10 40
1040 1092 10 41
1040 1093 10 42
1040 1094 10 43
1040 1095 10 44
1040 1096 10 45
1040 1097 10 46
1040 1098 10 47
1040 1099 10 48
1040 1100 10 49
1040 1101 10 50
1040 1102 10 51
1040 1103 10 52
1040 1104 10 53
1040 1105 10 54
1040 1106 10 55
1040 1107 10 56
1040 1108 10 27
1040 1109 10 28
1040 1110 10 29
1040 1111 10 30
1040 1112 10 31
1040 1113 10 32
1040 1114 10 33
1040 1115 10 34
1040 1116 10 35
1040 1117 10 36
1040 1118 10 37
1041 1079 10 28
1041 1080 10 29
1041 1081 10 30
1041 1082 10 31
1041 1083 10 32
1041 1084 10 33
1041 1085 10 34
1041 1086 10 35
1041 1087 10 36
1041 1088 10 37
1041 1089 10 38
1041 1090 10 39
1041 1091 10 40
1041 1092 10 41
1041 1093 10 42
1041 1094 10 43
1041 1095 10 44
1041 1096 10 45
1041 1097 10 46
1041 1098 10 47
1041 1099 10 48
1041 1100 10 49
1041 1101 10 50
1041 1102 10 51
1041 1103 10 52
1041 1104 10 53
1041 1105 10 54
1041 1106 10 55
1041 1107 10 56
1041 1108 10 27
1041 1109 10 28
1041 1110 10 29
1041 1111 10 30
1041 1112 10 31
1041 1113 10 32
1041 1114 10 33
1041 1115 10 34
1041 1116 10 35
1041 1117 10 36
1041 1118 10 37
1042 1079 10 28
1042 1080 10 29
1042 1081 10 30
1042 1082 10 31
1042 1083 10 32
1042 1084 10 33
1042 1085 10 34
1042 1086 10 35
1042 1087 10 36
1042 1088 10 37
1042 1089 10 38
1042 1090 10 39
1042 1091 10 40
1042 1092 10 41
1042 1093 10 42
1042 1094 10 43
1042 1095 10 44
1042 1096 10 45
1042 1097 10 46
1042 1098 10 47
1042 1099 10 48
1042 1100 10 49
1042 1101 10 50
1042 1102 10 51
1042 1103 10 52
1042 1104 10 53
1042 1105 10 54
1042 1106 10 55
1042 1107 10 56
1042 1108 10 27
1042 1109 10 28
1042 1110 10 29
1042 1111 10 30
1042 1112 10 31
1042 1113 10 32
1042 1114 10 33
1042 1115 10 34
1042 1116 10 35
1042 1117 10 36
1042 1118 10 37
1043 1079 10 28
1043 1080 10 29
1043 1081 10 30
1043 1082 10 31
1043 1083 10 32
1043 1084 10 33
1043 1085 10 34
1043 1086 10 35
1043 1087 10 36
1043 1088 10 37
1043 1089 10 38
1043 1090 10 39
1043 1091 10 40
1043 1092 10 41
1043 1093 10 42
1043 1094 10 43
1043 1095 10 44
1043 1096 10 45
1043 1097 10 46
1043 1098 10 47
1043 1099 10 48
1043 1100 10 49
1043 1101 10 50
1043 1102 10 51
1043 1103 10 52
1043 1104 10 53
1043 1105 10 54
1043 1106 10 55
1043 1107 10 56
1043 1108 10 27
1043 1109 10 28
1043 1110 10 29
1043 1111 10 30
1043 1112 10 31
1043 1113 10 32
1043 1114 10 33
1043 1115 10 34
1043 1116 10 35
1043 1117 10 36
1043 1118 10 37
1044 1079 10 28
1044 1080 10 29
1044 1081 10 30
1044 1082 10 31
1044 1083 10 32
1044 1084 10 33
1044 1085 10 34
1044 1086 10 35
1044 1087 10 36
1044 1088 10 37
1044 1089 10 38
1044 1090 10 39
1044 1091 10 40
1044 1092 10 41
1044 1093 10 42
1044 1094 10 43
1044 1095 10 44
1044 1096 10 45
1044 1097 10 46
1044 1098 10 47
1044 1099 10 48
1044 1100 10 49
1044 1101 10 50
1044 1102 10 51
1044 1103 10 52
1044 1104 10 53
1044 1105 10 54
1044 1106 10 55
1044 1107 10 56
1044 1108 10 27
1044 1109 10 28
1044 1110 10 29
1044 1111 10 30
1044 1112 10 31
1044 1113 10 32
1044 1114 10 33
1044 1115 10 34
1044 1116 10 35
1044 1117 10 36
1044 1118 10 37
1045 1079 10 28
1045 1080 10 29
1045 1081 10 30
1045 1082 10 31
1045 1083 10 32
1045 1084 10 33
1045 1085 10 34
1045 1086 10 35
1045 1087 10 36
1045 1088 10 37
1045 1089 10 38
1045 1090 10 39
1045 1091 10 40
1045 1092 10 41
1045 1093 10 42
1045 1094 10 43
1045 1095 10 44
1045 1096 10 45
1045 1097 10 46
1045 1098 10 47
1045 1099 10 48
1045 1100 10 49
1045 1101 10 50
1045 1102 10 51
1045 1103 10 52
1045 1104 10 53
1045 1105 10 54
1045 1106 10 55
1045 1107 10 56
1045 1108 10 27
1045 1109 10 28
1045 1110 10 29
1045 1111 10 30
1045 1112 10 31
1045 1113 10 32
1045 1114 10 33
1045 1115 10 34
1045 1116 10 35
1045 1117 10 36
1045 1118 10 37
1046 1079 10 28
1046 1080 10 29
1046 1081 10 30
1046 1082 10 31
1046 1083 10 32
1046 1084 10 33
1046 1085 10 34
1046 1086 10 35
1046 1087 10 36
1046 1088 10 37
1046 1089 10 38
1046 1090 10 39
1046 1091 10 40
1046 1092 10 41
1046 1093 10 42
1046 1094 10 43
1046 1095 10 44
1046 1096 10 45
1046 1097 10 46
1046 1098 10 47
1046 1099 10 48
1046 1100 10 49
1046 1101 10 50
1046 1102 10 51
1046 1103 10 52
1046 1104 10 53
1046 1105 10 54
1046 1106 10 55
1046 1107 10 56
1046 1108 10 27
1046 1109 10 28
1046 1110 10 29
1046 1111 10 30
1046 1112 10 31
1046 1113 10 32
1046 1114 10 33
1046 1115 10 34
1046 1116 10 35
1046 1117 10 36
1046 1118 10 37
1047 1079 10 28
1047 1080 10 29
1047 1081 10 30
1047 1082 10 31
1047 1083 10 32
1047 1084 10 33
1047 1085 10 34
1047 1086 10 35
1047 1087 10 36
1047 1088 10 37
1047 1089 10 38
1047 1090 10 39
1047 1091 10 40
1047 1092 10 41
1047 1093 10 42
1047 1094 10 43
1047 1095 10 44
1047 1096 10 45
1047 1097 10 46
1047 1098 10 47
1047 1099 10 48
1047 1100 10 49
1047 1101 10 50
1047 1102 10 51
1047 1103 10 52
1047 1104 10 53
1047 1105 10 54
1047 1106 10 55
1047 1107 10 56
1047 1108 10 27
1047 1109 10 28
1047 1110 10 29
1047 1111 10 30
1047 1112 10 31
1047 1113 10 32
1047 1114 10 33
1047 1115 10 34
1047 1116 10 35
1047 1117 10 36
1047 1118 10 37
1048 1079 10 28
1048 1080 10 29
1048 1081 10 30
1048 1082 10 31
1048 1083 10 32
1048 1084 10 33
1048 1085 10 34
1048 1086 10 35
1048 1087 10 36
1048 1088 10 37
1048 1089 10 38
1048 1090 10 39
1048 1091 10 40
1048 1092 10 41
1048 1093 10 42
1048 1094 10 43
1048 1095 10 44
1048 1096 10 45
1048 1097 10 46
1048 1098 10 47
1048 1099 10 48
1048 1100 10 49
1048 1101 10 50
1048 1102 10 51
1048 1103 10 52
1048 1104 10 53
1048 1105 10 54
1048 1106 10 55
1048 1107 10 56
1048 1108 10 27
1048 1109 10 28
1048 1110 10 29
1048 1111 10 30
1048 1112 10 31
1048 1113 10 32
1048 1114 10 33
1048 1115 10 34
1048 1116 10 35
1048 1117 10 36
1048 1118 10 37
1049 1079 10 28
1049 1080 10 29
1049 1081 10 30
1049 1082 10 31
1049 1083 10 32
1049 1084 10 33
1049 1085 10 34
1049 1086 10 35
1049 1087 10 36
1049 1088 10 37
1049 1089 10 38
1049 1090 10 39
1049 1091 10 40
1049 1092 10 41
1049 1093 10 42
1049 1094 10 43
1049 1095 10 44
1049 1096 10 45
1049 1097 10 46
1049 1098 10 47
1049 1099 10 48
1049 1100 10 49
1049 1101 10 50
1049 1102 10 51
1049 1103 10 52
1049 1104 10 53
1049 1105 10 54
1049 1106 10 55
1049 1107 10 56
1049 1108 10 27
1049 1109 10 28
1049 1110 10 29
1049 1111 10 30
1049 1112 10 31
1049 1113 10 32
1049 1114 10 33
1049 1115 10 34
1049 1116 10 35
1049 1117 10 36
1049 1118 10 37
1050 1079 10 28
1050 1080 10 29
1050 1081 10 30
1050 1082 10 31
1050 1083 10 32
1050 1084 10 33
1050 1085 10 34
1050 1086 10 35
1050 1087 10 36
1050 1088 10 37
1050 1089 10 38
1050 1090 10 39
1050 1091 10 40
1050 1092 10 41
1050 1093 10 42
1050 1094 10 43
1050 1095 10 44
1050 1096 10 45
1050 1097 10 46
1050 1098 10 47
1050 1099 10 48
1050 1100 10 49
1050 1101 10 50
1050 1102 10 51
1050 1103 10 52
1050 1104 10 53
1050 1105 10 54
1050 1106 10 55
1050 1107 10 56
1050 1108 10 27
1050 1109 10 28
1050 1110 10 29
1050 1111 10 30
1050 1112 10 31
1050 1113 10 32
1050 1114 10 33
1050 1115 10 34
1050 1116 10 35
1050 1117 10 36
1050 1118 10 37
1051 1079 10 28
1051 1080 10 29
1051 1081 10 30
1051 1082 10 31
1051 1083 10 32
1051 1084 10 33
1051 1085 10 34
1051 1086 10 35
1051 1087 10 36
1051 1088 10 37
1051 1089 10 38
1051 1090 10 39
1051 1091 10 40
1051 1092 10 41
1051 1093 10 42
1051 1094 10 43
1051 1095 10 44
1051 1096 10 45
1051 1097 10 46
1051 1098 10 47
1051 1099 10 48
1051 1100 10 49
1051 1101 10 50
1051 1102 10 51
1051 1103 10 52
1051 1104 10 53
1051 1105 10 54
1051 1106 10 55
1051 1107 10 56
1051 1108 10 27
1051 1109 10 28
1051 1110 10 29
1051 1111 10 30
1051 1112 10 31
1051 1113 10 32
1051 1114 10 33
1051 1115 10 34
1051 1116 10 35
1051 1117 10 36
1051 1118 10 37
1052 1079 10 28
1052 1080 10 29
1052 1081 10 30
1052 1082 10 31
1052 1083 10 32
1052 1084 10 33
1052 1085 10 34
1052 1086 10 35
1052 1087 10 36
1052 1088 10 37
1052 1089 10 38
1052 1090 10 39
1052 1091 10 40
1052 1092 10 41
1052 1093 10 42
1052 1094 10 43
1052 1095 10 44
1052 1096 10 45
1052 1097 10 46
1052 1098 10 47
1052 1099 10 48
1052 1100 10 49
1052 1101 10 50
1052 1102 10 51
1052 1103 10 52
1052 1104 10 53
1052 1105 10 54
1052 1106 10 55
1052 1107 10 56
1052 1108 10 27
1052 1109 10 28
1052 1110 10 29
1052 1111 10 30
1052 1112 10 31
1052 1113 10 32
1052 1114 10 33
1052 1115 10 34
1052 1116 10 35
1052 1117 10 36
1052 1118 10 37
1053 1079 10 28
1053 1080 10 29
1053 1081 10 30
1053 1082 10 31
1053 1083 10 32
1053 1084 10 33
1053 1085 10 34
1053 1086 10 35
1053 1087 10 36
1053 1088 10 37
1053 1089 10 38
1053 1090 10 39
1053 1091 10 40
1053 1092 10 41
1053 1093 10 42
1053 1094 10 43
1053 1095 10 44
1053 1096 10 45
1053 1097 10 46
1053 1098 10 47
1053 1099 10 48
1053 1100 10 49
1053 1101 10 50
1053 1102 10 51
1053 1103 10 52
1053 1104 10 53
1053 1105 10 54
1053 1106 10 55
1053 1107 10 56
1053 1108 10 27
1053 1109 10 28
1053 1110 10 29
1053 1111 10 30
1053 1112 10 31
1053 1113 10 32
1053 1114 10 33
1053 1115 10 34
1053 1116 10 35
1053 1117 10 36
1053 1118 10 37
1054 1079 10 28
1054 1080 10 29
1054 1081 10 30
1054 1082 10 31
1054 1083 10 32
1054 1084 10 33
1054 1085 10 34
1054 1086 10 35
1054 1087 10 36
1054 1088 10 37
1054 1089 10 38
1054 1090 10 39
1054 1091 10 40
1054 1092 10 41
1054 1093 10 42
1054 1094 10 43
1054 1095 10 44
1054 1096 10 45
1054 1097 10 46
1054 1098 10 47
1054 1099 10 48
1054 1100 10 49
1054 1101 10 50
1054 1102 10 51
1054 1103 10 52
1054 1104 10 53
1054 1105 10 54
1054 1106 10 55
1054 1107 10 56
1054 1108 10 27
1054 1109 10 28
1054 1110 10 29
1054 1111 10 30
1054 1112 10 31
1054 1113 10 32
1054 1114 10 33
1054 1115 10 34
1054 1116 10 35
1054 1117 10 36
1054 1118 10 37
1055 1079 10 28
1055 1080 10 29
1055 1081 10 30
1055 1082 10 31
1055 1083 10 32
1055 1084 10 33
1055 1085 10 34
1055 1086 10 35
1055 1087 10 36
1055 1088 10 37
1055 1089 10 38
1055 1090 10 39
1055 1091 10 40
1055 1092 10 41
1055 1093 10 42
1055 1094 10 43
1055 1095 10 44
1055 1096 10 45
1055 1097 10 46
1055 1098 10 47
1055 1099 10 48
1055 1100 10 49
1055 1101 10 50
1055 1102 10 51
1055 1103 10 52
1055 1104 10 53
1055 1105 10 54
1055 1106 10 55
1055 1107 10 56
1055 1108 10 27
1055 1109 10 28
1055 1110 10 29
1055 1111 10 30
1055 1112 10 31
1055 1113 10 32
1055 1114 10 33
1055 1115 10 34
1055 1116 10 35
1055 1117 10 36
1055 1118 10 37
1056 1079 10 28
1056 1080 10 29
1056 1081 10 30
1056 1082 10 31
1056 1083 10 32
1056 1084 10 33
1056 1085 10 34
1056 1086 10 35
1056 1087 10 36
1056 1088 10 37
1056 1089 10 38
1056 1090 10 39
1056 1091 10 40
1056 1092 10 41
1056 1093 10 42
1056 1094 10 43
1056 1095 10 44
1056 1096 10 45
1056 1097 10 46
1056 1098 10 47
1056 1099 10 48
1056 1100 10 49
1056 1101 10 50
1056 1102 10 51
1056 1103 10 52
1056 1104 10 53
1056 1105 10 54
1056 1106 10 55
1056 1107 10 56
1056 1108 10 27
1056 1109 10 28
1056 1110 10 29
1056 1111 10 30
1056 1112 10 31
1056 1113 10 32
1056 1114 10 33
1056 1115 10 34
1056 1116 10 35
1056 1117 10 36
1056 1118 10 37
1057 1079 10 28
1057 1080 10 29
1057 1081 10 30
1057 1082 10 31
1057 1083 10 32
1057 1084 10 33
1057 1085 10 34
1057 1086 10 35
1057 1087 10 36
1057 1088 10 37
1057 1089 10 38
1057 1090 10 39
1057 1091 10 40
1057 1092 10 41
1057 1093 10 42
1057 1094 10 43
1057 1095 10 44
1057 1096 10 45
1057 1097 10 46
1057 1098 10 47
1057 1099 10 48
1057 1100 10 49
1057 1101 10 50
1057 1102 10 51
1057 1103 10 52
1057 1104 10 53
1057 1105 10 54
1057 1106 10 55
1057 1107 10 56
1057 1108 10 27
1057 1109 10 28
1057 1110 10 29
1057 1111 10 30
1057 1112 10 31
1057 1113 10 32
1057 1114 10 33
1057 1115 10 34
1057 1116 10 35
1057 1117 10 36
1057 1118 10 37
1058 1079 10 28
1058 1080 10 29
1058 1081 10 30
1058 1082 10 31
1058 1083 10 32
1058 1084 10 33
1058 1085 10 34
1058 1086 10 35
1058 1087 10 36
1058 1088 10 37
1058 1089 10 38
1058 1090 10 39
1058 1091 10 40
1058 1092 10 41
1058 1093 10 42
1058 1094 10 43
1058 1095 10 44
1058 1096 10 45
1058 1097 10 46
1058 1098 10 47
1058 1099 10 48
1058 1100 10 49
1058 1101 10 50
1058 1102 10 51
1058 1103 10 52
1058 1104 10 53
1058 1105 10 54
1058 1106 10 55
1058 1107 10 56
1058 1108 10 27
1058 1109 10 28
1058 1110 10 29
1058 1111 10 30
1058 1112 10 31
1058 1113 10 32
1058 1114 10 33
1058 1115 10 34
1058 1116 10 35
1058 1117 10 36
1058 1118 10 37
1059 1079 10 28
1059 1080 10 29
1059 1081 10 30
1059 1082 10 31
1059 1083 10 32
1059 1084 10 33
1059 1085 10 34
1059 1086 10 35
1059 1087 10 36
1059 1088 10 37
1059 1089 10 38
1059 1090 10 39
1059 1091 10 40
1059 1092 10 41
1059 1093 10 42
1059 1094 10 43
1059 1095 10 44
1059 1096 10 45
1059 1097 10 46
1059 1098 10 47
1059 1099 10 48
1059 1100 10 49
1059 1101 10 50
1059 1102 10 51
1059 1103 10 52
1059 1104 10 53
1059 1105 10 54
1059 1106 10 55
1059 1107 10 56
1059 1108 10 27
1059 1109 10 28
1059 1110 10 29
1059 1111 10 30
1059 1112 10 31
1059 1113 10 32
1059 1114 10 33
1059 1115 10 34
1059 1116 10 35
1059 1117 10 36
1059 1118 10 37
1060 1079 10 28
1060 1080 10 29
1060 1081 10 30
1060 1082 10 31
1060 1083 10 32
1060 1084 10 33
1060 1085 10 34
1060 1086 10 35
1060 1087 10 36
1060 1088 10 37
1060 1089 10 38
1060 1090 10 39
1060 1091 10 40
1060 1092 10 41
1060 1093 10 42
1060 1094 10 43
1060 1095 10 44
1060 1096 10 45
1060 1097 10 46
1060 1098 10 47
1060 1099 10 48
1060 1100 10 49
1060 1101 10 50
1060 1102 10 51
1060 1103 10 52
1060 1104 10 53
1060 1105 10 54
1060 1106 10 55
1060 1107 10 56
1060 1108 10 27
1060 1109 10 28
1060 1110 10 29
1060 1111 10 30
1060 1112 10 31
1060 1113 10 32
1060 1114 10 33
1060 1115 10 34
1060 1116 10 35
1060 1117 10 36
1060 1118 10 37
1061 1079 10 28
1061 1080 10 29
1061 1081 10 30
1061 1082 10 31
1061 1083 10 32
1061 1084 10 33
1061 1085 10 34
1061 1086 10 35
1061 1087 10 36
1061 1088 10 37
1061 1089 10 38
1061 1090 10 39
1061 1091 10 40
1061 1092 10 41
1061 1093 10 42
1061 1094 10 43
1061 1095 10 44
1061 1096 10 45
1061 1097 10 46
1061 1098 10 47
1061 1099 10 48
1061 1100 10 49
1061 1101 10 50
1061 1102 10 51
1061 1103 10 52
1061 1104 10 53
1061 1105 10 54
1061 1106 10 55
1061 1107 10 56
1061 1108 10 27
1061 1109 10 28
1061 1110 10 29
1061 1111 10 30
1061 1112 10 31
1061 1113 10 32
1061 1114 10 33
1061 1115 10 34
1061 1116 10 35
1061 1117 10 36
1061 1118 10 37
1062 1079 10 28
1062 1080 10 29
1062 1081 10 30
1062 1082 10 31
1062 1083 10 32
1062 1084 10 33
1062 1085 10 34
1062 1086 10 35
1062 1087 10 36
1062 1088 10 37
1062 1089 10 38
1062 1090 10 39
1062 1091 10 40
1062 1092 10 41
1062 1093 10 42
1062 1094 10 43
1062 1095 10 44
1062 1096 10 45
1062 1097 10 46
1062 1098 10 47
1062 1099 10 48
1062 1100 10 49
1062 1101 10 50
1062 1102 10 51
1062 1103 10 52
1062 1104 10 53
1062 1105 10 54
1062 1106 10 55
1062 1107 10 56
1062 1108 10 27
1062 1109 10 28
1062 1110 10 29
1062 1111 10 30
1062 1112 10 31
1062 1113 10 32
1062 1114 10 33
1062 1115 10 34
1062 1116 10 35
1062 1117 10 36
1062 1118 10 37
1063 1079 10 28
1063 1080 10 29
1063 1081 10 30
1063 1082 10 31
1063 1083 10 32
1063 1084 10 33
1063 1085 10 34
1063 1086 10 35
1063 1087 10 36
1063 1088 10 37
1063 1089 10 38
1063 1090 10 39
1063 1091 10 40
1063 1092 10 41
1063 1093 10 42
1063 1094 10 43
1063 1095 10 44
1063 1096 10 45
1063 1097 10 46
1063 1098 10 47
1063 1099 10 48
1063 1100 10 49
1063 1101 10 50
1063 1102 10 51
1063 1103 10 52
1063 1104 10 53
1063 1105 10 54
1063 1106 10 55
1063 1107 10 56
1063 1108 10 27
1063 1109 10 28
1063 1110 10 29
1063 1111 10 30
1063 1112 10 31
1063 1113 10 32
1063 1114 10 33
1063 1115 10 34
1063 1116 10 35
1063 1117 10 36
1063 1118 10 37
1064 1079 10 28
1064 1080 10 29
1064 1081 10 30
1064 1082 10 31
1064 1083 10 32
1064 1084 10 33
1064 1085 10 34
1064 1086 10 35
1064 1087 10 36
1064 1088 10 37
1064 1089 10 38
1064 1090 10 39
1064 1091 10 40
1064 1092 10 41
1064 1093 10 42
1064 1094 10 43
1064 1095 10 44
1064 1096 10 45
1064 1097 10 46
1064 1098 10 47
1064 1099 10 48
1064 1100 10 49
1064 1101 10 50
1064 1102 10 51
1064 1103 10 52
1064 1104 10 53
1064 1105 10 54
1064 1106 10 55
1064 1107 10 56
1064 1108 10 27
1064 1109 10 28
1064 1110 10 29
1064 1111 10 30
1064 1112 10 31
1064 1113 10 32
1064 1114 10 33
1064 1115 10 34
1064 1116 10 35
1064 1117 10 36
1064 1118 10 37
1065 1079 10 28
1065 1080 10 29
1065 1081 10 30
1065 1082 10 31
1065 1083 10 32
1065 1084 10 33
1065 1085 10 34
1065 1086 10 35
1065 1087 10 36
1065 1088 10 37
1065 1089 10 38
1065 1090 10 39
1065 1091 10 40
1065 1092 10 41
1065 1093 10 42
1065 1094 10 43
1065 1095 10 44
1065 1096 10 45
1065 1097 10 46
1065 1098 10 47
1065 1099 10 48
1065 1100 10 49
1065 1101 10 50
1065 1102 10 51
1065 1103 10 52
1065 1104 10 53
1065 1105 10 54
1065 1106 10 55
1065 1107 10 56
1065 1108 10 27
1065 1109 10 28
1065 1110 10 29
1065 1111 10 30
1065 1112 10 31
1065 1113 10 32
1065 1114 10 33
1065 1115 10 34
1065 1116 10 35
1065 1117 10 36
1065 1118 10 37
1066 1079 10 28
1066 1080 10 29
1066 1081 10 30
1066 1082 10 31
1066 1083 10 32
1066 1084 10 33
1066 1085 10 34
1066 1086 10 35
1066 1087 10 36
1066 1088 10 37
1066 1089 10 38
1066 1090 10 39
1066 1091 10 40
1066 1092 10 41
1066 1093 10 42
1066 1094 10 43
1066 1095 10 44
1066 1096 10 45
1066 1097 10 46
1066 1098 10 47
1066 1099 10 48
1066 1100 10 49
1066 1101 10 50
1066 1102 10 51
1066 1103 10 52
1066 1104 10 53
1066 1105 10 54
1066 1106 10 55
1066 1107 10 56
1066 1108 10 27
1066 1109 10 28
1066 1110 10 29
1066 1111 10 30
1066 1112 10 31
1066 1113 10 32
1066 1114 10 33
1066 1115 10 34
1066 1116 10 35
1066 1117 10 36
1066 1118 10 37
1067 1079 10 28
1067 1080 10 29
1067 1081 10 30
1067 1082 10 31
1067 1083 10 32
1067 1084 10 33
1067 1085 10 34
1067 1086 10 35
1067 1087 10 36
1067 1088 10 37
1067 1089 10 38
1067 1090 10 39
1067 1091 10 40
1067 1092 10 41
1067 1093 10 42
1067 1094 10 43
1067 1095 10 44
1067 1096 10 45
1067 1097 10 46
1067 1098 10 47
1067 1099 10 48
1067 1100 10 49
1067 1101 10 50
1067 1102 10 51
1067 1103 10 52
1067 1104 10 53
1067 1105 10 54
1067 1106 10 55
1067 1107 10 56
1067 1108 10 27
1067 1109 10 28
1067 1110 10 29
1067 1111 10 30
1067 1112 10 31
1067 1113 10 32
1067 1114 10 33
1067 1115 10 34
1067 1116 10 35
1067 1117 10 36
1067 1118 10 37
1068 1079 10 28
1068 1080 10 29
1068 1081 10 30
1068 1082 10 31
1068 1083 10 32
1068 1084 10 33
1068 1085 10 34
1068 1086 10 35
1068 1087 10 36
1068 1088 10 37
1068 1089 10 38
1068 1090 10 39
1068 1091 10 40
1068 1092 10 41
1068 1093 10 42
1068 1094 10 43
1068 1095 10 44
1068 1096 10 45
1068 1097 10 46
1068 1098 10 47
1068 1099 10 48
1068 1100 10 49
1068 1101 10 50
1068 1102 10 51
1068 1103 10 52
1068 1104 10 53
1068 1105 10 54
1068 1106 10 55
1068 1107 10 56
1068 1108 10 27
1068 1109 10 28
1068 1110 10 29
1068 1111 10 30
1068 1112 10 31
1068 1113 10 32
1068 1114 10 33
1068 1115 10 34
1068 1116 10 35
1068 1117 10 36
1068 1118 10 37
1069 1079 10 28
1069 1080 10 29
1069 1081 10 30
1069 1082 10 31
1069 1083 10 32
1069 1084 10 33
1069 1085 10 34
1069 1086 10 35
1069 1087 10 36
1069 1088 10 37
1069 1089 10 38
1069 1090 10 39
1069 1091 10 40
1069 1092 10 41
1069 1093 10 42
1069 1094 10 43
1069 1095 10 44
1069 1096 10 45
1069 1097 10 46
1069 1098 10 47
1069 1099 10 48
1069 1100 10 49
1069 1101 10 50
1069 1102 10 51
1069 1103 10 52
1069 1104 10 53
1069 1105 10 54
1069 1106 10 55
1069 1107 10 56
1069 1108 10 27
1069 1109 10 28
1069 1110 10 29
1069 1111 10 30
1069 1112 10 31
1069 1113 10 32
1069 1114 10 33
1069 1115 10 34
1069 1116 10 35
1069 1117 10 36
1069 1118 10 37
1070 1079 10 28
1070 1080 10 29
1070 1081 10 30
1070 1082 10 31
1070 1083 10 32
1070 1084 10 33
1070 1085 10 34
1070 1086 10 35
1070 1087 10 36
1070 1088 10 37
1070 1089 10 38
1070 1090 10 39
1070 1091 10 40
1070 1092 10 41
1070 1093 10 42
1070 1094 10 43
1070 1095 10 44
1070 1096 10 45
1070 1097 10 46
1070 1098 10 47
1070 1099 10 48
1070 1100 10 49
1070 1101 10 50
1070 1102 10 51
1070 1103 10 52
1070 1104 10 53
1070 1105 10 54
1070 1106 10 55
1070 1107 10 56
1070 1108 10 27
1070 1109 10 28
1070 1110 10 29
1070 1111 10 30
1070 1112 10 31
1070 1113 10 32
1070 1114 10 33
1070 1115 10 34
1070 1116 10 35
1070 1117 10 36
1070 1118 10 37
1071 1079 10 28
1071 1080 10 29
1071 1081 10 30
1071 1082 10 31
1071 1083 10 32
1071 1084 10 33
1071 1085 10 34
1071 1086 10 35
1071 1087 10 36
1071 1088 10 37
1071 1089 10 38
1071 1090 10 39
1071 1091 10 40
1071 1092 10 41
1071 1093 10 42
1071 1094 10 43
1071 1095 10 44
1071 1096 10 45
1071 1097 10 46
1071 1098 10 47
1071 1099 10 48
1071 1100 10 49
1071 1101 10 50
1071 1102 10 51
1071 1103 10 52
1071 1104 10 53
1071 1105 10 54
1071 1106 10 55
1071 1107 10 56
1071 1108 10 27
1071 1109 10 28
1071 1110 10 29
1071 1111 10 30
1071 1112 10 31
1071 1113 10 32
1071 1114 10 33
1071 1115 10 34
1071 1116 10 35
1071 1117 10 36
1071 1118 10 37
1072 1079 10 28
1072 1080 10 29
1072 1081 10 30
1072 1082 10 31
1072 1083 10 32
1072 1084 10 33
1072 1085 10 34
1072 1086 10 35
1072 1087 10 36
1072 1088 10 37
1072 1089 10 38
1072 1090 10 39
1072 1091 10 40
1072 1092 10 41
1072 1093 10 42
1072 1094 10 43
1072 1095 10 44
1072 1096 10 45
1072 1097 10 46
1072 1098 10 47
1072 1099 10 48
1072 1100 10 49
1072 1101 10 50
1072 1102 10 51
1072 1103 10 52
1072 1104 10 53
1072 1105 10 54
1072 1106 10 55
1072 1107 10 56
1072 1108 10 27
1072 1109 10 28
1072 1110 10 29
1072 1111 10 30
1072 1112 10 31
1072 1113 10 32
1072 1114 10 33
1072 1115 10 34
1072 1116 10 35
1072 1117 10 36
1072 1118 10 37
1073 1079 10 28
1073 1080 10 29
1073 1081 10 30
1073 1082 10 31
1073 1083 10 32
1073 1084 10 33
1073 1085 10 34
1073 1086 10 35
1073 1087 10 36
1073 1088 10 37
1073 1089 10 38
1073 1090 10 39
1073 1091 10 40
1073 1092 10 41
1073 1093 10 42
1073 1094 10 43
1073 1095 10 44
1073 1096 10 45
1073 1097 10 46
1073 1098 10 47
1073 1099 10 48
1073 1100 10 49
1073 1101 10 50
1073 1102 10 51
1073 1103 10 52
1073 1104 10 53
1073 1105 10 54
1073 1106 10 55
1073 1107 10 56
1073 1108 10 27
1073 1109 10 28
1073 1110 10 29
1073 1111 10 30
1073 1112 10 31
1073 1113 10 32
1073 1114 10 33
1073 1115 10 34
1073 1116 10 35
1073 1117 10 36
1073 1118 10 37
1074 1079 10 28
1074 1080 10 29
1074 1081 10 30
1074 1082 10 31
1074 1083 10 32
1074 1084 10 33
1074 1085 10 34
1074 1086 10 35
1074 1087 10 36
1074 1088 10 37
1074 1089 10 38
1074 1090 10 39
1074 1091 10 40
1074 1092 10 41
1074 1093 10 42
1074 1094 10 43
1074 1095 10 44
1074 1096 10 45
1074 1097 10 46
1074 1098 10 47
1074 1099 10 48
1074 1100 10 49
1074 1101 10 50
1074 1102 10 51
1074 1103 10 52
1074 1104 10 53
1074 1105 10 54
1074 1106 10 55
1074 1107 10 56
1074 1108 10 27
1074 1109 10 28
1074 1110 10 29
1074 1111 10 30
1074 1112 10 31
1074 1113 10 32
1074 1114 10 33
1074 1115 10 34
1074 1116 10 35
1074 1117 10 36
1074 1118 10 37
1075 1079 10 28
1075 1080 10 29
1075 1081 10 30
1075 1082 10 31
1075 1083 10 32
1075 1084 10 33
1075 1085 10 34
1075 1086 10 35
1075 1087 10 36
1075 1088 10 37
1075 1089 10 38
1075 1090 10 39
1075 1091 10 40
1075 1092 10 41
1075 1093 10 42
1075 1094 10 43
1075 1095 10 44
1075 1096 10 45
1075 1097 10 46
1075 1098 10 47
1075 1099 10 48
1075 1100 10 49
1075 1101 10 50
1075 1102 10 51
1075 1103 10 52
1075 1104 10 53
1075 1105 10 54
1075 1106 10 55
1075 1107 10 56
1075 1108 10 27
1075 1109 10 28
1075 1110 10 29
1075 1111 10 30
1075 1112 10 31
1075 1113 10 32
1075 1114 10 33
1075 1115 10 34
1075 1116 10 35
1075 1117 10 36
1075 1118 10 37
1076 1079 10 28
1076 1080 10 29
1076 1081 10 30
1076 1082 10 31
1076 1083 10 32
1076 1084 10 33
1076 1085 10 34
1076 1086 10 35
1076 1087 10 36
1076 1088 10 37
1076 1089 10 38
1076 1090 10 39
1076 1091 10 40
1076 1092 10 41
1076 1093 10 42
1076 1094 10 43
1076 1095 10 44
1076 1096 10 45
1076 1097 10 46
1076 1098 10 47
1076 1099 10 48
1076 1100 10 49
1076 1101 10 50
1076 1102 10 51
1076 1103 10 52
1076 1104 10 53
1076 1105 10 54
1076 1106 10 55
1076 1107 10 56
1076 1108 10 27
1076 1109 10 28
1076 1110 10 29
1076 1111 10 30
1076 1112 10 31
1076 1113 10 32
1076 1114 10 33
1076 1115 10 34
1076 1116 10 35
1076 1117 10 36
1076 1118 10 37
1077 1079 10 28
1077 1080 10 29
1077 1081 10 30
1077 1082 10 31
1077 1083 10 32
1077 1084 10 33
1077 1085 10 34
1077 1086 10 35
1077 1087 10 36
1077 1088 10 37
1077 1089 10 38
1077 1090 10 39
1077 1091 10 40
1077 1092 10 41
1077 1093 10 42
1077 1094 10 43
1077 1095 10 44
1077 1096 10 45
1077 1097 10 46
1077 1098 10 47
1077 1099 10 48
1077 1100 10 49
1077 1101 10 50
1077 1102 10 51
1077 1103 10 52
1077 1104 10 53
1077 1105 10 54
1077 1106 10 55
1077 1107 10 56
1077 1108 10 27
1077 1109 10 28
1077 1110 10 29
1077 1111 10 30
1077 1112 10 31
1077 1113 10 32
1077 1114 10 33
1077 1115 10 34
1077 1116 10 35
1077 1117 10 36
1077 1118 10 37
1078 1079 10 28
1078 1080 10 29
1078 1081 10 30
1078 1082 10 31
1078 1083 10 32
1078 1084 10 33
1078 1085 10 34
1078 1086 10 35
1078 1087 10 36
1078 1088 10 37
1078 1089 10 38
1078 1090 10 39
1078 1091 10 40
1078 1092 10 41
1078 1093 10 42
1078 1094 10 43
1078 1095 10 44
1078 1096 10 45
1078 1097 10 46
1078 1098 10 47
1078 1099 10 48
1078 1100 10 49
1078 1101 10 50
1078 1102 10 51
1078 1103 10 52
1078 1104 10 53
1078 1105 10 54
1078 1106 10 55
1078 1107 10 56
1078 1108 10 27
1078 1109 10 28
1078 1110 10 29
1078 1111 10 30
1078 1112 10 31
1078 1113 10 32
1078 1114 10 33
1078 1115 10 34
1078 1116 10 35
1078 1117 10 36
1078 1118 10 37
1079 1119 10 29
1079 1120 10 30
1079 1121 10 31
1079 1122 10 32
1079 1123 10 33
1079 1124 10 34
1079 1125 10 35
1079 1126 10 36
1079 1127 10 37
1079 1128 10 38
1079 1129 10 39
1079 1130 10 40
1079 1131 10 41
1079 1132 10 42
1079 1133 10 43
1079 1134 10 44
1079 1135 10 45
1079 1136 10 46
1079 1137 10 47
1079 1138 10 48
1079 1139 10 49
1079 1140 10 50
1079 1141 10 51
1079 1142 10 52
1079 1143 10 53
1079 1144 10 54
1079 1145 10 55
1079 1146 10 56
1079 1147 10 57
1079 1148 10 28
1079 1149 10 29
1079 1150 10 30
1079 1151 10 31
1079 1152 10 32
1079 1153 10 33
1079 1154 10 34
1079 1155 10 35
1079 1156 10 36
1079 1157 10 37
1079 1158 10 38
1080 1119 10 29
1080 1120 10 30
1080 1121 10 31
1080 1122 10 32
1080 1123 10 33
1080 1124 10 34
1080 1125 10 35
1080 1126 10 36
1080 1127 10 37
1080 1128 10 38
1080 1129 10 39
1080 1130 10 40
1080 1131 10 41
1080 1132 10 42
1080 1133 10 43
1080 1134 10 44
1080 1135 10 45
1080 1136 10 46
1080 1137 10 47
1080 1138 10 48
1080 1139 10 49
1080 1140 10 50
1080 1141 10 51
1080 1142 10 52
1080 1143 10 53
1080 1144 10 54
1080 1145 10 55
1080 1146 10 56
1080 1147 10 57
1080 1148 10 28
1080 1149 10 29
1080 1150 10 30
1080 1151 10 31
1080 1152 10 32
1080 1153 10 33
1080 1154 10 34
1080 1155 10 35
1080 1156 10 36
1080 1157 10 37
1080 1158 10 38
1081 1119 10 29
1081 1120 10 30
1081 1121 10 31
1081 1122 10 32
1081 1123 10 33
1081 1124 10 34
1081 1125 10 35
1081 1126 10 36
1081 1127 10 37
1081 1128 10 38
1081 1129 10 39
1081 1130 10 40
1081 1131 10 41
1081 1132 10 42
1081 1133 10 43
1081 1134 10 44
1081 1135 10 45
1081 1136 10 46
1081 1137 10 47
1081 1138 10 48
1081 1139 10 49
1081 1140 10 50
1081 1141 10 51
1081 1142 10 52
1081 1143 10 53
1081 1144 10 54
1081 1145 10 55
1081 1146 10 56
1081 1147 10 57
1081 1148 10 28
1081 1149 10 29
1081 1150 10 30
1081 1151 10 31
1081 1152 10 32
1081 1153 10 33
1081 1154 10 34
1081 1155 10 35
1081 1156 10 36
1081 1157 10 37
1081 1158 10 38
1082 1119 10 29
1082 1120 10 30
1082 1121 10 31
1082 1122 10 32
1082 1123 10 33
1082 1124 10 34
1082 1125 10 35
1082 1126 10 36
1082 1127 10 37
1082 1128 10 38
1082 1129 10 39
1082 1130 10 40
1082 1131 10 41
1082 1132 10 42
1082 1133 10 43
1082 1134 10 44
1082 1135 10 45
1082 1136 10 46
1082 1137 10 47
1082 1138 10 48
1082 1139 10 49
1082 1140 10 50
1082 1141 10 51
1082 1142 10 52
1082 1143 10 53
1082 1144 10 54
1082 1145 10 55
1082 1146 10 56
1082 1147 10 57
1082 1148 10 28
1082 1149 10 29
1082 1150 10 30
1082 1151 10 31
1082 1152 10 32
1082 1153 10 33
1082 1154 10 34
1082 1155 10 35
1082 1156 10 36
1082 1157 10 37
1082 1158 10 38
1083 1119 10 29
1083 1120 10 30
1083 1121 10 31
1083 1122 10 32
1083 1123 10 33
1083 1124 10 34
1083 1125 10 35
1083 1126 10 36
1083 1127 10 37
1083 1128 10 38
1083 1129 10 39
1083 1130 10 40
1083 1131 10 41
1083 1132 10 42
1083 1133 10 43
1083 1134 10 44
1083 1135 10 45
1083 1136 10 46
1083 1137 10 47
1083 1138 10 48
1083 1139 10 49
1083 1140 10 50
1083 1141 10 51
1083 1142 10 52
1083 1143 10 53
1083 1144 10 54
1083 1145 10 55
1083 1146 10 56
1083 1147 10 57
1083 1148 10 28
1083 1149 10 29
1083 1150 10 30
1083 1151 10 31
1083 1152 10 32
1083 1153 10 33
1083 1154 10 34
1083 1155 10 35
1083 1156 10 36
1083 1157 10 37
1083 1158 10 38
1084 1119 10 29
1084 1120 10 30
1084 1121 10 31
1084 1122 10 32
1084 1123 10 33
1084 1124 10 34
1084 1125 10 35
1084 1126 10 36
1084 1127 10 37
1084 1128 10 38
1084 1129 10 39
1084 1130 10 40
1084 1131 10 41
1084 1132 10 42
1084 1133 10 43
1084 1134 10 44
1084 1135 10 45
1084 1136 10 46
1084 1137 10 47
1084 1138 10 48
1084 1139 10 49
1084 1140 10 50
1084 1141 10 51
1084 1142 10 52
1084 1143 10 53
1084 1144 10 54
1084 1145 10 55
1084 1146 10 56
1084 1147 10 57
1084 1148 10 28
1084 1149 10 29
1084 1150 10 30
1084 1151 10 31
1084 1152 10 32
1084 1153 10 33
1084 1154 10 34
1084 1155 10 35
1084 1156 10 36
1084 1157 10 37
1084 1158 10 38
1085 1119 10 29
1085 1120 10 30
1085 1121 10 31
1085 1122 10 32
1085 1123 10 33
1085 1124 10 34
1085 1125 10 35
1085 1126 10 36
1085 1127 10 37
1085 1128 10 38
1085 1129 10 39
1085 1130 10 40
1085 1131 10 41
1085 1132 10 42
1085 1133 10 43
1085 1134 10 44
1085 1135 10 45
1085 1136 10 46
1085 1137 10 47
1085 1138 10 48
1085 1139 10 49
1085 1140 10 50
1085 1141 10 51
1085 1142 10 52
1085 1143 10 53
1085 1144 10 54
1085 1145 10 55
1085 1146 10 56
1085 1147 10 57
1085 1148 10 28
1085 1149 10 29
1085 1150 10 30
1085 1151 10 31
1085 1152 10 32
1085 1153 10 33
1085 1154 10 34
1085 1155 10 35
1085 1156 10 36
1085 1157 10 37
1085 1158 10 38
1086 1119 10 29
1086 1120 10 30
1086 1121 10 31
1086 1122 10 32
1086 1123 10 33
1086 1124 10 34
1086 1125 10 35
1086 1126 10 36
1086 1127 10 37
1086 1128 10 38
1086 1129 10 39
1086 1130 10 40
1086 1131 10 41
1086 1132 10 42
1086 1133 10 43
1086 1134 10 44
1086 1135 10 45
1086 1136 10 46
1086 1137 10 47
1086 1138 10 48
1086 1139 10 49
1086 1140 10 50
1086 1141 10 51
1086 1142 10 52
1086 1143 10 53
1086 1144 10 54
1086 1145 10 55
1086 1146 10 56
1086 1147 10 57
1086 1148 10 28
1086 1149 10 29
1086 1150 10 30
1086 1151 10 31
1086 1152 10 32
1086 1153 10 33
1086 1154 10 34
1086 1155 10 35
1086 1156 10 36
1086 1157 10 37
1086 1158 10 38
1087 1119 10 29
1087 1120 10 30
1087 1121 10 31
1087 1122 10 32
1087 1123 10 33
1087 1124 10 34
1087 1125 10 35
1087 1126 10 36
1087 1127 10 37
1087 1128 10 38
1087 1129 10 39
1087 1130 10 40
1087 1131 10 41
1087 1132 10 42
1087 1133 10 43
1087 1134 10 44
1087 1135 10 45
1087 1136 10 46
1087 1137 10 47
1087 1138 10 48
1087 1139 10 49
1087 1140 10 50
1087 1141 10 51
1087 1142 10 52
1087 1143 10 53
1087 1144 10 54
1087 1145 10 55
1087 1146 10 56
1087 1147 10 57
1087 1148 10 28
1087 1149 10 29
1087 1150 10 30
1087 1151 10 31
1087 1152 10 32
1087 1153 10 33
1087 1154 10 34
1087 1155 10 35
1087 1156 10 36
1087 1157 10 37
1087 1158 10 38
1088 1119 10 29
1088 1120 10 30
1088 1121 10 31
1088 1122 10 32
1088 1123 10 33
1088 1124 10 34
1088 1125 10 35
1088 1126 10 36
1088 1127 10 37
1088 1128 10 38
1088 1129 10 39
1088 1130 10 40
1088 1131 10 41
1088 1132 10 42
1088 1133 10 43
1088 1134 10 44
1088 1135 10 45
1088 1136 10 46
1088 1137 10 47
1088 1138 10 48
1088 1139 10 49
1088 1140 10 50
1088 1141 10 51
1088 1142 10 52
1088 1143 10 53
1088 1144 10 54
1088 1145 10 55
1088 1146 10 56
1088 1147 10 57
1088 1148 10 28
1088 1149 10 29
1088 1150 10 30
1088 1151 10 31
1088 1152 10 32
1088 1153 10 33
1088 1154 10 34
1088 1155 10 35
1088 1156 10 36
1088 1157 10 37
1088 1158 10 38
1089 1119 10 29
1089 1120 10 30
1089 1121 10 31
1089 1122 10 32
1089 1123 10 33
1089 1124 10 34
1089 1125 10 35
1089 1126 10 36
1089 1127 10 37
1089 1128 10 38
1089 1129 10 39
1089 1130 10 40
1089 1131 10 41
1089 1132 10 42
1089 1133 10 43
1089 1134 10 44
1089 1135 10 45
1089 1136 10 46
1089 1137 10 47
1089 1138 10 48
1089 1139 10 49
1089 1140 10 50
1089 1141 10 51
1089 1142 10 52
1089 1143 10 53
1089 1144 10 54
1089 1145 10 55
1089 1146 10 56
1089 1147 10 57
1089 1148 10 28
1089 1149 10 29
1089 1150 10 30
1089 1151 10 31
1089 1152 10 32
1089 1153 10 33
1089 1154 10 34
1089 1155 10 35
1089 1156 10 36
1089 1157 10 37
1089 1158 10 38
1090 1119 10 29
1090 1120 10 30
1090 1121 10 31
1090 1122 10 32
1090 1123 10 33
1090 1124 10 34
1090 1125 10 35
1090 1126 10 36
1090 1127 10 37
1090 1128 10 38
1090 1129 10 39
1090 1130 10 40
1090 1131 10 41
1090 1132 10 42
1090 1133 10 43
1090 1134 10 44
1090 1135 10 45
1090 1136 10 46
1090 1137 10 47
1090 1138 10 48
1090 1139 10 49
1090 1140 10 50
1090 1141 10 51
1090 1142 10 52
1090 1143 10 53
1090 1144 10 54
1090 1145 10 55
1090 1146 10 56
1090 1147 10 57
1090 1148 10 28
1090 1149 10 29
1090 1150 10 30
1090 1151 10 31
1090 1152 10 32
1090 1153 10 33
1090 1154 10 34
1090 1155 10 35
1090 1156 10 36
1090 1157 10 37
1090 1158 10 38
1091 1119 10 29
1091 1120 10 30
1091 1121 10 31
1091 1122 10 32
1091 1123 10 33
1091 1124 10 34
1091 1125 10 35
1091 1126 10 36
1091 1127 10 37
1091 1128 10 38
1091 1129 10 39
1091 1130 10 40
1091 1131 10 41
1091 1132 10 42
1091 1133 10 43
1091 1134 10 44
1091 1135 10 45
1091 1136 10 46
1091 1137 10 47
1091 1138 10 48
1091 1139 10 49
1091 1140 10 50
1091 1141 10 51
1091 1142 10 52
1091 1143 10 53
1091 1144 10 54
1091 1145 10 55
1091 1146 10 56
1091 1147 10 57
1091 1148 10 28
1091 1149 10 29
1091 1150 10 30
1091 1151 10 31
1091 1152 10 32
1091 1153 10 33
1091 1154 10 34
1091 1155 10 35
1091 1156 10 36
1091 1157 10 37
1091 1158 10 38
1092 1119 10 29
1092 1120 10 30
1092 1121 10 31
1092 1122 10 32
1092 1123 10 33
1092 1124 10 34
1092 1125 10 35
1092 1126 10 36
1092 1127 10 37
1092 1128 10 38
1092 1129 10 39
1092 1130 10 40
1092 1131 10 41
1092 1132 10 42
1092 1133 10 43
1092 1134 10 44
1092 1135 10 45
1092 1136 10 46
1092 1137 10 47
1092 1138 10 48
1092 1139 10 49
1092 1140 10 50
1092 1141 10 51
1092 1142 10 52
1092 1143 10 53
1092 1144 10 54
1092 1145 10 55
1092 1146 10 56
1092 1147 10 57
1092 1148 10 28
1092 1149 10 29
1092 1150 10 30
1092 1151 10 31
1092 1152 10 32
1092 1153 10 33
1092 1154 10 34
1092 1155 10 35
1092 1156 10 36
1092 1157 10 37
1092 1158 10 38
1093 1119 10 29
1093 1120 10 30
1093 1121 10 31
1093 1122 10 32
1093 1123 10 33
1093 1124 10 34
1093 1125 10 35
1093 1126 10 36
1093 1127 10 37
1093 1128 10 38
1093 1129 10 39
1093 1130 10 40
1093 1131 10 41
1093 1132 10 42
1093 1133 10 43
1093 1134 10 44
1093 1135 10 45
1093 1136 10 46
1093 1137 10 47
1093 1138 10 48
1093 1139 10 49
1093 1140 10 50
1093 1141 10 51
1093 1142 10 52
1093 1143 10 53
1093 1144 10 54
1093 1145 10 55
1093 1146 10 56
1093 1147 10 57
1093 1148 10 28
1093 1149 10 29
1093 1150 10 30
1093 1151 10 31
1093 1152 10 32
1093 1153 10 33
1093 1154 10 34
1093 1155 10 35
1093 1156 10 36
1093 1157 10 37
1093 1158 10 38
1094 1119 10 29
1094 1120 10 30
1094 1121 10 31
1094 1122 10 32
1094 1123 10 33
1094 1124 10 34
1094 1125 10 35
1094 1126 10 36
1094 1127 10 37
1094 1128 10 38
1094 1129 10 39
1094 1130 10 40
1094 1131 10 41
1094 1132 10 42
1094 1133 10 43
1094 1134 10 44
1094 1135 10 45
1094 1136 10 46
1094 1137 10 47
1094 1138 10 48
1094 1139 10 49
1094 1140 10 50
1094 1141 10 51
1094 1142 10 52
1094 1143 10 53
1094 1144 10 54
1094 1145 10 55
1094 1146 10 56
1094 1147 10 57
1094 1148 10 28
1094 1149 10 29
1094 1150 10 30
1094 1151 10 31
1094 1152 10 32
1094 1153 10 33
1094 1154 10 34
1094 1155 10 35
1094 1156 10 36
1094 1157 10 37
1094 1158 10 38
1095 1119 10 29
1095 1120 10 30
1095 1121 10 31
1095 1122 10 32
1095 1123 10 33
1095 1124 10 34
1095 1125 10 35
1095 1126 10 36
1095 1127 10 37
1095 1128 10 38
1095 1129 10 39
1095 1130 10 40
1095 1131 10 41
1095 1132 10 42
1095 1133 10 43
1095 1134 10 44
1095 1135 10 45
1095 1136 10 46
1095 1137 10 47
1095 1138 10 48
1095 1139 10 49
1095 1140 10 50
1095 1141 10 51
1095 1142 10 52
1095 1143 10 53
1095 1144 10 54
1095 1145 10 55
1095 1146 10 56
1095 1147 10 57
1095 1148 10 28
1095 1149 10 29
1095 1150 10 30
1095 1151 10 31
1095 1152 10 32
1095 1153 10 33
1095 1154 10 34
1095 1155 10 35
1095 1156 10 36
1095 1157 10 37
1095 1158 10 38
1096 1119 10 29
1096 1120 10 30
1096 1121 10 31
1096 1122 10 32
1096 1123 10 33
1096 1124 10 34
1096 1125 10 35
1096 1126 10 36
1096 1127 10 37
1096 1128 10 38
1096 1129 10 39
1096 1130 10 40
1096 1131 10 41
1096 1132 10 42
1096 1133 10 43
1096 1134 10 44
1096 1135 10 45
1096 1136 10 46
1096 1137 10 47
1096 1138 10 48
1096 1139 10 49
1096 1140 10 50
1096 1141 10 51
1096 1142 10 52
1096 1143 10 53
1096 1144 10 54
1096 1145 10 55
1096 1146 10 56
1096 1147 10 57
1096 1148 10 28
1096 1149 10 29
1096 1150 10 30
1096 1151 10 31
1096 1152 10 32
1096 1153 10 33
1096 1154 10 34
1096 1155 10 35
1096 1156 10 36
1096 1157 10 37
1096 1158 10 38
1097 1119 10 29
1097 1120 10 30
1097 1121 10 31
1097 1122 10 32
1097 1123 10 33
1097 1124 10 34
1097 1125 10 35
1097 1126 10 36
1097 1127 10 37
1097 1128 10 38
1097 1129 10 39
1097 1130 10 40
1097 1131 10 41
1097 1132 10 42
1097 1133 10 43
1097 1134 10 44
1097 1135 10 45
1097 1136 10 46
1097 1137 10 47
1097 1138 10 48
1097 1139 10 49
1097 1140 10 50
1097 1141 10 51
1097 1142 10 52
1097 1143 10 53
1097 1144 10 54
1097 1145 10 55
1097 1146 10 56
1097 1147 10 57
1097 1148 10 28
1097 1149 10 29
1097 1150 10 30
1097 1151 10 31
1097 1152 10 32
1097 1153 10 33
1097 1154 10 34
1097 1155 10 35
1097 1156 10 36
1097 1157 10 37
1097 1158 10 38
1098 1119 10 29
1098 1120 10 30
1098 1121 10 31
1098 1122 10 32
1098 1123 10 33
1098 1124 10 34
1098 1125 10 35
1098 1126 10 36
1098 1127 10 37
1098 1128 10 38
1098 1129 10 39
1098 1130 10 40
1098 1131 10 41
1098 1132 10 42
1098 1133 10 43
1098 1134 10 44
1098 1135 10 45
1098 1136 10 46
1098 1137 10 47
1098 1138 10 48
1098 1139 10 49
1098 1140 10 50
1098 1141 10 51
1098 1142 10 52
1098 1143 10 53
1098 1144 10 54
1098 1145 10 55
1098 1146 10 56
1098 1147 10 57
1098 1148 10 28
1098 1149 10 29
1098 1150 10 30
1098 1151 10 31
1098 1152 10 32
1098 1153 10 33
1098 1154 10 34
1098 1155 10 35
1098 1156 10 36
1098 1157 10 37
1098 1158 10 38
1099 1119 10 29
1099 1120 10 30
1099 1121 10 31
1099 1122 10 32
1099 1123 10 33
1099 1124 10 34
1099 1125 10 35
1099 1126 10 36
1099 1127 10 37
1099 1128 10 38
1099 1129 10 39
1099 1130 10 40
1099 1131 10 41
1099 1132 10 42
1099 1133 10 43
1099 1134 10 44
1099 1135 10 45
1099 1136 10 46
1099 1137 10 47
1099 1138 10 48
1099 1139 10 49
1099 1140 10 50
1099 1141 10 51
1099 1142 10 52
1099 1143 10 53
1099 1144 10 54
1099 1145 10 55
1099 1146 10 56
1099 1147 10 57
1099 1148 10 28
1099 1149 10 29
1099 1150 10 30
1099 1151 10 31
1099 1152 10 32
1099 1153 10 33
1099 1154 10 34
1099 1155 10 35
1099 1156 10 36
1099 1157 10 37
1099 1158 10 38
1100 1119 10 29
1100 1120 10 30
1100 1121 10 31
1100 1122 10 32
1100 1123 10 33
1100 1124 10 34
1100 1125 10 35
1100 1126 10 36
1100 1127 10 37
1100 1128 10 38
1100 1129 10 39
1100 1130 10 40
1100 1131 10 41
1100 1132 10 42
1100 1133 10 43
1100 1134 10 44
1100 1135 10 45
1100 1136 10 46
1100 1137 10 47
1100 1138 10 48
1100 1139 10 49
1100 1140 10 50
1100 1141 10 51
1100 1142 10 52
1100 1143 10 53
1100 1144 10 54
1100 1145 10 55
1100 1146 10 56
1100 1147 10 57
1100 1148 10 28
1100 1149 10 29
1100 1150 10 30
1100 1151 10 31
1100 1152 10 32
1100 1153 10 33
1100 1154 10 34
1100 1155 10 35
1100 1156 10 36
1100 1157 10 37
1100 1158 10 38
1101 1119 10 29
1101 1120 10 30
1101 1121 10 31
1101 1122 10 32
1101 1123 10 33
1101 1124 10 34
1101 1125 10 35
1101 1126 10 36
1101 1127 10 37
1101 1128 10 38
1101 1129 10 39
1101 1130 10 40
1101 1131 10 41
1101 1132 10 42
1101 1133 10 43
1101 1134 10 44
1101 1135 10 45
1101 1136 10 46
1101 1137 10 47
1101 1138 10 48
1101 1139 10 49
1101 1140 10 50
1101 1141 10 51
1101 1142 10 52
1101 1143 10 53
1101 1144 10 54
1101 1145 10 55
1101 1146 10 56
1101 1147 10 57
1101 1148 10 28
1101 1149 10 29
1101 1150 10 30
1101 1151 10 31
1101 1152 10 32
1101 1153 10 33
1101 1154 10 34
1101 1155 10 35
1101 1156 10 36
1101 1157 10 37
1101 1158 10 38
1102 1119 10 29
1102 1120 10 30
1102 1121 10 31
1102 1122 10 32
1102 1123 10 33
1102 1124 10 34
1102 1125 10 35
1102 1126 10 36
1102 1127 10 37
1102 1128 10 38
1102 1129 10 39
1102 1130 10 40
1102 1131 10 41
1102 1132 10 42
1102 1133 10 43
1102 1134 10 44
1102 1135 10 45
1102 1136 10 46
1102 1137 10 47
1102 1138 10 48
1102 1139 10 49
1102 1140 10 50
1102 1141 10 51
1102 1142 10 52
1102 1143 10 53
1102 1144 10 54
1102 1145 10 55
1102 1146 10 56
1102 1147 10 57
1102 1148 10 28
1102 1149 10 29
1102 1150 10 30
1102 1151 10 31
1102 1152 10 32
1102 1153 10 33
1102 1154 10 34
1102 1155 10 35
1102 1156 10 36
1102 1157 10 37
1102 1158 10 38
1103 1119 10 29
1103 1120 10 30
1103 1121 10 31
1103 1122 10 32
1103 1123 10 33
1103 1124 10 34
1103 1125 10 35
1103 1126 10 36
1103 1127 10 37
1103 1128 10 38
1103 1129 10 39
1103 1130 10 40
1103 1131 10 41
1103 1132 10 42
1103 1133 10 43
1103 1134 10 44
1103 1135 10 45
1103 1136 10 46
1103 1137 10 47
1103 1138 10 48
1103 1139 10 49
1103 1140 10 50
1103 1141 10 51
1103 1142 10 52
1103 1143 10 53
1103 1144 10 54
1103 1145 10 55
1103 1146 10 56
1103 1147 10 57
1103 1148 10 28
1103 1149 10 29
1103 1150 10 30
1103 1151 10 31
1103 1152 10 32
1103 1153 10 33
1103 1154 10 34
1103 1155 10 35
1103 1156 10 36
1103 1157 10 37
1103 1158 10 38
1104 1119 10 29
1104 1120 10 30
1104 1121 10 31
1104 1122 10 32
1104 1123 10 33
1104 1124 10 34
1104 1125 10 35
1104 1126 10 36
1104 1127 10 37
1104 1128 10 38
1104 1129 10 39
1104 1130 10 40
1104 1131 10 41
1104 1132 10 42
1104 1133 10 43
1104 1134 10 44
1104 1135 10 45
1104 1136 10 46
1104 1137 10 47
1104 1138 10 48
1104 1139 10 49
1104 1140 10 50
1104 1141 10 51
1104 1142 10 52
1104 1143 10 53
1104 1144 10 54
1104 1145 10 55
1104 1146 10 56
1104 1147 10 57
1104 1148 10 28
1104 1149 10 29
1104 1150 10 30
1104 1151 10 31
1104 1152 10 32
1104 1153 10 33
1104 1154 10 34
1104 1155 10 35
1104 1156 10 36
1104 1157 10 37
1104 1158 10 38
1105 1119 10 29
1105 1120 10 30
1105 1121 10 31
1105 1122 10 32
1105 1123 10 33
1105 1124 10 34
1105 1125 10 35
1105 1126 10 36
1105 1127 10 37
1105 1128 10 38
1105 1129 10 39
1105 1130 10 40
1105 1131 10 41
1105 1132 10 42
1105 1133 10 43
1105 1134 10 44
1105 1135 10 45
1105 1136 10 46
1105 1137 10 47
1105 1138 10 48
1105 1139 10 49
1105 1140 10 50
1105 1141 10 51
1105 1142 10 52
1105 1143 10 53
1105 1144 10 54
1105 1145 10 55
1105 1146 10 56
1105 1147 10 57
1105 1148 10 28
1105 1149 10 29
1105 1150 10 30
1105 1151 10 31
1105 1152 10 32
1105 1153 10 33
1105 1154 10 34
1105 1155 10 35
1105 1156 10 36
1105 1157 10 37
1105 1158 10 38
1106 1119 10 29
1106 1120 10 30
1106 1121 10 31
1106 1122 10 32
1106 1123 10 33
1106 1124 10 34
1106 1125 10 35
1106 1126 10 36
1106 1127 10 37
1106 1128 10 38
1106 1129 10 39
1106 1130 10 40
1106 1131 10 41
1106 1132 10 42
1106 1133 10 43
1106 1134 10 44
1106 1135 10 45
1106 1136 10 46
1106 1137 10 47
1106 1138 10 48
1106 1139 10 49
1106 1140 10 50
1106 1141 10 51
1106 1142 10 52
1106 1143 10 53
1106 1144 10 54
1106 1145 10 55
1106 1146 10 56
1106 1147 10 57
1106 1148 10 28
1106 1149 10 29
1106 1150 10 30
1106 1151 10 31
1106 1152 10 32
1106 1153 10 33
1106 1154 10 34
1106 1155 10 35
1106 1156 10 36
1106 1157 10 37
1106 1158 10 38
1107 1119 10 29
1107 1120 10 30
1107 1121 10 31
1107 1122 10 32
1107 1123 10 33
1107 1124 10 34
1107 1125 10 35
1107 1126 10 36
1107 1127 10 37
1107 1128 10 38
1107 1129 10 39
1107 1130 10 40
1107 1131 10 41
1107 1132 10 42
1107 1133 10 43
1107 1134 10 44
1107 1135 10 45
1107 1136 10 46
1107 1137 10 47
1107 1138 10 48
1107 1139 10 49
1107 1140 10 50
1107 1141 10 51
1107 1142 10 52
1107 1143 10 53
1107 1144 10 54
1107 1145 10 55
1107 1146 10 56
1107 1147 10 57
1107 1148 10 28
1107 1149 10 29
1107 1150 10 30
1107 1151 10 31
1107 1152 10 32
1107 1153 10 33
1107 1154 10 34
1107 1155 10 35
1107 1156 10 36
1107 1157 10 37
1107 1158 10 38
1108 1119 10 29
1108 1120 10 30
1108 1121 10 31
1108 1122 10 32
1108 1123 10 33
1108 1124 10 34
1108 1125 10 35
1108 1126 10 36
1108 1127 10 37
1108 1128 10 38
1108 1129 10 39
1108 1130 10 40
1108 1131 10 41
1108 1132 10 42
1108 1133 10 43
1108 1134 10 44
1108 1135 10 45
1108 1136 10 46
1108 1137 10 47
1108 1138 10 48
1108 1139 10 49
1108 1140 10 50
1108 1141 10 51
1108 1142 10 52
1108 1143 10 53
1108 1144 10 54
1108 1145 10 55
1108 1146 10 56
1108 1147 10 57
1108 1148 10 28
1108 1149 10 29
1108 1150 10 30
1108 1151 10 31
1108 1152 10 32
1108 1153 10 33
1108 1154 10 34
1108 1155 10 35
1108 1156 10 36
1108 1157 10 37
1108 1158 10 38
1109 1119 10 29
1109 1120 10 30
1109 1121 10 31
1109 1122 10 32
1109 1123 10 33
1109 1124 10 34
1109 1125 10 35
1109 1126 10 36
1109 1127 10 37
1109 1128 10 38
1109 1129 10 39
1109 1130 10 40
1109 1131 10 41
1109 1132 10 42
1109 1133 10 43
1109 1134 10 44
1109 1135 10 45
1109 1136 10 46
1109 1137 10 47
1109 1138 10 48
1109 1139 10 49
1109 1140 10 50
1109 1141 10 51
1109 1142 10 52
1109 1143 10 53
1109 1144 10 54
1109 1145 10 55
1109 1146 10 56
1109 1147 10 57
1109 1148 10 28
1109 1149 10 29
1109 1150 10 30
1109 1151 10 31
1109 1152 10 32
1109 1153 10 33
1109 1154 10 34
1109 1155 10 35
1109 1156 10 36
1109 1157 10 37
1109 1158 10 38
1110 1119 10 29
1110 1120 10 30
1110 1121 10 31
1110 1122 10 32
1110 1123 10 33
1110 1124 10 34
1110 1125 10 35
1110 1126 10 36
1110 1127 10 37
1110 1128 10 38
1110 1129 10 39
1110 1130 10 40
1110 1131 10 41
1110 1132 10 42
1110 1133 10 43
1110 1134 10 44
1110 1135 10 45
1110 1136 10 46
1110 1137 10 47
1110 1138 10 48
1110 1139 10 49
1110 1140 10 50
1110 1141 10 51
1110 1142 10 52
1110 1143 10 53
1110 1144 10 54
1110 1145 10 55
1110 1146 10 56
1110 1147 10 57
1110 1148 10 28
1110 1149 10 29
1110 1150 10 30
1110 1151 10 31
1110 1152 10 32
1110 1153 10 33
1110 1154 10 34
1110 1155 10 35
1110 1156 10 36
1110 1157 10 37
1110 1158 10 38
1111 1119 10 29
1111 1120 10 30
1111 1121 10 31
1111 1122 10 32
1111 1123 10 33
1111 1124 10 34
1111 1125 10 35
1111 1126 10 36
1111 1127 10 37
1111 1128 10 38
1111 1129 10 39
1111 1130 10 40
1111 1131 10 41
1111 1132 10 42
1111 1133 10 43
1111 1134 10 44
1111 1135 10 45
1111 1136 10 46
1111 1137 10 47
1111 1138 10 48
1111 1139 10 49
1111 1140 10 50
1111 1141 10 51
1111 1142 10 52
1111 1143 10 53
1111 1144 10 54
1111 1145 10 55
1111 1146 10 56
1111 1147 10 57
1111 1148 10 28
1111 1149 10 29
1111 1150 10 30
1111 1151 10 31
1111 1152 10 32
1111 1153 10 33
1111 1154 10 34
1111 1155 10 35
1111 1156 10 36
1111 1157 10 37
1111 1158 10 38
1112 1119 10 29
1112 1120 10 30
1112 1121 10 31
1112 1122 10 32
1112 1123 10 33
1112 1124 10 34
1112 1125 10 35
1112 1126 10 36
1112 1127 10 37
1112 1128 10 38
1112 1129 10 39
1112 1130 10 40
1112 1131 10 41
1112 1132 10 42
1112 1133 10 43
1112 1134 10 44
1112 1135 10 45
1112 1136 10 46
1112 1137 10 47
1112 1138 10 48
1112 1139 10 49
1112 1140 10 50
1112 1141 10 51
1112 1142 10 52
1112 1143 10 53
1112 1144 10 54
1112 1145 10 55
1112 1146 10 56
1112 1147 10 57
1112 1148 10 28
1112 1149 10 29
1112 1150 10 30
1112 1151 10 31
1112 1152 10 32
1112 1153 10 33
1112 1154 10 34
1112 1155 10 35
1112 1156 10 36
1112 1157 10 37
1112 1158 10 38
1113 1119 10 29
1113 1120 10 30
1113 1121 10 31
1113 1122 10 32
1113 1123 10 33
1113 1124 10 34
1113 1125 10 35
1113 1126 10 36
1113 1127 10 37
1113 1128 10 38
1113 1129 10 39
1113 1130 10 40
1113 1131 10 41
1113 1132 10 42
1113 1133 10 43
1113 1134 10 44
1113 1135 10 45
1113 1136 10 46
1113 1137 10 47
1113 1138 10 48
1113 1139 10 49
1113 1140 10 50
1113 1141 10 51
1113 1142 10 52
1113 1143 10 53
1113 1144 10 54
1113 1145 10 55
1113 1146 10 56
1113 1147 10 57
1113 1148 10 28
1113 1149 10 29
1113 1150 10 30
1113 1151 10 31
1113 1152 10 32
1113 1153 10 33
1113 1154 10 34
1113 1155 10 35
1113 1156 10 36
1113 1157 10 37
1113 1158 10 38
1114 1119 10 29
1114 1120 10 30
1114 1121 10 31
1114 1122 10 32
1114 1123 10 33
1114 1124 10 34
1114 1125 10 35
1114 1126 10 36
1114 1127 10 37
1114 1128 10 38
1114 1129 10 39
1114 1130 10 40
1114 1131 10 41
1114 1132 10 42
1114 1133 10 43
1114 1134 10 44
1114 1135 10 45
1114 1136 10 46
1114 1137 10 47
1114 1138 10 48
1114 1139 10 49
1114 1140 10 50
1114 1141 10 51
1114 1142 10 52
1114 1143 10 53
1114 1144 10 54
1114 1145 10 55
1114 1146 10 56
1114 1147 10 57
1114 1148 10 28
1114 1149 10 29
1114 1150 10 30
1114 1151 10 31
1114 1152 10 32
1114 1153 10 33
1114 1154 10 34
1114 1155 10 35
1114 1156 10 36
1114 1157 10 37
1114 1158 10 38
1115 1119 10 29
1115 1120 10 30
1115 1121 10 31
1115 1122 10 32
1115 1123 10 33
1115 1124 10 34
1115 1125 10 35
1115 1126 10 36
1115 1127 10 37
1115 1128 10 38
1115 1129 10 39
1115 1130 10 40
1115 1131 10 41
1115 1132 10 42
1115 1133 10 43
1115 1134 10 44
1115 1135 10 45
1115 1136 10 46
1115 1137 10 47
1115 1138 10 48
1115 1139 10 49
1115 1140 10 50
1115 1141 10 51
1115 1142 10 52
1115 1143 10 53
1115 1144 10 54
1115 1145 10 55
1115 1146 10 56
1115 1147 10 57
1115 1148 10 28
1115 1149 10 29
1115 1150 10 30
1115 1151 10 31
1115 1152 10 32
1115 1153 10 33
1115 1154 10 34
1115 1155 10 35
1115 1156 10 36
1115 1157 10 37
1115 1158 10 38
1116 1119 10 29
1116 1120 10 30
1116 1121 10 31
1116 1122 10 32
1116 1123 10 33
1116 1124 10 34
1116 1125 10 35
1116 1126 10 36
1116 1127 10 37
1116 1128 10 38
1116 1129 10 39
1116 1130 10 40
1116 1131 10 41
1116 1132 10 42
1116 1133 10 43
1116 1134 10 44
1116 1135 10 45
1116 1136 10 46
1116 1137 10 47
1116 1138 10 48
1116 1139 10 49
1116 1140 10 50
1116 1141 10 51
1116 1142 10 52
1116 1143 10 53
1116 1144 10 54
1116 1145 10 55
1116 1146 10 56
1116 1147 10 57
1116 1148 10 28
1116 1149 10 29
1116 1150 10 30
1116 1151 10 31
1116 1152 10 32
1116 1153 10 33
1116 1154 10 34
1116 1155 10 35
1116 1156 10 36
1116 1157 10 37
1116 1158 10 38
1117 1119 10 29
1117 1120 10 30
1117 1121 10 31
1117 1122 10 32
1117 1123 10 33
1117 1124 10 34
1117 1125 10 35
1117 1126 10 36
1117 1127 10 37
1117 1128 10 38
1117 1129 10 39
1117 1130 10 40
1117 1131 10 41
1117 1132 10 42
1117 1133 10 43
1117 1134 10 44
1117 1135 10 45
1117 1136 10 46
1117 1137 10 47
1117 1138 10 48
1117 1139 10 49
1117 1140 10 50
1117 1141 10 51
1117 1142 10 52
1117 1143 10 53
1117 1144 10 54
1117 1145 10 55
1117 1146 10 56
1117 1147 10 57
1117 1148 10 28
1117 1149 10 29
1117 1150 10 30
1117 1151 10 31
1117 1152 10 32
1117 1153 10 33
1117 1154 10 34
1117 1155 10 35
1117 1156 10 36
1117 1157 10 37
1117 1158 10 38
1118 1119 10 29
1118 1120 10 30
1118 1121 10 31
1118 1122 10 32
1118 1123 10 33
1118 1124 10 34
1118 1125 10 35
1118 1126 10 36
1118 1127 10 37
1118 1128 10 38
1118 1129 10 39
1118 1130 10 40
1118 1131 10 41
1118 1132 10 42
1118 1133 10 43
1118 1134 10 44
1118 1135 10 45
1118 1136 10 46
1118 1137 10 47
1118 1138 10 48
1118 1139 10 49
1118 1140 10 50
1118 1141 10 51
1118 1142 10 52
1118 1143 10 53
1118 1144 10 54
1118 1145 10 55
1118 1146 10 56
1118 1147 10 57
1118 1148 10 28
1118 1149 10 29
1118 1150 10 30
1118 1151 10 31
1118 1152 10 32
1118 1153 10 33
1118 1154 10 34
1118 1155 10 35
1118 1156 10 36
1118 1157 10 37
1118 1158 10 38
1119 1159 10 30
1119 1160 10 31
1119 1161 10 32
1119 1162 10 33
1119 1163 10 34
1119 1164 10 35
1119 1165 10 36
1119 1166 10 37
1119 1167 10 38
1119 1168 10 39
1119 1169 10 40
1119 1170 10 41
1119 1171 10 42
1119 1172 10 43
1119 1173 10 44
1119 1174 10 45
1119 1175 10 46
1119 1176 10 47
1119 1177 10 48
1119 1178 10 49
1119 1179 10 50
1119 1180 10 51
1119 1181 10 52
1119 1182 10 53
1119 1183 10 54
1119 1184 10 55
1119 1185 10 56
1119 1186 10 57
1119 1187 10 58
1119 1188 10 29
1119 1189 10 30
1119 1190 10 31
1119 1191 10 32
1119 1192 10 33
1119 1193 10 34
1119 1194 10 35
1119 1195 10 36
1119 1196 10 37
1119 1197 10 38
1119 1198 10 39
1120 1159 10 30
1120 1160 10 31
1120 1161 10 32
1120 1162 10 33
1120 1163 10 34
1120 1164 10 35
1120 1165 10 36
1120 1166 10 37
1120 1167 10 38
1120 1168 10 39
1120 1169 10 40
1120 1170 10 41
1120 1171 10 42
1120 1172 10 43
1120 1173 10 44
1120 1174 10 45
1120 1175 10 46
1120 1176 10 47
1120 1177 10 48
1120 1178 10 49
1120 1179 10 50
1120 1180 10 51
1120 1181 10 52
1120 1182 10 53
1120 1183 10 54
1120 1184 10 55
1120 1185 10 56
1120 1186 10 57
1120 1187 10 58
1120 1188 10 29
1120 1189 10 30
1120 1190 10 31
1120 1191 10 32
1120 1192 10 33
1120 1193 10 34
1120 1194 10 35
1120 1195 10 36
1120 1196 10 37
1120 1197 10 38
1120 1198 10 39
1121 1159 10 30
1121 1160 10 31
1121 1161 10 32
1121 1162 10 33
1121 1163 10 34
1121 1164 10 35
1121 1165 10 36
1121 1166 10 37
1121 1167 10 38
1121 1168 10 39
1121 1169 10 40
1121 1170 10 41
1121 1171 10 42
1121 1172 10 43
1121 1173 10 44
1121 1174 10 45
1121 1175 10 46
1121 1176 10 47
1121 1177 10 48
1121 1178 10 49
1121 1179 10 50
1121 1180 10 51
1121 1181 10 52
1121 1182 10 53
1121 1183 10 54
1121 1184 10 55
1121 1185 10 56
1121 1186 10 57
1121 1187 10 58
1121 1188 10 29
1121 1189 10 30
1121 1190 10 31
1121 1191 10 32
1121 1192 10 33
1121 1193 10 34
1121 1194 10 35
1121 1195 10 36
1121 1196 10 37
1121 1197 10 38
1121 1198 10 39
1122 1159 10 30
1122 1160 10 31
1122 1161 10 32
1122 1162 10 33
1122 1163 10 34
1122 1164 10 35
1122 1165 10 36
1122 1166 10 37
1122 1167 10 38
1122 1168 10 39
1122 1169 10 40
1122 1170 10 41
1122 1171 10 42
1122 1172 10 43
1122 1173 10 44
1122 1174 10 45
1122 1175 10 46
1122 1176 10 47
1122 1177 10 48
1122 1178 10 49
1122 1179 10 50
1122 1180 10 51
1122 1181 10 52
1122 1182 10 53
1122 1183 10 54
1122 1184 10 55
1122 1185 10 56
1122 1186 10 57
1122 1187 10 58
1122 1188 10 29
1122 1189 10 30
1122 1190 10 31
1122 1191 10 32
1122 1192 10 33
1122 1193 10 34
1122 1194 10 35
1122 1195 10 36
1122 1196 10 37
1122 1197 10 38
1122 1198 10 39
1123 1159 10 30
1123 1160 10 31
1123 1161 10 32
1123 1162 10 33
1123 1163 10 34
1123 1164 10 35
1123 1165 10 36
1123 1166 10 37
1123 1167 10 38
1123 1168 10 39
1123 1169 10 40
1123 1170 10 41
1123 1171 10 42
1123 1172 10 43
1123 1173 10 44
1123 1174 10 45
1123 1175 10 46
1123 1176 10 47
1123 1177 10 48
1123 1178 10 49
1123 1179 10 50
1123 1180 10 51
1123 1181 10 52
1123 1182 10 53
1123 1183 10 54
1123 1184 10 55
1123 1185 10 56
1123 1186 10 57
1123 1187 10 58
1123 1188 10 29
1123 1189 10 30
1123 1190 10 31
1123 1191 10 32
1123 1192 10 33
1123 1193 10 34
1123 1194 10 35
1123 1195 10 36
1123 1196 10 37
1123 1197 10 38
1123 1198 10 39
1124 1159 10 30
1124 1160 10 31
1124 1161 10 32
1124 1162 10 33
1124 1163 10 34
1124 1164 10 35
1124 1165 10 36
1124 1166 10 37
1124 1167 10 38
1124 1168 10 39
1124 1169 10 40
1124 1170 10 41
1124 1171 10 42
1124 1172 10 43
1124 1173 10 44
1124 1174 10 45
1124 1175 10 46
1124 1176 10 47
1124 1177 10 48
1124 1178 10 49
1124 1179 10 50
1124 1180 10 51
1124 1181 10 52
1124 1182 10 53
1124 1183 10 54
1124 1184 10 55
1124 1185 10 56
1124 1186 10 57
1124 1187 10 58
1124 1188 10 29
1124 1189 10 30
1124 1190 10 31
1124 1191 10 32
1124 1192 10 33
1124 1193 10 34
1124 1194 10 35
1124 1195 10 36
1124 1196 10 37
1124 1197 10 38
1124 1198 10 39
1125 1159 10 30
1125 1160 10 31
1125 1161 10 32
1125 1162 10 33
1125 1163 10 34
1125 1164 10 35
1125 1165 10 36
1125 1166 10 37
1125 1167 10 38
1125 1168 10 39
1125 1169 10 40
1125 1170 10 41
1125 1171 10 42
1125 1172 10 43
1125 1173 10 44
1125 1174 10 45
1125 1175 10 46
1125 1176 10 47
1125 1177 10 48
1125 1178 10 49
1125 1179 10 50
1125 1180 10 51
1125 1181 10 52
1125 1182 10 53
1125 1183 10 54
1125 1184 10 55
1125 1185 10 56
1125 1186 10 57
1125 1187 10 58
1125 1188 10 29
1125 1189 10 30
1125 1190 10 31
1125 1191 10 32
1125 1192 10 33
1125 1193 10 34
1125 1194 10 35
1125 1195 10 36
1125 1196 10 37
1125 1197 10 38
1125 1198 10 39
1126 1159 10 30
1126 1160 10 31
1126 1161 10 32
1126 1162 10 33
1126 1163 10 34
1126 1164 10 35
1126 1165 10 36
1126 1166 10 37
1126 1167 10 38
1126 1168 10 39
1126 1169 10 40
1126 1170 10 41
1126 1171 10 42
1126 1172 10 43
1126 1173 10 44
1126 1174 10 45
1126 1175 10 46
1126 1176 10 47
1126 1177 10 48
1126 1178 10 49
1126 1179 10 50
1126 1180 10 51
1126 1181 10 52
1126 1182 10 53
1126 1183 10 54
1126 1184 10 55
1126 1185 10 56
1126 1186 10 57
1126 1187 10 58
1126 1188 10 29
1126 1189 10 30
1126 1190 10 31
1126 1191 10 32
1126 1192 10 33
1126 1193 10 34
1126 1194 10 35
1126 1195 10 36
1126 1196 10 37
1126 1197 10 38
1126 1198 10 39
1127 1159 10 30
1127 1160 10 31
1127 1161 10 32
1127 1162 10 33
1127 1163 10 34
1127 1164 10 35
1127 1165 10 36
1127 1166 10 37
1127 1167 10 38
1127 1168 10 39
1127 1169 10 40
1127 1170 10 41
1127 1171 10 42
1127 1172 10 43
1127 1173 10 44
1127 1174 10 45
1127 1175 10 46
1127 1176 10 47
1127 1177 10 48
1127 1178 10 49
1127 1179 10 50
1127 1180 10 51
1127 1181 10 52
1127 1182 10 53
1127 1183 10 54
1127 1184 10 55
1127 1185 10 56
1127 1186 10 57
1127 1187 10 58
1127 1188 10 29
1127 1189 10 30
1127 1190 10 31
1127 1191 10 32
1127 1192 10 33
1127 1193 10 34
1127 1194 10 35
1127 1195 10 36
1127 1196 10 37
1127 1197 10 38
1127 1198 10 39
1128 1159 10 30
1128 1160 10 31
1128 1161 10 32
1128 1162 10 33
1128 1163 10 34
1128 1164 10 35
1128 1165 10 36
1128 1166 10 37
1128 1167 10 38
1128 1168 10 39
1128 1169 10 40
1128 1170 10 41
1128 1171 10 42
1128 1172 10 43
1128 1173 10 44
1128 1174 10 45
1128 1175 10 46
1128 1176 10 47
1128 1177 10 48
1128 1178 10 49
1128 1179 10 50
1128 1180 10 51
1128 1181 10 52
1128 1182 10 53
1128 1183 10 54
1128 1184 10 55
1128 1185 10 56
1128 1186 10 57
1128 1187 10 58
1128 1188 10 29
1128 1189 10 30
1128 1190 10 31
1128 1191 10 32
1128 1192 10 33
1128 1193 10 34
1128 1194 10 35
1128 1195 10 36
1128 1196 10 37
1128 1197 10 38
1128 1198 10 39
1129 1159 10 30
1129 1160 10 31
1129 1161 10 32
1129 1162 10 33
1129 1163 10 34
1129 1164 10 35
1129 1165 10 36
1129 1166 10 37
1129 1167 10 38
1129 1168 10 39
1129 1169 10 40
1129 1170 10 41
1129 1171 10 42
1129 1172 10 43
1129 1173 10 44
1129 1174 10 45
1129 1175 10 46
1129 1176 10 47
1129 1177 10 48
1129 1178 10 49
1129 1179 10 50
1129 1180 10 51
1129 1181 10 52
1129 1182 10 53
1129 1183 10 54
1129 1184 10 55
1129 1185 10 56
1129 1186 10 57
1129 1187 10 58
1129 1188 10 29
1129 1189 10 30
1129 1190 10 31
1129 1191 10 32
1129 1192 10 33
1129 1193 10 34
1129 1194 10 35
1129 1195 10 36
1129 1196 10 37
1129 1197 10 38
1129 1198 10 39
1130 1159 10 30
1130 1160 10 31
1130 1161 10 32
1130 1162 10 33
1130 1163 10 34
1130 1164 10 35
1130 1165 10 36
1130 1166 10 37
1130 1167 10 38
1130 1168 10 39
1130 1169 10 40
1130 1170 10 41
1130 1171 10 42
1130 1172 10 43
1130 1173 10 44
1130 1174 10 45
1130 1175 10 46
1130 1176 10 47
1130 1177 10 48
1130 1178 10 49
1130 1179 10 50
1130 1180 10 51
1130 1181 10 52
1130 1182 10 53
1130 1183 10 54
1130 1184 10 55
1130 1185 10 56
1130 1186 10 57
1130 1187 10 58
1130 1188 10 29
1130 1189 10 30
1130 1190 10 31
1130 1191 10 32
1130 1192 10 33
1130 1193 10 34
1130 1194 10 35
1130 1195 10 36
1130 1196 10 37
1130 1197 10 38
1130 1198 10 39
1131 1159 10 30
1131 1160 10 31
1131 1161 10 32
1131 1162 10 33
1131 1163 10 34
1131 1164 10 35
1131 1165 10 36
1131 1166 10 37
1131 1167 10 38
1131 1168 10 39
1131 1169 10 40
1131 1170 10 41
1131 1171 10 42
1131 1172 10 43
1131 1173 10 44
1131 1174 10 45
1131 1175 10 46
1131 1176 10 47
1131 1177 10 48
1131 1178 10 49
1131 1179 10 50
1131 1180 10 51
1131 1181 10 52
1131 1182 10 53
1131 1183 10 54
1131 1184 10 55
1131 1185 10 56
1131 1186 10 57
1131 1187 10 58
1131 1188 10 29
1131 1189 10 30
1131 1190 10 31
1131 1191 10 32
1131 1192 10 33
1131 1193 10 34
1131 1194 10 35
1131 1195 10 36
1131 1196 10 37
1131 1197 10 38
1131 1198 10 39
1132 1159 10 30
1132 1160 10 31
1132 1161 10 32
1132 1162 10 33
1132 1163 10 34
1132 1164 10 35
1132 1165 10 36
1132 1166 10 37
1132 1167 10 38
1132 1168 10 39
1132 1169 10 40
1132 1170 10 41
1132 1171 10 42
1132 1172 10 43
1132 1173 10 44
1132 1174 10 45
1132 1175 10 46
1132 1176 10 47
1132 1177 10 48
1132 1178 10 49
1132 1179 10 50
1132 1180 10 51
1132 1181 10 52
1132 1182 10 53
1132 1183 10 54
1132 1184 10 55
1132 1185 10 56
1132 1186 10 57
1132 1187 10 58
1132 1188 10 29
1132 1189 10 30
1132 1190 10 31
1132 1191 10 32
1132 1192 10 33
1132 1193 10 34
1132 1194 10 35
1132 1195 10 36
1132 1196 10 37
1132 1197 10 38
1132 1198 10 39
1133 1159 10 30
1133 1160 10 31
1133 1161 10 32
1133 1162 10 33
1133 1163 10 34
1133 1164 10 35
1133 1165 10 36
1133 1166 10 37
1133 1167 10 38
1133 1168 10 39
1133 1169 10 40
1133 1170 10 41
1133 1171 10 42
1133 1172 10 43
1133 1173 10 44
1133 1174 10 45
1133 1175 10 46
1133 1176 10 47
1133 1177 10 48
1133 1178 10 49
1133 1179 10 50
1133 1180 10 51
1133 1181 10 52
1133 1182 10 53
1133 1183 10 54
1133 1184 10 55
1133 1185 10 56
1133 1186 10 57
1133 1187 10 58
1133 1188 10 29
1133 1189 10 30
1133 1190 10 31
1133 1191 10 32
1133 1192 10 33
1133 1193 10 34
1133 1194 10 35
1133 1195 10 36
1133 1196 10 37
1133 1197 10 38
1133 1198 10 39
1134 1159 10 30
1134 1160 10 31
1134 1161 10 32
1134 1162 10 33
1134 1163 10 34
1134 1164 10 35
1134 1165 10 36
1134 1166 10 37
1134 1167 10 38
1134 1168 10 39
1134 1169 10 40
1134 1170 10 41
1134 1171 10 42
1134 1172 10 43
1134 1173 10 44
1134 1174 10 45
1134 1175 10 46
1134 1176 10 47
1134 1177 10 48
1134 1178 10 49
1134 1179 10 50
1134 1180 10 51
1134 1181 10 52
1134 1182 10 53
1134 1183 10 54
1134 1184 10 55
1134 1185 10 56
1134 1186 10 57
1134 1187 10 58
1134 1188 10 29
1134 1189 10 30
1134 1190 10 31
1134 1191 10 32
1134 1192 10 33
1134 1193 10 34
1134 1194 10 35
1134 1195 10 36
1134 1196 10 37
1134 1197 10 38
1134 1198 10 39
1135 1159 10 30
1135 1160 10 31
1135 1161 10 32
1135 1162 10 33
1135 1163 10 34
1135 1164 10 35
1135 1165 10 36
1135 1166 10 37
1135 1167 10 38
1135 1168 10 39
1135 1169 10 40
1135 1170 10 41
1135 1171 10 42
1135 1172 10 43
1135 1173 10 44
1135 1174 10 45
1135 1175 10 46
1135 1176 10 47
1135 1177 10 48
1135 1178 10 49
1135 1179 10 50
1135 1180 10 51
1135 1181 10 52
1135 1182 10 53
1135 1183 10 54
1135 1184 10 55
1135 1185 10 56
1135 1186 10 57
1135 1187 10 58
1135 1188 10 29
1135 1189 10 30
1135 1190 10 31
1135 1191 10 32
1135 1192 10 33
1135 1193 10 34
1135 1194 10 35
1135 1195 10 36
1135 1196 10 37
1135 1197 10 38
1135 1198 10 39
1136 1159 10 30
1136 1160 10 31
1136 1161 10 32
1136 1162 10 33
1136 1163 10 34
1136 1164 10 35
1136 1165 10 36
1136 1166 10 37
1136 1167 10 38
1136 1168 10 39
1136 1169 10 40
1136 1170 10 41
1136 1171 10 42
1136 1172 10 43
1136 1173 10 44
1136 1174 10 45
1136 1175 10 46
1136 1176 10 47
1136 1177 10 48
1136 1178 10 49
1136 1179 10 50
1136 1180 10 51
1136 1181 10 52
1136 1182 10 53
1136 1183 10 54
1136 1184 10 55
1136 1185 10 56
1136 1186 10 57
1136 1187 10 58
1136 1188 10 29
1136 1189 10 30
1136 1190 10 31
1136 1191 10 32
1136 1192 10 33
1136 1193 10 34
1136 1194 10 35
1136 1195 10 36
1136 1196 10 37
1136 1197 10 38
1136 1198 10 39
1137 1159 10 30
1137 1160 10 31
1137 1161 10 32
1137 1162 10 33
1137 1163 10 34
1137 1164 10 35
1137 1165 10 36
1137 1166 10 37
1137 1167 10 38
1137 1168 10 39
1137 1169 10 40
1137 1170 10 41
1137 1171 10 42
1137 1172 10 43
1137 1173 10 44
1137 1174 10 45
1137 1175 10 46
1137 1176 10 47
1137 1177 10 48
1137 1178 10 49
1137 1179 10 50
1137 1180 10 51
1137 1181 10 52
1137 1182 10 53
1137 1183 10 54
1137 1184 10 55
1137 1185 10 56
1137 1186 10 57
1137 1187 10 58
1137 1188 10 29
1137 1189 10 30
1137 1190 10 31
1137 1191 10 32
1137 1192 10 33
1137 1193 10 34
1137 1194 10 35
1137 1195 10 36
1137 1196 10 37
1137 1197 10 38
1137 1198 10 39
1138 1159 10 30
1138 1160 10 31
1138 1161 10 32
1138 1162 10 33
1138 1163 10 34
1138 1164 10 35
1138 1165 10 36
1138 1166 10 37
1138 1167 10 38
1138 1168 10 39
1138 1169 10 40
1138 1170 10 41
1138 1171 10 42
1138 1172 10 43
1138 1173 10 44
1138 1174 10 45
1138 1175 10 46
1138 1176 10 47
1138 1177 10 48
1138 1178 10 49
1138 1179 10 50
1138 1180 10 51
1138 1181 10 52
1138 1182 10 53
1138 1183 10 54
1138 1184 10 55
1138 1185 10 56
1138 1186 10 57
1138 1187 10 58
1138 1188 10 29
1138 1189 10 30
1138 1190 10 31
1138 1191 10 32
1138 1192 10 33
1138 1193 10 34
1138 1194 10 35
1138 1195 10 36
1138 1196 10 37
1138 1197 10 38
1138 1198 10 39
1139 1159 10 30
1139 1160 10 31
1139 1161 10 32
1139 1162 10 33
1139 1163 10 34
1139 1164 10 35
1139 1165 10 36
1139 1166 10 37
1139 1167 10 38
1139 1168 10 39
1139 1169 10 40
1139 1170 10 41
1139 1171 10 42
1139 1172 10 43
1139 1173 10 44
1139 1174 10 45
1139 1175 10 46
1139 1176 10 47
1139 1177 10 48
1139 1178 10 49
1139 1179 10 50
1139 1180 10 51
1139 1181 10 52
1139 1182 10 53
1139 1183 10 54
1139 1184 10 55
1139 1185 10 56
1139 1186 10 57
1139 1187 10 58
1139 1188 10 29
1139 1189 10 30
1139 1190 10 31
1139 1191 10 32
1139 1192 10 33
1139 1193 10 34
1139 1194 10 35
1139 1195 10 36
1139 1196 10 37
1139 1197 10 38
1139 1198 10 39
1140 1159 10 30
1140 1160 10 31
1140 1161 10 32
1140 1162 10 33
1140 1163 10 34
1140 1164 10 35
1140 1165 10 36
1140 1166 10 37
1140 1167 10 38
1140 1168 10 39
1140 1169 10 40
1140 1170 10 41
1140 1171 10 42
1140 1172 10 43
1140 1173 10 44
1140 1174 10 45
1140 1175 10 46
1140 1176 10 47
1140 1177 10 48
1140 1178 10 49
1140 1179 10 50
1140 1180 10 51
1140 1181 10 52
1140 1182 10 53
1140 1183 10 54
1140 1184 10 55
1140 1185 10 56
1140 1186 10 57
1140 1187 10 58
1140 1188 10 29
1140 1189 10 30
1140 1190 10 31
1140 1191 10 32
1140 1192 10 33
1140 1193 10 34
1140 1194 10 35
1140 1195 10 36
1140 1196 10 37
1140 1197 10 38
1140 1198 10 39
1141 1159 10 30
1141 1160 10 31
1141 1161 10 32
1141 1162 10 33
1141 1163 10 34
1141 1164 10 35
1141 1165 10 36
1141 1166 10 37
1141 1167 10 38
1141 1168 10 39
1141 1169 10 40
1141 1170 10 41
1141 1171 10 42
1141 1172 10 43
1141 1173 10 44
1141 1174 10 45
1141 1175 10 46
1141 1176 10 47
1141 1177 10 48
1141 1178 10 49
1141 1179 10 50
1141 1180 10 51
1141 1181 10 52
1141 1182 10 53
1141 1183 10 54
1141 1184 10 55
1141 1185 10 56
1141 1186 10 57
1141 1187 10 58
1141 1188 10 29
1141 1189 10 30
1141 1190 10 31
1141 1191 10 32
1141 1192 10 33
1141 1193 10 34
1141 1194 10 35
1141 1195 10 36
1141 1196 10 37
1141 1197 10 38
1141 1198 10 39
1142 1159 10 30
1142 1160 10 31
1142 1161 10 32
1142 1162 10 33
1142 1163 10 34
1142 1164 10 35
1142 1165 10 36
1142 1166 10 37
1142 1167 10 38
1142 1168 10 39
1142 1169 10 40
1142 1170 10 41
1142 1171 10 42
1142 1172 10 43
1142 1173 10 44
1142 1174 10 45
1142 1175 10 46
1142 1176 10 47
1142 1177 10 48
1142 1178 10 49
1142 1179 10 50
1142 1180 10 51
1142 1181 10 52
1142 1182 10 53
1142 1183 10 54
1142 1184 10 55
1142 1185 10 56
1142 1186 10 57
1142 1187 10 58
1142 1188 10 29
1142 1189 10 30
1142 1190 10 31
1142 1191 10 32
1142 1192 10 33
1142 1193 10 34
1142 1194 10 35
1142 1195 10 36
1142 1196 10 37
1142 1197 10 38
1142 1198 10 39
1143 1159 10 30
1143 1160 10 31
1143 1161 10 32
1143 1162 10 33
1143 1163 10 34
1143 1164 10 35
1143 1165 10 36
1143 1166 10 37
1143 1167 10 38
1143 1168 10 39
1143 1169 10 40
1143 1170 10 41
1143 1171 10 42
1143 1172 10 43
1143 1173 10 44
1143 1174 10 45
1143 1175 10 46
1143 1176 10 47
1143 1177 10 48
1143 1178 10 49
1143 1179 10 50
1143 1180 10 51
1143 1181 10 52
1143 1182 10 53
1143 1183 10 54
1143 1184 10 55
1143 1185 10 56
1143 1186 10 57
1143 1187 10 58
1143 1188 10 29
1143 1189 10 30
1143 1190 10 31
1143 1191 10 32
1143 1192 10 33
1143 1193 10 34
1143 1194 10 35
1143 1195 10 36
1143 1196 10 37
1143 1197 10 38
1143 1198 10 39
1144 1159 10 30
1144 1160 10 31
1144 1161 10 32
1144 1162 10 33
1144 1163 10 34
1144 1164 10 35
1144 1165 10 36
1144 1166 10 37
1144 1167 10 38
1144 1168 10 39
1144 1169 10 40
1144 1170 10 41
1144 1171 10 42
1144 1172 10 43
1144 1173 10 44
1144 1174 10 45
1144 1175 10 46
1144 1176 10 47
1144 1177 10 48
1144 1178 10 49
1144 1179 10 50
1144 1180 10 51
1144 1181 10 52
1144 1182 10 53
1144 1183 10 54
1144 1184 10 55
1144 1185 10 56
1144 1186 10 57
1144 1187 10 58
1144 1188 10 29
1144 1189 10 30
1144 1190 10 31
1144 1191 10 32
1144 1192 10 33
1144 1193 10 34
1144 1194 10 35
1144 1195 10 36
1144 1196 10 37
1144 1197 10 38
1144 1198 10 39
1145 1159 10 30
1145 1160 10 31
1145 1161 10 32
1145 1162 10 33
1145 1163 10 34
1145 1164 10 35
1145 1165 10 36
1145 1166 10 37
1145 1167 10 38
1145 1168 10 39
1145 1169 10 40
1145 1170 10 41
1145 1171 10 42
1145 1172 10 43
1145 1173 10 44
1145 1174 10 45
1145 1175 10 46
1145 1176 10 47
1145 1177 10 48
1145 1178 10 49
1145 1179 10 50
1145 1180 10 51
1145 1181 10 52
1145 1182 10 53
1145 1183 10 54
1145 1184 10 55
1145 1185 10 56
1145 1186 10 57
1145 1187 10 58
1145 1188 10 29
1145 1189 10 30
1145 1190 10 31
1145 1191 10 32
1145 1192 10 33
1145 1193 10 34
1145 1194 10 35
1145 1195 10 36
1145 1196 10 37
1145 1197 10 38
1145 1198 10 39
1146 1159 10 30
1146 1160 10 31
1146 1161 10 32
1146 1162 10 33
1146 1163 10 34
1146 1164 10 35
1146 1165 10 36
1146 1166 10 37
1146 1167 10 38
1146 1168 10 39
1146 1169 10 40
1146 1170 10 41
1146 1171 10 42
1146 1172 10 43
1146 1173 10 44
1146 1174 10 45
1146 1175 10 46
1146 1176 10 47
1146 1177 10 48
1146 1178 10 49
1146 1179 10 50
1146 1180 10 51
1146 1181 10 52
1146 1182 10 53
1146 1183 10 54
1146 1184 10 55
1146 1185 10 56
1146 1186 10 57
1146 1187 10 58
1146 1188 10 29
1146 1189 10 30
1146 1190 10 31
1146 1191 10 32
1146 1192 10 33
1146 1193 10 34
1146 1194 10 35
1146 1195 10 36
1146 1196 10 37
1146 1197 10 38
1146 1198 10 39
1147 1159 10 30
1147 1160 10 31
1147 1161 10 32
1147 1162 10 33
1147 1163 10 34
1147 1164 10 35
1147 1165 10 36
1147 1166 10 37
1147 1167 10 38
1147 1168 10 39
1147 1169 10 40
1147 1170 10 41
1147 1171 10 42
1147 1172 10 43
1147 1173 10 44
1147 1174 10 45
1147 1175 10 46
1147 1176 10 47
1147 1177 10 48
1147 1178 10 49
1147 1179 10 50
1147 1180 10 51
1147 1181 10 52
1147 1182 10 53
1147 1183 10 54
1147 1184 10 55
1147 1185 10 56
1147 1186 10 57
1147 1187 10 58
1147 1188 10 29
1147 1189 10 30
1147 1190 10 31
1147 1191 10 32
1147 1192 10 33
1147 1193 10 34
1147 1194 10 35
1147 1195 10 36
1147 1196 10 37
1147 1197 10 38
1147 1198 10 39
1148 1159 10 30
1148 1160 10 31
1148 1161 10 32
1148 1162 10 33
1148 1163 10 34
1148 1164 10 35
1148 1165 10 36
1148 1166 10 37
1148 1167 10 38
1148 1168 10 39
1148 1169 10 40
1148 1170 10 41
1148 1171 10 42
1148 1172 10 43
1148 1173 10 44
1148 1174 10 45
1148 1175 10 46
1148 1176 10 47
1148 1177 10 48
1148 1178 10 49
1148 1179 10 50
1148 1180 10 51
1148 1181 10 52
1148 1182 10 53
1148 1183 10 54
1148 1184 10 55
1148 1185 10 56
1148 1186 10 57
1148 1187 10 58
1148 1188 10 29
1148 1189 10 30
1148 1190 10 31
1148 1191 10 32
1148 1192 10 33
1148 1193 10 34
1148 1194 10 35
1148 1195 10 36
1148 1196 10 37
1148 1197 10 38
1148 1198 10 39
1149 1159 10 30
1149 1160 10 31
1149 1161 10 32
1149 1162 10 33
1149 1163 10 34
1149 1164 10 35
1149 1165 10 36
1149 1166 10 37
1149 1167 10 38
1149 1168 10 39
1149 1169 10 40
1149 1170 10 41
1149 1171 10 42
1149 1172 10 43
1149 1173 10 44
1149 1174 10 45
1149 1175 10 46
1149 1176 10 47
1149 1177 10 48
1149 1178 10 49
1149 1179 10 50
1149 1180 10 51
1149 1181 10 52
1149 1182 10 53
1149 1183 10 54
1149 1184 10 55
1149 1185 10 56
1149 1186 10 57
1149 1187 10 58
1149 1188 10 29
1149 1189 10 30
1149 1190 10 31
1149 1191 10 32
1149 1192 10 33
1149 1193 10 34
1149 1194 10 35
1149 1195 10 36
1149 1196 10 37
1149 1197 10 38
1149 1198 10 39
1150 1159 10 30
1150 1160 10 31
1150 1161 10 32
1150 1162 10 33
1150 1163 10 34
1150 1164 10 35
1150 1165 10 36
1150 1166 10 37
1150 1167 10 38
1150 1168 10 39
1150 1169 10 40
1150 1170 10 41
1150 1171 10 42
1150 1172 10 43
1150 1173 10 44
1150 1174 10 45
1150 1175 10 46
1150 1176 10 47
1150 1177 10 48
1150 1178 10 49
1150 1179 10 50
1150 1180 10 51
1150 1181 10 52
1150 1182 10 53
1150 1183 10 54
1150 1184 10 55
1150 1185 10 56
1150 1186 10 57
1150 1187 10 58
1150 1188 10 29
1150 1189 10 30
1150 1190 10 31
1150 1191 10 32
1150 1192 10 33
1150 1193 10 34
1150 1194 10 35
1150 1195 10 36
1150 1196 10 37
1150 1197 10 38
1150 1198 10 39
1151 1159 10 30
1151 1160 10 31
1151 1161 10 32
1151 1162 10 33
1151 1163 10 34
1151 1164 10 35
1151 1165 10 36
1151 1166 10 37
1151 1167 10 38
1151 1168 10 39
1151 1169 10 40
1151 1170 10 41
1151 1171 10 42
1151 1172 10 43
1151 1173 10 44
1151 1174 10 45
1151 1175 10 46
1151 1176 10 47
1151 1177 10 48
1151 1178 10 49
1151 1179 10 50
1151 1180 10 51
1151 1181 10 52
1151 1182 10 53
1151 1183 10 54
1151 1184 10 55
1151 1185 10 56
1151 1186 10 57
1151 1187 10 58
1151 1188 10 29
1151 1189 10 30
1151 1190 10 31
1151 1191 10 32
1151 1192 10 33
1151 1193 10 34
1151 1194 10 35
1151 1195 10 36
1151 1196 10 37
1151 1197 10 38
1151 1198 10 39
1152 1159 10 30
1152 1160 10 31
1152 1161 10 32
1152 1162 10 33
1152 1163 10 34
1152 1164 10 35
1152 1165 10 36
1152 1166 10 37
1152 1167 10 38
1152 1168 10 39
1152 1169 10 40
1152 1170 10 41
1152 1171 10 42
1152 1172 10 43
1152 1173 10 44
1152 1174 10 45
1152 1175 10 46
1152 1176 10 47
1152 1177 10 48
1152 1178 10 49
1152 1179 10 50
1152 1180 10 51
1152 1181 10 52
1152 1182 10 53
1152 1183 10 54
1152 1184 10 55
1152 1185 10 56
1152 1186 10 57
1152 1187 10 58
1152 1188 10 29
1152 1189 10 30
1152 1190 10 31
1152 1191 10 32
1152 1192 10 33
1152 1193 10 34
1152 1194 10 35
1152 1195 10 36
1152 1196 10 37
1152 1197 10 38
1152 1198 10 39
1153 1159 10 30
1153 1160 10 31
1153 1161 10 32
1153 1162 10 33
1153 1163 10 34
1153 1164 10 35
1153 1165 10 36
1153 1166 10 37
1153 1167 10 38
1153 1168 10 39
1153 1169 10 40
1153 1170 10 41
1153 1171 10 42
1153 1172 10 43
1153 1173 10 44
1153 1174 10 45
1153 1175 10 46
1153 1176 10 47
1153 1177 10 48
1153 1178 10 49
1153 1179 10 50
1153 1180 10 51
1153 1181 10 52
1153 1182 10 53
1153 1183 10 54
1153 1184 10 55
1153 1185 10 56
1153 1186 10 57
1153 1187 10 58
1153 1188 10 29
1153 1189 10 30
1153 1190 10 31
1153 1191 10 32
1153 1192 10 33
1153 1193 10 34
1153 1194 10 35
1153 1195 10 36
1153 1196 10 37
1153 1197 10 38
1153 1198 10 39
1154 1159 10 30
1154 1160 10 31
1154 1161 10 32
1154 1162 10 33
1154 1163 10 34
1154 1164 10 35
1154 1165 10 36
1154 1166 10 37
1154 1167 10 38
1154 1168 10 39
1154 1169 10 40
1154 1170 10 41
1154 1171 10 42
1154 1172 10 43
1154 1173 10 44
1154 1174 10 45
1154 1175 10 46
1154 1176 10 47
1154 1177 10 48
1154 1178 10 49
1154 1179 10 50
1154 1180 10 51
1154 1181 10 52
1154 1182 10 53
1154 1183 10 54
1154 1184 10 55
1154 1185 10 56
1154 1186 10 57
1154 1187 10 58
1154 1188 10 29
1154 1189 10 30
1154 1190 10 31
1154 1191 10 32
1154 1192 10 33
1154 1193 10 34
1154 1194 10 35
1154 1195 10 36
1154 1196 10 37
1154 1197 10 38
1154 1198 10 39
1155 1159 10 30
1155 1160 10 31
1155 1161 10 32
1155 1162 10 33
1155 1163 10 34
1155 1164 10 35
1155 1165 10 36
1155 1166 10 37
1155 1167 10 38
1155 1168 10 39
1155 1169 10 40
1155 1170 10 41
1155 1171 10 42
1155 1172 10 43
1155 1173 10 44
1155 1174 10 45
1155 1175 10 46
1155 1176 10 47
1155 1177 10 48
1155 1178 10 49
1155 1179 10 50
1155 1180 10 51
1155 1181 10 52
1155 1182 10 53
1155 1183 10 54
1155 1184 10 55
1155 1185 10 56
1155 1186 10 57
1155 1187 10 58
1155 1188 10 29
1155 1189 10 30
1155 1190 10 31
1155 1191 10 32
1155 1192 10 33
1155 1193 10 34
1155 1194 10 35
1155 1195 10 36
1155 1196 10 37
1155 1197 10 38
1155 1198 10 39
1156 1159 10 30
1156 1160 10 31
1156 1161 10 32
1156 1162 10 33
1156 1163 10 34
1156 1164 10 35
1156 1165 10 36
1156 1166 10 37
1156 1167 10 38
1156 1168 10 39
1156 1169 10 40
1156 1170 10 41
1156 1171 10 42
1156 1172 10 43
1156 1173 10 44
1156 1174 10 45
1156 1175 10 46
1156 1176 10 47
1156 1177 10 48
1156 1178 10 49
1156 1179 10 50
1156 1180 10 51
1156 1181 10 52
1156 1182 10 53
1156 1183 10 54
1156 1184 10 55
1156 1185 10 56
1156 1186 10 57
1156 1187 10 58
1156 1188 10 29
1156 1189 10 30
1156 1190 10 31
1156 1191 10 32
1156 1192 10 33
1156 1193 10 34
1156 1194 10 35
1156 1195 10 36
1156 1196 10 37
1156 1197 10 38
1156 1198 10 39
1157 1159 10 30
1157 1160 10 31
1157 1161 10 32
1157 1162 10 33
1157 1163 10 34
1157 1164 10 35
1157 1165 10 36
1157 1166 10 37
1157 1167 10 38
1157 1168 10 39
1157 1169 10 40
1157 1170 10 41
1157 1171 10 42
1157 1172 10 43
1157 1173 10 44
1157 1174 10 45
1157 1175 10 46
1157 1176 10 47
1157 1177 10 48
1157 1178 10 49
1157 1179 10 50
1157 1180 10 51
1157 1181 10 52
1157 1182 10 53
1157 1183 10 54
1157 1184 10 55
1157 1185 10 56
1157 1186 10 57
1157 1187 10 58
1157 1188 10 29
1157 1189 10 30
1157 1190 10 31
1157 1191 10 32
1157 1192 10 33
1157 1193 10 34
1157 1194 10 35
1157 1195 10 36
1157 1196 10 37
1157 1197 10 38
1157 1198 10 39
1158 1159 10 30
1158 1160 10 31
1158 1161 10 32
1158 1162 10 33
1158 1163 10 34
1158 1164 10 35
1158 1165 10 36
1158 1166 10 37
1158 1167 10 38
1158 1168 10 39
1158 1169 10 40
1158 1170 10 41
1158 1171 10 42
1158 1172 10 43
1158 1173 10 44
1158 1174 10 45
1158 1175 10 46
1158 1176 10 47
1158 1177 10 48
1158 1178 10 49
1158 1179 10 50
1158 1180 10 51
1158 1181 10 52
1158 1182 10 53
1158 1183 10 54
1158 1184 10 55
1158 1185 10 56
1158 1186 10 57
1158 1187 10 58
1158 1188 10 29
1158 1189 10 30
1158 1190 10 31
1158 1191 10 32
1158 1192 10 33
1158 1193 10 34
1158 1194 10 35
1158 1195 10 36
1158 1196 10 37
1158 1197 10 38
1158 1198 10 39
1159 1199 10 31
1159 1200 10 32
1159 1201 10 33
1159 1202 10 34
1159 1203 10 35
1159 1204 10 36
1159 1205 10 37
1159 1206 10 38
1159 1207 10 39
1159 1208 10 40
1159 1209 10 41
1159 1210 10 42
1159 1211 10 43
1159 1212 10 44
1159 1213 10 45
1159 1214 10 46
1159 1215 10 47
1159 1216 10 48
1159 1217 10 49
1159 1218 10 50
1159 1219 10 51
1159 1220 10 52
1159 1221 10 53
1159 1222 10 54
1159 1223 10 55
1159 1224 10 56
1159 1225 10 57
1159 1226 10 58
1159 1227 10 59
1159 1228 10 30
1159 1229 10 31
1159 1230 10 32
1159 1231 10 33
1159 1232 10 34
1159 1233 10 35
1159 1234 10 36
1159 1235 10 37
1159 1236 10 38
1159 1237 10 39
1159 1238 10 40
1160 1199 10 31
1160 1200 10 32
1160 1201 10 33
1160 1202 10 34
1160 1203 10 35
1160 1204 10 36
1160 1205 10 37
1160 1206 10 38
1160 1207 10 39
1160 1208 10 40
1160 1209 10 41
1160 1210 10 42
1160 1211 10 43
1160 1212 10 44
1160 1213 10 45
1160 1214 10 46
1160 1215 10 47
1160 1216 10 48
1160 1217 10 49
1160 1218 10 50
1160 1219 10 51
1160 1220 10 52
1160 1221 10 53
1160 1222 10 54
1160 1223 10 55
1160 1224 10 56
1160 1225 10 57
1160 1226 10 58
1160 1227 10 59
1160 1228 10 30
1160 1229 10 31
1160 1230 10 32
1160 1231 10 33
1160 1232 10 34
1160 1233 10 35
1160 1234 10 36
1160 1235 10 37
1160 1236 10 38
1160 1237 10 39
1160 1238 10 40
1161 1199 10 31
1161 1200 10 32
1161 1201 10 33
1161 1202 10 34
1161 1203 10 35
1161 1204 10 36
1161 1205 10 37
1161 1206 10 38
1161 1207 10 39
1161 1208 10 40
1161 1209 10 41
1161 1210 10 42
1161 1211 10 43
1161 1212 10 44
1161 1213 10 45
1161 1214 10 46
1161 1215 10 47
1161 1216 10 48
1161 1217 10 49
1161 1218 10 50
1161 1219 10 51
1161 1220 10 52
1161 1221 10 53
1161 1222 10 54
1161 1223 10 55
1161 1224 10 56
1161 1225 10 57
1161 1226 10 58
1161 1227 10 59
1161 1228 10 30
1161 1229 10 31
1161 1230 10 32
1161 1231 10 33
1161 1232 10 34
1161 1233 10 35
1161 1234 10 36
1161 1235 10 37
1161 1236 10 38
1161 1237 10 39
1161 1238 10 40
1162 1199 10 31
1162 1200 10 32
1162 1201 10 33
1162 1202 10 34
1162 1203 10 35
1162 1204 10 36
1162 1205 10 37
1162 1206 10 38
1162 1207 10 39
1162 1208 10 40
1162 1209 10 41
1162 1210 10 42
1162 1211 10 43
1162 1212 10 44
1162 1213 10 45
1162 1214 10 46
1162 1215 10 47
1162 1216 10 48
1162 1217 10 49
1162 1218 10 50
1162 1219 10 51
1162 1220 10 52
1162 1221 10 53
1162 1222 10 54
1162 1223 10 55
1162 1224 10 56
1162 1225 10 57
1162 1226 10 58
1162 1227 10 59
1162 1228 10 30
1162 1229 10 31
1162 1230 10 32
1162 1231 10 33
1162 1232 10 34
1162 1233 10 35
1162 1234 10 36
1162 1235 10 37
1162 1236 10 38
1162 1237 10 39
1162 1238 10 40
1163 1199 10 31
1163 1200 10 32
1163 1201 10 33
1163 1202 10 34
1163 1203 10 35
1163 1204 10 36
1163 1205 10 37
1163 1206 10 38
1163 1207 10 39
1163 1208 10 40
1163 1209 10 41
1163 1210 10 42
1163 1211 10 43
1163 1212 10 44
1163 1213 10 45
1163 1214 10 46
1163 1215 10 47
1163 1216 10 48
1163 1217 10 49
1163 1218 10 50
1163 1219 10 51
1163 1220 10 52
1163 1221 10 53
1163 1222 10 54
1163 1223 10 55
1163 1224 10 56
1163 1225 10 57
1163 1226 10 58
1163 1227 10 59
1163 1228 10 30
1163 1229 10 31
1163 1230 10 32
1163 1231 10 33
1163 1232 10 34
1163 1233 10 35
1163 1234 10 36
1163 1235 10 37
1163 1236 10 38
1163 1237 10 39
1163 1238 10 40
1164 1199 10 31
1164 1200 10 32
1164 1201 10 33
1164 1202 10 34
1164 1203 10 35
1164 1204 10 36
1164 1205 10 37
1164 1206 10 38
1164 1207 10 39
1164 1208 10 40
1164 1209 10 41
1164 1210 10 42
1164 1211 10 43
1164 1212 10 44
1164 1213 10 45
1164 1214 10 46
1164 1215 10 47
1164 1216 10 48
1164 1217 10 49
1164 1218 10 50
1164 1219 10 51
1164 1220 10 52
1164 1221 10 53
1164 1222 10 54
1164 1223 10 55
1164 1224 10 56
1164 1225 10 57
1164 1226 10 58
1164 1227 10 59
1164 1228 10 30
1164 1229 10 31
1164 1230 10 32
1164 1231 10 33
1164 1232 10 34
1164 1233 10 35
1164 1234 10 36
1164 1235 10 37
1164 1236 10 38
1164 1237 10 39
1164 1238 10 40
1165 1199 10 31
1165 1200 10 32
1165 1201 10 33
1165 1202 10 34
1165 1203 10 35
1165 1204 10 36
1165 1205 10 37
1165 1206 10 38
1165 1207 10 39
1165 1208 10 40
1165 1209 10 41
1165 1210 10 42
1165 1211 10 43
1165 1212 10 44
1165 1213 10 45
1165 1214 10 46
1165 1215 10 47
1165 1216 10 48
1165 1217 10 49
1165 1218 10 50
1165 1219 10 51
1165 1220 10 52
1165 1221 10 53
1165 1222 10 54
1165 1223 10 55
1165 1224 10 56
1165 1225 10 57
1165 1226 10 58
1165 1227 10 59
1165 1228 10 30
1165 1229 10 31
1165 1230 10 32
1165 1231 10 33
1165 1232 10 34
1165 1233 10 35
1165 1234 10 36
1165 1235 10 37
1165 1236 10 38
1165 1237 10 39
1165 1238 10 40
1166 1199 10 31
1166 1200 10 32
1166 1201 10 33
1166 1202 10 34
1166 1203 10 35
1166 1204 10 36
1166 1205 10 37
1166 1206 10 38
1166 1207 10 39
1166 1208 10 40
1166 1209 10 41
1166 1210 10 42
1166 1211 10 43
1166 1212 10 44
1166 1213 10 45
1166 1214 10 46
1166 1215 10 47
1166 1216 10 48
1166 1217 10 49
1166 1218 10 50
1166 1219 10 51
1166 1220 10 52
1166 1221 10 53
1166 1222 10 54
1166 1223 10 55
1166 1224 10 56
1166 1225 10 57
1166 1226 10 58
1166 1227 10 59
1166 1228 10 30
1166 1229 10 31
1166 1230 10 32
1166 1231 10 33
1166 1232 10 34
1166 1233 10 35
1166 1234 10 36
1166 1235 10 37
1166 1236 10 38
1166 1237 10 39
1166 1238 10 40
1167 1199 10 31
1167 1200 10 32
1167 1201 10 33
1167 1202 10 34
1167 1203 10 35
1167 1204 10 36
1167 1205 10 37
1167 1206 10 38
1167 1207 10 39
1167 1208 10 40
1167 1209 10 41
1167 1210 10 42
1167 1211 10 43
1167 1212 10 44
1167 1213 10 45
1167 1214 10 46
1167 1215 10 47
1167 1216 10 48
1167 1217 10 49
1167 1218 10 50
1167 1219 10 51
1167 1220 10 52
1167 1221 10 53
1167 1222 10 54
1167 1223 10 55
1167 1224 10 56
1167 1225 10 57
1167 1226 10 58
1167 1227 10 59
1167 1228 10 30
1167 1229 10 31
1167 1230 10 32
1167 1231 10 33
1167 1232 10 34
1167 1233 10 35
1167 1234 10 36
1167 1235 10 37
1167 1236 10 38
1167 1237 10 39
1167 1238 10 40
1168 1199 10 31
1168 1200 10 32
1168 1201 10 33
1168 1202 10 34
1168 1203 10 35
1168 1204 10 36
1168 1205 10 37
1168 1206 10 38
1168 1207 10 39
1168 1208 10 40
1168 1209 10 41
1168 1210 10 42
1168 1211 10 43
1168 1212 10 44
1168 1213 10 45
1168 1214 10 46
1168 1215 10 47
1168 1216 10 48
1168 1217 10 49
1168 1218 10 50
1168 1219 10 51
1168 1220 10 52
1168 1221 10 53
1168 1222 10 54
1168 1223 10 55
1168 1224 10 56
1168 1225 10 57
1168 1226 10 58
1168 1227 10 59
1168 1228 10 30
1168 1229 10 31
1168 1230 10 32
1168 1231 10 33
1168 1232 10 34
1168 1233 10 35
1168 1234 10 36
1168 1235 10 37
1168 1236 10 38
1168 1237 10 39
1168 1238 10 40
1169 1199 10 31
1169 1200 10 32
1169 1201 10 33
1169 1202 10 34
1169 1203 10 35
1169 1204 10 36
1169 1205 10 37
1169 1206 10 38
1169 1207 10 39
1169 1208 10 40
1169 1209 10 41
1169 1210 10 42
1169 1211 10 43
1169 1212 10 44
1169 1213 10 45
1169 1214 10 46
1169 1215 10 47
1169 1216 10 48
1169 1217 10 49
1169 1218 10 50
1169 1219 10 51
1169 1220 10 52
1169 1221 10 53
1169 1222 10 54
1169 1223 10 55
1169 1224 10 56
1169 1225 10 57
1169 1226 10 58
1169 1227 10 59
1169 1228 10 30
1169 1229 10 31
1169 1230 10 32
1169 1231 10 33
1169 1232 10 34
1169 1233 10 35
1169 1234 10 36
1169 1235 10 37
1169 1236 10 38
1169 1237 10 39
1169 1238 10 40
1170 1199 10 31
1170 1200 10 32
1170 1201 10 33
1170 1202 10 34
1170 1203 10 35
1170 1204 10 36
1170 1205 10 37
1170 1206 10 38
1170 1207 10 39
1170 1208 10 40
1170 1209 10 41
1170 1210 10 42
1170 1211 10 43
1170 1212 10 44
1170 1213 10 45
1170 1214 10 46
1170 1215 10 47
1170 1216 10 48
1170 1217 10 49
1170 1218 10 50
1170 1219 10 51
1170 1220 10 52
1170 1221 10 53
1170 1222 10 54
1170 1223 10 55
1170 1224 10 56
1170 1225 10 57
1170 1226 10 58
1170 1227 10 59
1170 1228 10 30
1170 1229 10 31
1170 1230 10 32
1170 1231 10 33
1170 1232 10 34
1170 1233 10 35
1170 1234 10 36
1170 1235 10 37
1170 1236 10 38
1170 1237 10 39
1170 1238 10 40
1171 1199 10 31
1171 1200 10 32
1171 1201 10 33
1171 1202 10 34
1171 1203 10 35
1171 1204 10 36
1171 1205 10 37
1171 1206 10 38
1171 1207 10 39
1171 1208 10 40
1171 1209 10 41
1171 1210 10 42
1171 1211 10 43
1171 1212 10 44
1171 1213 10 45
1171 1214 10 46
1171 1215 10 47
1171 1216 10 48
1171 1217 10 49
1171 1218 10 50
1171 1219 10 51
1171 1220 10 52
1171 1221 10 53
1171 1222 10 54
1171 1223 10 55
1171 1224 10 56
1171 1225 10 57
1171 1226 10 58
1171 1227 10 59
1171 1228 10 30
1171 1229 10 31
1171 1230 10 32
1171 1231 10 33
1171 1232 10 34
1171 1233 10 35
1171 1234 10 36
1171 1235 10 37
1171 1236 10 38
1171 1237 10 39
1171 1238 10 40
1172 1199 10 31
1172 1200 10 32
1172 1201 10 33
1172 1202 10 34
1172 1203 10 35
1172 1204 10 36
1172 1205 10 37
1172 1206 10 38
1172 1207 10 39
1172 1208 10 40
1172 1209 10 41
1172 1210 10 42
1172 1211 10 43
1172 1212 10 44
1172 1213 10 45
1172 1214 10 46
1172 1215 10 47
1172 1216 10 48
1172 1217 10 49
1172 1218 10 50
1172 1219 10 51
1172 1220 10 52
1172 1221 10 53
1172 1222 10 54
1172 1223 10 55
1172 1224 10 56
1172 1225 10 57
1172 1226 10 58
1172 1227 10 59
1172 1228 10 30
1172 1229 10 31
1172 1230 10 32
1172 1231 10 33
1172 1232 10 34
1172 1233 10 35
1172 1234 10 36
1172 1235 10 37
1172 1236 10 38
1172 1237 10 39
1172 1238 10 40
1173 1199 10 31
1173 1200 10 32
1173 1201 10 33
1173 1202 10 34
1173 1203 10 35
1173 1204 10 36
1173 1205 10 37
1173 1206 10 38
1173 1207 10 39
1173 1208 10 40
1173 1209 10 41
1173 1210 10 42
1173 1211 10 43
1173 1212 10 44
1173 1213 10 45
1173 1214 10 46
1173 1215 10 47
1173 1216 10 48
1173 1217 10 49
1173 1218 10 50
1173 1219 10 51
1173 1220 10 52
1173 1221 10 53
1173 1222 10 54
1173 1223 10 55
1173 1224 10 56
1173 1225 10 57
1173 1226 10 58
1173 1227 10 59
1173 1228 10 30
1173 1229 10 31
1173 1230 10 32
1173 1231 10 33
1173 1232 10 34
1173 1233 10 35
1173 1234 10 36
1173 1235 10 37
1173 1236 10 38
1173 1237 10 39
1173 1238 10 40
1174 1199 10 31
1174 1200 10 32
1174 1201 10 33
1174 1202 10 34
1174 1203 10 35
1174 1204 10 36
1174 1205 10 37
1174 1206 10 38
1174 1207 10 39
1174 1208 10 40
1174 1209 10 41
1174 1210 10 42
1174 1211 10 43
1174 1212 10 44
1174 1213 10 45
1174 1214 10 46
1174 1215 10 47
1174 1216 10 48
1174 1217 10 49
1174 1218 10 50
1174 1219 10 51
1174 1220 10 52
1174 1221 10 53
1174 1222 10 54
1174 1223 10 55
1174 1224 10 56
1174 1225 10 57
1174 1226 10 58
1174 1227 10 59
1174 1228 10 30
1174 1229 10 31
1174 1230 10 32
1174 1231 10 33
1174 1232 10 34
1174 1233 10 35
1174 1234 10 36
1174 1235 10 37
1174 1236 10 38
1174 1237 10 39
1174 1238 10 40
1175 1199 10 31
1175 1200 10 32
1175 1201 10 33
1175 1202 10 34
1175 1203 10 35
1175 1204 10 36
1175 1205 10 37
1175 1206 10 38
1175 1207 10 39
1175 1208 10 40
1175 1209 10 41
1175 1210 10 42
1175 1211 10 43
1175 1212 10 44
1175 1213 10 45
1175 1214 10 46
1175 1215 10 47
1175 1216 10 48
1175 1217 10 49
1175 1218 10 50
1175 1219 10 51
1175 1220 10 52
1175 1221 10 53
1175 1222 10 54
1175 1223 10 55
1175 1224 10 56
1175 1225 10 57
1175 1226 10 58
1175 1227 10 59
1175 1228 10 30
1175 1229 10 31
1175 1230 10 32
1175 1231 10 33
1175 1232 10 34
1175 1233 10 35
1175 1234 10 36
1175 1235 10 37
1175 1236 10 38
1175 1237 10 39
1175 1238 10 40
1176 1199 10 31
1176 1200 10 32
1176 1201 10 33
1176 1202 10 34
1176 1203 10 35
1176 1204 10 36
1176 1205 10 37
1176 1206 10 38
1176 1207 10 39
1176 1208 10 40
1176 1209 10 41
1176 1210 10 42
1176 1211 10 43
1176 1212 10 44
1176 1213 10 45
1176 1214 10 46
1176 1215 10 47
1176 1216 10 48
1176 1217 10 49
1176 1218 10 50
1176 1219 10 51
1176 1220 10 52
1176 1221 10 53
1176 1222 10 54
1176 1223 10 55
1176 1224 10 56
1176 1225 10 57
1176 1226 10 58
1176 1227 10 59
1176 1228 10 30
1176 1229 10 31
1176 1230 10 32
1176 1231 10 33
1176 1232 10 34
1176 1233 10 35
1176 1234 10 36
1176 1235 10 37
1176 1236 10 38
1176 1237 10 39
1176 1238 10 40
1177 1199 10 31
1177 1200 10 32
1177 1201 10 33
1177 1202 10 34
1177 1203 10 35
1177 1204 10 36
1177 1205 10 37
1177 1206 10 38
1177 1207 10 39
1177 1208 10 40
1177 1209 10 41
1177 1210 10 42
1177 1211 10 43
1177 1212 10 44
1177 1213 10 45
1177 1214 10 46
1177 1215 10 47
1177 1216 10 48
1177 1217 10 49
1177 1218 10 50
1177 1219 10 51
1177 1220 10 52
1177 1221 10 53
1177 1222 10 54
1177 1223 10 55
1177 1224 10 56
1177 1225 10 57
1177 1226 10 58
1177 1227 10 59
1177 1228 10 30
1177 1229 10 31
1177 1230 10 32
1177 1231 10 33
1177 1232 10 34
1177 1233 10 35
1177 1234 10 36
1177 1235 10 37
1177 1236 10 38
1177 1237 10 39
1177 1238 10 40
1178 1199 10 31
1178 1200 10 32
1178 1201 10 33
1178 1202 10 34
1178 1203 10 35
1178 1204 10 36
1178 1205 10 37
1178 1206 10 38
1178 1207 10 39
1178 1208 10 40
1178 1209 10 41
1178 1210 10 42
1178 1211 10 43
1178 1212 10 44
1178 1213 10 45
1178 1214 10 46
1178 1215 10 47
1178 1216 10 48
1178 1217 10 49
1178 1218 10 50
1178 1219 10 51
1178 1220 10 52
1178 1221 10 53
1178 1222 10 54
1178 1223 10 55
1178 1224 10 56
1178 1225 10 57
1178 1226 10 58
1178 1227 10 59
1178 1228 10 30
1178 1229 10 31
1178 1230 10 32
1178 1231 10 33
1178 1232 10 34
1178 1233 10 35
1178 1234 10 36
1178 1235 10 37
1178 1236 10 38
1178 1237 10 39
1178 1238 10 40
1179 1199 10 31
1179 1200 10 32
1179 1201 10 33
1179 1202 10 34
1179 1203 10 35
1179 1204 10 36
1179 1205 10 37
1179 1206 10 38
1179 1207 10 39
1179 1208 10 40
1179 1209 10 41
1179 1210 10 42
1179 1211 10 43
1179 1212 10 44
1179 1213 10 45
1179 1214 10 46
1179 1215 10 47
1179 1216 10 48
1179 1217 10 49
1179 1218 10 50
1179 1219 10 51
1179 1220 10 52
1179 1221 10 53
1179 1222 10 54
1179 1223 10 55
1179 1224 10 56
1179 1225 10 57
1179 1226 10 58
1179 1227 10 59
1179 1228 10 30
1179 1229 10 31
1179 1230 10 32
1179 1231 10 33
1179 1232 10 34
1179 1233 10 35
1179 1234 10 36
1179 1235 10 37
1179 1236 10 38
1179 1237 10 39
1179 1238 10 40
1180 1199 10 31
1180 1200 10 32
1180 1201 10 33
1180 1202 10 34
1180 1203 10 35
1180 1204 10 36
1180 1205 10 37
1180 1206 10 38
1180 1207 10 39
1180 1208 10 40
1180 1209 10 41
1180 1210 10 42
1180 1211 10 43
1180 1212 10 44
1180 1213 10 45
1180 1214 10 46
1180 1215 10 47
1180 1216 10 48
1180 1217 10 49
1180 1218 10 50
1180 1219 10 51
1180 1220 10 52
1180 1221 10 53
1180 1222 10 54
1180 1223 10 55
1180 1224 10 56
1180 1225 10 57
1180 1226 10 58
1180 1227 10 59
1180 1228 10 30
1180 1229 10 31
1180 1230 10 32
1180 1231 10 33
1180 1232 10 34
1180 1233 10 35
1180 1234 10 36
1180 1235 10 37
1180 1236 10 38
1180 1237 10 39
1180 1238 10 40
1181 1199 10 31
1181 1200 10 32
1181 1201 10 33
1181 1202 10 34
1181 1203 10 35
1181 1204 10 36
1181 1205 10 37
1181 1206 10 38
1181 1207 10 39
1181 1208 10 40
1181 1209 10 41
1181 1210 10 42
1181 1211 10 43
1181 1212 10 44
1181 1213 10 45
1181 1214 10 46
1181 1215 10 47
1181 1216 10 48
1181 1217 10 49
1181 1218 10 50
1181 1219 10 51
1181 1220 10 52
1181 1221 10 53
1181 1222 10 54
1181 1223 10 55
1181 1224 10 56
1181 1225 10 57
1181 1226 10 58
1181 1227 10 59
1181 1228 10 30
1181 1229 10 31
1181 1230 10 32
1181 1231 10 33
1181 1232 10 34
1181 1233 10 35
1181 1234 10 36
1181 1235 10 37
1181 1236 10 38
1181 1237 10 39
1181 1238 10 40
1182 1199 10 31
1182 1200 10 32
1182 1201 10 33
1182 1202 10 34
1182 1203 10 35
1182 1204 10 36
1182 1205 10 37
1182 1206 10 38
1182 1207 10 39
1182 1208 10 40
1182 1209 10 41
1182 1210 10 42
1182 1211 10 43
1182 1212 10 44
1182 1213 10 45
1182 1214 10 46
1182 1215 10 47
1182 1216 10 48
1182 1217 10 49
1182 1218 10 50
1182 1219 10 51
1182 1220 10 52
1182 1221 10 53
1182 1222 10 54
1182 1223 10 55
1182 1224 10 56
1182 1225 10 57
1182 1226 10 58
1182 1227 10 59
1182 1228 10 30
1182 1229 10 31
1182 1230 10 32
1182 1231 10 33
1182 1232 10 34
1182 1233 10 35
1182 1234 10 36
1182 1235 10 37
1182 1236 10 38
1182 1237 10 39
1182 1238 10 40
1183 1199 10 31
1183 1200 10 32
1183 1201 10 33
1183 1202 10 34
1183 1203 10 35
1183 1204 10 36
1183 1205 10 37
1183 1206 10 38
1183 1207 10 39
1183 1208 10 40
1183 1209 10 41
1183 1210 10 42
1183 1211 10 43
1183 1212 10 44
1183 1213 10 45
1183 1214 10 46
1183 1215 10 47
1183 1216 10 48
1183 1217 10 49
1183 1218 10 50
1183 1219 10 51
1183 1220 10 52
1183 1221 10 53
1183 1222 10 54
1183 1223 10 55
1183 1224 10 56
1183 1225 10 57
1183 1226 10 58
1183 1227 10 59
1183 1228 10 30
1183 1229 10 31
1183 1230 10 32
1183 1231 10 33
1183 1232 10 34
1183 1233 10 35
1183 1234 10 36
1183 1235 10 37
1183 1236 10 38
1183 1237 10 39
1183 1238 10 40
1184 1199 10 31
1184 1200 10 32
1184 1201 10 33
1184 1202 10 34
1184 1203 10 35
1184 1204 10 36
1184 1205 10 37
1184 1206 10 38
1184 1207 10 39
1184 1208 10 40
1184 1209 10 41
1184 1210 10 42
1184 1211 10 43
1184 1212 10 44
1184 1213 10 45
1184 1214 10 46
1184 1215 10 47
1184 1216 10 48
1184 1217 10 49
1184 1218 10 50
1184 1219 10 51
1184 1220 10 52
1184 1221 10 53
1184 1222 10 54
1184 1223 10 55
1184 1224 10 56
1184 1225 10 57
1184 1226 10 58
1184 1227 10 59
1184 1228 10 30
1184 1229 10 31
1184 1230 10 32
1184 1231 10 33
1184 1232 10 34
1184 1233 10 35
1184 1234 10 36
1184 1235 10 37
1184 1236 10 38
1184 1237 10 39
1184 1238 10 40
1185 1199 10 31
1185 1200 10 32
1185 1201 10 33
1185 1202 10 34
1185 1203 10 35
1185 1204 10 36
1185 1205 10 37
1185 1206 10 38
1185 1207 10 39
1185 1208 10 40
1185 1209 10 41
1185 1210 10 42
1185 1211 10 43
1185 1212 10 44
1185 1213 10 45
1185 1214 10 46
1185 1215 10 47
1185 1216 10 48
1185 1217 10 49
1185 1218 10 50
1185 1219 10 51
1185 1220 10 52
1185 1221 10 53
1185 1222 10 54
1185 1223 10 55
1185 1224 10 56
1185 1225 10 57
1185 1226 10 58
1185 1227 10 59
1185 1228 10 30
1185 1229 10 31
1185 1230 10 32
1185 1231 10 33
1185 1232 10 34
1185 1233 10 35
1185 1234 10 36
1185 1235 10 37
1185 1236 10 38
1185 1237 10 39
1185 1238 10 40
1186 1199 10 31
1186 1200 10 32
1186 1201 10 33
1186 1202 10 34
1186 1203 10 35
1186 1204 10 36
1186 1205 10 37
1186 1206 10 38
1186 1207 10 39
1186 1208 10 40
1186 1209 10 41
1186 1210 10 42
1186 1211 10 43
1186 1212 10 44
1186 1213 10 45
1186 1214 10 46
1186 1215 10 47
1186 1216 10 48
1186 1217 10 49
1186 1218 10 50
1186 1219 10 51
1186 1220 10 52
1186 1221 10 53
1186 1222 10 54
1186 1223 10 55
1186 1224 10 56
1186 1225 10 57
1186 1226 10 58
1186 1227 10 59
1186 1228 10 30
1186 1229 10 31
1186 1230 10 32
1186 1231 10 33
1186 1232 10 34
1186 1233 10 35
1186 1234 10 36
1186 1235 10 37
1186 1236 10 38
1186 1237 10 39
1186 1238 10 40
1187 1199 10 31
1187 1200 10 32
1187 1201 10 33
1187 1202 10 34
1187 1203 10 35
1187 1204 10 36
1187 1205 10 37
1187 1206 10 38
1187 1207 10 39
1187 1208 10 40
1187 1209 10 41
1187 1210 10 42
1187 1211 10 43
1187 1212 10 44
1187 1213 10 45
1187 1214 10 46
1187 1215 10 47
1187 1216 10 48
1187 1217 10 49
1187 1218 10 50
1187 1219 10 51
1187 1220 10 52
1187 1221 10 53
1187 1222 10 54
1187 1223 10 55
1187 1224 10 56
1187 1225 10 57
1187 1226 10 58
1187 1227 10 59
1187 1228 10 30
1187 1229 10 31
1187 1230 10 32
1187 1231 10 33
1187 1232 10 34
1187 1233 10 35
1187 1234 10 36
1187 1235 10 37
1187 1236 10 38
1187 1237 10 39
1187 1238 10 40
1188 1199 10 31
1188 1200 10 32
1188 1201 10 33
1188 1202 10 34
1188 1203 10 35
1188 1204 10 36
1188 1205 10 37
1188 1206 10 38
1188 1207 10 39
1188 1208 10 40
1188 1209 10 41
1188 1210 10 42
1188 1211 10 43
1188 1212 10 44
1188 1213 10 45
1188 1214 10 46
1188 1215 10 47
1188 1216 10 48
1188 1217 10 49
1188 1218 10 50
1188 1219 10 51
1188 1220 10 52
1188 1221 10 53
1188 1222 10 54
1188 1223 10 55
1188 1224 10 56
1188 1225 10 57
1188 1226 10 58
1188 1227 10 59
1188 1228 10 30
1188 1229 10 31
1188 1230 10 32
1188 1231 10 33
1188 1232 10 34
1188 1233 10 35
1188 1234 10 36
1188 1235 10 37
1188 1236 10 38
1188 1237 10 39
1188 1238 10 40
1189 1199 10 31
1189 1200 10 32
1189 1201 10 33
1189 1202 10 34
1189 1203 10 35
1189 1204 10 36
1189 1205 10 37
1189 1206 10 38
1189 1207 10 39
1189 1208 10 40
1189 1209 10 41
1189 1210 10 42
1189 1211 10 43
1189 1212 10 44
1189 1213 10 45
1189 1214 10 46
1189 1215 10 47
1189 1216 10 48
1189 1217 10 49
1189 1218 10 50
1189 1219 10 51
1189 1220 10 52
1189 1221 10 53
1189 1222 10 54
1189 1223 10 55
1189 1224 10 56
1189 1225 10 57
1189 1226 10 58
1189 1227 10 59
1189 1228 10 30
1189 1229 10 31
1189 1230 10 32
1189 1231 10 33
1189 1232 10 34
1189 1233 10 35
1189 1234 10 36
1189 1235 10 37
1189 1236 10 38
1189 1237 10 39
1189 1238 10 40
1190 1199 10 31
1190 1200 10 32
1190 1201 10 33
1190 1202 10 34
1190 1203 10 35
1190 1204 10 36
1190 1205 10 37
1190 1206 10 38
1190 1207 10 39
1190 1208 10 40
1190 1209 10 41
1190 1210 10 42
1190 1211 10 43
1190 1212 10 44
1190 1213 10 45
1190 1214 10 46
1190 1215 10 47
1190 1216 10 48
1190 1217 10 49
1190 1218 10 50
1190 1219 10 51
1190 1220 10 52
1190 1221 10 53
1190 1222 10 54
1190 1223 10 55
1190 1224 10 56
1190 1225 10 57
1190 1226 10 58
1190 1227 10 59
1190 1228 10 30
1190 1229 10 31
1190 1230 10 32
1190 1231 10 33
1190 1232 10 34
1190 1233 10 35
1190 1234 10 36
1190 1235 10 37
1190 1236 10 38
1190 1237 10 39
1190 1238 10 40
1191 1199 10 31
1191 1200 10 32
1191 1201 10 33
1191 1202 10 34
1191 1203 10 35
1191 1204 10 36
1191 1205 10 37
1191 1206 10 38
1191 1207 10 39
1191 1208 10 40
1191 1209 10 41
1191 1210 10 42
1191 1211 10 43
1191 1212 10 44
1191 1213 10 45
1191 1214 10 46
1191 1215 10 47
1191 1216 10 48
1191 1217 10 49
1191 1218 10 50
1191 1219 10 51
1191 1220 10 52
1191 1221 10 53
1191 1222 10 54
1191 1223 10 55
1191 1224 10 56
1191 1225 10 57
1191 1226 10 58
1191 1227 10 59
1191 1228 10 30
1191 1229 10 31
1191 1230 10 32
1191 1231 10 33
1191 1232 10 34
1191 1233 10 35
1191 1234 10 36
1191 1235 10 37
1191 1236 10 38
1191 1237 10 39
1191 1238 10 40
1192 1199 10 31
1192 1200 10 32
1192 1201 10 33
1192 1202 10 34
1192 1203 10 35
1192 1204 10 36
1192 1205 10 37
1192 1206 10 38
1192 1207 10 39
1192 1208 10 40
1192 1209 10 41
1192 1210 10 42
1192 1211 10 43
1192 1212 10 44
1192 1213 10 45
1192 1214 10 46
1192 1215 10 47
1192 1216 10 48
1192 1217 10 49
1192 1218 10 50
1192 1219 10 51
1192 1220 10 52
1192 1221 10 53
1192 1222 10 54
1192 1223 10 55
1192 1224 10 56
1192 1225 10 57
1192 1226 10 58
1192 1227 10 59
1192 1228 10 30
1192 1229 10 31
1192 1230 10 32
1192 1231 10 33
1192 1232 10 34
1192 1233 10 35
1192 1234 10 36
1192 1235 10 37
1192 1236 10 38
1192 1237 10 39
1192 1238 10 40
1193 1199 10 31
1193 1200 10 32
1193 1201 10 33
1193 1202 10 34
1193 1203 10 35
1193 1204 10 36
1193 1205 10 37
1193 1206 10 38
1193 1207 10 39
1193 1208 10 40
1193 1209 10 41
1193 1210 10 42
1193 1211 10 43
1193 1212 10 44
1193 1213 10 45
1193 1214 10 46
1193 1215 10 47
1193 1216 10 48
1193 1217 10 49
1193 1218 10 50
1193 1219 10 51
1193 1220 10 52
1193 1221 10 53
1193 1222 10 54
1193 1223 10 55
1193 1224 10 56
1193 1225 10 57
1193 1226 10 58
1193 1227 10 59
1193 1228 10 30
1193 1229 10 31
1193 1230 10 32
1193 1231 10 33
1193 1232 10 34
1193 1233 10 35
1193 1234 10 36
1193 1235 10 37
1193 1236 10 38
1193 1237 10 39
1193 1238 10 40
1194 1199 10 31
1194 1200 10 32
1194 1201 10 33
1194 1202 10 34
1194 1203 10 35
1194 1204 10 36
1194 1205 10 37
1194 1206 10 38
1194 1207 10 39
1194 1208 10 40
1194 1209 10 41
1194 1210 10 42
1194 1211 10 43
1194 1212 10 44
1194 1213 10 45
1194 1214 10 46
1194 1215 10 47
1194 1216 10 48
1194 1217 10 49
1194 1218 10 50
1194 1219 10 51
1194 1220 10 52
1194 1221 10 53
1194 1222 10 54
1194 1223 10 55
1194 1224 10 56
1194 1225 10 57
1194 1226 10 58
1194 1227 10 59
1194 1228 10 30
1194 1229 10 31
1194 1230 10 32
1194 1231 10 33
1194 1232 10 34
1194 1233 10 35
1194 1234 10 36
1194 1235 10 37
1194 1236 10 38
1194 1237 10 39
1194 1238 10 40
1195 1199 10 31
1195 1200 10 32
1195 1201 10 33
1195 1202 10 34
1195 1203 10 35
1195 1204 10 36
1195 1205 10 37
1195 1206 10 38
1195 1207 10 39
1195 1208 10 40
1195 1209 10 41
1195 1210 10 42
1195 1211 10 43
1195 1212 10 44
1195 1213 10 45
1195 1214 10 46
1195 1215 10 47
1195 1216 10 48
1195 1217 10 49
1195 1218 10 50
1195 1219 10 51
1195 1220 10 52
1195 1221 10 53
1195 1222 10 54
1195 1223 10 55
1195 1224 10 56
1195 1225 10 57
1195 1226 10 58
1195 1227 10 59
1195 1228 10 30
1195 1229 10 31
1195 1230 10 32
1195 1231 10 33
1195 1232 10 34
1195 1233 10 35
1195 1234 10 36
1195 1235 10 37
1195 1236 10 38
1195 1237 10 39
1195 1238 10 40
1196 1199 10 31
1196 1200 10 32
1196 1201 10 33
1196 1202 10 34
1196 1203 10 35
1196 1204 10 36
1196 1205 10 37
1196 1206 10 38
1196 1207 10 39
1196 1208 10 40
1196 1209 10 41
1196 1210 10 42
1196 1211 10 43
1196 1212 10 44
1196 1213 10 45
1196 1214 10 46
1196 1215 10 47
1196 1216 10 48
1196 1217 10 49
1196 1218 10 50
1196 1219 10 51
1196 1220 10 52
1196 1221 10 53
1196 1222 10 54
1196 1223 10 55
1196 1224 10 56
1196 1225 10 57
1196 1226 10 58
1196 1227 10 59
1196 1228 10 30
1196 1229 10 31
1196 1230 10 32
1196 1231 10 33
1196 1232 10 34
1196 1233 10 35
1196 1234 10 36
1196 1235 10 37
1196 1236 10 38
1196 1237 10 39
1196 1238 10 40
1197 1199 10 31
1197 1200 10 32
1197 1201 10 33
1197 1202 10 34
1197 1203 10 35
1197 1204 10 36
1197 1205 10 37
1197 1206 10 38
1197 1207 10 39
1197 1208 10 40
1197 1209 10 41
1197 1210 10 42
1197 1211 10 43
1197 1212 10 44
1197 1213 10 45
1197 1214 10 46
1197 1215 10 47
1197 1216 10 48
1197 1217 10 49
1197 1218 10 50
1197 1219 10 51
1197 1220 10 52
1197 1221 10 53
1197 1222 10 54
1197 1223 10 55
1197 1224 10 56
1197 1225 10 57
1197 1226 10 58
1197 1227 10 59
1197 1228 10 30
1197 1229 10 31
1197 1230 10 32
1197 1231 10 33
1197 1232 10 34
1197 1233 10 35
1197 1234 10 36
1197 1235 10 37
1197 1236 10 38
1197 1237 10 39
1197 1238 10 40
1198 1199 10 31
1198 1200 10 32
1198 1201 10 33
1198 1202 10 34
1198 1203 10 35
1198 1204 10 36
1198 1205 10 37
1198 1206 10 38
1198 1207 10 39
1198 1208 10 40
1198 1209 10 41
1198 1210 10 42
1198 1211 10 43
1198 1212 10 44
1198 1213 10 45
1198 1214 10 46
1198 1215 10 47
1198 1216 10 48
1198 1217 10 49
1198 1218 10 50
1198 1219 10 51
1198 1220 10 52
1198 1221 10 53
1198 1222 10 54
1198 1223 10 55
1198 1224 10 56
1198 1225 10 57
1198 1226 10 58
1198 1227 10 59
1198 1228 10 30
1198 1229 10 31
1198 1230 10 32
1198 1231 10 33
1198 1232 10 34
1198 1233 10 35
1198 1234 10 36
1198 1235 10 37
1198 1236 10 38
1198 1237 10 39
1198 1238 10 40
1199 1239 10 32
1199 1240 10 33
1199 1241 10 34
1199 1242 10 35
1199 1243 10 36
1199 1244 10 37
1199 1245 10 38
1199 1246 10 39
1199 1247 10 40
1199 1248 10 41
1199 1249 10 42
1199 1250 10 43
1199 1251 10 44
1199 1252 10 45
1199 1253 10 46
1199 1254 10 47
1199 1255 10 48
1199 1256 10 49
1199 1257 10 50
1199 1258 10 51
1199 1259 10 52
1199 1260 10 53
1199 1261 10 54
1199 1262 10 55
1199 1263 10 56
1199 1264 10 57
1199 1265 10 58
1199 1266 10 59
1199 1267 10 60
1199 1268 10 31
1199 1269 10 32
1199 1270 10 33
1199 1271 10 34
1199 1272 10 35
1199 1273 10 36
1199 1274 10 37
1199 1275 10 38
1199 1276 10 39
1199 1277 10 40
1199 1278 10 41
1200 1239 10 32
1200 1240 10 33
1200 1241 10 34
1200 1242 10 35
1200 1243 10 36
1200 1244 10 37
1200 1245 10 38
1200 1246 10 39
1200 1247 10 40
1200 1248 10 41
1200 1249 10 42
1200 1250 10 43
1200 1251 10 44
1200 1252 10 45
1200 1253 10 46
1200 1254 10 47
1200 1255 10 48
1200 1256 10 49
1200 1257 10 50
1200 1258 10 51
1200 1259 10 52
1200 1260 10 53
1200 1261 10 54
1200 1262 10 55
1200 1263 10 56
1200 1264 10 57
1200 1265 10 58
1200 1266 10 59
1200 1267 10 60
1200 1268 10 31
1200 1269 10 32
1200 1270 10 33
1200 1271 10 34
1200 1272 10 35
1200 1273 10 36
1200 1274 10 37
1200 1275 10 38
1200 1276 10 39
1200 1277 10 40
1200 1278 10 41
1201 1239 10 32
1201 1240 10 33
1201 1241 10 34
1201 1242 10 35
1201 1243 10 36
1201 1244 10 37
1201 1245 10 38
1201 1246 10 39
1201 1247 10 40
1201 1248 10 41
1201 1249 10 42
1201 1250 10 43
1201 1251 10 44
1201 1252 10 45
1201 1253 10 46
1201 1254 10 47
1201 1255 10 48
1201 1256 10 49
1201 1257 10 50
1201 1258 10 51
1201 1259 10 52
1201 1260 10 53
1201 1261 10 54
1201 1262 10 55
1201 1263 10 56
1201 1264 10 57
1201 1265 10 58
1201 1266 10 59
1201 1267 10 60
1201 1268 10 31
1201 1269 10 32
1201 1270 10 33
1201 1271 10 34
1201 1272 10 35
1201 1273 10 36
1201 1274 10 37
1201 1275 10 38
1201 1276 10 39
1201 1277 10 40
1201 1278 10 41
1202 1239 10 32
1202 1240 10 33
1202 1241 10 34
1202 1242 10 35
1202 1243 10 36
1202 1244 10 37
1202 1245 10 38
1202 1246 10 39
1202 1247 10 40
1202 1248 10 41
1202 1249 10 42
1202 1250 10 43
1202 1251 10 44
1202 1252 10 45
1202 1253 10 46
1202 1254 10 47
1202 1255 10 48
1202 1256 10 49
1202 1257 10 50
1202 1258 10 51
1202 1259 10 52
1202 1260 10 53
1202 1261 10 54
1202 1262 10 55
1202 1263 10 56
1202 1264 10 57
1202 1265 10 58
1202 1266 10 59
1202 1267 10 60
1202 1268 10 31
1202 1269 10 32
1202 1270 10 33
1202 1271 10 34
1202 1272 10 35
1202 1273 10 36
1202 1274 10 37
1202 1275 10 38
1202 1276 10 39
1202 1277 10 40
1202 1278 10 41
1203 1239 10 32
1203 1240 10 33
1203 1241 10 34
1203 1242 10 35
1203 1243 10 36
1203 1244 10 37
1203 1245 10 38
1203 1246 10 39
1203 1247 10 40
1203 1248 10 41
1203 1249 10 42
1203 1250 10 43
1203 1251 10 44
1203 1252 10 45
1203 1253 10 46
1203 1254 10 47
1203 1255 10 48
1203 1256 10 49
1203 1257 10 50
1203 1258 10 51
1203 1259 10 52
1203 1260 10 53
1203 1261 10 54
1203 1262 10 55
1203 1263 10 56
1203 1264 10 57
1203 1265 10 58
1203 1266 10 59
1203 1267 10 60
1203 1268 10 31
1203 1269 10 32
1203 1270 10 33
1203 1271 10 34
1203 1272 10 35
1203 1273 10 36
1203 1274 10 37
1203 1275 10 38
1203 1276 10 39
1203 1277 10 40
1203 1278 10 41
1204 1239 10 32
1204 1240 10 33
1204 1241 10 34
1204 1242 10 35
1204 1243 10 36
1204 1244 10 37
1204 1245 10 38
1204 1246 10 39
1204 1247 10 40
1204 1248 10 41
1204 1249 10 42
1204 1250 10 43
1204 1251 10 44
1204 1252 10 45
1204 1253 10 46
1204 1254 10 47
1204 1255 10 48
1204 1256 10 49
1204 1257 10 50
1204 1258 10 51
1204 1259 10 52
1204 1260 10 53
1204 1261 10 54
1204 1262 10 55
1204 1263 10 56
1204 1264 10 57
1204 1265 10 58
1204 1266 10 59
1204 1267 10 60
1204 1268 10 31
1204 1269 10 32
1204 1270 10 33
1204 1271 10 34
1204 1272 10 35
1204 1273 10 36
1204 1274 10 37
1204 1275 10 38
1204 1276 10 39
1204 1277 10 40
1204 1278 10 41
1205 1239 10 32
1205 1240 10 33
1205 1241 10 34
1205 1242 10 35
1205 1243 10 36
1205 1244 10 37
1205 1245 10 38
1205 1246 10 39
1205 1247 10 40
1205 1248 10 41
1205 1249 10 42
1205 1250 10 43
1205 1251 10 44
1205 1252 10 45
1205 1253 10 46
1205 1254 10 47
1205 1255 10 48
1205 1256 10 49
1205 1257 10 50
1205 1258 10 51
1205 1259 10 52
1205 1260 10 53
1205 1261 10 54
1205 1262 10 55
1205 1263 10 56
1205 1264 10 57
1205 1265 10 58
1205 1266 10 59
1205 1267 10 60
1205 1268 10 31
1205 1269 10 32
1205 1270 10 33
1205 1271 10 34
1205 1272 10 35
1205 1273 10 36
1205 1274 10 37
1205 1275 10 38
1205 1276 10 39
1205 1277 10 40
1205 1278 10 41
1206 1239 10 32
1206 1240 10 33
1206 1241 10 34
1206 1242 10 35
1206 1243 10 36
1206 1244 10 37
1206 1245 10 38
1206 1246 10 39
1206 1247 10 40
1206 1248 10 41
1206 1249 10 42
1206 1250 10 43
1206 1251 10 44
1206 1252 10 45
1206 1253 10 46
1206 1254 10 47
1206 1255 10 48
1206 1256 10 49
1206 1257 10 50
1206 1258 10 51
1206 1259 10 52
1206 1260 10 53
1206 1261 10 54
1206 1262 10 55
1206 1263 10 56
1206 1264 10 57
1206 1265 10 58
1206 1266 10 59
1206 1267 10 60
1206 1268 10 31
1206 1269 10 32
1206 1270 10 33
1206 1271 10 34
1206 1272 10 35
1206 1273 10 36
1206 1274 10 37
1206 1275 10 38
1206 1276 10 39
1206 1277 10 40
1206 1278 10 41
1207 1239 10 32
1207 1240 10 33
1207 1241 10 34
1207 1242 10 35
1207 1243 10 36
1207 1244 10 37
1207 1245 10 38
1207 1246 10 39
1207 1247 10 40
1207 1248 10 41
1207 1249 10 42
1207 1250 10 43
1207 1251 10 44
1207 1252 10 45
1207 1253 10 46
1207 1254 10 47
1207 1255 10 48
1207 1256 10 49
1207 1257 10 50
1207 1258 10 51
1207 1259 10 52
1207 1260 10 53
1207 1261 10 54
1207 1262 10 55
1207 1263 10 56
1207 1264 10 57
1207 1265 10 58
1207 1266 10 59
1207 1267 10 60
1207 1268 10 31
1207 1269 10 32
1207 1270 10 33
1207 1271 10 34
1207 1272 10 35
1207 1273 10 36
1207 1274 10 37
1207 1275 10 38
1207 1276 10 39
1207 1277 10 40
1207 1278 10 41
1208 1239 10 32
1208 1240 10 33
1208 1241 10 34
1208 1242 10 35
1208 1243 10 36
1208 1244 10 37
1208 1245 10 38
1208 1246 10 39
1208 1247 10 40
1208 1248 10 41
1208 1249 10 42
1208 1250 10 43
1208 1251 10 44
1208 1252 10 45
1208 1253 10 46
1208 1254 10 47
1208 1255 10 48
1208 1256 10 49
1208 1257 10 50
1208 1258 10 51
1208 1259 10 52
1208 1260 10 53
1208 1261 10 54
1208 1262 10 55
1208 1263 10 56
1208 1264 10 57
1208 1265 10 58
1208 1266 10 59
1208 1267 10 60
1208 1268 10 31
1208 1269 10 32
1208 1270 10 33
1208 1271 10 34
1208 1272 10 35
1208 1273 10 36
1208 1274 10 37
1208 1275 10 38
1208 1276 10 39
1208 1277 10 40
1208 1278 10 41
1209 1239 10 32
1209 1240 10 33
1209 1241 10 34
1209 1242 10 35
1209 1243 10 36
1209 1244 10 37
1209 1245 10 38
1209 1246 10 39
1209 1247 10 40
1209 1248 10 41
1209 1249 10 42
1209 1250 10 43
1209 1251 10 44
1209 1252 10 45
1209 1253 10 46
1209 1254 10 47
1209 1255 10 48
1209 1256 10 49
1209 1257 10 50
1209 1258 10 51
1209 1259 10 52
1209 1260 10 53
1209 1261 10 54
1209 1262 10 55
1209 1263 10 56
1209 1264 10 57
1209 1265 10 58
1209 1266 10 59
1209 1267 10 60
1209 1268 10 31
1209 1269 10 32
1209 1270 10 33
1209 1271 10 34
1209 1272 10 35
1209 1273 10 36
1209 1274 10 37
1209 1275 10 38
1209 1276 10 39
1209 1277 10 40
1209 1278 10 41
1210 1239 10 32
1210 1240 10 33
1210 1241 10 34
1210 1242 10 35
1210 1243 10 36
1210 1244 10 37
1210 1245 10 38
1210 1246 10 39
1210 1247 10 40
1210 1248 10 41
1210 1249 10 42
1210 1250 10 43
1210 1251 10 44
1210 1252 10 45
1210 1253 10 46
1210 1254 10 47
1210 1255 10 48
1210 1256 10 49
1210 1257 10 50
1210 1258 10 51
1210 1259 10 52
1210 1260 10 53
1210 1261 10 54
1210 1262 10 55
1210 1263 10 56
1210 1264 10 57
1210 1265 10 58
1210 1266 10 59
1210 1267 10 60
1210 1268 10 31
1210 1269 10 32
1210 1270 10 33
1210 1271 10 34
1210 1272 10 35
1210 1273 10 36
1210 1274 10 37
1210 1275 10 38
1210 1276 10 39
1210 1277 10 40
1210 1278 10 41
1211 1239 10 32
1211 1240 10 33
1211 1241 10 34
1211 1242 10 35
1211 1243 10 36
1211 1244 10 37
1211 1245 10 38
1211 1246 10 39
1211 1247 10 40
1211 1248 10 41
1211 1249 10 42
1211 1250 10 43
1211 1251 10 44
1211 1252 10 45
1211 1253 10 46
1211 1254 10 47
1211 1255 10 48
1211 1256 10 49
1211 1257 10 50
1211 1258 10 51
1211 1259 10 52
1211 1260 10 53
1211 1261 10 54
1211 1262 10 55
1211 1263 10 56
1211 1264 10 57
1211 1265 10 58
1211 1266 10 59
1211 1267 10 60
1211 1268 10 31
1211 1269 10 32
1211 1270 10 33
1211 1271 10 34
1211 1272 10 35
1211 1273 10 36
1211 1274 10 37
1211 1275 10 38
1211 1276 10 39
1211 1277 10 40
1211 1278 10 41
1212 1239 10 32
1212 1240 10 33
1212 1241 10 34
1212 1242 10 35
1212 1243 10 36
1212 1244 10 37
1212 1245 10 38
1212 1246 10 39
1212 1247 10 40
1212 1248 10 41
1212 1249 10 42
1212 1250 10 43
1212 1251 10 44
1212 1252 10 45
1212 1253 10 46
1212 1254 10 47
1212 1255 10 48
1212 1256 10 49
1212 1257 10 50
1212 1258 10 51
1212 1259 10 52
1212 1260 10 53
1212 1261 10 54
1212 1262 10 55
1212 1263 10 56
1212 1264 10 57
1212 1265 10 58
1212 1266 10 59
1212 1267 10 60
1212 1268 10 31
1212 1269 10 32
1212 1270 10 33
1212 1271 10 34
1212 1272 10 35
1212 1273 10 36
1212 1274 10 37
1212 1275 10 38
1212 1276 10 39
1212 1277 10 40
1212 1278 10 41
1213 1239 10 32
1213 1240 10 33
1213 1241 10 34
1213 1242 10 35
1213 1243 10 36
1213 1244 10 37
1213 1245 10 38
1213 1246 10 39
1213 1247 10 40
1213 1248 10 41
1213 1249 10 42
1213 1250 10 43
1213 1251 10 44
1213 1252 10 45
1213 1253 10 46
1213 1254 10 47
1213 1255 10 48
1213 1256 10 49
1213 1257 10 50
1213 1258 10 51
1213 1259 10 52
1213 1260 10 53
1213 1261 10 54
1213 1262 10 55
1213 1263 10 56
1213 1264 10 57
1213 1265 10 58
1213 1266 10 59
1213 1267 10 60
1213 1268 10 31
1213 1269 10 32
1213 1270 10 33
1213 1271 10 34
1213 1272 10 35
1213 1273 10 36
1213 1274 10 37
1213 1275 10 38
1213 1276 10 39
1213 1277 10 40
1213 1278 10 41
1214 1239 10 32
1214 1240 10 33
1214 1241 10 34
1214 1242 10 35
1214 1243 10 36
1214 1244 10 37
1214 1245 10 38
1214 1246 10 39
1214 1247 10 40
1214 1248 10 41
1214 1249 10 42
1214 1250 10 43
1214 1251 10 44
1214 1252 10 45
1214 1253 10 46
1214 1254 10 47
1214 1255 10 48
1214 1256 10 49
1214 1257 10 50
1214 1258 10 51
1214 1259 10 52
1214 1260 10 53
1214 1261 10 54
1214 1262 10 55
1214 1263 10 56
1214 1264 10 57
1214 1265 10 58
1214 1266 10 59
1214 1267 10 60
1214 1268 10 31
1214 1269 10 32
1214 1270 10 33
1214 1271 10 34
1214 1272 10 35
1214 1273 10 36
1214 1274 10 37
1214 1275 10 38
1214 1276 10 39
1214 1277 10 40
1214 1278 10 41
1215 1239 10 32
1215 1240 10 33
1215 1241 10 34
1215 1242 10 35
1215 1243 10 36
1215 1244 10 37
1215 1245 10 38
1215 1246 10 39
1215 1247 10 40
1215 1248 10 41
1215 1249 10 42
1215 1250 10 43
1215 1251 10 44
1215 1252 10 45
1215 1253 10 46
1215 1254 10 47
1215 1255 10 48
1215 1256 10 49
1215 1257 10 50
1215 1258 10 51
1215 1259 10 52
1215 1260 10 53
1215 1261 10 54
1215 1262 10 55
1215 1263 10 56
1215 1264 10 57
1215 1265 10 58
1215 1266 10 59
1215 1267 10 60
1215 1268 10 31
1215 1269 10 32
1215 1270 10 33
1215 1271 10 34
1215 1272 10 35
1215 1273 10 36
1215 1274 10 37
1215 1275 10 38
1215 1276 10 39
1215 1277 10 40
1215 1278 10 41
1216 1239 10 32
1216 1240 10 33
1216 1241 10 34
1216 1242 10 35
1216 1243 10 36
1216 1244 10 37
1216 1245 10 38
1216 1246 10 39
1216 1247 10 40
1216 1248 10 41
1216 1249 10 42
1216 1250 10 43
1216 1251 10 44
1216 1252 10 45
1216 1253 10 46
1216 1254 10 47
1216 1255 10 48
1216 1256 10 49
1216 1257 10 50
1216 1258 10 51
1216 1259 10 52
1216 1260 10 53
1216 1261 10 54
1216 1262 10 55
1216 1263 10 56
1216 1264 10 57
1216 1265 10 58
1216 1266 10 59
1216 1267 10 60
1216 1268 10 31
1216 1269 10 32
1216 1270 10 33
1216 1271 10 34
1216 1272 10 35
1216 1273 10 36
1216 1274 10 37
1216 1275 10 38
1216 1276 10 39
1216 1277 10 40
1216 1278 10 41
1217 1239 10 32
1217 1240 10 33
1217 1241 10 34
1217 1242 10 35
1217 1243 10 36
1217 1244 10 37
1217 1245 10 38
1217 1246 10 39
1217 1247 10 40
1217 1248 10 41
1217 1249 10 42
1217 1250 10 43
1217 1251 10 44
1217 1252 10 45
1217 1253 10 46
1217 1254 10 47
1217 1255 10 48
1217 1256 10 49
1217 1257 10 50
1217 1258 10 51
1217 1259 10 52
1217 1260 10 53
1217 1261 10 54
1217 1262 10 55
1217 1263 10 56
1217 1264 10 57
1217 1265 10 58
1217 1266 10 59
1217 1267 10 60
1217 1268 10 31
1217 1269 10 32
1217 1270 10 33
1217 1271 10 34
1217 1272 10 35
1217 1273 10 36
1217 1274 10 37
1217 1275 10 38
1217 1276 10 39
1217 1277 10 40
1217 1278 10 41
1218 1239 10 32
1218 1240 10 33
1218 1241 10 34
1218 1242 10 35
1218 1243 10 36
1218 1244 10 37
1218 1245 10 38
1218 1246 10 39
1218 1247 10 40
1218 1248 10 41
1218 1249 10 42
1218 1250 10 43
1218 1251 10 44
1218 1252 10 45
1218 1253 10 46
1218 1254 10 47
1218 1255 10 48
1218 1256 10 49
1218 1257 10 50
1218 1258 10 51
1218 1259 10 52
1218 1260 10 53
1218 1261 10 54
1218 1262 10 55
1218 1263 10 56
1218 1264 10 57
1218 1265 10 58
1218 1266 10 59
1218 1267 10 60
1218 1268 10 31
1218 1269 10 32
1218 1270 10 33
1218 1271 10 34
1218 1272 10 35
1218 1273 10 36
1218 1274 10 37
1218 1275 10 38
1218 1276 10 39
1218 1277 10 40
1218 1278 10 41
1219 1239 10 32
1219 1240 10 33
1219 1241 10 34
1219 1242 10 35
1219 1243 10 36
1219 1244 10 37
1219 1245 10 38
1219 1246 10 39
1219 1247 10 40
1219 1248 10 41
1219 1249 10 42
1219 1250 10 43
1219 1251 10 44
1219 1252 10 45
1219 1253 10 46
1219 1254 10 47
1219 1255 10 48
1219 1256 10 49
1219 1257 10 50
1219 1258 10 51
1219 1259 10 52
1219 1260 10 53
1219 1261 10 54
1219 1262 10 55
1219 1263 10 56
1219 1264 10 57
1219 1265 10 58
1219 1266 10 59
1219 1267 10 60
1219 1268 10 31
1219 1269 10 32
1219 1270 10 33
1219 1271 10 34
1219 1272 10 35
1219 1273 10 36
1219 1274 10 37
1219 1275 10 38
1219 1276 10 39
1219 1277 10 40
1219 1278 10 41
1220 1239 10 32
1220 1240 10 33
1220 1241 10 34
1220 1242 10 35
1220 1243 10 36
1220 1244 10 37
1220 1245 10 38
1220 1246 10 39
1220 1247 10 40
1220 1248 10 41
1220 1249 10 42
1220 1250 10 43
1220 1251 10 44
1220 1252 10 45
1220 1253 10 46
1220 1254 10 47
1220 1255 10 48
1220 1256 10 49
1220 1257 10 50
1220 1258 10 51
1220 1259 10 52
1220 1260 10 53
1220 1261 10 54
1220 1262 10 55
1220 1263 10 56
1220 1264 10 57
1220 1265 10 58
1220 1266 10 59
1220 1267 10 60
1220 1268 10 31
1220 1269 10 32
1220 1270 10 33
1220 1271 10 34
1220 1272 10 35
1220 1273 10 36
1220 1274 10 37
1220 1275 10 38
1220 1276 10 39
1220 1277 10 40
1220 1278 10 41
1221 1239 10 32
1221 1240 10 33
1221 1241 10 34
1221 1242 10 35
1221 1243 10 36
1221 1244 10 37
1221 1245 10 38
1221 1246 10 39
1221 1247 10 40
1221 1248 10 41
1221 1249 10 42
1221 1250 10 43
1221 1251 10 44
1221 1252 10 45
1221 1253 10 46
1221 1254 10 47
1221 1255 10 48
1221 1256 10 49
1221 1257 10 50
1221 1258 10 51
1221 1259 10 52
1221 1260 10 53
1221 1261 10 54
1221 1262 10 55
1221 1263 10 56
1221 1264 10 57
1221 1265 10 58
1221 1266 10 59
1221 1267 10 60
1221 1268 10 31
1221 1269 10 32
1221 1270 10 33
1221 1271 10 34
1221 1272 10 35
1221 1273 10 36
1221 1274 10 37
1221 1275 10 38
1221 1276 10 39
1221 1277 10 40
1221 1278 10 41
1222 1239 10 32
1222 1240 10 33
1222 1241 10 34
1222 1242 10 35
1222 1243 10 36
1222 1244 10 37
1222 1245 10 38
1222 1246 10 39
1222 1247 10 40
1222 1248 10 41
1222 1249 10 42
1222 1250 10 43
1222 1251 10 44
1222 1252 10 45
1222 1253 10 46
1222 1254 10 47
1222 1255 10 48
1222 1256 10 49
1222 1257 10 50
1222 1258 10 51
1222 1259 10 52
1222 1260 10 53
1222 1261 10 54
1222 1262 10 55
1222 1263 10 56
1222 1264 10 57
1222 1265 10 58
1222 1266 10 59
1222 1267 10 60
1222 1268 10 31
1222 1269 10 32
1222 1270 10 33
1222 1271 10 34
1222 1272 10 35
1222 1273 10 36
1222 1274 10 37
1222 1275 10 38
1222 1276 10 39
1222 1277 10 40
1222 1278 10 41
1223 1239 10 32
1223 1240 10 33
1223 1241 10 34
1223 1242 10 35
1223 1243 10 36
1223 1244 10 37
1223 1245 10 38
1223 1246 10 39
1223 1247 10 40
1223 1248 10 41
1223 1249 10 42
1223 1250 10 43
1223 1251 10 44
1223 1252 10 45
1223 1253 10 46
1223 1254 10 47
1223 1255 10 48
1223 1256 10 49
1223 1257 10 50
1223 1258 10 51
1223 1259 10 52
1223 1260 10 53
1223 1261 10 54
1223 1262 10 55
1223 1263 10 56
1223 1264 10 57
1223 1265 10 58
1223 1266 10 59
1223 1267 10 60
1223 1268 10 31
1223 1269 10 32
1223 1270 10 33
1223 1271 10 34
1223 1272 10 35
1223 1273 10 36
1223 1274 10 37
1223 1275 10 38
1223 1276 10 39
1223 1277 10 40
1223 1278 10 41
1224 1239 10 32
1224 1240 10 33
1224 1241 10 34
1224 1242 10 35
1224 1243 10 36
1224 1244 10 37
1224 1245 10 38
1224 1246 10 39
1224 1247 10 40
1224 1248 10 41
1224 1249 10 42
1224 1250 10 43
1224 1251 10 44
1224 1252 10 45
1224 1253 10 46
1224 1254 10 47
1224 1255 10 48
1224 1256 10 49
1224 1257 10 50
1224 1258 10 51
1224 1259 10 52
1224 1260 10 53
1224 1261 10 54
1224 1262 10 55
1224 1263 10 56
1224 1264 10 57
1224 1265 10 58
1224 1266 10 59
1224 1267 10 60
1224 1268 10 31
1224 1269 10 32
1224 1270 10 33
1224 1271 10 34
1224 1272 10 35
1224 1273 10 36
1224 1274 10 37
1224 1275 10 38
1224 1276 10 39
1224 1277 10 40
1224 1278 10 41
1225 1239 10 32
1225 1240 10 33
1225 1241 10 34
1225 1242 10 35
1225 1243 10 36
1225 1244 10 37
1225 1245 10 38
1225 1246 10 39
1225 1247 10 40
1225 1248 10 41
1225 1249 10 42
1225 1250 10 43
1225 1251 10 44
1225 1252 10 45
1225 1253 10 46
1225 1254 10 47
1225 1255 10 48
1225 1256 10 49
1225 1257 10 50
1225 1258 10 51
1225 1259 10 52
1225 1260 10 53
1225 1261 10 54
1225 1262 10 55
1225 1263 10 56
1225 1264 10 57
1225 1265 10 58
1225 1266 10 59
1225 1267 10 60
1225 1268 10 31
1225 1269 10 32
1225 1270 10 33
1225 1271 10 34
1225 1272 10 35
1225 1273 10 36
1225 1274 10 37
1225 1275 10 38
1225 1276 10 39
1225 1277 10 40
1225 1278 10 41
1226 1239 10 32
1226 1240 10 33
1226 1241 10 34
1226 1242 10 35
1226 1243 10 36
1226 1244 10 37
1226 1245 10 38
1226 1246 10 39
1226 1247 10 40
1226 1248 10 41
1226 1249 10 42
1226 1250 10 43
1226 1251 10 44
1226 1252 10 45
1226 1253 10 46
1226 1254 10 47
1226 1255 10 48
1226 1256 10 49
1226 1257 10 50
1226 1258 10 51
1226 1259 10 52
1226 1260 10 53
1226 1261 10 54
1226 1262 10 55
1226 1263 10 56
1226 1264 10 57
1226 1265 10 58
1226 1266 10 59
1226 1267 10 60
1226 1268 10 31
1226 1269 10 32
1226 1270 10 33
1226 1271 10 34
1226 1272 10 35
1226 1273 10 36
1226 1274 10 37
1226 1275 10 38
1226 1276 10 39
1226 1277 10 40
1226 1278 10 41
1227 1239 10 32
1227 1240 10 33
1227 1241 10 34
1227 1242 10 35
1227 1243 10 36
1227 1244 10 37
1227 1245 10 38
1227 1246 10 39
1227 1247 10 40
1227 1248 10 41
1227 1249 10 42
1227 1250 10 43
1227 1251 10 44
1227 1252 10 45
1227 1253 10 46
1227 1254 10 47
1227 1255 10 48
1227 1256 10 49
1227 1257 10 50
1227 1258 10 51
1227 1259 10 52
1227 1260 10 53
1227 1261 10 54
1227 1262 10 55
1227 1263 10 56
1227 1264 10 57
1227 1265 10 58
1227 1266 10 59
1227 1267 10 60
1227 1268 10 31
1227 1269 10 32
1227 1270 10 33
1227 1271 10 34
1227 1272 10 35
1227 1273 10 36
1227 1274 10 37
1227 1275 10 38
1227 1276 10 39
1227 1277 10 40
1227 1278 10 41
1228 1239 10 32
1228 1240 10 33
1228 1241 10 34
1228 1242 10 35
1228 1243 10 36
1228 1244 10 37
1228 1245 10 38
1228 1246 10 39
1228 1247 10 40
1228 1248 10 41
1228 1249 10 42
1228 1250 10 43
1228 1251 10 44
1228 1252 10 45
1228 1253 10 46
1228 1254 10 47
1228 1255 10 48
1228 1256 10 49
1228 1257 10 50
1228 1258 10 51
1228 1259 10 52
1228 1260 10 53
1228 1261 10 54
1228 1262 10 55
1228 1263 10 56
1228 1264 10 57
1228 1265 10 58
1228 1266 10 59
1228 1267 10 60
1228 1268 10 31
1228 1269 10 32
1228 1270 10 33
1228 1271 10 34
1228 1272 10 35
1228 1273 10 36
1228 1274 10 37
1228 1275 10 38
1228 1276 10 39
1228 1277 10 40
1228 1278 10 41
1229 1239 10 32
1229 1240 10 33
1229 1241 10 34
1229 1242 10 35
1229 1243 10 36
1229 1244 10 37
1229 1245 10 38
1229 1246 10 39
1229 1247 10 40
1229 1248 10 41
1229 1249 10 42
1229 1250 10 43
1229 1251 10 44
1229 1252 10 45
1229 1253 10 46
1229 1254 10 47
1229 1255 10 48
1229 1256 10 49
1229 1257 10 50
1229 1258 10 51
1229 1259 10 52
1229 1260 10 53
1229 1261 10 54
1229 1262 10 55
1229 1263 10 56
1229 1264 10 57
1229 1265 10 58
1229 1266 10 59
1229 1267 10 60
1229 1268 10 31
1229 1269 10 32
1229 1270 10 33
1229 1271 10 34
1229 1272 10 35
1229 1273 10 36
1229 1274 10 37
1229 1275 10 38
1229 1276 10 39
1229 1277 10 40
1229 1278 10 41
1230 1239 10 32
1230 1240 10 33
1230 1241 10 34
1230 1242 10 35
1230 1243 10 36
1230 1244 10 37
1230 1245 10 38
1230 1246 10 39
1230 1247 10 40
1230 1248 10 41
1230 1249 10 42
1230 1250 10 43
1230 1251 10 44
1230 1252 10 45
1230 1253 10 46
1230 1254 10 47
1230 1255 10 48
1230 1256 10 49
1230 1257 10 50
1230 1258 10 51
1230 1259 10 52
1230 1260 10 53
1230 1261 10 54
1230 1262 10 55
1230 1263 10 56
1230 1264 10 57
1230 1265 10 58
1230 1266 10 59
1230 1267 10 60
1230 1268 10 31
1230 1269 10 32
1230 1270 10 33
1230 1271 10 34
1230 1272 10 35
1230 1273 10 36
1230 1274 10 37
1230 1275 10 38
1230 1276 10 39
1230 1277 10 40
1230 1278 10 41
1231 1239 10 32
1231 1240 10 33
1231 1241 10 34
1231 1242 10 35
1231 1243 10 36
1231 1244 10 37
1231 1245 10 38
1231 1246 10 39
1231 1247 10 40
1231 1248 10 41
1231 1249 10 42
1231 1250 10 43
1231 1251 10 44
1231 1252 10 45
1231 1253 10 46
1231 1254 10 47
1231 1255 10 48
1231 1256 10 49
1231 1257 10 50
1231 1258 10 51
1231 1259 10 52
1231 1260 10 53
1231 1261 10 54
1231 1262 10 55
1231 1263 10 56
1231 1264 10 57
1231 1265 10 58
1231 1266 10 59
1231 1267 10 60
1231 1268 10 31
1231 1269 10 32
1231 1270 10 33
1231 1271 10 34
1231 1272 10 35
1231 1273 10 36
1231 1274 10 37
1231 1275 10 38
1231 1276 10 39
1231 1277 10 40
1231 1278 10 41
1232 1239 10 32
1232 1240 10 33
1232 1241 10 34
1232 1242 10 35
1232 1243 10 36
1232 1244 10 37
1232 1245 10 38
1232 1246 10 39
1232 1247 10 40
1232 1248 10 41
1232 1249 10 42
1232 1250 10 43
1232 1251 10 44
1232 1252 10 45
1232 1253 10 46
1232 1254 10 47
1232 1255 10 48
1232 1256 10 49
1232 1257 10 50
1232 1258 10 51
1232 1259 10 52
1232 1260 10 53
1232 1261 10 54
1232 1262 10 55
1232 1263 10 56
1232 1264 10 57
1232 1265 10 58
1232 1266 10 59
1232 1267 10 60
1232 1268 10 31
1232 1269 10 32
1232 1270 10 33
1232 1271 10 34
1232 1272 10 35
1232 1273 10 36
1232 1274 10 37
1232 1275 10 38
1232 1276 10 39
1232 1277 10 40
1232 1278 10 41
1233 1239 10 32
1233 1240 10 33
1233 1241 10 34
1233 1242 10 35
1233 1243 10 36
1233 1244 10 37
1233 1245 10 38
1233 1246 10 39
1233 1247 10 40
1233 1248 10 41
1233 1249 10 42
1233 1250 10 43
1233 1251 10 44
1233 1252 10 45
1233 1253 10 46
1233 1254 10 47
1233 1255 10 48
1233 1256 10 49
1233 1257 10 50
1233 1258 10 51
1233 1259 10 52
1233 1260 10 53
1233 1261 10 54
1233 1262 10 55
1233 1263 10 56
1233 1264 10 57
1233 1265 10 58
1233 1266 10 59
1233 1267 10 60
1233 1268 10 31
1233 1269 10 32
1233 1270 10 33
1233 1271 10 34
1233 1272 10 35
1233 1273 10 36
1233 1274 10 37
1233 1275 10 38
1233 1276 10 39
1233 1277 10 40
1233 1278 10 41
1234 1239 10 32
1234 1240 10 33
1234 1241 10 34
1234 1242 10 35
1234 1243 10 36
1234 1244 10 37
1234 1245 10 38
1234 1246 10 39
1234 1247 10 40
1234 1248 10 41
1234 1249 10 42
1234 1250 10 43
1234 1251 10 44
1234 1252 10 45
1234 1253 10 46
1234 1254 10 47
1234 1255 10 48
1234 1256 10 49
1234 1257 10 50
1234 1258 10 51
1234 1259 10 52
1234 1260 10 53
1234 1261 10 54
1234 1262 10 55
1234 1263 10 56
1234 1264 10 57
1234 1265 10 58
1234 1266 10 59
1234 1267 10 60
1234 1268 10 31
1234 1269 10 32
1234 1270 10 33
1234 1271 10 34
1234 1272 10 35
1234 1273 10 36
1234 1274 10 37
1234 1275 10 38
1234 1276 10 39
1234 1277 10 40
1234 1278 10 41
1235 1239 10 32
1235 1240 10 33
1235 1241 10 34
1235 1242 10 35
1235 1243 10 36
1235 1244 10 37
1235 1245 10 38
1235 1246 10 39
1235 1247 10 40
1235 1248 10 41
1235 1249 10 42
1235 1250 10 43
1235 1251 10 44
1235 1252 10 45
1235 1253 10 46
1235 1254 10 47
1235 1255 10 48
1235 1256 10 49
1235 1257 10 50
1235 1258 10 51
1235 1259 10 52
1235 1260 10 53
1235 1261 10 54
1235 1262 10 55
1235 1263 10 56
1235 1264 10 57
1235 1265 10 58
1235 1266 10 59
1235 1267 10 60
1235 1268 10 31
1235 1269 10 32
1235 1270 10 33
1235 1271 10 34
1235 1272 10 35
1235 1273 10 36
1235 1274 10 37
1235 1275 10 38
1235 1276 10 39
1235 1277 10 40
1235 1278 10 41
1236 1239 10 32
1236 1240 10 33
1236 1241 10 34
1236 1242 10 35
1236 1243 10 36
1236 1244 10 37
1236 1245 10 38
1236 1246 10 39
1236 1247 10 40
1236 1248 10 41
1236 1249 10 42
1236 1250 10 43
1236 1251 10 44
1236 1252 10 45
1236 1253 10 46
1236 1254 10 47
1236 1255 10 48
1236 1256 10 49
1236 1257 10 50
1236 1258 10 51
1236 1259 10 52
1236 1260 10 53
1236 1261 10 54
1236 1262 10 55
1236 1263 10 56
1236 1264 10 57
1236 1265 10 58
1236 1266 10 59
1236 1267 10 60
1236 1268 10 31
1236 1269 10 32
1236 1270 10 33
1236 1271 10 34
1236 1272 10 35
1236 1273 10 36
1236 1274 10 37
1236 1275 10 38
1236 1276 10 39
1236 1277 10 40
1236 1278 10 41
1237 1239 10 32
1237 1240 10 33
1237 1241 10 34
1237 1242 10 35
1237 1243 10 36
1237 1244 10 37
1237 1245 10 38
1237 1246 10 39
1237 1247 10 40
1237 1248 10 41
1237 1249 10 42
1237 1250 10 43
1237 1251 10 44
1237 1252 10 45
1237 1253 10 46
1237 1254 10 47
1237 1255 10 48
1237 1256 10 49
1237 1257 10 50
1237 1258 10 51
1237 1259 10 52
1237 1260 10 53
1237 1261 10 54
1237 1262 10 55
1237 1263 10 56
1237 1264 10 57
1237 1265 10 58
1237 1266 10 59
1237 1267 10 60
1237 1268 10 31
1237 1269 10 32
1237 1270 10 33
1237 1271 10 34
1237 1272 10 35
1237 1273 10 36
1237 1274 10 37
1237 1275 10 38
1237 1276 10 39
1237 1277 10 40
1237 1278 10 41
1238 1239 10 32
1238 1240 10 33
1238 1241 10 34
1238 1242 10 35
1238 1243 10 36
1238 1244 10 37
1238 1245 10 38
1238 1246 10 39
1238 1247 10 40
1238 1248 10 41
1238 1249 10 42
1238 1250 10 43
1238 1251 10 44
1238 1252 10 45
1238 1253 10 46
1238 1254 10 47
1238 1255 10 48
1238 1256 10 49
1238 1257 10 50
1238 1258 10 51
1238 1259 10 52
1238 1260 10 53
1238 1261 10 54
1238 1262 10 55
1238 1263 10 56
1238 1264 10 57
1238 1265 10 58
1238 1266 10 59
1238 1267 10 60
1238 1268 10 31
1238 1269 10 32
1238 1270 10 33
1238 1271 10 34
1238 1272 10 35
1238 1273 10 36
1238 1274 10 37
1238 1275 10 38
1238 1276 10 39
1238 1277 10 40
1238 1278 10 41
1239 1279 10 33
1239 1280 10 34
1239 1281 10 35
1239 1282 10 36
1239 1283 10 37
1239 1284 10 38
1239 1285 10 39
1239 1286 10 40
1239 1287 10 41
1239 1288 10 42
1239 1289 10 43
1239 1290 10 44
1239 1291 10 45
1239 1292 10 46
1239 1293 10 47
1239 1294 10 48
1239 1295 10 49
1239 1296 10 50
1239 1297 10 51
1239 1298 10 52
1239 1299 10 53
1239 1300 10 54
1239 1301 10 55
1239 1302 10 56
1239 1303 10 57
1239 1304 10 58
1239 1305 10 59
1239 1306 10 60
1239 1307 10 1
1239 1308 10 32
1239 1309 10 33
1239 1310 10 34
1239 1311 10 35
1239 1312 10 36
1239 1313 10 37
1239 1314 10 38
1239 1315 10 39
1239 1316 10 40
1239 1317 10 41
1239 1318 10 42
1240 1279 10 33
1240 1280 10 34
1240 1281 10 35
1240 1282 10 36
1240 1283 10 37
1240 1284 10 38
1240 1285 10 39
1240 1286 10 40
1240 1287 10 41
1240 1288 10 42
1240 1289 10 43
1240 1290 10 44
1240 1291 10 45
1240 1292 10 46
1240 1293 10 47
1240 1294 10 48
1240 1295 10 49
1240 1296 10 50
1240 1297 10 51
1240 1298 10 52
1240 1299 10 53
1240 1300 10 54
1240 1301 10 55
1240 1302 10 56
1240 1303 10 57
1240 1304 10 58
1240 1305 10 59
1240 1306 10 60
1240 1307 10 1
1240 1308 10 32
1240 1309 10 33
1240 1310 10 34
1240 1311 10 35
1240 1312 10 36
1240 1313 10 37
1240 1314 10 38
1240 1315 10 39
1240 1316 10 40
1240 1317 10 41
1240 1318 10 42
1241 1279 10 33
1241 1280 10 34
1241 1281 10 35
1241 1282 10 36
1241 1283 10 37
1241 1284 10 38
1241 1285 10 39
1241 1286 10 40
1241 1287 10 41
1241 1288 10 42
1241 1289 10 43
1241 1290 10 44
1241 1291 10 45
1241 1292 10 46
1241 1293 10 47
1241 1294 10 48
1241 1295 10 49
1241 1296 10 50
1241 1297 10 51
1241 1298 10 52
1241 1299 10 53
1241 1300 10 54
1241 1301 10 55
1241 1302 10 56
1241 1303 10 57
1241 1304 10 58
1241 1305 10 59
1241 1306 10 60
1241 1307 10 1
1241 1308 10 32
1241 1309 10 33
1241 1310 10 34
1241 1311 10 35
1241 1312 10 36
1241 1313 10 37
1241 1314 10 38
1241 1315 10 39
1241 1316 10 40
1241 1317 10 41
1241 1318 10 42
1242 1279 10 33
1242 1280 10 34
1242 1281 10 35
1242 1282 10 36
1242 1283 10 37
1242 1284 10 38
1242 1285 10 39
1242 1286 10 40
1242 1287 10 41
1242 1288 10 42
1242 1289 10 43
1242 1290 10 44
1242 1291 10 45
1242 1292 10 46
1242 1293 10 47
1242 1294 10 48
1242 1295 10 49
1242 1296 10 50
1242 1297 10 51
1242 1298 10 52
1242 1299 10 53
1242 1300 10 54
1242 1301 10 55
1242 1302 10 56
1242 1303 10 57
1242 1304 10 58
1242 1305 10 59
1242 1306 10 60
1242 1307 10 1
1242 1308 10 32
1242 1309 10 33
1242 1310 10 34
1242 1311 10 35
1242 1312 10 36
1242 1313 10 37
1242 1314 10 38
1242 1315 10 39
1242 1316 10 40
1242 1317 10 41
1242 1318 10 42
1243 1279 10 33
1243 1280 10 34
1243 1281 10 35
1243 1282 10 36
1243 1283 10 37
1243 1284 10 38
1243 1285 10 39
1243 1286 10 40
1243 1287 10 41
1243 1288 10 42
1243 1289 10 43
1243 1290 10 44
1243 1291 10 45
1243 1292 10 46
1243 1293 10 47
1243 1294 10 48
1243 1295 10 49
1243 1296 10 50
1243 1297 10 51
1243 1298 10 52
1243 1299 10 53
1243 1300 10 54
1243 1301 10 55
1243 1302 10 56
1243 1303 10 57
1243 1304 10 58
1243 1305 10 59
1243 1306 10 60
1243 1307 10 1
1243 1308 10 32
1243 1309 10 33
1243 1310 10 34
1243 1311 10 35
1243 1312 10 36
1243 1313 10 37
1243 1314 10 38
1243 1315 10 39
1243 1316 10 40
1243 1317 10 41
1243 1318 10 42
1244 1279 10 33
1244 1280 10 34
1244 1281 10 35
1244 1282 10 36
1244 1283 10 37
1244 1284 10 38
1244 1285 10 39
1244 1286 10 40
1244 1287 10 41
1244 1288 10 42
1244 1289 10 43
1244 1290 10 44
1244 1291 10 45
1244 1292 10 46
1244 1293 10 47
1244 1294 10 48
1244 1295 10 49
1244 1296 10 50
1244 1297 10 51
1244 1298 10 52
1244 1299 10 53
1244 1300 10 54
1244 1301 10 55
1244 1302 10 56
1244 1303 10 57
1244 1304 10 58
1244 1305 10 59
1244 1306 10 60
1244 1307 10 1
1244 1308 10 32
1244 1309 10 33
1244 1310 10 34
1244 1311 10 35
1244 1312 10 36
1244 1313 10 37
1244 1314 10 38
1244 1315 10 39
1244 1316 10 40
1244 1317 10 41
1244 1318 10 42
1245 1279 10 33
1245 1280 10 34
1245 1281 10 35
1245 1282 10 36
1245 1283 10 37
1245 1284 10 38
1245 1285 10 39
1245 1286 10 40
1245 1287 10 41
1245 1288 10 42
1245 1289 10 43
1245 1290 10 44
1245 1291 10 45
1245 1292 10 46
1245 1293 10 47
1245 1294 10 48
1245 1295 10 49
1245 1296 10 50
1245 1297 10 51
1245 1298 10 52
1245 1299 10 53
1245 1300 10 54
1245 1301 10 55
1245 1302 10 56
1245 1303 10 57
1245 1304 10 58
1245 1305 10 59
1245 1306 10 60
1245 1307 10 1
1245 1308 10 32
1245 1309 10 33
1245 1310 10 34
1245 1311 10 35
1245 1312 10 36
1245 1313 10 37
1245 1314 10 38
1245 1315 10 39
1245 1316 10 40
1245 1317 10 41
1245 1318 10 42
1246 1279 10 33
1246 1280 10 34
1246 1281 10 35
1246 1282 10 36
1246 1283 10 37
1246 1284 10 38
1246 1285 10 39
1246 1286 10 40
1246 1287 10 41
1246 1288 10 42
1246 1289 10 43
1246 1290 10 44
1246 1291 10 45
1246 1292 10 46
1246 1293 10 47
1246 1294 10 48
1246 1295 10 49
1246 1296 10 50
1246 1297 10 51
1246 1298 10 52
1246 1299 10 53
1246 1300 10 54
1246 1301 10 55
1246 1302 10 56
1246 1303 10 57
1246 1304 10 58
1246 1305 10 59
1246 1306 10 60
1246 1307 10 1
1246 1308 10 32
1246 1309 10 33
1246 1310 10 34
1246 1311 10 35
1246 1312 10 36
1246 1313 10 37
1246 1314 10 38
1246 1315 10 39
1246 1316 10 40
1246 1317 10 41
1246 1318 10 42
1247 1279 10 33
1247 1280 10 34
1247 1281 10 35
1247 1282 10 36
1247 1283 10 37
1247 1284 10 38
1247 1285 10 39
1247 1286 10 40
1247 1287 10 41
1247 1288 10 42
1247 1289 10 43
1247 1290 10 44
1247 1291 10 45
1247 1292 10 46
1247 1293 10 47
1247 1294 10 48
1247 1295 10 49
1247 1296 10 50
1247 1297 10 51
1247 1298 10 52
1247 1299 10 53
1247 1300 10 54
1247 1301 10 55
1247 1302 10 56
1247 1303 10 57
1247 1304 10 58
1247 1305 10 59
1247 1306 10 60
1247 1307 10 1
1247 1308 10 32
1247 1309 10 33
1247 1310 10 34
1247 1311 10 35
1247 1312 10 36
1247 1313 10 37
1247 1314 10 38
1247 1315 10 39
1247 1316 10 40
1247 1317 10 41
1247 1318 10 42
1248 1279 10 33
1248 1280 10 34
1248 1281 10 35
1248 1282 10 36
1248 1283 10 37
1248 1284 10 38
1248 1285 10 39
1248 1286 10 40
1248 1287 10 41
1248 1288 10 42
1248 1289 10 43
1248 1290 10 44
1248 1291 10 45
1248 1292 10 46
1248 1293 10 47
1248 1294 10 48
1248 1295 10 49
1248 1296 10 50
1248 1297 10 51
1248 1298 10 52
1248 1299 10 53
1248 1300 10 54
1248 1301 10 55
1248 1302 10 56
1248 1303 10 57
1248 1304 10 58
1248 1305 10 59
1248 1306 10 60
1248 1307 10 1
1248 1308 10 32
1248 1309 10 33
1248 1310 10 34
1248 1311 10 35
1248 1312 10 36
1248 1313 10 37
1248 1314 10 38
1248 1315 10 39
1248 1316 10 40
1248 1317 10 41
1248 1318 10 42
1249 1279 10 33
1249 1280 10 34
1249 1281 10 35
1249 1282 10 36
1249 1283 10 37
1249 1284 10 38
1249 1285 10 39
1249 1286 10 40
1249 1287 10 41
1249 1288 10 42
1249 1289 10 43
1249 1290 10 44
1249 1291 10 45
1249 1292 10 46
1249 1293 10 47
1249 1294 10 48
1249 1295 10 49
1249 1296 10 50
1249 1297 10 51
1249 1298 10 52
1249 1299 10 53
1249 1300 10 54
1249 1301 10 55
1249 1302 10 56
1249 1303 10 57
1249 1304 10 58
1249 1305 10 59
1249 1306 10 60
1249 1307 10 1
1249 1308 10 32
1249 1309 10 33
1249 1310 10 34
1249 1311 10 35
1249 1312 10 36
1249 1313 10 37
1249 1314 10 38
1249 1315 10 39
1249 1316 10 40
1249 1317 10 41
1249 1318 10 42
1250 1279 10 33
1250 1280 10 34
1250 1281 10 35
1250 1282 10 36
1250 1283 10 37
1250 1284 10 38
1250 1285 10 39
1250 1286 10 40
1250 1287 10 41
1250 1288 10 42
1250 1289 10 43
1250 1290 10 44
1250 1291 10 45
1250 1292 10 46
1250 1293 10 47
1250 1294 10 48
1250 1295 10 49
1250 1296 10 50
1250 1297 10 51
1250 1298 10 52
1250 1299 10 53
1250 1300 10 54
1250 1301 10 55
1250 1302 10 56
1250 1303 10 57
1250 1304 10 58
1250 1305 10 59
1250 1306 10 60
1250 1307 10 1
1250 1308 10 32
1250 1309 10 33
1250 1310 10 34
1250 1311 10 35
1250 1312 10 36
1250 1313 10 37
1250 1314 10 38
1250 1315 10 39
1250 1316 10 40
1250 1317 10 41
1250 1318 10 42
1251 1279 10 33
1251 1280 10 34
1251 1281 10 35
1251 1282 10 36
1251 1283 10 37
1251 1284 10 38
1251 1285 10 39
1251 1286 10 40
1251 1287 10 41
1251 1288 10 42
1251 1289 10 43
1251 1290 10 44
1251 1291 10 45
1251 1292 10 46
1251 1293 10 47
1251 1294 10 48
1251 1295 10 49
1251 1296 10 50
1251 1297 10 51
1251 1298 10 52
1251 1299 10 53
1251 1300 10 54
1251 1301 10 55
1251 1302 10 56
1251 1303 10 57
1251 1304 10 58
1251 1305 10 59
1251 1306 10 60
1251 1307 10 1
1251 1308 10 32
1251 1309 10 33
1251 1310 10 34
1251 1311 10 35
1251 1312 10 36
1251 1313 10 37
1251 1314 10 38
1251 1315 10 39
1251 1316 10 40
1251 1317 10 41
1251 1318 10 42
1252 1279 10 33
1252 1280 10 34
1252 1281 10 35
1252 1282 10 36
1252 1283 10 37
1252 1284 10 38
1252 1285 10 39
1252 1286 10 40
1252 1287 10 41
1252 1288 10 42
1252 1289 10 43
1252 1290 10 44
1252 1291 10 45
1252 1292 10 46
1252 1293 10 47
1252 1294 10 48
1252 1295 10 49
1252 1296 10 50
1252 1297 10 51
1252 1298 10 52
1252 1299 10 53
1252 1300 10 54
1252 1301 10 55
1252 1302 10 56
1252 1303 10 57
1252 1304 10 58
1252 1305 10 59
1252 1306 10 60
1252 1307 10 1
1252 1308 10 32
1252 1309 10 33
1252 1310 10 34
1252 1311 10 35
1252 1312 10 36
1252 1313 10 37
1252 1314 10 38
1252 1315 10 39
1252 1316 10 40
1252 1317 10 41
1252 1318 10 42
1253 1279 10 33
1253 1280 10 34
1253 1281 10 35
1253 1282 10 36
1253 1283 10 37
1253 1284 10 38
1253 1285 10 39
1253 1286 10 40
1253 1287 10 41
1253 1288 10 42
1253 1289 10 43
1253 1290 10 44
1253 1291 10 45
1253 1292 10 46
1253 1293 10 47
1253 1294 10 48
1253 1295 10 49
1253 1296 10 50
1253 1297 10 51
1253 1298 10 52
1253 1299 10 53
1253 1300 10 54
1253 1301 10 55
1253 1302 10 56
1253 1303 10 57
1253 1304 10 58
1253 1305 10 59
1253 1306 10 60
1253 1307 10 1
1253 1308 10 32
1253 1309 10 33
1253 1310 10 34
1253 1311 10 35
1253 1312 10 36
1253 1313 10 37
1253 1314 10 38
1253 1315 10 39
1253 1316 10 40
1253 1317 10 41
1253 1318 10 42
1254 1279 10 33
1254 1280 10 34
1254 1281 10 35
1254 1282 10 36
1254 1283 10 37
1254 1284 10 38
1254 1285 10 39
1254 1286 10 40
1254 1287 10 41
1254 1288 10 42
1254 1289 10 43
1254 1290 10 44
1254 1291 10 45
1254 1292 10 46
1254 1293 10 47
1254 1294 10 48
1254 1295 10 49
1254 1296 10 50
1254 1297 10 51
1254 1298 10 52
1254 1299 10 53
1254 1300 10 54
1254 1301 10 55
1254 1302 10 56
1254 1303 10 57
1254 1304 10 58
1254 1305 10 59
1254 1306 10 60
1254 1307 10 1
1254 1308 10 32
1254 1309 10 33
1254 1310 10 34
1254 1311 10 35
1254 1312 10 36
1254 1313 10 37
1254 1314 10 38
1254 1315 10 39
1254 1316 10 40
1254 1317 10 41
1254 1318 10 42
1255 1279 10 33
1255 1280 10 34
1255 1281 10 35
1255 1282 10 36
1255 1283 10 37
1255 1284 10 38
1255 1285 10 39
1255 1286 10 40
1255 1287 10 41
1255 1288 10 42
1255 1289 10 43
1255 1290 10 44
1255 1291 10 45
1255 1292 10 46
1255 1293 10 47
1255 1294 10 48
1255 1295 10 49
1255 1296 10 50
1255 1297 10 51
1255 1298 10 52
1255 1299 10 53
1255 1300 10 54
1255 1301 10 55
1255 1302 10 56
1255 1303 10 57
1255 1304 10 58
1255 1305 10 59
1255 1306 10 60
1255 1307 10 1
1255 1308 10 32
1255 1309 10 33
1255 1310 10 34
1255 1311 10 35
1255 1312 10 36
1255 1313 10 37
1255 1314 10 38
1255 1315 10 39
1255 1316 10 40
1255 1317 10 41
1255 1318 10 42
1256 1279 10 33
1256 1280 10 34
1256 1281 10 35
1256 1282 10 36
1256 1283 10 37
1256 1284 10 38
1256 1285 10 39
1256 1286 10 40
1256 1287 10 41
1256 1288 10 42
1256 1289 10 43
1256 1290 10 44
1256 1291 10 45
1256 1292 10 46
1256 1293 10 47
1256 1294 10 48
1256 1295 10 49
1256 1296 10 50
1256 1297 10 51
1256 1298 10 52
1256 1299 10 53
1256 1300 10 54
1256 1301 10 55
1256 1302 10 56
1256 1303 10 57
1256 1304 10 58
1256 1305 10 59
1256 1306 10 60
1256 1307 10 1
1256 1308 10 32
1256 1309 10 33
1256 1310 10 34
1256 1311 10 35
1256 1312 10 36
1256 1313 10 37
1256 1314 10 38
1256 1315 10 39
1256 1316 10 40
1256 1317 10 41
1256 1318 10 42
1257 1279 10 33
1257 1280 10 34
1257 1281 10 35
1257 1282 10 36
1257 1283 10 37
1257 1284 10 38
1257 1285 10 39
1257 1286 10 40
1257 1287 10 41
1257 1288 10 42
1257 1289 10 43
1257 1290 10 44
1257 1291 10 45
1257 1292 10 46
1257 1293 10 47
1257 1294 10 48
1257 1295 10 49
1257 1296 10 50
1257 1297 10 51
1257 1298 10 52
1257 1299 10 53
1257 1300 10 54
1257 1301 10 55
1257 1302 10 56
1257 1303 10 57
1257 1304 10 58
1257 1305 10 59
1257 1306 10 60
1257 1307 10 1
1257 1308 10 32
1257 1309 10 33
1257 1310 10 34
1257 1311 10 35
1257 1312 10 36
1257 1313 10 37
1257 1314 10 38
1257 1315 10 39
1257 1316 10 40
1257 1317 10 41
1257 1318 10 42
1258 1279 10 33
1258 1280 10 34
1258 1281 10 35
1258 1282 10 36
1258 1283 10 37
1258 1284 10 38
1258 1285 10 39
1258 1286 10 40
1258 1287 10 41
1258 1288 10 42
1258 1289 10 43
1258 1290 10 44
1258 1291 10 45
1258 1292 10 46
1258 1293 10 47
1258 1294 10 48
1258 1295 10 49
1258 1296 10 50
1258 1297 10 51
1258 1298 10 52
1258 1299 10 53
1258 1300 10 54
1258 1301 10 55
1258 1302 10 56
1258 1303 10 57
1258 1304 10 58
1258 1305 10 59
1258 1306 10 60
1258 1307 10 1
1258 1308 10 32
1258 1309 10 33
1258 1310 10 34
1258 1311 10 35
1258 1312 10 36
1258 1313 10 37
1258 1314 10 38
1258 1315 10 39
1258 1316 10 40
1258 1317 10 41
1258 1318 10 42
1259 1279 10 33
1259 1280 10 34
1259 1281 10 35
1259 1282 10 36
1259 1283 10 37
1259 1284 10 38
1259 1285 10 39
1259 1286 10 40
1259 1287 10 41
1259 1288 10 42
1259 1289 10 43
1259 1290 10 44
1259 1291 10 45
1259 1292 10 46
1259 1293 10 47
1259 1294 10 48
1259 1295 10 49
1259 1296 10 50
1259 1297 10 51
1259 1298 10 52
1259 1299 10 53
1259 1300 10 54
1259 1301 10 55
1259 1302 10 56
1259 1303 10 57
1259 1304 10 58
1259 1305 10 59
1259 1306 10 60
1259 1307 10 1
1259 1308 10 32
1259 1309 10 33
1259 1310 10 34
1259 1311 10 35
1259 1312 10 36
1259 1313 10 37
1259 1314 10 38
1259 1315 10 39
1259 1316 10 40
1259 1317 10 41
1259 1318 10 42
1260 1279 10 33
1260 1280 10 34
1260 1281 10 35
1260 1282 10 36
1260 1283 10 37
1260 1284 10 38
1260 1285 10 39
1260 1286 10 40
1260 1287 10 41
1260 1288 10 42
1260 1289 10 43
1260 1290 10 44
1260 1291 10 45
1260 1292 10 46
1260 1293 10 47
1260 1294 10 48
1260 1295 10 49
1260 1296 10 50
1260 1297 10 51
1260 1298 10 52
1260 1299 10 53
1260 1300 10 54
1260 1301 10 55
1260 1302 10 56
1260 1303 10 57
1260 1304 10 58
1260 1305 10 59
1260 1306 10 60
1260 1307 10 1
1260 1308 10 32
1260 1309 10 33
1260 1310 10 34
1260 1311 10 35
1260 1312 10 36
1260 1313 10 37
1260 1314 10 38
1260 1315 10 39
1260 1316 10 40
1260 1317 10 41
1260 1318 10 42
1261 1279 10 33
1261 1280 10 34
1261 1281 10 35
1261 1282 10 36
1261 1283 10 37
1261 1284 10 38
1261 1285 10 39
1261 1286 10 40
1261 1287 10 41
1261 1288 10 42
1261 1289 10 43
1261 1290 10 44
1261 1291 10 45
1261 1292 10 46
1261 1293 10 47
1261 1294 10 48
1261 1295 10 49
1261 1296 10 50
1261 1297 10 51
1261 1298 10 52
1261 1299 10 53
1261 1300 10 54
1261 1301 10 55
1261 1302 10 56
1261 1303 10 57
1261 1304 10 58
1261 1305 10 59
1261 1306 10 60
1261 1307 10 1
1261 1308 10 32
1261 1309 10 33
1261 1310 10 34
1261 1311 10 35
1261 1312 10 36
1261 1313 10 37
1261 1314 10 38
1261 1315 10 39
1261 1316 10 40
1261 1317 10 41
1261 1318 10 42
1262 1279 10 33
1262 1280 10 34
1262 1281 10 35
1262 1282 10 36
1262 1283 10 37
1262 1284 10 38
1262 1285 10 39
1262 1286 10 40
1262 1287 10 41
1262 1288 10 42
1262 1289 10 43
1262 1290 10 44
1262 1291 10 45
1262 1292 10 46
1262 1293 10 47
1262 1294 10 48
1262 1295 10 49
1262 1296 10 50
1262 1297 10 51
1262 1298 10 52
1262 1299 10 53
1262 1300 10 54
1262 1301 10 55
1262 1302 10 56
1262 1303 10 57
1262 1304 10 58
1262 1305 10 59
1262 1306 10 60
1262 1307 10 1
1262 1308 10 32
1262 1309 10 33
1262 1310 10 34
1262 1311 10 35
1262 1312 10 36
1262 1313 10 37
1262 1314 10 38
1262 1315 10 39
1262 1316 10 40
1262 1317 10 41
1262 1318 10 42
1263 1279 10 33
1263 1280 10 34
1263 1281 10 35
1263 1282 10 36
1263 1283 10 37
1263 1284 10 38
1263 1285 10 39
1263 1286 10 40
1263 1287 10 41
1263 1288 10 42
1263 1289 10 43
1263 1290 10 44
1263 1291 10 45
1263 1292 10 46
1263 1293 10 47
1263 1294 10 48
1263 1295 10 49
1263 1296 10 50
1263 1297 10 51
1263 1298 10 52
1263 1299 10 53
1263 1300 10 54
1263 1301 10 55
1263 1302 10 56
1263 1303 10 57
1263 1304 10 58
1263 1305 10 59
1263 1306 10 60
1263 1307 10 1
1263 1308 10 32
1263 1309 10 33
1263 1310 10 34
1263 1311 10 35
1263 1312 10 36
1263 1313 10 37
1263 1314 10 38
1263 1315 10 39
1263 1316 10 40
1263 1317 10 41
1263 1318 10 42
1264 1279 10 33
1264 1280 10 34
1264 1281 10 35
1264 1282 10 36
1264 1283 10 37
1264 1284 10 38
1264 1285 10 39
1264 1286 10 40
1264 1287 10 41
1264 1288 10 42
1264 1289 10 43
1264 1290 10 44
1264 1291 10 45
1264 1292 10 46
1264 1293 10 47
1264 1294 10 48
1264 1295 10 49
1264 1296 10 50
1264 1297 10 51
1264 1298 10 52
1264 1299 10 53
1264 1300 10 54
1264 1301 10 55
1264 1302 10 56
1264 1303 10 57
1264 1304 10 58
1264 1305 10 59
1264 1306 10 60
1264 1307 10 1
1264 1308 10 32
1264 1309 10 33
1264 1310 10 34
1264 1311 10 35
1264 1312 10 36
1264 1313 10 37
1264 1314 10 38
1264 1315 10 39
1264 1316 10 40
1264 1317 10 41
1264 1318 10 42
1265 1279 10 33
1265 1280 10 34
1265 1281 10 35
1265 1282 10 36
1265 1283 10 37
1265 1284 10 38
1265 1285 10 39
1265 1286 10 40
1265 1287 10 41
1265 1288 10 42
1265 1289 10 43
1265 1290 10 44
1265 1291 10 45
1265 1292 10 46
1265 1293 10 47
1265 1294 10 48
1265 1295 10 49
1265 1296 10 50
1265 1297 10 51
1265 1298 10 52
1265 1299 10 53
1265 1300 10 54
1265 1301 10 55
1265 1302 10 56
1265 1303 10 57
1265 1304 10 58
1265 1305 10 59
1265 1306 10 60
1265 1307 10 1
1265 1308 10 32
1265 1309 10 33
1265 1310 10 34
1265 1311 10 35
1265 1312 10 36
1265 1313 10 37
1265 1314 10 38
1265 1315 10 39
1265 1316 10 40
1265 1317 10 41
1265 1318 10 42
1266 1279 10 33
1266 1280 10 34
1266 1281 10 35
1266 1282 10 36
1266 1283 10 37
1266 1284 10 38
1266 1285 10 39
1266 1286 10 40
1266 1287 10 41
1266 1288 10 42
1266 1289 10 43
1266 1290 10 44
1266 1291 10 45
1266 1292 10 46
1266 1293 10 47
1266 1294 10 48
1266 1295 10 49
1266 1296 10 50
1266 1297 10 51
1266 1298 10 52
1266 1299 10 53
1266 1300 10 54
1266 1301 10 55
1266 1302 10 56
1266 1303 10 57
1266 1304 10 58
1266 1305 10 59
1266 1306 10 60
1266 1307 10 1
1266 1308 10 32
1266 1309 10 33
1266 1310 10 34
1266 1311 10 35
1266 1312 10 36
1266 1313 10 37
1266 1314 10 38
1266 1315 10 39
1266 1316 10 40
1266 1317 10 41
1266 1318 10 42
1267 1279 10 33
1267 1280 10 34
1267 1281 10 35
1267 1282 10 36
1267 1283 10 37
1267 1284 10 38
1267 1285 10 39
1267 1286 10 40
1267 1287 10 41
1267 1288 10 42
1267 1289 10 43
1267 1290 10 44
1267 1291 10 45
1267 1292 10 46
1267 1293 10 47
1267 1294 10 48
1267 1295 10 49
1267 1296 10 50
1267 1297 10 51
1267 1298 10 52
1267 1299 10 53
1267 1300 10 54
1267 1301 10 55
1267 1302 10 56
1267 1303 10 57
1267 1304 10 58
1267 1305 10 59
1267 1306 10 60
1267 1307 10 1
1267 1308 10 32
1267 1309 10 33
1267 1310 10 34
1267 1311 10 35
1267 1312 10 36
1267 1313 10 37
1267 1314 10 38
1267 1315 10 39
1267 1316 10 40
1267 1317 10 41
1267 1318 10 42
1268 1279 10 33
1268 1280 10 34
1268 1281 10 35
1268 1282 10 36
1268 1283 10 37
1268 1284 10 38
1268 1285 10 39
1268 1286 10 40
1268 1287 10 41
1268 1288 10 42
1268 1289 10 43
1268 1290 10 44
1268 1291 10 45
1268 1292 10 46
1268 1293 10 47
1268 1294 10 48
1268 1295 10 49
1268 1296 10 50
1268 1297 10 51
1268 1298 10 52
1268 1299 10 53
1268 1300 10 54
1268 1301 10 55
1268 1302 10 56
1268 1303 10 57
1268 1304 10 58
1268 1305 10 59
1268 1306 10 60
1268 1307 10 1
1268 1308 10 32
1268 1309 10 33
1268 1310 10 34
1268 1311 10 35
1268 1312 10 36
1268 1313 10 37
1268 1314 10 38
1268 1315 10 39
1268 1316 10 40
1268 1317 10 41
1268 1318 10 42
1269 1279 10 33
1269 1280 10 34
1269 1281 10 35
1269 1282 10 36
1269 1283 10 37
1269 1284 10 38
1269 1285 10 39
1269 1286 10 40
1269 1287 10 41
1269 1288 10 42
1269 1289 10 43
1269 1290 10 44
1269 1291 10 45
1269 1292 10 46
1269 1293 10 47
1269 1294 10 48
1269 1295 10 49
1269 1296 10 50
1269 1297 10 51
1269 1298 10 52
1269 1299 10 53
1269 1300 10 54
1269 1301 10 55
1269 1302 10 56
1269 1303 10 57
1269 1304 10 58
1269 1305 10 59
1269 1306 10 60
1269 1307 10 1
1269 1308 10 32
1269 1309 10 33
1269 1310 10 34
1269 1311 10 35
1269 1312 10 36
1269 1313 10 37
1269 1314 10 38
1269 1315 10 39
1269 1316 10 40
1269 1317 10 41
1269 1318 10 42
1270 1279 10 33
1270 1280 10 34
1270 1281 10 35
1270 1282 10 36
1270 1283 10 37
1270 1284 10 38
1270 1285 10 39
1270 1286 10 40
1270 1287 10 41
1270 1288 10 42
1270 1289 10 43
1270 1290 10 44
1270 1291 10 45
1270 1292 10 46
1270 1293 10 47
1270 1294 10 48
1270 1295 10 49
1270 1296 10 50
1270 1297 10 51
1270 1298 10 52
1270 1299 10 53
1270 1300 10 54
1270 1301 10 55
1270 1302 10 56
1270 1303 10 57
1270 1304 10 58
1270 1305 10 59
1270 1306 10 60
1270 1307 10 1
1270 1308 10 32
1270 1309 10 33
1270 1310 10 34
1270 1311 10 35
1270 1312 10 36
1270 1313 10 37
1270 1314 10 38
1270 1315 10 39
1270 1316 10 40
1270 1317 10 41
1270 1318 10 42
1271 1279 10 33
1271 1280 10 34
1271 1281 10 35
1271 1282 10 36
1271 1283 10 37
1271 1284 10 38
1271 1285 10 39
1271 1286 10 40
1271 1287 10 41
1271 1288 10 42
1271 1289 10 43
1271 1290 10 44
1271 1291 10 45
1271 1292 10 46
1271 1293 10 47
1271 1294 10 48
1271 1295 10 49
1271 1296 10 50
1271 1297 10 51
1271 1298 10 52
1271 1299 10 53
1271 1300 10 54
1271 1301 10 55
1271 1302 10 56
1271 1303 10 57
1271 1304 10 58
1271 1305 10 59
1271 1306 10 60
1271 1307 10 1
1271 1308 10 32
1271 1309 10 33
1271 1310 10 34
1271 1311 10 35
1271 1312 10 36
1271 1313 10 37
1271 1314 10 38
1271 1315 10 39
1271 1316 10 40
1271 1317 10 41
1271 1318 10 42
1272 1279 10 33
1272 1280 10 34
1272 1281 10 35
1272 1282 10 36
1272 1283 10 37
1272 1284 10 38
1272 1285 10 39
1272 1286 10 40
1272 1287 10 41
1272 1288 10 42
1272 1289 10 43
1272 1290 10 44
1272 1291 10 45
1272 1292 10 46
1272 1293 10 47
1272 1294 10 48
1272 1295 10 49
1272 1296 10 50
1272 1297 10 51
1272 1298 10 52
1272 1299 10 53
1272 1300 10 54
1272 1301 10 55
1272 1302 10 56
1272 1303 10 57
1272 1304 10 58
1272 1305 10 59
1272 1306 10 60
1272 1307 10 1
1272 1308 10 32
1272 1309 10 33
1272 1310 10 34
1272 1311 10 35
1272 1312 10 36
1272 1313 10 37
1272 1314 10 38
1272 1315 10 39
1272 1316 10 40
1272 1317 10 41
1272 1318 10 42
1273 1279 10 33
1273 1280 10 34
1273 1281 10 35
1273 1282 10 36
1273 1283 10 37
1273 1284 10 38
1273 1285 10 39
1273 1286 10 40
1273 1287 10 41
1273 1288 10 42
1273 1289 10 43
1273 1290 10 44
1273 1291 10 45
1273 1292 10 46
1273 1293 10 47
1273 1294 10 48
1273 1295 10 49
1273 1296 10 50
1273 1297 10 51
1273 1298 10 52
1273 1299 10 53
1273 1300 10 54
1273 1301 10 55
1273 1302 10 56
1273 1303 10 57
1273 1304 10 58
1273 1305 10 59
1273 1306 10 60
1273 1307 10 1
1273 1308 10 32
1273 1309 10 33
1273 1310 10 34
1273 1311 10 35
1273 1312 10 36
1273 1313 10 37
1273 1314 10 38
1273 1315 10 39
1273 1316 10 40
1273 1317 10 41
1273 1318 10 42
1274 1279 10 33
1274 1280 10 34
1274 1281 10 35
1274 1282 10 36
1274 1283 10 37
1274 1284 10 38
1274 1285 10 39
1274 1286 10 40
1274 1287 10 41
1274 1288 10 42
1274 1289 10 43
1274 1290 10 44
1274 1291 10 45
1274 1292 10 46
1274 1293 10 47
1274 1294 10 48
1274 1295 10 49
1274 1296 10 50
1274 1297 10 51
1274 1298 10 52
1274 1299 10 53
1274 1300 10 54
1274 1301 10 55
1274 1302 10 56
1274 1303 10 57
1274 1304 10 58
1274 1305 10 59
1274 1306 10 60
1274 1307 10 1
1274 1308 10 32
1274 1309 10 33
1274 1310 10 34
1274 1311 10 35
1274 1312 10 36
1274 1313 10 37
1274 1314 10 38
1274 1315 10 39
1274 1316 10 40
1274 1317 10 41
1274 1318 10 42
1275 1279 10 33
1275 1280 10 34
1275 1281 10 35
1275 1282 10 36
1275 1283 10 37
1275 1284 10 38
1275 1285 10 39
1275 1286 10 40
1275 1287 10 41
1275 1288 10 42
1275 1289 10 43
1275 1290 10 44
1275 1291 10 45
1275 1292 10 46
1275 1293 10 47
1275 1294 10 48
1275 1295 10 49
1275 1296 10 50
1275 1297 10 51
1275 1298 10 52
1275 1299 10 53
1275 1300 10 54
1275 1301 10 55
1275 1302 10 56
1275 1303 10 57
1275 1304 10 58
1275 1305 10 59
1275 1306 10 60
1275 1307 10 1
1275 1308 10 32
1275 1309 10 33
1275 1310 10 34
1275 1311 10 35
1275 1312 10 36
1275 1313 10 37
1275 1314 10 38
1275 1315 10 39
1275 1316 10 40
1275 1317 10 41
1275 1318 10 42
1276 1279 10 33
1276 1280 10 34
1276 1281 10 35
1276 1282 10 36
1276 1283 10 37
1276 1284 10 38
1276 1285 10 39
1276 1286 10 40
1276 1287 10 41
1276 1288 10 42
1276 1289 10 43
1276 1290 10 44
1276 1291 10 45
1276 1292 10 46
1276 1293 10 47
1276 1294 10 48
1276 1295 10 49
1276 1296 10 50
1276 1297 10 51
1276 1298 10 52
1276 1299 10 53
1276 1300 10 54
1276 1301 10 55
1276 1302 10 56
1276 1303 10 57
1276 1304 10 58
1276 1305 10 59
1276 1306 10 60
1276 1307 10 1
1276 1308 10 32
1276 1309 10 33
1276 1310 10 34
1276 1311 10 35
1276 1312 10 36
1276 1313 10 37
1276 1314 10 38
1276 1315 10 39
1276 1316 10 40
1276 1317 10 41
1276 1318 10 42
1277 1279 10 33
1277 1280 10 34
1277 1281 10 35
1277 1282 10 36
1277 1283 10 37
1277 1284 10 38
1277 1285 10 39
1277 1286 10 40
1277 1287 10 41
1277 1288 10 42
1277 1289 10 43
1277 1290 10 44
1277 1291 10 45
1277 1292 10 46
1277 1293 10 47
1277 1294 10 48
1277 1295 10 49
1277 1296 10 50
1277 1297 10 51
1277 1298 10 52
1277 1299 10 53
1277 1300 10 54
1277 1301 10 55
1277 1302 10 56
1277 1303 10 57
1277 1304 10 58
1277 1305 10 59
1277 1306 10 60
1277 1307 10 1
1277 1308 10 32
1277 1309 10 33
1277 1310 10 34
1277 1311 10 35
1277 1312 10 36
1277 1313 10 37
1277 1314 10 38
1277 1315 10 39
1277 1316 10 40
1277 1317 10 41
1277 1318 10 42
1278 1279 10 33
1278 1280 10 34
1278 1281 10 35
1278 1282 10 36
1278 1283 10 37
1278 1284 10 38
1278 1285 10 39
1278 1286 10 40
1278 1287 10 41
1278 1288 10 42
1278 1289 10 43
1278 1290 10 44
1278 1291 10 45
1278 1292 10 46
1278 1293 10 47
1278 1294 10 48
1278 1295 10 49
1278 1296 10 50
1278 1297 10 51
1278 1298 10 52
1278 1299 10 53
1278 1300 10 54
1278 1301 10 55
1278 1302 10 56
1278 1303 10 57
1278 1304 10 58
1278 1305 10 59
1278 1306 10 60
1278 1307 10 1
1278 1308 10 32
1278 1309 10 33
1278 1310 10 34
1278 1311 10 35
1278 1312 10 36
1278 1313 10 37
1278 1314 10 38
1278 1315 10 39
1278 1316 10 40
1278 1317 10 41
1278 1318 10 42
1279 1319 10 34
1279 1320 10 35
1279 1321 10 36
1279 1322 10 37
1279 1323 10 38
1279 1324 10 39
1279 1325 10 40
1279 1326 10 41
1279 1327 10 42
1279 1328 10 43
1279 1329 10 44
1279 1330 10 45
1279 1331 10 46
1279 1332 10 47
1279 1333 10 48
1279 1334 10 49
1279 1335 10 50
1279 1336 10 51
1279 1337 10 52
1279 1338 10 53
1279 1339 10 54
1279 1340 10 55
1279 1341 10 56
1279 1342 10 57
1279 1343 10 58
1279 1344 10 59
1279 1345 10 60
1279 1346 10 1
1279 1347 10 2
1279 1348 10 33
1279 1349 10 34
1279 1350 10 35
1279 1351 10 36
1279 1352 10 37
1279 1353 10 38
1279 1354 10 39
1279 1355 10 40
1279 1356 10 41
1279 1357 10 42
1279 1358 10 43
1280 1319 10 34
1280 1320 10 35
1280 1321 10 36
1280 1322 10 37
1280 1323 10 38
1280 1324 10 39
1280 1325 10 40
1280 1326 10 41
1280 1327 10 42
1280 1328 10 43
1280 1329 10 44
1280 1330 10 45
1280 1331 10 46
1280 1332 10 47
1280 1333 10 48
1280 1334 10 49
1280 1335 10 50
1280 1336 10 51
1280 1337 10 52
1280 1338 10 53
1280 1339 10 54
1280 1340 10 55
1280 1341 10 56
1280 1342 10 57
1280 1343 10 58
1280 1344 10 59
1280 1345 10 60
1280 1346 10 1
1280 1347 10 2
1280 1348 10 33
1280 1349 10 34
1280 1350 10 35
1280 1351 10 36
1280 1352 10 37
1280 1353 10 38
1280 1354 10 39
1280 1355 10 40
1280 1356 10 41
1280 1357 10 42
1280 1358 10 43
1281 1319 10 34
1281 1320 10 35
1281 1321 10 36
1281 1322 10 37
1281 1323 10 38
1281 1324 10 39
1281 1325 10 40
1281 1326 10 41
1281 1327 10 42
1281 1328 10 43
1281 1329 10 44
1281 1330 10 45
1281 1331 10 46
1281 1332 10 47
1281 1333 10 48
1281 1334 10 49
1281 1335 10 50
1281 1336 10 51
1281 1337 10 52
1281 1338 10 53
1281 1339 10 54
1281 1340 10 55
1281 1341 10 56
1281 1342 10 57
1281 1343 10 58
1281 1344 10 59
1281 1345 10 60
1281 1346 10 1
1281 1347 10 2
1281 1348 10 33
1281 1349 10 34
1281 1350 10 35
1281 1351 10 36
1281 1352 10 37
1281 1353 10 38
1281 1354 10 39
1281 1355 10 40
1281 1356 10 41
1281 1357 10 42
1281 1358 10 43
1282 1319 10 34
1282 1320 10 35
1282 1321 10 36
1282 1322 10 37
1282 1323 10 38
1282 1324 10 39
1282 1325 10 40
1282 1326 10 41
1282 1327 10 42
1282 1328 10 43
1282 1329 10 44
1282 1330 10 45
1282 1331 10 46
1282 1332 10 47
1282 1333 10 48
1282 1334 10 49
1282 1335 10 50
1282 1336 10 51
1282 1337 10 52
1282 1338 10 53
1282 1339 10 54
1282 1340 10 55
1282 1341 10 56
1282 1342 10 57
1282 1343 10 58
1282 1344 10 59
1282 1345 10 60
1282 1346 10 1
1282 1347 10 2
1282 1348 10 33
1282 1349 10 34
1282 1350 10 35
1282 1351 10 36
1282 1352 10 37
1282 1353 10 38
1282 1354 10 39
1282 1355 10 40
1282 1356 10 41
1282 1357 10 42
1282 1358 10 43
1283 1319 10 34
1283 1320 10 35
1283 1321 10 36
1283 1322 10 37
1283 1323 10 38
1283 1324 10 39
1283 1325 10 40
1283 1326 10 41
1283 1327 10 42
1283 1328 10 43
1283 1329 10 44
1283 1330 10 45
1283 1331 10 46
1283 1332 10 47
1283 1333 10 48
1283 1334 10 49
1283 1335 10 50
1283 1336 10 51
1283 1337 10 52
1283 1338 10 53
1283 1339 10 54
1283 1340 10 55
1283 1341 10 56
1283 1342 10 57
1283 1343 10 58
1283 1344 10 59
1283 1345 10 60
1283 1346 10 1
1283 1347 10 2
1283 1348 10 33
1283 1349 10 34
1283 1350 10 35
1283 1351 10 36
1283 1352 10 37
1283 1353 10 38
1283 1354 10 39
1283 1355 10 40
1283 1356 10 41
1283 1357 10 42
1283 1358 10 43
1284 1319 10 34
1284 1320 10 35
1284 1321 10 36
1284 1322 10 37
1284 1323 10 38
1284 1324 10 39
1284 1325 10 40
1284 1326 10 41
1284 1327 10 42
1284 1328 10 43
1284 1329 10 44
1284 1330 10 45
1284 1331 10 46
1284 1332 10 47
1284 1333 10 48
1284 1334 10 49
1284 1335 10 50
1284 1336 10 51
1284 1337 10 52
1284 1338 10 53
1284 1339 10 54
1284 1340 10 55
1284 1341 10 56
1284 1342 10 57
1284 1343 10 58
1284 1344 10 59
1284 1345 10 60
1284 1346 10 1
1284 1347 10 2
1284 1348 10 33
1284 1349 10 34
1284 1350 10 35
1284 1351 10 36
1284 1352 10 37
1284 1353 10 38
1284 1354 10 39
1284 1355 10 40
1284 1356 10 41
1284 1357 10 42
1284 1358 10 43
1285 1319 10 34
1285 1320 10 35
1285 1321 10 36
1285 1322 10 37
1285 1323 10 38
1285 1324 10 39
1285 1325 10 40
1285 1326 10 41
1285 1327 10 42
1285 1328 10 43
1285 1329 10 44
1285 1330 10 45
1285 1331 10 46
1285 1332 10 47
1285 1333 10 48
1285 1334 10 49
1285 1335 10 50
1285 1336 10 51
1285 1337 10 52
1285 1338 10 53
1285 1339 10 54
1285 1340 10 55
1285 1341 10 56
1285 1342 10 57
1285 1343 10 58
1285 1344 10 59
1285 1345 10 60
1285 1346 10 1
1285 1347 10 2
1285 1348 10 33
1285 1349 10 34
1285 1350 10 35
1285 1351 10 36
1285 1352 10 37
1285 1353 10 38
1285 1354 10 39
1285 1355 10 40
1285 1356 10 41
1285 1357 10 42
1285 1358 10 43
1286 1319 10 34
1286 1320 10 35
1286 1321 10 36
1286 1322 10 37
1286 1323 10 38
1286 1324 10 39
1286 1325 10 40
1286 1326 10 41
1286 1327 10 42
1286 1328 10 43
1286 1329 10 44
1286 1330 10 45
1286 1331 10 46
1286 1332 10 47
1286 1333 10 48
1286 1334 10 49
1286 1335 10 50
1286 1336 10 51
1286 1337 10 52
1286 1338 10 53
1286 1339 10 54
1286 1340 10 55
1286 1341 10 56
1286 1342 10 57
1286 1343 10 58
1286 1344 10 59
1286 1345 10 60
1286 1346 10 1
1286 1347 10 2
1286 1348 10 33
1286 1349 10 34
1286 1350 10 35
1286 1351 10 36
1286 1352 10 37
1286 1353 10 38
1286 1354 10 39
1286 1355 10 40
1286 1356 10 41
1286 1357 10 42
1286 1358 10 43
1287 1319 10 34
1287 1320 10 35
1287 1321 10 36
1287 1322 10 37
1287 1323 10 38
1287 1324 10 39
1287 1325 10 40
1287 1326 10 41
1287 1327 10 42
1287 1328 10 43
1287 1329 10 44
1287 1330 10 45
1287 1331 10 46
1287 1332 10 47
1287 1333 10 48
1287 1334 10 49
1287 1335 10 50
1287 1336 10 51
1287 1337 10 52
1287 1338 10 53
1287 1339 10 54
1287 1340 10 55
1287 1341 10 56
1287 1342 10 57
1287 1343 10 58
1287 1344 10 59
1287 1345 10 60
1287 1346 10 1
1287 1347 10 2
1287 1348 10 33
1287 1349 10 34
1287 1350 10 35
1287 1351 10 36
1287 1352 10 37
1287 1353 10 38
1287 1354 10 39
1287 1355 10 40
1287 1356 10 41
1287 1357 10 42
1287 1358 10 43
1288 1319 10 34
1288 1320 10 35
1288 1321 10 36
1288 1322 10 37
1288 1323 10 38
1288 1324 10 39
1288 1325 10 40
1288 1326 10 41
1288 1327 10 42
1288 1328 10 43
1288 1329 10 44
1288 1330 10 45
1288 1331 10 46
1288 1332 10 47
1288 1333 10 48
1288 1334 10 49
1288 1335 10 50
1288 1336 10 51
1288 1337 10 52
1288 1338 10 53
1288 1339 10 54
1288 1340 10 55
1288 1341 10 56
1288 1342 10 57
1288 1343 10 58
1288 1344 10 59
1288 1345 10 60
1288 1346 10 1
1288 1347 10 2
1288 1348 10 33
1288 1349 10 34
1288 1350 10 35
1288 1351 10 36
1288 1352 10 37
1288 1353 10 38
1288 1354 10 39
1288 1355 10 40
1288 1356 10 41
1288 1357 10 42
1288 1358 10 43
1289 1319 10 34
1289 1320 10 35
1289 1321 10 36
1289 1322 10 37
1289 1323 10 38
1289 1324 10 39
1289 1325 10 40
1289 1326 10 41
1289 1327 10 42
1289 1328 10 43
1289 1329 10 44
1289 1330 10 45
1289 1331 10 46
1289 1332 10 47
1289 1333 10 48
1289 1334 10 49
1289 1335 10 50
1289 1336 10 51
1289 1337 10 52
1289 1338 10 53
1289 1339 10 54
1289 1340 10 55
1289 1341 10 56
1289 1342 10 57
1289 1343 10 58
1289 1344 10 59
1289 1345 10 60
1289 1346 10 1
1289 1347 10 2
1289 1348 10 33
1289 1349 10 34
1289 1350 10 35
1289 1351 10 36
1289 1352 10 37
1289 1353 10 38
1289 1354 10 39
1289 1355 10 40
1289 1356 10 41
1289 1357 10 42
1289 1358 10 43
1290 1319 10 34
1290 1320 10 35
1290 1321 10 36
1290 1322 10 37
1290 1323 10 38
1290 1324 10 39
1290 1325 10 40
1290 1326 10 41
1290 1327 10 42
1290 1328 10 43
1290 1329 10 44
1290 1330 10 45
1290 1331 10 46
1290 1332 10 47
1290 1333 10 48
1290 1334 10 49
1290 1335 10 50
1290 1336 10 51
1290 1337 10 52
1290 1338 10 53
1290 1339 10 54
1290 1340 10 55
1290 1341 10 56
1290 1342 10 57
1290 1343 10 58
1290 1344 10 59
1290 1345 10 60
1290 1346 10 1
1290 1347 10 2
1290 1348 10 33
1290 1349 10 34
1290 1350 10 35
1290 1351 10 36
1290 1352 10 37
1290 1353 10 38
1290 1354 10 39
1290 1355 10 40
1290 1356 10 41
1290 1357 10 42
1290 1358 10 43
1291 1319 10 34
1291 1320 10 35
1291 1321 10 36
1291 1322 10 37
1291 1323 10 38
1291 1324 10 39
1291 1325 10 40
1291 1326 10 41
1291 1327 10 42
1291 1328 10 43
1291 1329 10 44
1291 1330 10 45
1291 1331 10 46
1291 1332 10 47
1291 1333 10 48
1291 1334 10 49
1291 1335 10 50
1291 1336 10 51
1291 1337 10 52
1291 1338 10 53
1291 1339 10 54
1291 1340 10 55
1291 1341 10 56
1291 1342 10 57
1291 1343 10 58
1291 1344 10 59
1291 1345 10 60
1291 1346 10 1
1291 1347 10 2
1291 1348 10 33
1291 1349 10 34
1291 1350 10 35
1291 1351 10 36
1291 1352 10 37
1291 1353 10 38
1291 1354 10 39
1291 1355 10 40
1291 1356 10 41
1291 1357 10 42
1291 1358 10 43
1292 1319 10 34
1292 1320 10 35
1292 1321 10 36
1292 1322 10 37
1292 1323 10 38
1292 1324 10 39
1292 1325 10 40
1292 1326 10 41
1292 1327 10 42
1292 1328 10 43
1292 1329 10 44
1292 1330 10 45
1292 1331 10 46
1292 1332 10 47
1292 1333 10 48
1292 1334 10 49
1292 1335 10 50
1292 1336 10 51
1292 1337 10 52
1292 1338 10 53
1292 1339 10 54
1292 1340 10 55
1292 1341 10 56
1292 1342 10 57
1292 1343 10 58
1292 1344 10 59
1292 1345 10 60
1292 1346 10 1
1292 1347 10 2
1292 1348 10 33
1292 1349 10 34
1292 1350 10 35
1292 1351 10 36
1292 1352 10 37
1292 1353 10 38
1292 1354 10 39
1292 1355 10 40
1292 1356 10 41
1292 1357 10 42
1292 1358 10 43
1293 1319 10 34
1293 1320 10 35
1293 1321 10 36
1293 1322 10 37
1293 1323 10 38
1293 1324 10 39
1293 1325 10 40
1293 1326 10 41
1293 1327 10 42
1293 1328 10 43
1293 1329 10 44
1293 1330 10 45
1293 1331 10 46
1293 1332 10 47
1293 1333 10 48
1293 1334 10 49
1293 1335 10 50
1293 1336 10 51
1293 1337 10 52
1293 1338 10 53
1293 1339 10 54
1293 1340 10 55
1293 1341 10 56
1293 1342 10 57
1293 1343 10 58
1293 1344 10 59
1293 1345 10 60
1293 1346 10 1
1293 1347 10 2
1293 1348 10 33
1293 1349 10 34
1293 1350 10 35
1293 1351 10 36
1293 1352 10 37
1293 1353 10 38
1293 1354 10 39
1293 1355 10 40
1293 1356 10 41
1293 1357 10 42
1293 1358 10 43
1294 1319 10 34
1294 1320 10 35
1294 1321 10 36
1294 1322 10 37
1294 1323 10 38
1294 1324 10 39
1294 1325 10 40
1294 1326 10 41
1294 1327 10 42
1294 1328 10 43
1294 1329 10 44
1294 1330 10 45
1294 1331 10 46
1294 1332 10 47
1294 1333 10 48
1294 1334 10 49
1294 1335 10 50
1294 1336 10 51
1294 1337 10 52
1294 1338 10 53
1294 1339 10 54
1294 1340 10 55
1294 1341 10 56
1294 1342 10 57
1294 1343 10 58
1294 1344 10 59
1294 1345 10 60
1294 1346 10 1
1294 1347 10 2
1294 1348 10 33
1294 1349 10 34
1294 1350 10 35
1294 1351 10 36
1294 1352 10 37
1294 1353 10 38
1294 1354 10 39
1294 1355 10 40
1294 1356 10 41
1294 1357 10 42
1294 1358 10 43
1295 1319 10 34
1295 1320 10 35
1295 1321 10 36
1295 1322 10 37
1295 1323 10 38
1295 1324 10 39
1295 1325 10 40
1295 1326 10 41
1295 1327 10 42
1295 1328 10 43
1295 1329 10 44
1295 1330 10 45
1295 1331 10 46
1295 1332 10 47
1295 1333 10 48
1295 1334 10 49
1295 1335 10 50
1295 1336 10 51
1295 1337 10 52
1295 1338 10 53
1295 1339 10 54
1295 1340 10 55
1295 1341 10 56
1295 1342 10 57
1295 1343 10 58
1295 1344 10 59
1295 1345 10 60
1295 1346 10 1
1295 1347 10 2
1295 1348 10 33
1295 1349 10 34
1295 1350 10 35
1295 1351 10 36
1295 1352 10 37
1295 1353 10 38
1295 1354 10 39
1295 1355 10 40
1295 1356 10 41
1295 1357 10 42
1295 1358 10 43
1296 1319 10 34
1296 1320 10 35
1296 1321 10 36
1296 1322 10 37
1296 1323 10 38
1296 1324 10 39
1296 1325 10 40
1296 1326 10 41
1296 1327 10 42
1296 1328 10 43
1296 1329 10 44
1296 1330 10 45
1296 1331 10 46
1296 1332 10 47
1296 1333 10 48
1296 1334 10 49
1296 1335 10 50
1296 1336 10 51
1296 1337 10 52
1296 1338 10 53
1296 1339 10 54
1296 1340 10 55
1296 1341 10 56
1296 1342 10 57
1296 1343 10 58
1296 1344 10 59
1296 1345 10 60
1296 1346 10 1
1296 1347 10 2
1296 1348 10 33
1296 1349 10 34
1296 1350 10 35
1296 1351 10 36
1296 1352 10 37
1296 1353 10 38
1296 1354 10 39
1296 1355 10 40
1296 1356 10 41
1296 1357 10 42
1296 1358 10 43
1297 1319 10 34
1297 1320 10 35
1297 1321 10 36
1297 1322 10 37
1297 1323 10 38
1297 1324 10 39
1297 1325 10 40
1297 1326 10 41
1297 1327 10 42
1297 1328 10 43
1297 1329 10 44
1297 1330 10 45
1297 1331 10 46
1297 1332 10 47
1297 1333 10 48
1297 1334 10 49
1297 1335 10 50
1297 1336 10 51
1297 1337 10 52
1297 1338 10 53
1297 1339 10 54
1297 1340 10 55
1297 1341 10 56
1297 1342 10 57
1297 1343 10 58
1297 1344 10 59
1297 1345 10 60
1297 1346 10 1
1297 1347 10 2
1297 1348 10 33
1297 1349 10 34
1297 1350 10 35
1297 1351 10 36
1297 1352 10 37
1297 1353 10 38
1297 1354 10 39
1297 1355 10 40
1297 1356 10 41
1297 1357 10 42
1297 1358 10 43
1298 1319 10 34
1298 1320 10 35
1298 1321 10 36
1298 1322 10 37
1298 1323 10 38
1298 1324 10 39
1298 1325 10 40
1298 1326 10 41
1298 1327 10 42
1298 1328 10 43
1298 1329 10 44
1298 1330 10 45
1298 1331 10 46
1298 1332 10 47
1298 1333 10 48
1298 1334 10 49
1298 1335 10 50
1298 1336 10 51
1298 1337 10 52
1298 1338 10 53
1298 1339 10 54
1298 1340 10 55
1298 1341 10 56
1298 1342 10 57
1298 1343 10 58
1298 1344 10 59
1298 1345 10 60
1298 1346 10 1
1298 1347 10 2
1298 1348 10 33
1298 1349 10 34
1298 1350 10 35
1298 1351 10 36
1298 1352 10 37
1298 1353 10 38
1298 1354 10 39
1298 1355 10 40
1298 1356 10 41
1298 1357 10 42
1298 1358 10 43
1299 1319 10 34
1299 1320 10 35
1299 1321 10 36
1299 1322 10 37
1299 1323 10 38
1299 1324 10 39
1299 1325 10 40
1299 1326 10 41
1299 1327 10 42
1299 1328 10 43
1299 1329 10 44
1299 1330 10 45
1299 1331 10 46
1299 1332 10 47
1299 1333 10 48
1299 1334 10 49
1299 1335 10 50
1299 1336 10 51
1299 1337 10 52
1299 1338 10 53
1299 1339 10 54
1299 1340 10 55
1299 1341 10 56
1299 1342 10 57
1299 1343 10 58
1299 1344 10 59
1299 1345 10 60
1299 1346 10 1
1299 1347 10 2
1299 1348 10 33
1299 1349 10 34
1299 1350 10 35
1299 1351 10 36
1299 1352 10 37
1299 1353 10 38
1299 1354 10 39
1299 1355 10 40
1299 1356 10 41
1299 1357 10 42
1299 1358 10 43
1300 1319 10 34
1300 1320 10 35
1300 1321 10 36
1300 1322 10 37
1300 1323 10 38
1300 1324 10 39
1300 1325 10 40
1300 1326 10 41
1300 1327 10 42
1300 1328 10 43
1300 1329 10 44
1300 1330 10 45
1300 1331 10 46
1300 1332 10 47
1300 1333 10 48
1300 1334 10 49
1300 1335 10 50
1300 1336 10 51
1300 1337 10 52
1300 1338 10 53
1300 1339 10 54
1300 1340 10 55
1300 1341 10 56
1300 1342 10 57
1300 1343 10 58
1300 1344 10 59
1300 1345 10 60
1300 1346 10 1
1300 1347 10 2
1300 1348 10 33
1300 1349 10 34
1300 1350 10 35
1300 1351 10 36
1300 1352 10 37
1300 1353 10 38
1300 1354 10 39
1300 1355 10 40
1300 1356 10 41
1300 1357 10 42
1300 1358 10 43
1301 1319 10 34
1301 1320 10 35
1301 1321 10 36
1301 1322 10 37
1301 1323 10 38
1301 1324 10 39
1301 1325 10 40
1301 1326 10 41
1301 1327 10 42
1301 1328 10 43
1301 1329 10 44
1301 1330 10 45
1301 1331 10 46
1301 1332 10 47
1301 1333 10 48
1301 1334 10 49
1301 1335 10 50
1301 1336 10 51
1301 1337 10 52
1301 1338 10 53
1301 1339 10 54
1301 1340 10 55
1301 1341 10 56
1301 1342 10 57
1301 1343 10 58
1301 1344 10 59
1301 1345 10 60
1301 1346 10 1
1301 1347 10 2
1301 1348 10 33
1301 1349 10 34
1301 1350 10 35
1301 1351 10 36
1301 1352 10 37
1301 1353 10 38
1301 1354 10 39
1301 1355 10 40
1301 1356 10 41
1301 1357 10 42
1301 1358 10 43
1302 1319 10 34
1302 1320 10 35
1302 1321 10 36
1302 1322 10 37
1302 1323 10 38
1302 1324 10 39
1302 1325 10 40
1302 1326 10 41
1302 1327 10 42
1302 1328 10 43
1302 1329 10 44
1302 1330 10 45
1302 1331 10 46
1302 1332 10 47
1302 1333 10 48
1302 1334 10 49
1302 1335 10 50
1302 1336 10 51
1302 1337 10 52
1302 1338 10 53
1302 1339 10 54
1302 1340 10 55
1302 1341 10 56
1302 1342 10 57
1302 1343 10 58
1302 1344 10 59
1302 1345 10 60
1302 1346 10 1
1302 1347 10 2
1302 1348 10 33
1302 1349 10 34
1302 1350 10 35
1302 1351 10 36
1302 1352 10 37
1302 1353 10 38
1302 1354 10 39
1302 1355 10 40
1302 1356 10 41
1302 1357 10 42
1302 1358 10 43
1303 1319 10 34
1303 1320 10 35
1303 1321 10 36
1303 1322 10 37
1303 1323 10 38
1303 1324 10 39
1303 1325 10 40
1303 1326 10 41
1303 1327 10 42
1303 1328 10 43
1303 1329 10 44
1303 1330 10 45
1303 1331 10 46
1303 1332 10 47
1303 1333 10 48
1303 1334 10 49
1303 1335 10 50
1303 1336 10 51
1303 1337 10 52
1303 1338 10 53
1303 1339 10 54
1303 1340 10 55
1303 1341 10 56
1303 1342 10 57
1303 1343 10 58
1303 1344 10 59
1303 1345 10 60
1303 1346 10 1
1303 1347 10 2
1303 1348 10 33
1303 1349 10 34
1303 1350 10 35
1303 1351 10 36
1303 1352 10 37
1303 1353 10 38
1303 1354 10 39
1303 1355 10 40
1303 1356 10 41
1303 1357 10 42
1303 1358 10 43
1304 1319 10 34
1304 1320 10 35
1304 1321 10 36
1304 1322 10 37
1304 1323 10 38
1304 1324 10 39
1304 1325 10 40
1304 1326 10 41
1304 1327 10 42
1304 1328 10 43
1304 1329 10 44
1304 1330 10 45
1304 1331 10 46
1304 1332 10 47
1304 1333 10 48
1304 1334 10 49
1304 1335 10 50
1304 1336 10 51
1304 1337 10 52
1304 1338 10 53
1304 1339 10 54
1304 1340 10 55
1304 1341 10 56
1304 1342 10 57
1304 1343 10 58
1304 1344 10 59
1304 1345 10 60
1304 1346 10 1
1304 1347 10 2
1304 1348 10 33
1304 1349 10 34
1304 1350 10 35
1304 1351 10 36
1304 1352 10 37
1304 1353 10 38
1304 1354 10 39
1304 1355 10 40
1304 1356 10 41
1304 1357 10 42
1304 1358 10 43
1305 1319 10 34
1305 1320 10 35
1305 1321 10 36
1305 1322 10 37
1305 1323 10 38
1305 1324 10 39
1305 1325 10 40
1305 1326 10 41
1305 1327 10 42
1305 1328 10 43
1305 1329 10 44
1305 1330 10 45
1305 1331 10 46
1305 1332 10 47
1305 1333 10 48
1305 1334 10 49
1305 1335 10 50
1305 1336 10 51
1305 1337 10 52
1305 1338 10 53
1305 1339 10 54
1305 1340 10 55
1305 1341 10 56
1305 1342 10 57
1305 1343 10 58
1305 1344 10 59
1305 1345 10 60
1305 1346 10 1
1305 1347 10 2
1305 1348 10 33
1305 1349 10 34
1305 1350 10 35
1305 1351 10 36
1305 1352 10 37
1305 1353 10 38
1305 1354 10 39
1305 1355 10 40
1305 1356 10 41
1305 1357 10 42
1305 1358 10 43
1306 1319 10 34
1306 1320 10 35
1306 1321 10 36
1306 1322 10 37
1306 1323 10 38
1306 1324 10 39
1306 1325 10 40
1306 1326 10 41
1306 1327 10 42
1306 1328 10 43
1306 1329 10 44
1306 1330 10 45
1306 1331 10 46
1306 1332 10 47
1306 1333 10 48
1306 1334 10 49
1306 1335 10 50
1306 1336 10 51
1306 1337 10 52
1306 1338 10 53
1306 1339 10 54
1306 1340 10 55
1306 1341 10 56
1306 1342 10 57
1306 1343 10 58
1306 1344 10 59
1306 1345 10 60
1306 1346 10 1
1306 1347 10 2
1306 1348 10 33
1306 1349 10 34
1306 1350 10 35
1306 1351 10 36
1306 1352 10 37
1306 1353 10 38
1306 1354 10 39
1306 1355 10 40
1306 1356 10 41
1306 1357 10 42
1306 1358 10 43
1307 1319 10 34
1307 1320 10 35
1307 1321 10 36
1307 1322 10 37
1307 1323 10 38
1307 1324 10 39
1307 1325 10 40
1307 1326 10 41
1307 1327 10 42
1307 1328 10 43
1307 1329 10 44
1307 1330 10 45
1307 1331 10 46
1307 1332 10 47
1307 1333 10 48
1307 1334 10 49
1307 1335 10 50
1307 1336 10 51
1307 1337 10 52
1307 1338 10 53
1307 1339 10 54
1307 1340 10 55
1307 1341 10 56
1307 1342 10 57
1307 1343 10 58
1307 1344 10 59
1307 1345 10 60
1307 1346 10 1
1307 1347 10 2
1307 1348 10 33
1307 1349 10 34
1307 1350 10 35
1307 1351 10 36
1307 1352 10 37
1307 1353 10 38
1307 1354 10 39
1307 1355 10 40
1307 1356 10 41
1307 1357 10 42
1307 1358 10 43
1308 1319 10 34
1308 1320 10 35
1308 1321 10 36
1308 1322 10 37
1308 1323 10 38
1308 1324 10 39
1308 1325 10 40
1308 1326 10 41
1308 1327 10 42
1308 1328 10 43
1308 1329 10 44
1308 1330 10 45
1308 1331 10 46
1308 1332 10 47
1308 1333 10 48
1308 1334 10 49
1308 1335 10 50
1308 1336 10 51
1308 1337 10 52
1308 1338 10 53
1308 1339 10 54
1308 1340 10 55
1308 1341 10 56
1308 1342 10 57
1308 1343 10 58
1308 1344 10 59
1308 1345 10 60
1308 1346 10 1
1308 1347 10 2
1308 1348 10 33
1308 1349 10 34
1308 1350 10 35
1308 1351 10 36
1308 1352 10 37
1308 1353 10 38
1308 1354 10 39
1308 1355 10 40
1308 1356 10 41
1308 1357 10 42
1308 1358 10 43
1309 1319 10 34
1309 1320 10 35
1309 1321 10 36
1309 1322 10 37
1309 1323 10 38
1309 1324 10 39
1309 1325 10 40
1309 1326 10 41
1309 1327 10 42
1309 1328 10 43
1309 1329 10 44
1309 1330 10 45
1309 1331 10 46
1309 1332 10 47
1309 1333 10 48
1309 1334 10 49
1309 1335 10 50
1309 1336 10 51
1309 1337 10 52
1309 1338 10 53
1309 1339 10 54
1309 1340 10 55
1309 1341 10 56
1309 1342 10 57
1309 1343 10 58
1309 1344 10 59
1309 1345 10 60
1309 1346 10 1
1309 1347 10 2
1309 1348 10 33
1309 1349 10 34
1309 1350 10 35
1309 1351 10 36
1309 1352 10 37
1309 1353 10 38
1309 1354 10 39
1309 1355 10 40
1309 1356 10 41
1309 1357 10 42
1309 1358 10 43
1310 1319 10 34
1310 1320 10 35
1310 1321 10 36
1310 1322 10 37
1310 1323 10 38
1310 1324 10 39
1310 1325 10 40
1310 1326 10 41
1310 1327 10 42
1310 1328 10 43
1310 1329 10 44
1310 1330 10 45
1310 1331 10 46
1310 1332 10 47
1310 1333 10 48
1310 1334 10 49
1310 1335 10 50
1310 1336 10 51
1310 1337 10 52
1310 1338 10 53
1310 1339 10 54
1310 1340 10 55
1310 1341 10 56
1310 1342 10 57
1310 1343 10 58
1310 1344 10 59
1310 1345 10 60
1310 1346 10 1
1310 1347 10 2
1310 1348 10 33
1310 1349 10 34
1310 1350 10 35
1310 1351 10 36
1310 1352 10 37
1310 1353 10 38
1310 1354 10 39
1310 1355 10 40
1310 1356 10 41
1310 1357 10 42
1310 1358 10 43
1311 1319 10 34
1311 1320 10 35
1311 1321 10 36
1311 1322 10 37
1311 1323 10 38
1311 1324 10 39
1311 1325 10 40
1311 1326 10 41
1311 1327 10 42
1311 1328 10 43
1311 1329 10 44
1311 1330 10 45
1311 1331 10 46
1311 1332 10 47
1311 1333 10 48
1311 1334 10 49
1311 1335 10 50
1311 1336 10 51
1311 1337 10 52
1311 1338 10 53
1311 1339 10 54
1311 1340 10 55
1311 1341 10 56
1311 1342 10 57
1311 1343 10 58
1311 1344 10 59
1311 1345 10 60
1311 1346 10 1
1311 1347 10 2
1311 1348 10 33
1311 1349 10 34
1311 1350 10 35
1311 1351 10 36
1311 1352 10 37
1311 1353 10 38
1311 1354 10 39
1311 1355 10 40
1311 1356 10 41
1311 1357 10 42
1311 1358 10 43
1312 1319 10 34
1312 1320 10 35
1312 1321 10 36
1312 1322 10 37
1312 1323 10 38
1312 1324 10 39
1312 1325 10 40
1312 1326 10 41
1312 1327 10 42
1312 1328 10 43
1312 1329 10 44
1312 1330 10 45
1312 1331 10 46
1312 1332 10 47
1312 1333 10 48
1312 1334 10 49
1312 1335 10 50
1312 1336 10 51
1312 1337 10 52
1312 1338 10 53
1312 1339 10 54
1312 1340 10 55
1312 1341 10 56
1312 1342 10 57
1312 1343 10 58
1312 1344 10 59
1312 1345 10 60
1312 1346 10 1
1312 1347 10 2
1312 1348 10 33
1312 1349 10 34
1312 1350 10 35
1312 1351 10 36
1312 1352 10 37
1312 1353 10 38
1312 1354 10 39
1312 1355 10 40
1312 1356 10 41
1312 1357 10 42
1312 1358 10 43
1313 1319 10 34
1313 1320 10 35
1313 1321 10 36
1313 1322 10 37
1313 1323 10 38
1313 1324 10 39
1313 1325 10 40
1313 1326 10 41
1313 1327 10 42
1313 1328 10 43
1313 1329 10 44
1313 1330 10 45
1313 1331 10 46
1313 1332 10 47
1313 1333 10 48
1313 1334 10 49
1313 1335 10 50
1313 1336 10 51
1313 1337 10 52
1313 1338 10 53
1313 1339 10 54
1313 1340 10 55
1313 1341 10 56
1313 1342 10 57
1313 1343 10 58
1313 1344 10 59
1313 1345 10 60
1313 1346 10 1
1313 1347 10 2
1313 1348 10 33
1313 1349 10 34
1313 1350 10 35
1313 1351 10 36
1313 1352 10 37
1313 1353 10 38
1313 1354 10 39
1313 1355 10 40
1313 1356 10 41
1313 1357 10 42
1313 1358 10 43
1314 1319 10 34
1314 1320 10 35
1314 1321 10 36
1314 1322 10 37
1314 1323 10 38
1314 1324 10 39
1314 1325 10 40
1314 1326 10 41
1314 1327 10 42
1314 1328 10 43
1314 1329 10 44
1314 1330 10 45
1314 1331 10 46
1314 1332 10 47
1314 1333 10 48
1314 1334 10 49
1314 1335 10 50
1314 1336 10 51
1314 1337 10 52
1314 1338 10 53
1314 1339 10 54
1314 1340 10 55
1314 1341 10 56
1314 1342 10 57
1314 1343 10 58
1314 1344 10 59
1314 1345 10 60
1314 1346 10 1
1314 1347 10 2
1314 1348 10 33
1314 1349 10 34
1314 1350 10 35
1314 1351 10 36
1314 1352 10 37
1314 1353 10 38
1314 1354 10 39
1314 1355 10 40
1314 1356 10 41
1314 1357 10 42
1314 1358 10 43
1315 1319 10 34
1315 1320 10 35
1315 1321 10 36
1315 1322 10 37
1315 1323 10 38
1315 1324 10 39
1315 1325 10 40
1315 1326 10 41
1315 1327 10 42
1315 1328 10 43
1315 1329 10 44
1315 1330 10 45
1315 1331 10 46
1315 1332 10 47
1315 1333 10 48
1315 1334 10 49
1315 1335 10 50
1315 1336 10 51
1315 1337 10 52
1315 1338 10 53
1315 1339 10 54
1315 1340 10 55
1315 1341 10 56
1315 1342 10 57
1315 1343 10 58
1315 1344 10 59
1315 1345 10 60
1315 1346 10 1
1315 1347 10 2
1315 1348 10 33
1315 1349 10 34
1315 1350 10 35
1315 1351 10 36
1315 1352 10 37
1315 1353 10 38
1315 1354 10 39
1315 1355 10 40
1315 1356 10 41
1315 1357 10 42
1315 1358 10 43
1316 1319 10 34
1316 1320 10 35
1316 1321 10 36
1316 1322 10 37
1316 1323 10 38
1316 1324 10 39
1316 1325 10 40
1316 1326 10 41
1316 1327 10 42
1316 1328 10 43
1316 1329 10 44
1316 1330 10 45
1316 1331 10 46
1316 1332 10 47
1316 1333 10 48
1316 1334 10 49
1316 1335 10 50
1316 1336 10 51
1316 1337 10 52
1316 1338 10 53
1316 1339 10 54
1316 1340 10 55
1316 1341 10 56
1316 1342 10 57
1316 1343 10 58
1316 1344 10 59
1316 1345 10 60
1316 1346 10 1
1316 1347 10 2
1316 1348 10 33
1316 1349 10 34
1316 1350 10 35
1316 1351 10 36
1316 1352 10 37
1316 1353 10 38
1316 1354 10 39
1316 1355 10 40
1316 1356 10 41
1316 1357 10 42
1316 1358 10 43
1317 1319 10 34
1317 1320 10 35
1317 1321 10 36
1317 1322 10 37
1317 1323 10 38
1317 1324 10 39
1317 1325 10 40
1317 1326 10 41
1317 1327 10 42
1317 1328 10 43
1317 1329 10 44
1317 1330 10 45
1317 1331 10 46
1317 1332 10 47
1317 1333 10 48
1317 1334 10 49
1317 1335 10 50
1317 1336 10 51
1317 1337 10 52
1317 1338 10 53
1317 1339 10 54
1317 1340 10 55
1317 1341 10 56
1317 1342 10 57
1317 1343 10 58
1317 1344 10 59
1317 1345 10 60
1317 1346 10 1
1317 1347 10 2
1317 1348 10 33
1317 1349 10 34
1317 1350 10 35
1317 1351 10 36
1317 1352 10 37
1317 1353 10 38
1317 1354 10 39
1317 1355 10 40
1317 1356 10 41
1317 1357 10 42
1317 1358 10 43
1318 1319 10 34
1318 1320 10 35
1318 1321 10 36
1318 1322 10 37
1318 1323 10 38
1318 1324 10 39
1318 1325 10 40
1318 1326 10 41
1318 1327 10 42
1318 1328 10 43
1318 1329 10 44
1318 1330 10 45
1318 1331 10 46
1318 1332 10 47
1318 1333 10 48
1318 1334 10 49
1318 1335 10 50
1318 1336 10 51
1318 1337 10 52
1318 1338 10 53
1318 1339 10 54
1318 1340 10 55
1318 1341 10 56
1318 1342 10 57
1318 1343 10 58
1318 1344 10 59
1318 1345 10 60
1318 1346 10 1
1318 1347 10 2
1318 1348 10 33
1318 1349 10 34
1318 1350 10 35
1318 1351 10 36
1318 1352 10 37
1318 1353 10 38
1318 1354 10 39
1318 1355 10 40
1318 1356 10 41
1318 1357 10 42
1318 1358 10 43
1319 1359 10 35
1319 1360 10 36
1319 1361 10 37
1319 1362 10 38
1319 1363 10 39
1319 1364 10 40
1319 1365 10 41
1319 1366 10 42
1319 1367 10 43
1319 1368 10 44
1319 1369 10 45
1319 1370 10 46
1319 1371 10 47
1319 1372 10 48
1319 1373 10 49
1319 1374 10 50
1319 1375 10 51
1319 1376 10 52
1319 1377 10 53
1319 1378 10 54
1319 1379 10 55
1319 1380 10 56
1319 1381 10 57
1319 1382 10 58
1319 1383 10 59
1319 1384 10 60
1319 1385 10 1
1319 1386 10 2
1319 1387 10 3
1319 1388 10 34
1319 1389 10 35
1319 1390 10 36
1319 1391 10 37
1319 1392 10 38
1319 1393 10 39
1319 1394 10 40
1319 1395 10 41
1319 1396 10 42
1319 1397 10 43
1319 1398 10 44
1320 1359 10 35
1320 1360 10 36
1320 1361 10 37
1320 1362 10 38
1320 1363 10 39
1320 1364 10 40
1320 1365 10 41
1320 1366 10 42
1320 1367 10 43
1320 1368 10 44
1320 1369 10 45
1320 1370 10 46
1320 1371 10 47
1320 1372 10 48
1320 1373 10 49
1320 1374 10 50
1320 1375 10 51
1320 1376 10 52
1320 1377 10 53
1320 1378 10 54
1320 1379 10 55
1320 1380 10 56
1320 1381 10 57
1320 1382 10 58
1320 1383 10 59
1320 1384 10 60
1320 1385 10 1
1320 1386 10 2
1320 1387 10 3
1320 1388 10 34
1320 1389 10 35
1320 1390 10 36
1320 1391 10 37
1320 1392 10 38
1320 1393 10 39
1320 1394 10 40
1320 1395 10 41
1320 1396 10 42
1320 1397 10 43
1320 1398 10 44
1321 1359 10 35
1321 1360 10 36
1321 1361 10 37
1321 1362 10 38
1321 1363 10 39
1321 1364 10 40
1321 1365 10 41
1321 1366 10 42
1321 1367 10 43
1321 1368 10 44
1321 1369 10 45
1321 1370 10 46
1321 1371 10 47
1321 1372 10 48
1321 1373 10 49
1321 1374 10 50
1321 1375 10 51
1321 1376 10 52
1321 1377 10 53
1321 1378 10 54
1321 1379 10 55
1321 1380 10 56
1321 1381 10 57
1321 1382 10 58
1321 1383 10 59
1321 1384 10 60
1321 1385 10 1
1321 1386 10 2
1321 1387 10 3
1321 1388 10 34
1321 1389 10 35
1321 1390 10 36
1321 1391 10 37
1321 1392 10 38
1321 1393 10 39
1321 1394 10 40
1321 1395 10 41
1321 1396 10 42
1321 1397 10 43
1321 1398 10 44
1322 1359 10 35
1322 1360 10 36
1322 1361 10 37
1322 1362 10 38
1322 1363 10 39
1322 1364 10 40
1322 1365 10 41
1322 1366 10 42
1322 1367 10 43
1322 1368 10 44
1322 1369 10 45
1322 1370 10 46
1322 1371 10 47
1322 1372 10 48
1322 1373 10 49
1322 1374 10 50
1322 1375 10 51
1322 1376 10 52
1322 1377 10 53
1322 1378 10 54
1322 1379 10 55
1322 1380 10 56
1322 1381 10 57
1322 1382 10 58
1322 1383 10 59
1322 1384 10 60
1322 1385 10 1
1322 1386 10 2
1322 1387 10 3
1322 1388 10 34
1322 1389 10 35
1322 1390 10 36
1322 1391 10 37
1322 1392 10 38
1322 1393 10 39
1322 1394 10 40
1322 1395 10 41
1322 1396 10 42
1322 1397 10 43
1322 1398 10 44
1323 1359 10 35
1323 1360 10 36
1323 1361 10 37
1323 1362 10 38
1323 1363 10 39
1323 1364 10 40
1323 1365 10 41
1323 1366 10 42
1323 1367 10 43
1323 1368 10 44
1323 1369 10 45
1323 1370 10 46
1323 1371 10 47
1323 1372 10 48
1323 1373 10 49
1323 1374 10 50
1323 1375 10 51
1323 1376 10 52
1323 1377 10 53
1323 1378 10 54
1323 1379 10 55
1323 1380 10 56
1323 1381 10 57
1323 1382 10 58
1323 1383 10 59
1323 1384 10 60
1323 1385 10 1
1323 1386 10 2
1323 1387 10 3
1323 1388 10 34
1323 1389 10 35
1323 1390 10 36
1323 1391 10 37
1323 1392 10 38
1323 1393 10 39
1323 1394 10 40
1323 1395 10 41
1323 1396 10 42
1323 1397 10 43
1323 1398 10 44
1324 1359 10 35
1324 1360 10 36
1324 1361 10 37
1324 1362 10 38
1324 1363 10 39
1324 1364 10 40
1324 1365 10 41
1324 1366 10 42
1324 1367 10 43
1324 1368 10 44
1324 1369 10 45
1324 1370 10 46
1324 1371 10 47
1324 1372 10 48
1324 1373 10 49
1324 1374 10 50
1324 1375 10 51
1324 1376 10 52
1324 1377 10 53
1324 1378 10 54
1324 1379 10 55
1324 1380 10 56
1324 1381 10 57
1324 1382 10 58
1324 1383 10 59
1324 1384 10 60
1324 1385 10 1
1324 1386 10 2
1324 1387 10 3
1324 1388 10 34
1324 1389 10 35
1324 1390 10 36
1324 1391 10 37
1324 1392 10 38
1324 1393 10 39
1324 1394 10 40
1324 1395 10 41
1324 1396 10 42
1324 1397 10 43
1324 1398 10 44
1325 1359 10 35
1325 1360 10 36
1325 1361 10 37
1325 1362 10 38
1325 1363 10 39
1325 1364 10 40
1325 1365 10 41
1325 1366 10 42
1325 1367 10 43
1325 1368 10 44
1325 1369 10 45
1325 1370 10 46
1325 1371 10 47
1325 1372 10 48
1325 1373 10 49
1325 1374 10 50
1325 1375 10 51
1325 1376 10 52
1325 1377 10 53
1325 1378 10 54
1325 1379 10 55
1325 1380 10 56
1325 1381 10 57
1325 1382 10 58
1325 1383 10 59
1325 1384 10 60
1325 1385 10 1
1325 1386 10 2
1325 1387 10 3
1325 1388 10 34
1325 1389 10 35
1325 1390 10 36
1325 1391 10 37
1325 1392 10 38
1325 1393 10 39
1325 1394 10 40
1325 1395 10 41
1325 1396 10 42
1325 1397 10 43
1325 1398 10 44
1326 1359 10 35
1326 1360 10 36
1326 1361 10 37
1326 1362 10 38
1326 1363 10 39
1326 1364 10 40
1326 1365 10 41
1326 1366 10 42
1326 1367 10 43
1326 1368 10 44
1326 1369 10 45
1326 1370 10 46
1326 1371 10 47
1326 1372 10 48
1326 1373 10 49
1326 1374 10 50
1326 1375 10 51
1326 1376 10 52
1326 1377 10 53
1326 1378 10 54
1326 1379 10 55
1326 1380 10 56
1326 1381 10 57
1326 1382 10 58
1326 1383 10 59
1326 1384 10 60
1326 1385 10 1
1326 1386 10 2
1326 1387 10 3
1326 1388 10 34
1326 1389 10 35
1326 1390 10 36
1326 1391 10 37
1326 1392 10 38
1326 1393 10 39
1326 1394 10 40
1326 1395 10 41
1326 1396 10 42
1326 1397 10 43
1326 1398 10 44
1327 1359 10 35
1327 1360 10 36
1327 1361 10 37
1327 1362 10 38
1327 1363 10 39
1327 1364 10 40
1327 1365 10 41
1327 1366 10 42
1327 1367 10 43
1327 1368 10 44
1327 1369 10 45
1327 1370 10 46
1327 1371 10 47
1327 1372 10 48
1327 1373 10 49
1327 1374 10 50
1327 1375 10 51
1327 1376 10 52
1327 1377 10 53
1327 1378 10 54
1327 1379 10 55
1327 1380 10 56
1327 1381 10 57
1327 1382 10 58
1327 1383 10 59
1327 1384 10 60
1327 1385 10 1
1327 1386 10 2
1327 1387 10 3
1327 1388 10 34
1327 1389 10 35
1327 1390 10 36
1327 1391 10 37
1327 1392 10 38
1327 1393 10 39
1327 1394 10 40
1327 1395 10 41
1327 1396 10 42
1327 1397 10 43
1327 1398 10 44
1328 1359 10 35
1328 1360 10 36
1328 1361 10 37
1328 1362 10 38
1328 1363 10 39
1328 1364 10 40
1328 1365 10 41
1328 1366 10 42
1328 1367 10 43
1328 1368 10 44
1328 1369 10 45
1328 1370 10 46
1328 1371 10 47
1328 1372 10 48
1328 1373 10 49
1328 1374 10 50
1328 1375 10 51
1328 1376 10 52
1328 1377 10 53
1328 1378 10 54
1328 1379 10 55
1328 1380 10 56
1328 1381 10 57
1328 1382 10 58
1328 1383 10 59
1328 1384 10 60
1328 1385 10 1
1328 1386 10 2
1328 1387 10 3
1328 1388 10 34
1328 1389 10 35
1328 1390 10 36
1328 1391 10 37
1328 1392 10 38
1328 1393 10 39
1328 1394 10 40
1328 1395 10 41
1328 1396 10 42
1328 1397 10 43
1328 1398 10 44
1329 1359 10 35
1329 1360 10 36
1329 1361 10 37
1329 1362 10 38
1329 1363 10 39
1329 1364 10 40
1329 1365 10 41
1329 1366 10 42
1329 1367 10 43
1329 1368 10 44
1329 1369 10 45
1329 1370 10 46
1329 1371 10 47
1329 1372 10 48
1329 1373 10 49
1329 1374 10 50
1329 1375 10 51
1329 1376 10 52
1329 1377 10 53
1329 1378 10 54
1329 1379 10 55
1329 1380 10 56
1329 1381 10 57
1329 1382 10 58
1329 1383 10 59
1329 1384 10 60
1329 1385 10 1
1329 1386 10 2
1329 1387 10 3
1329 1388 10 34
1329 1389 10 35
1329 1390 10 36
1329 1391 10 37
1329 1392 10 38
1329 1393 10 39
1329 1394 10 40
1329 1395 10 41
1329 1396 10 42
1329 1397 10 43
1329 1398 10 44
1330 1359 10 35
1330 1360 10 36
1330 1361 10 37
1330 1362 10 38
1330 1363 10 39
1330 1364 10 40
1330 1365 10 41
1330 1366 10 42
1330 1367 10 43
1330 1368 10 44
1330 1369 10 45
1330 1370 10 46
1330 1371 10 47
1330 1372 10 48
1330 1373 10 49
1330 1374 10 50
1330 1375 10 51
1330 1376 10 52
1330 1377 10 53
1330 1378 10 54
1330 1379 10 55
1330 1380 10 56
1330 1381 10 57
1330 1382 10 58
1330 1383 10 59
1330 1384 10 60
1330 1385 10 1
1330 1386 10 2
1330 1387 10 3
1330 1388 10 34
1330 1389 10 35
1330 1390 10 36
1330 1391 10 37
1330 1392 10 38
1330 1393 10 39
1330 1394 10 40
1330 1395 10 41
1330 1396 10 42
1330 1397 10 43
1330 1398 10 44
1331 1359 10 35
1331 1360 10 36
1331 1361 10 37
1331 1362 10 38
1331 1363 10 39
1331 1364 10 40
1331 1365 10 41
1331 1366 10 42
1331 1367 10 43
1331 1368 10 44
1331 1369 10 45
1331 1370 10 46
1331 1371 10 47
1331 1372 10 48
1331 1373 10 49
1331 1374 10 50
1331 1375 10 51
1331 1376 10 52
1331 1377 10 53
1331 1378 10 54
1331 1379 10 55
1331 1380 10 56
1331 1381 10 57
1331 1382 10 58
1331 1383 10 59
1331 1384 10 60
1331 1385 10 1
1331 1386 10 2
1331 1387 10 3
1331 1388 10 34
1331 1389 10 35
1331 1390 10 36
1331 1391 10 37
1331 1392 10 38
1331 1393 10 39
1331 1394 10 40
1331 1395 10 41
1331 1396 10 42
1331 1397 10 43
1331 1398 10 44
1332 1359 10 35
1332 1360 10 36
1332 1361 10 37
1332 1362 10 38
1332 1363 10 39
1332 1364 10 40
1332 1365 10 41
1332 1366 10 42
1332 1367 10 43
1332 1368 10 44
1332 1369 10 45
1332 1370 10 46
1332 1371 10 47
1332 1372 10 48
1332 1373 10 49
1332 1374 10 50
1332 1375 10 51
1332 1376 10 52
1332 1377 10 53
1332 1378 10 54
1332 1379 10 55
1332 1380 10 56
1332 1381 10 57
1332 1382 10 58
1332 1383 10 59
1332 1384 10 60
1332 1385 10 1
1332 1386 10 2
1332 1387 10 3
1332 1388 10 34
1332 1389 10 35
1332 1390 10 36
1332 1391 10 37
1332 1392 10 38
1332 1393 10 39
1332 1394 10 40
1332 1395 10 41
1332 1396 10 42
1332 1397 10 43
1332 1398 10 44
1333 1359 10 35
1333 1360 10 36
1333 1361 10 37
1333 1362 10 38
1333 1363 10 39
1333 1364 10 40
1333 1365 10 41
1333 1366 10 42
1333 1367 10 43
1333 1368 10 44
1333 1369 10 45
1333 1370 10 46
1333 1371 10 47
1333 1372 10 48
1333 1373 10 49
1333 1374 10 50
1333 1375 10 51
1333 1376 10 52
1333 1377 10 53
1333 1378 10 54
1333 1379 10 55
1333 1380 10 56
1333 1381 10 57
1333 1382 10 58
1333 1383 10 59
1333 1384 10 60
1333 1385 10 1
1333 1386 10 2
1333 1387 10 3
1333 1388 10 34
1333 1389 10 35
1333 1390 10 36
1333 1391 10 37
1333 1392 10 38
1333 1393 10 39
1333 1394 10 40
1333 1395 10 41
1333 1396 10 42
1333 1397 10 43
1333 1398 10 44
1334 1359 10 35
1334 1360 10 36
1334 1361 10 37
1334 1362 10 38
1334 1363 10 39
1334 1364 10 40
1334 1365 10 41
1334 1366 10 42
1334 1367 10 43
1334 1368 10 44
1334 1369 10 45
1334 1370 10 46
1334 1371 10 47
1334 1372 10 48
1334 1373 10 49
1334 1374 10 50
1334 1375 10 51
1334 1376 10 52
1334 1377 10 53
1334 1378 10 54
1334 1379 10 55
1334 1380 10 56
1334 1381 10 57
1334 1382 10 58
1334 1383 10 59
1334 1384 10 60
1334 1385 10 1
1334 1386 10 2
1334 1387 10 3
1334 1388 10 34
1334 1389 10 35
1334 1390 10 36
1334 1391 10 37
1334 1392 10 38
1334 1393 10 39
1334 1394 10 40
1334 1395 10 41
1334 1396 10 42
1334 1397 10 43
1334 1398 10 44
1335 1359 10 35
1335 1360 10 36
1335 1361 10 37
1335 1362 10 38
1335 1363 10 39
1335 1364 10 40
1335 1365 10 41
1335 1366 10 42
1335 1367 10 43
1335 1368 10 44
1335 1369 10 45
1335 1370 10 46
1335 1371 10 47
1335 1372 10 48
1335 1373 10 49
1335 1374 10 50
1335 1375 10 51
1335 1376 10 52
1335 1377 10 53
1335 1378 10 54
1335 1379 10 55
1335 1380 10 56
1335 1381 10 57
1335 1382 10 58
1335 1383 10 59
1335 1384 10 60
1335 1385 10 1
1335 1386 10 2
1335 1387 10 3
1335 1388 10 34
1335 1389 10 35
1335 1390 10 36
1335 1391 10 37
1335 1392 10 38
1335 1393 10 39
1335 1394 10 40
1335 1395 10 41
1335 1396 10 42
1335 1397 10 43
1335 1398 10 44
1336 1359 10 35
1336 1360 10 36
1336 1361 10 37
1336 1362 10 38
1336 1363 10 39
1336 1364 10 40
1336 1365 10 41
1336 1366 10 42
1336 1367 10 43
1336 1368 10 44
1336 1369 10 45
1336 1370 10 46
1336 1371 10 47
1336 1372 10 48
1336 1373 10 49
1336 1374 10 50
1336 1375 10 51
1336 1376 10 52
1336 1377 10 53
1336 1378 10 54
1336 1379 10 55
1336 1380 10 56
1336 1381 10 57
1336 1382 10 58
1336 1383 10 59
1336 1384 10 60
1336 1385 10 1
1336 1386 10 2
1336 1387 10 3
1336 1388 10 34
1336 1389 10 35
1336 1390 10 36
1336 1391 10 37
1336 1392 10 38
1336 1393 10 39
1336 1394 10 40
1336 1395 10 41
1336 1396 10 42
1336 1397 10 43
1336 1398 10 44
1337 1359 10 35
1337 1360 10 36
1337 1361 10 37
1337 1362 10 38
1337 1363 10 39
1337 1364 10 40
1337 1365 10 41
1337 1366 10 42
1337 1367 10 43
1337 1368 10 44
1337 1369 10 45
1337 1370 10 46
1337 1371 10 47
1337 1372 10 48
1337 1373 10 49
1337 1374 10 50
1337 1375 10 51
1337 1376 10 52
1337 1377 10 53
1337 1378 10 54
1337 1379 10 55
1337 1380 10 56
1337 1381 10 57
1337 1382 10 58
1337 1383 10 59
1337 1384 10 60
1337 1385 10 1
1337 1386 10 2
1337 1387 10 3
1337 1388 10 34
1337 1389 10 35
1337 1390 10 36
1337 1391 10 37
1337 1392 10 38
1337 1393 10 39
1337 1394 10 40
1337 1395 10 41
1337 1396 10 42
1337 1397 10 43
1337 1398 10 44
1338 1359 10 35
1338 1360 10 36
1338 1361 10 37
1338 1362 10 38
1338 1363 10 39
1338 1364 10 40
1338 1365 10 41
1338 1366 10 42
1338 1367 10 43
1338 1368 10 44
1338 1369 10 45
1338 1370 10 46
1338 1371 10 47
1338 1372 10 48
1338 1373 10 49
1338 1374 10 50
1338 1375 10 51
1338 1376 10 52
1338 1377 10 53
1338 1378 10 54
1338 1379 10 55
1338 1380 10 56
1338 1381 10 57
1338 1382 10 58
1338 1383 10 59
1338 1384 10 60
1338 1385 10 1
1338 1386 10 2
1338 1387 10 3
1338 1388 10 34
1338 1389 10 35
1338 1390 10 36
1338 1391 10 37
1338 1392 10 38
1338 1393 10 39
1338 1394 10 40
1338 1395 10 41
1338 1396 10 42
1338 1397 10 43
1338 1398 10 44
1339 1359 10 35
1339 1360 10 36
1339 1361 10 37
1339 1362 10 38
1339 1363 10 39
1339 1364 10 40
1339 1365 10 41
1339 1366 10 42
1339 1367 10 43
1339 1368 10 44
1339 1369 10 45
1339 1370 10 46
1339 1371 10 47
1339 1372 10 48
1339 1373 10 49
1339 1374 10 50
1339 1375 10 51
1339 1376 10 52
1339 1377 10 53
1339 1378 10 54
1339 1379 10 55
1339 1380 10 56
1339 1381 10 57
1339 1382 10 58
1339 1383 10 59
1339 1384 10 60
1339 1385 10 1
1339 1386 10 2
1339 1387 10 3
1339 1388 10 34
1339 1389 10 35
1339 1390 10 36
1339 1391 10 37
1339 1392 10 38
1339 1393 10 39
1339 1394 10 40
1339 1395 10 41
1339 1396 10 42
1339 1397 10 43
1339 1398 10 44
1340 1359 10 35
1340 1360 10 36
1340 1361 10 37
1340 1362 10 38
1340 1363 10 39
1340 1364 10 40
1340 1365 10 41
1340 1366 10 42
1340 1367 10 43
1340 1368 10 44
1340 1369 10 45
1340 1370 10 46
1340 1371 10 47
1340 1372 10 48
1340 1373 10 49
1340 1374 10 50
1340 1375 10 51
1340 1376 10 52
1340 1377 10 53
1340 1378 10 54
1340 1379 10 55
1340 1380 10 56
1340 1381 10 57
1340 1382 10 58
1340 1383 10 59
1340 1384 10 60
1340 1385 10 1
1340 1386 10 2
1340 1387 10 3
1340 1388 10 34
1340 1389 10 35
1340 1390 10 36
1340 1391 10 37
1340 1392 10 38
1340 1393 10 39
1340 1394 10 40
1340 1395 10 41
1340 1396 10 42
1340 1397 10 43
1340 1398 10 44
1341 1359 10 35
1341 1360 10 36
1341 1361 10 37
1341 1362 10 38
1341 1363 10 39
1341 1364 10 40
1341 1365 10 41
1341 1366 10 42
1341 1367 10 43
1341 1368 10 44
1341 1369 10 45
1341 1370 10 46
1341 1371 10 47
1341 1372 10 48
1341 1373 10 49
1341 1374 10 50
1341 1375 10 51
1341 1376 10 52
1341 1377 10 53
1341 1378 10 54
1341 1379 10 55
1341 1380 10 56
1341 1381 10 57
1341 1382 10 58
1341 1383 10 59
1341 1384 10 60
1341 1385 10 1
1341 1386 10 2
1341 1387 10 3
1341 1388 10 34
1341 1389 10 35
1341 1390 10 36
1341 1391 10 37
1341 1392 10 38
1341 1393 10 39
1341 1394 10 40
1341 1395 10 41
1341 1396 10 42
1341 1397 10 43
1341 1398 10 44
1342 1359 10 35
1342 1360 10 36
1342 1361 10 37
1342 1362 10 38
1342 1363 10 39
1342 1364 10 40
1342 1365 10 41
1342 1366 10 42
1342 1367 10 43
1342 1368 10 44
1342 1369 10 45
1342 1370 10 46
1342 1371 10 47
1342 1372 10 48
1342 1373 10 49
1342 1374 10 50
1342 1375 10 51
1342 1376 10 52
1342 1377 10 53
1342 1378 10 54
1342 1379 10 55
1342 1380 10 56
1342 1381 10 57
1342 1382 10 58
1342 1383 10 59
1342 1384 10 60
1342 1385 10 1
1342 1386 10 2
1342 1387 10 3
1342 1388 10 34
1342 1389 10 35
1342 1390 10 36
1342 1391 10 37
1342 1392 10 38
1342 1393 10 39
1342 1394 10 40
1342 1395 10 41
1342 1396 10 42
1342 1397 10 43
1342 1398 10 44
1343 1359 10 35
1343 1360 10 36
1343 1361 10 37
1343 1362 10 38
1343 1363 10 39
1343 1364 10 40
1343 1365 10 41
1343 1366 10 42
1343 1367 10 43
1343 1368 10 44
1343 1369 10 45
1343 1370 10 46
1343 1371 10 47
1343 1372 10 48
1343 1373 10 49
1343 1374 10 50
1343 1375 10 51
1343 1376 10 52
1343 1377 10 53
1343 1378 10 54
1343 1379 10 55
1343 1380 10 56
1343 1381 10 57
1343 1382 10 58
1343 1383 10 59
1343 1384 10 60
1343 1385 10 1
1343 1386 10 2
1343 1387 10 3
1343 1388 10 34
1343 1389 10 35
1343 1390 10 36
1343 1391 10 37
1343 1392 10 38
1343 1393 10 39
1343 1394 10 40
1343 1395 10 41
1343 1396 10 42
1343 1397 10 43
1343 1398 10 44
1344 1359 10 35
1344 1360 10 36
1344 1361 10 37
1344 1362 10 38
1344 1363 10 39
1344 1364 10 40
1344 1365 10 41
1344 1366 10 42
1344 1367 10 43
1344 1368 10 44
1344 1369 10 45
1344 1370 10 46
1344 1371 10 47
1344 1372 10 48
1344 1373 10 49
1344 1374 10 50
1344 1375 10 51
1344 1376 10 52
1344 1377 10 53
1344 1378 10 54
1344 1379 10 55
1344 1380 10 56
1344 1381 10 57
1344 1382 10 58
1344 1383 10 59
1344 1384 10 60
1344 1385 10 1
1344 1386 10 2
1344 1387 10 3
1344 1388 10 34
1344 1389 10 35
1344 1390 10 36
1344 1391 10 37
1344 1392 10 38
1344 1393 10 39
1344 1394 10 40
1344 1395 10 41
1344 1396 10 42
1344 1397 10 43
1344 1398 10 44
1345 1359 10 35
1345 1360 10 36
1345 1361 10 37
1345 1362 10 38
1345 1363 10 39
1345 1364 10 40
1345 1365 10 41
1345 1366 10 42
1345 1367 10 43
1345 1368 10 44
1345 1369 10 45
1345 1370 10 46
1345 1371 10 47
1345 1372 10 48
1345 1373 10 49
1345 1374 10 50
1345 1375 10 51
1345 1376 10 52
1345 1377 10 53
1345 1378 10 54
1345 1379 10 55
1345 1380 10 56
1345 1381 10 57
1345 1382 10 58
1345 1383 10 59
1345 1384 10 60
1345 1385 10 1
1345 1386 10 2
1345 1387 10 3
1345 1388 10 34
1345 1389 10 35
1345 1390 10 36
1345 1391 10 37
1345 1392 10 38
1345 1393 10 39
1345 1394 10 40
1345 1395 10 41
1345 1396 10 42
1345 1397 10 43
1345 1398 10 44
1346 1359 10 35
1346 1360 10 36
1346 1361 10 37
1346 1362 10 38
1346 1363 10 39
1346 1364 10 40
1346 1365 10 41
1346 1366 10 42
1346 1367 10 43
1346 1368 10 44
1346 1369 10 45
1346 1370 10 46
1346 1371 10 47
1346 1372 10 48
1346 1373 10 49
1346 1374 10 50
1346 1375 10 51
1346 1376 10 52
1346 1377 10 53
1346 1378 10 54
1346 1379 10 55
1346 1380 10 56
1346 1381 10 57
1346 1382 10 58
1346 1383 10 59
1346 1384 10 60
1346 1385 10 1
1346 1386 10 2
1346 1387 10 3
1346 1388 10 34
1346 1389 10 35
1346 1390 10 36
1346 1391 10 37
1346 1392 10 38
1346 1393 10 39
1346 1394 10 40
1346 1395 10 41
1346 1396 10 42
1346 1397 10 43
1346 1398 10 44
1347 1359 10 35
1347 1360 10 36
1347 1361 10 37
1347 1362 10 38
1347 1363 10 39
1347 1364 10 40
1347 1365 10 41
1347 1366 10 42
1347 1367 10 43
1347 1368 10 44
1347 1369 10 45
1347 1370 10 46
1347 1371 10 47
1347 1372 10 48
1347 1373 10 49
1347 1374 10 50
1347 1375 10 51
1347 1376 10 52
1347 1377 10 53
1347 1378 10 54
1347 1379 10 55
1347 1380 10 56
1347 1381 10 57
1347 1382 10 58
1347 1383 10 59
1347 1384 10 60
1347 1385 10 1
1347 1386 10 2
1347 1387 10 3
1347 1388 10 34
1347 1389 10 35
1347 1390 10 36
1347 1391 10 37
1347 1392 10 38
1347 1393 10 39
1347 1394 10 40
1347 1395 10 41
1347 1396 10 42
1347 1397 10 43
1347 1398 10 44
1348 1359 10 35
1348 1360 10 36
1348 1361 10 37
1348 1362 10 38
1348 1363 10 39
1348 1364 10 40
1348 1365 10 41
1348 1366 10 42
1348 1367 10 43
1348 1368 10 44
1348 1369 10 45
1348 1370 10 46
1348 1371 10 47
1348 1372 10 48
1348 1373 10 49
1348 1374 10 50
1348 1375 10 51
1348 1376 10 52
1348 1377 10 53
1348 1378 10 54
1348 1379 10 55
1348 1380 10 56
1348 1381 10 57
1348 1382 10 58
1348 1383 10 59
1348 1384 10 60
1348 1385 10 1
1348 1386 10 2
1348 1387 10 3
1348 1388 10 34
1348 1389 10 35
1348 1390 10 36
1348 1391 10 37
1348 1392 10 38
1348 1393 10 39
1348 1394 10 40
1348 1395 10 41
1348 1396 10 42
1348 1397 10 43
1348 1398 10 44
1349 1359 10 35
1349 1360 10 36
1349 1361 10 37
1349 1362 10 38
1349 1363 10 39
1349 1364 10 40
1349 1365 10 41
1349 1366 10 42
1349 1367 10 43
1349 1368 10 44
1349 1369 10 45
1349 1370 10 46
1349 1371 10 47
1349 1372 10 48
1349 1373 10 49
1349 1374 10 50
1349 1375 10 51
1349 1376 10 52
1349 1377 10 53
1349 1378 10 54
1349 1379 10 55
1349 1380 10 56
1349 1381 10 57
1349 1382 10 58
1349 1383 10 59
1349 1384 10 60
1349 1385 10 1
1349 1386 10 2
1349 1387 10 3
1349 1388 10 34
1349 1389 10 35
1349 1390 10 36
1349 1391 10 37
1349 1392 10 38
1349 1393 10 39
1349 1394 10 40
1349 1395 10 41
1349 1396 10 42
1349 1397 10 43
1349 1398 10 44
1350 1359 10 35
1350 1360 10 36
1350 1361 10 37
1350 1362 10 38
1350 1363 10 39
1350 1364 10 40
1350 1365 10 41
1350 1366 10 42
1350 1367 10 43
1350 1368 10 44
1350 1369 10 45
1350 1370 10 46
1350 1371 10 47
1350 1372 10 48
1350 1373 10 49
1350 1374 10 50
1350 1375 10 51
1350 1376 10 52
1350 1377 10 53
1350 1378 10 54
1350 1379 10 55
1350 1380 10 56
1350 1381 10 57
1350 1382 10 58
1350 1383 10 59
1350 1384 10 60
1350 1385 10 1
1350 1386 10 2
1350 1387 10 3
1350 1388 10 34
1350 1389 10 35
1350 1390 10 36
1350 1391 10 37
1350 1392 10 38
1350 1393 10 39
1350 1394 10 40
1350 1395 10 41
1350 1396 10 42
1350 1397 10 43
1350 1398 10 44
1351 1359 10 35
1351 1360 10 36
1351 1361 10 37
1351 1362 10 38
1351 1363 10 39
1351 1364 10 40
1351 1365 10 41
1351 1366 10 42
1351 1367 10 43
1351 1368 10 44
1351 1369 10 45
1351 1370 10 46
1351 1371 10 47
1351 1372 10 48
1351 1373 10 49
1351 1374 10 50
1351 1375 10 51
1351 1376 10 52
1351 1377 10 53
1351 1378 10 54
1351 1379 10 55
1351 1380 10 56
1351 1381 10 57
1351 1382 10 58
1351 1383 10 59
1351 1384 10 60
1351 1385 10 1
1351 1386 10 2
1351 1387 10 3
1351 1388 10 34
1351 1389 10 35
1351 1390 10 36
1351 1391 10 37
1351 1392 10 38
1351 1393 10 39
1351 1394 10 40
1351 1395 10 41
1351 1396 10 42
1351 1397 10 43
1351 1398 10 44
1352 1359 10 35
1352 1360 10 36
1352 1361 10 37
1352 1362 10 38
1352 1363 10 39
1352 1364 10 40
1352 1365 10 41
1352 1366 10 42
1352 1367 10 43
1352 1368 10 44
1352 1369 10 45
1352 1370 10 46
1352 1371 10 47
1352 1372 10 48
1352 1373 10 49
1352 1374 10 50
1352 1375 10 51
1352 1376 10 52
1352 1377 10 53
1352 1378 10 54
1352 1379 10 55
1352 1380 10 56
1352 1381 10 57
1352 1382 10 58
1352 1383 10 59
1352 1384 10 60
1352 1385 10 1
1352 1386 10 2
1352 1387 10 3
1352 1388 10 34
1352 1389 10 35
1352 1390 10 36
1352 1391 10 37
1352 1392 10 38
1352 1393 10 39
1352 1394 10 40
1352 1395 10 41
1352 1396 10 42
1352 1397 10 43
1352 1398 10 44
1353 1359 10 35
1353 1360 10 36
1353 1361 10 37
1353 1362 10 38
1353 1363 10 39
1353 1364 10 40
1353 1365 10 41
1353 1366 10 42
1353 1367 10 43
1353 1368 10 44
1353 1369 10 45
1353 1370 10 46
1353 1371 10 47
1353 1372 10 48
1353 1373 10 49
1353 1374 10 50
1353 1375 10 51
1353 1376 10 52
1353 1377 10 53
1353 1378 10 54
1353 1379 10 55
1353 1380 10 56
1353 1381 10 57
1353 1382 10 58
1353 1383 10 59
1353 1384 10 60
1353 1385 10 1
1353 1386 10 2
1353 1387 10 3
1353 1388 10 34
1353 1389 10 35
1353 1390 10 36
1353 1391 10 37
1353 1392 10 38
1353 1393 10 39
1353 1394 10 40
1353 1395 10 41
1353 1396 10 42
1353 1397 10 43
1353 1398 10 44
1354 1359 10 35
1354 1360 10 36
1354 1361 10 37
1354 1362 10 38
1354 1363 10 39
1354 1364 10 40
1354 1365 10 41
1354 1366 10 42
1354 1367 10 43
1354 1368 10 44
1354 1369 10 45
1354 1370 10 46
1354 1371 10 47
1354 1372 10 48
1354 1373 10 49
1354 1374 10 50
1354 1375 10 51
1354 1376 10 52
1354 1377 10 53
1354 1378 10 54
1354 1379 10 55
1354 1380 10 56
1354 1381 10 57
1354 1382 10 58
1354 1383 10 59
1354 1384 10 60
1354 1385 10 1
1354 1386 10 2
1354 1387 10 3
1354 1388 10 34
1354 1389 10 35
1354 1390 10 36
1354 1391 10 37
1354 1392 10 38
1354 1393 10 39
1354 1394 10 40
1354 1395 10 41
1354 1396 10 42
1354 1397 10 43
1354 1398 10 44
1355 1359 10 35
1355 1360 10 36
1355 1361 10 37
1355 1362 10 38
1355 1363 10 39
1355 1364 10 40
1355 1365 10 41
1355 1366 10 42
1355 1367 10 43
1355 1368 10 44
1355 1369 10 45
1355 1370 10 46
1355 1371 10 47
1355 1372 10 48
1355 1373 10 49
1355 1374 10 50
1355 1375 10 51
1355 1376 10 52
1355 1377 10 53
1355 1378 10 54
1355 1379 10 55
1355 1380 10 56
1355 1381 10 57
1355 1382 10 58
1355 1383 10 59
1355 1384 10 60
1355 1385 10 1
1355 1386 10 2
1355 1387 10 3
1355 1388 10 34
1355 1389 10 35
1355 1390 10 36
1355 1391 10 37
1355 1392 10 38
1355 1393 10 39
1355 1394 10 40
1355 1395 10 41
1355 1396 10 42
1355 1397 10 43
1355 1398 10 44
1356 1359 10 35
1356 1360 10 36
1356 1361 10 37
1356 1362 10 38
1356 1363 10 39
1356 1364 10 40
1356 1365 10 41
1356 1366 10 42
1356 1367 10 43
1356 1368 10 44
1356 1369 10 45
1356 1370 10 46
1356 1371 10 47
1356 1372 10 48
1356 1373 10 49
1356 1374 10 50
1356 1375 10 51
1356 1376 10 52
1356 1377 10 53
1356 1378 10 54
1356 1379 10 55
1356 1380 10 56
1356 1381 10 57
1356 1382 10 58
1356 1383 10 59
1356 1384 10 60
1356 1385 10 1
1356 1386 10 2
1356 1387 10 3
1356 1388 10 34
1356 1389 10 35
1356 1390 10 36
1356 1391 10 37
1356 1392 10 38
1356 1393 10 39
1356 1394 10 40
1356 1395 10 41
1356 1396 10 42
1356 1397 10 43
1356 1398 10 44
1357 1359 10 35
1357 1360 10 36
1357 1361 10 37
1357 1362 10 38
1357 1363 10 39
1357 1364 10 40
1357 1365 10 41
1357 1366 10 42
1357 1367 10 43
1357 1368 10 44
1357 1369 10 45
1357 1370 10 46
1357 1371 10 47
1357 1372 10 48
1357 1373 10 49
1357 1374 10 50
1357 1375 10 51
1357 1376 10 52
1357 1377 10 53
1357 1378 10 54
1357 1379 10 55
1357 1380 10 56
1357 1381 10 57
1357 1382 10 58
1357 1383 10 59
1357 1384 10 60
1357 1385 10 1
1357 1386 10 2
1357 1387 10 3
1357 1388 10 34
1357 1389 10 35
1357 1390 10 36
1357 1391 10 37
1357 1392 10 38
1357 1393 10 39
1357 1394 10 40
1357 1395 10 41
1357 1396 10 42
1357 1397 10 43
1357 1398 10 44
1358 1359 10 35
1358 1360 10 36
1358 1361 10 37
1358 1362 10 38
1358 1363 10 39
1358 1364 10 40
1358 1365 10 41
1358 1366 10 42
1358 1367 10 43
1358 1368 10 44
1358 1369 10 45
1358 1370 10 46
1358 1371 10 47
1358 1372 10 48
1358 1373 10 49
1358 1374 10 50
1358 1375 10 51
1358 1376 10 52
1358 1377 10 53
1358 1378 10 54
1358 1379 10 55
1358 1380 10 56
1358 1381 10 57
1358 1382 10 58
1358 1383 10 59
1358 1384 10 60
1358 1385 10 1
1358 1386 10 2
1358 1387 10 3
1358 1388 10 34
1358 1389 10 35
1358 1390 10 36
1358 1391 10 37
1358 1392 10 38
1358 1393 10 39
1358 1394 10 40
1358 1395 10 41
1358 1396 10 42
1358 1397 10 43
1358 1398 10 44
1359 1399 10 36
1359 1400 10 37
1359 1401 10 38
1359 1402 10 39
1359 1403 10 40
1359 1404 10 41
1359 1405 10 42
1359 1406 10 43
1359 1407 10 44
1359 1408 10 45
1359 1409 10 46
1359 1410 10 47
1359 1411 10 48
1359 1412 10 49
1359 1413 10 50
1359 1414 10 51
1359 1415 10 52
1359 1416 10 53
1359 1417 10 54
1359 1418 10 55
1359 1419 10 56
1359 1420 10 57
1359 1421 10 58
1359 1422 10 59
1359 1423 10 60
1359 1424 10 1
1359 1425 10 2
1359 1426 10 3
1359 1427 10 4
1359 1428 10 35
1359 1429 10 36
1359 1430 10 37
1359 1431 10 38
1359 1432 10 39
1359 1433 10 40
1359 1434 10 41
1359 1435 10 42
1359 1436 10 43
1359 1437 10 44
1359 1438 10 45
1360 1399 10 36
1360 1400 10 37
1360 1401 10 38
1360 1402 10 39
1360 1403 10 40
1360 1404 10 41
1360 1405 10 42
1360 1406 10 43
1360 1407 10 44
1360 1408 10 45
1360 1409 10 46
1360 1410 10 47
1360 1411 10 48
1360 1412 10 49
1360 1413 10 50
1360 1414 10 51
1360 1415 10 52
1360 1416 10 53
1360 1417 10 54
1360 1418 10 55
1360 1419 10 56
1360 1420 10 57
1360 1421 10 58
1360 1422 10 59
1360 1423 10 60
1360 1424 10 1
1360 1425 10 2
1360 1426 10 3
1360 1427 10 4
1360 1428 10 35
1360 1429 10 36
1360 1430 10 37
1360 1431 10 38
1360 1432 10 39
1360 1433 10 40
1360 1434 10 41
1360 1435 10 42
1360 1436 10 43
1360 1437 10 44
1360 1438 10 45
1361 1399 10 36
1361 1400 10 37
1361 1401 10 38
1361 1402 10 39
1361 1403 10 40
1361 1404 10 41
1361 1405 10 42
1361 1406 10 43
1361 1407 10 44
1361 1408 10 45
1361 1409 10 46
1361 1410 10 47
1361 1411 10 48
1361 1412 10 49
1361 1413 10 50
1361 1414 10 51
1361 1415 10 52
1361 1416 10 53
1361 1417 10 54
1361 1418 10 55
1361 1419 10 56
1361 1420 10 57
1361 1421 10 58
1361 1422 10 59
1361 1423 10 60
1361 1424 10 1
1361 1425 10 2
1361 1426 10 3
1361 1427 10 4
1361 1428 10 35
1361 1429 10 36
1361 1430 10 37
1361 1431 10 38
1361 1432 10 39
1361 1433 10 40
1361 1434 10 41
1361 1435 10 42
1361 1436 10 43
1361 1437 10 44
1361 1438 10 45
1362 1399 10 36
1362 1400 10 37
1362 1401 10 38
1362 1402 10 39
1362 1403 10 40
1362 1404 10 41
1362 1405 10 42
1362 1406 10 43
1362 1407 10 44
1362 1408 10 45
1362 1409 10 46
1362 1410 10 47
1362 1411 10 48
1362 1412 10 49
1362 1413 10 50
1362 1414 10 51
1362 1415 10 52
1362 1416 10 53
1362 1417 10 54
1362 1418 10 55
1362 1419 10 56
1362 1420 10 57
1362 1421 10 58
1362 1422 10 59
1362 1423 10 60
1362 1424 10 1
1362 1425 10 2
1362 1426 10 3
1362 1427 10 4
1362 1428 10 35
1362 1429 10 36
1362 1430 10 37
1362 1431 10 38
1362 1432 10 39
1362 1433 10 40
1362 1434 10 41
1362 1435 10 42
1362 1436 10 43
1362 1437 10 44
1362 1438 10 45
1363 1399 10 36
1363 1400 10 37
1363 1401 10 38
1363 1402 10 39
1363 1403 10 40
1363 1404 10 41
1363 1405 10 42
1363 1406 10 43
1363 1407 10 44
1363 1408 10 45
1363 1409 10 46
1363 1410 10 47
1363 1411 10 48
1363 1412 10 49
1363 1413 10 50
1363 1414 10 51
1363 1415 10 52
1363 1416 10 53
1363 1417 10 54
1363 1418 10 55
1363 1419 10 56
1363 1420 10 57
1363 1421 10 58
1363 1422 10 59
1363 1423 10 60
1363 1424 10 1
1363 1425 10 2
1363 1426 10 3
1363 1427 10 4
1363 1428 10 35
1363 1429 10 36
1363 1430 10 37
1363 1431 10 38
1363 1432 10 39
1363 1433 10 40
1363 1434 10 41
1363 1435 10 42
1363 1436 10 43
1363 1437 10 44
1363 1438 10 45
1364 1399 10 36
1364 1400 10 37
1364 1401 10 38
1364 1402 10 39
1364 1403 10 40
1364 1404 10 41
1364 1405 10 42
1364 1406 10 43
1364 1407 10 44
1364 1408 10 45
1364 1409 10 46
1364 1410 10 47
1364 1411 10 48
1364 1412 10 49
1364 1413 10 50
1364 1414 10 51
1364 1415 10 52
1364 1416 10 53
1364 1417 10 54
1364 1418 10 55
1364 1419 10 56
1364 1420 10 57
1364 1421 10 58
1364 1422 10 59
1364 1423 10 60
1364 1424 10 1
1364 1425 10 2
1364 1426 10 3
1364 1427 10 4
1364 1428 10 35
1364 1429 10 36
1364 1430 10 37
1364 1431 10 38
1364 1432 10 39
1364 1433 10 40
1364 1434 10 41
1364 1435 10 42
1364 1436 10 43
1364 1437 10 44
1364 1438 10 45
1365 1399 10 36
1365 1400 10 37
1365 1401 10 38
1365 1402 10 39
1365 1403 10 40
1365 1404 10 41
1365 1405 10 42
1365 1406 10 43
1365 1407 10 44
1365 1408 10 45
1365 1409 10 46
1365 1410 10 47
1365 1411 10 48
1365 1412 10 49
1365 1413 10 50
1365 1414 10 51
1365 1415 10 52
1365 1416 10 53
1365 1417 10 54
1365 1418 10 55
1365 1419 10 56
1365 1420 10 57
1365 1421 10 58
1365 1422 10 59
1365 1423 10 60
1365 1424 10 1
1365 1425 10 2
1365 1426 10 3
1365 1427 10 4
1365 1428 10 35
1365 1429 10 36
1365 1430 10 37
1365 1431 10 38
1365 1432 10 39
1365 1433 10 40
1365 1434 10 41
1365 1435 10 42
1365 1436 10 43
1365 1437 10 44
1365 1438 10 45
1366 1399 10 36
1366 1400 10 37
1366 1401 10 38
1366 1402 10 39
1366 1403 10 40
1366 1404 10 41
1366 1405 10 42
1366 1406 10 43
1366 1407 10 44
1366 1408 10 45
1366 1409 10 46
1366 1410 10 47
1366 1411 10 48
1366 1412 10 49
1366 1413 10 50
1366 1414 10 51
1366 1415 10 52
1366 1416 10 53
1366 1417 10 54
1366 1418 10 55
1366 1419 10 56
1366 1420 10 57
1366 1421 10 58
1366 1422 10 59
1366 1423 10 60
1366 1424 10 1
1366 1425 10 2
1366 1426 10 3
1366 1427 10 4
1366 1428 10 35
1366 1429 10 36
1366 1430 10 37
1366 1431 10 38
1366 1432 10 39
1366 1433 10 40
1366 1434 10 41
1366 1435 10 42
1366 1436 10 43
1366 1437 10 44
1366 1438 10 45
1367 1399 10 36
1367 1400 10 37
1367 1401 10 38
1367 1402 10 39
1367 1403 10 40
1367 1404 10 41
1367 1405 10 42
1367 1406 10 43
1367 1407 10 44
1367 1408 10 45
1367 1409 10 46
1367 1410 10 47
1367 1411 10 48
1367 1412 10 49
1367 1413 10 50
1367 1414 10 51
1367 1415 10 52
1367 1416 10 53
1367 1417 10 54
1367 1418 10 55
1367 1419 10 56
1367 1420 10 57
1367 1421 10 58
1367 1422 10 59
1367 1423 10 60
1367 1424 10 1
1367 1425 10 2
1367 1426 10 3
1367 1427 10 4
1367 1428 10 35
1367 1429 10 36
1367 1430 10 37
1367 1431 10 38
1367 1432 10 39
1367 1433 10 40
1367 1434 10 41
1367 1435 10 42
1367 1436 10 43
1367 1437 10 44
1367 1438 10 45
1368 1399 10 36
1368 1400 10 37
1368 1401 10 38
1368 1402 10 39
1368 1403 10 40
1368 1404 10 41
1368 1405 10 42
1368 1406 10 43
1368 1407 10 44
1368 1408 10 45
1368 1409 10 46
1368 1410 10 47
1368 1411 10 48
1368 1412 10 49
1368 1413 10 50
1368 1414 10 51
1368 1415 10 52
1368 1416 10 53
1368 1417 10 54
1368 1418 10 55
1368 1419 10 56
1368 1420 10 57
1368 1421 10 58
1368 1422 10 59
1368 1423 10 60
1368 1424 10 1
1368 1425 10 2
1368 1426 10 3
1368 1427 10 4
1368 1428 10 35
1368 1429 10 36
1368 1430 10 37
1368 1431 10 38
1368 1432 10 39
1368 1433 10 40
1368 1434 10 41
1368 1435 10 42
1368 1436 10 43
1368 1437 10 44
1368 1438 10 45
1369 1399 10 36
1369 1400 10 37
1369 1401 10 38
1369 1402 10 39
1369 1403 10 40
1369 1404 10 41
1369 1405 10 42
1369 1406 10 43
1369 1407 10 44
1369 1408 10 45
1369 1409 10 46
1369 1410 10 47
1369 1411 10 48
1369 1412 10 49
1369 1413 10 50
1369 1414 10 51
1369 1415 10 52
1369 1416 10 53
1369 1417 10 54
1369 1418 10 55
1369 1419 10 56
1369 1420 10 57
1369 1421 10 58
1369 1422 10 59
1369 1423 10 60
1369 1424 10 1
1369 1425 10 2
1369 1426 10 3
1369 1427 10 4
1369 1428 10 35
1369 1429 10 36
1369 1430 10 37
1369 1431 10 38
1369 1432 10 39
1369 1433 10 40
1369 1434 10 41
1369 1435 10 42
1369 1436 10 43
1369 1437 10 44
1369 1438 10 45
1370 1399 10 36
1370 1400 10 37
1370 1401 10 38
1370 1402 10 39
1370 1403 10 40
1370 1404 10 41
1370 1405 10 42
1370 1406 10 43
1370 1407 10 44
1370 1408 10 45
1370 1409 10 46
1370 1410 10 47
1370 1411 10 48
1370 1412 10 49
1370 1413 10 50
1370 1414 10 51
1370 1415 10 52
1370 1416 10 53
1370 1417 10 54
1370 1418 10 55
1370 1419 10 56
1370 1420 10 57
1370 1421 10 58
1370 1422 10 59
1370 1423 10 60
1370 1424 10 1
1370 1425 10 2
1370 1426 10 3
1370 1427 10 4
1370 1428 10 35
1370 1429 10 36
1370 1430 10 37
1370 1431 10 38
1370 1432 10 39
1370 1433 10 40
1370 1434 10 41
1370 1435 10 42
1370 1436 10 43
1370 1437 10 44
1370 1438 10 45
1371 1399 10 36
1371 1400 10 37
1371 1401 10 38
1371 1402 10 39
1371 1403 10 40
1371 1404 10 41
1371 1405 10 42
1371 1406 10 43
1371 1407 10 44
1371 1408 10 45
1371 1409 10 46
1371 1410 10 47
1371 1411 10 48
1371 1412 10 49
1371 1413 10 50
1371 1414 10 51
1371 1415 10 52
1371 1416 10 53
1371 1417 10 54
1371 1418 10 55
1371 1419 10 56
1371 1420 10 57
1371 1421 10 58
1371 1422 10 59
1371 1423 10 60
1371 1424 10 1
1371 1425 10 2
1371 1426 10 3
1371 1427 10 4
1371 1428 10 35
1371 1429 10 36
1371 1430 10 37
1371 1431 10 38
1371 1432 10 39
1371 1433 10 40
1371 1434 10 41
1371 1435 10 42
1371 1436 10 43
1371 1437 10 44
1371 1438 10 45
1372 1399 10 36
1372 1400 10 37
1372 1401 10 38
1372 1402 10 39
1372 1403 10 40
1372 1404 10 41
1372 1405 10 42
1372 1406 10 43
1372 1407 10 44
1372 1408 10 45
1372 1409 10 46
1372 1410 10 47
1372 1411 10 48
1372 1412 10 49
1372 1413 10 50
1372 1414 10 51
1372 1415 10 52
1372 1416 10 53
1372 1417 10 54
1372 1418 10 55
1372 1419 10 56
1372 1420 10 57
1372 1421 10 58
1372 1422 10 59
1372 1423 10 60
1372 1424 10 1
1372 1425 10 2
1372 1426 10 3
1372 1427 10 4
1372 1428 10 35
1372 1429 10 36
1372 1430 10 37
1372 1431 10 38
1372 1432 10 39
1372 1433 10 40
1372 1434 10 41
1372 1435 10 42
1372 1436 10 43
1372 1437 10 44
1372 1438 10 45
1373 1399 10 36
1373 1400 10 37
1373 1401 10 38
1373 1402 10 39
1373 1403 10 40
1373 1404 10 41
1373 1405 10 42
1373 1406 10 43
1373 1407 10 44
1373 1408 10 45
1373 1409 10 46
1373 1410 10 47
1373 1411 10 48
1373 1412 10 49
1373 1413 10 50
1373 1414 10 51
1373 1415 10 52
1373 1416 10 53
1373 1417 10 54
1373 1418 10 55
1373 1419 10 56
1373 1420 10 57
1373 1421 10 58
1373 1422 10 59
1373 1423 10 60
1373 1424 10 1
1373 1425 10 2
1373 1426 10 3
1373 1427 10 4
1373 1428 10 35
1373 1429 10 36
1373 1430 10 37
1373 1431 10 38
1373 1432 10 39
1373 1433 10 40
1373 1434 10 41
1373 1435 10 42
1373 1436 10 43
1373 1437 10 44
1373 1438 10 45
1374 1399 10 36
1374 1400 10 37
1374 1401 10 38
1374 1402 10 39
1374 1403 10 40
1374 1404 10 41
1374 1405 10 42
1374 1406 10 43
1374 1407 10 44
1374 1408 10 45
1374 1409 10 46
1374 1410 10 47
1374 1411 10 48
1374 1412 10 49
1374 1413 10 50
1374 1414 10 51
1374 1415 10 52
1374 1416 10 53
1374 1417 10 54
1374 1418 10 55
1374 1419 10 56
1374 1420 10 57
1374 1421 10 58
1374 1422 10 59
1374 1423 10 60
1374 1424 10 1
1374 1425 10 2
1374 1426 10 3
1374 1427 10 4
1374 1428 10 35
1374 1429 10 36
1374 1430 10 37
1374 1431 10 38
1374 1432 10 39
1374 1433 10 40
1374 1434 10 41
1374 1435 10 42
1374 1436 10 43
1374 1437 10 44
1374 1438 10 45
1375 1399 10 36
1375 1400 10 37
1375 1401 10 38
1375 1402 10 39
1375 1403 10 40
1375 1404 10 41
1375 1405 10 42
1375 1406 10 43
1375 1407 10 44
1375 1408 10 45
1375 1409 10 46
1375 1410 10 47
1375 1411 10 48
1375 1412 10 49
1375 1413 10 50
1375 1414 10 51
1375 1415 10 52
1375 1416 10 53
1375 1417 10 54
1375 1418 10 55
1375 1419 10 56
1375 1420 10 57
1375 1421 10 58
1375 1422 10 59
1375 1423 10 60
1375 1424 10 1
1375 1425 10 2
1375 1426 10 3
1375 1427 10 4
1375 1428 10 35
1375 1429 10 36
1375 1430 10 37
1375 1431 10 38
1375 1432 10 39
1375 1433 10 40
1375 1434 10 41
1375 1435 10 42
1375 1436 10 43
1375 1437 10 44
1375 1438 10 45
1376 1399 10 36
1376 1400 10 37
1376 1401 10 38
1376 1402 10 39
1376 1403 10 40
1376 1404 10 41
1376 1405 10 42
1376 1406 10 43
1376 1407 10 44
1376 1408 10 45
1376 1409 10 46
1376 1410 10 47
1376 1411 10 48
1376 1412 10 49
1376 1413 10 50
1376 1414 10 51
1376 1415 10 52
1376 1416 10 53
1376 1417 10 54
1376 1418 10 55
1376 1419 10 56
1376 1420 10 57
1376 1421 10 58
1376 1422 10 59
1376 1423 10 60
1376 1424 10 1
1376 1425 10 2
1376 1426 10 3
1376 1427 10 4
1376 1428 10 35
1376 1429 10 36
1376 1430 10 37
1376 1431 10 38
1376 1432 10 39
1376 1433 10 40
1376 1434 10 41
1376 1435 10 42
1376 1436 10 43
1376 1437 10 44
1376 1438 10 45
1377 1399 10 36
1377 1400 10 37
1377 1401 10 38
1377 1402 10 39
1377 1403 10 40
1377 1404 10 41
1377 1405 10 42
1377 1406 10 43
1377 1407 10 44
1377 1408 10 45
1377 1409 10 46
1377 1410 10 47
1377 1411 10 48
1377 1412 10 49
1377 1413 10 50
1377 1414 10 51
1377 1415 10 52
1377 1416 10 53
1377 1417 10 54
1377 1418 10 55
1377 1419 10 56
1377 1420 10 57
1377 1421 10 58
1377 1422 10 59
1377 1423 10 60
1377 1424 10 1
1377 1425 10 2
1377 1426 10 3
1377 1427 10 4
1377 1428 10 35
1377 1429 10 36
1377 1430 10 37
1377 1431 10 38
1377 1432 10 39
1377 1433 10 40
1377 1434 10 41
1377 1435 10 42
1377 1436 10 43
1377 1437 10 44
1377 1438 10 45
1378 1399 10 36
1378 1400 10 37
1378 1401 10 38
1378 1402 10 39
1378 1403 10 40
1378 1404 10 41
1378 1405 10 42
1378 1406 10 43
1378 1407 10 44
1378 1408 10 45
1378 1409 10 46
1378 1410 10 47
1378 1411 10 48
1378 1412 10 49
1378 1413 10 50
1378 1414 10 51
1378 1415 10 52
1378 1416 10 53
1378 1417 10 54
1378 1418 10 55
1378 1419 10 56
1378 1420 10 57
1378 1421 10 58
1378 1422 10 59
1378 1423 10 60
1378 1424 10 1
1378 1425 10 2
1378 1426 10 3
1378 1427 10 4
1378 1428 10 35
1378 1429 10 36
1378 1430 10 37
1378 1431 10 38
1378 1432 10 39
1378 1433 10 40
1378 1434 10 41
1378 1435 10 42
1378 1436 10 43
1378 1437 10 44
1378 1438 10 45
1379 1399 10 36
1379 1400 10 37
1379 1401 10 38
1379 1402 10 39
1379 1403 10 40
1379 1404 10 41
1379 1405 10 42
1379 1406 10 43
1379 1407 10 44
1379 1408 10 45
1379 1409 10 46
1379 1410 10 47
1379 1411 10 48
1379 1412 10 49
1379 1413 10 50
1379 1414 10 51
1379 1415 10 52
1379 1416 10 53
1379 1417 10 54
1379 1418 10 55
1379 1419 10 56
1379 1420 10 57
1379 1421 10 58
1379 1422 10 59
1379 1423 10 60
1379 1424 10 1
1379 1425 10 2
1379 1426 10 3
1379 1427 10 4
1379 1428 10 35
1379 1429 10 36
1379 1430 10 37
1379 1431 10 38
1379 1432 10 39
1379 1433 10 40
1379 1434 10 41
1379 1435 10 42
1379 1436 10 43
1379 1437 10 44
1379 1438 10 45
1380 1399 10 36
1380 1400 10 37
1380 1401 10 38
1380 1402 10 39
1380 1403 10 40
1380 1404 10 41
1380 1405 10 42
1380 1406 10 43
1380 1407 10 44
1380 1408 10 45
1380 1409 10 46
1380 1410 10 47
1380 1411 10 48
1380 1412 10 49
1380 1413 10 50
1380 1414 10 51
1380 1415 10 52
1380 1416 10 53
1380 1417 10 54
1380 1418 10 55
1380 1419 10 56
1380 1420 10 57
1380 1421 10 58
1380 1422 10 59
1380 1423 10 60
1380 1424 10 1
1380 1425 10 2
1380 1426 10 3
1380 1427 10 4
1380 1428 10 35
1380 1429 10 36
1380 1430 10 37
1380 1431 10 38
1380 1432 10 39
1380 1433 10 40
1380 1434 10 41
1380 1435 10 42
1380 1436 10 43
1380 1437 10 44
1380 1438 10 45
1381 1399 10 36
1381 1400 10 37
1381 1401 10 38
1381 1402 10 39
1381 1403 10 40
1381 1404 10 41
1381 1405 10 42
1381 1406 10 43
1381 1407 10 44
1381 1408 10 45
1381 1409 10 46
1381 1410 10 47
1381 1411 10 48
1381 1412 10 49
1381 1413 10 50
1381 1414 10 51
1381 1415 10 52
1381 1416 10 53
1381 1417 10 54
1381 1418 10 55
1381 1419 10 56
1381 1420 10 57
1381 1421 10 58
1381 1422 10 59
1381 1423 10 60
1381 1424 10 1
1381 1425 10 2
1381 1426 10 3
1381 1427 10 4
1381 1428 10 35
1381 1429 10 36
1381 1430 10 37
1381 1431 10 38
1381 1432 10 39
1381 1433 10 40
1381 1434 10 41
1381 1435 10 42
1381 1436 10 43
1381 1437 10 44
1381 1438 10 45
1382 1399 10 36
1382 1400 10 37
1382 1401 10 38
1382 1402 10 39
1382 1403 10 40
1382 1404 10 41
1382 1405 10 42
1382 1406 10 43
1382 1407 10 44
1382 1408 10 45
1382 1409 10 46
1382 1410 10 47
1382 1411 10 48
1382 1412 10 49
1382 1413 10 50
1382 1414 10 51
1382 1415 10 52
1382 1416 10 53
1382 1417 10 54
1382 1418 10 55
1382 1419 10 56
1382 1420 10 57
1382 1421 10 58
1382 1422 10 59
1382 1423 10 60
1382 1424 10 1
1382 1425 10 2
1382 1426 10 3
1382 1427 10 4
1382 1428 10 35
1382 1429 10 36
1382 1430 10 37
1382 1431 10 38
1382 1432 10 39
1382 1433 10 40
1382 1434 10 41
1382 1435 10 42
1382 1436 10 43
1382 1437 10 44
1382 1438 10 45
1383 1399 10 36
1383 1400 10 37
1383 1401 10 38
1383 1402 10 39
1383 1403 10 40
1383 1404 10 41
1383 1405 10 42
1383 1406 10 43
1383 1407 10 44
1383 1408 10 45
1383 1409 10 46
1383 1410 10 47
1383 1411 10 48
1383 1412 10 49
1383 1413 10 50
1383 1414 10 51
1383 1415 10 52
1383 1416 10 53
1383 1417 10 54
1383 1418 10 55
1383 1419 10 56
1383 1420 10 57
1383 1421 10 58
1383 1422 10 59
1383 1423 10 60
1383 1424 10 1
1383 1425 10 2
1383 1426 10 3
1383 1427 10 4
1383 1428 10 35
1383 1429 10 36
1383 1430 10 37
1383 1431 10 38
1383 1432 10 39
1383 1433 10 40
1383 1434 10 41
1383 1435 10 42
1383 1436 10 43
1383 1437 10 44
1383 1438 10 45
1384 1399 10 36
1384 1400 10 37
1384 1401 10 38
1384 1402 10 39
1384 1403 10 40
1384 1404 10 41
1384 1405 10 42
1384 1406 10 43
1384 1407 10 44
1384 1408 10 45
1384 1409 10 46
1384 1410 10 47
1384 1411 10 48
1384 1412 10 49
1384 1413 10 50
1384 1414 10 51
1384 1415 10 52
1384 1416 10 53
1384 1417 10 54
1384 1418 10 55
1384 1419 10 56
1384 1420 10 57
1384 1421 10 58
1384 1422 10 59
1384 1423 10 60
1384 1424 10 1
1384 1425 10 2
1384 1426 10 3
1384 1427 10 4
1384 1428 10 35
1384 1429 10 36
1384 1430 10 37
1384 1431 10 38
1384 1432 10 39
1384 1433 10 40
1384 1434 10 41
1384 1435 10 42
1384 1436 10 43
1384 1437 10 44
1384 1438 10 45
1385 1399 10 36
1385 1400 10 37
1385 1401 10 38
1385 1402 10 39
1385 1403 10 40
1385 1404 10 41
1385 1405 10 42
1385 1406 10 43
1385 1407 10 44
1385 1408 10 45
1385 1409 10 46
1385 1410 10 47
1385 1411 10 48
1385 1412 10 49
1385 1413 10 50
1385 1414 10 51
1385 1415 10 52
1385 1416 10 53
1385 1417 10 54
1385 1418 10 55
1385 1419 10 56
1385 1420 10 57
1385 1421 10 58
1385 1422 10 59
1385 1423 10 60
1385 1424 10 1
1385 1425 10 2
1385 1426 10 3
1385 1427 10 4
1385 1428 10 35
1385 1429 10 36
1385 1430 10 37
1385 1431 10 38
1385 1432 10 39
1385 1433 10 40
1385 1434 10 41
1385 1435 10 42
1385 1436 10 43
1385 1437 10 44
1385 1438 10 45
1386 1399 10 36
1386 1400 10 37
1386 1401 10 38
1386 1402 10 39
1386 1403 10 40
1386 1404 10 41
1386 1405 10 42
1386 1406 10 43
1386 1407 10 44
1386 1408 10 45
1386 1409 10 46
1386 1410 10 47
1386 1411 10 48
1386 1412 10 49
1386 1413 10 50
1386 1414 10 51
1386 1415 10 52
1386 1416 10 53
1386 1417 10 54
1386 1418 10 55
1386 1419 10 56
1386 1420 10 57
1386 1421 10 58
1386 1422 10 59
1386 1423 10 60
1386 1424 10 1
1386 1425 10 2
1386 1426 10 3
1386 1427 10 4
1386 1428 10 35
1386 1429 10 36
1386 1430 10 37
1386 1431 10 38
1386 1432 10 39
1386 1433 10 40
1386 1434 10 41
1386 1435 10 42
1386 1436 10 43
1386 1437 10 44
1386 1438 10 45
1387 1399 10 36
1387 1400 10 37
1387 1401 10 38
1387 1402 10 39
1387 1403 10 40
1387 1404 10 41
1387 1405 10 42
1387 1406 10 43
1387 1407 10 44
1387 1408 10 45
1387 1409 10 46
1387 1410 10 47
1387 1411 10 48
1387 1412 10 49
1387 1413 10 50
1387 1414 10 51
1387 1415 10 52
1387 1416 10 53
1387 1417 10 54
1387 1418 10 55
1387 1419 10 56
1387 1420 10 57
1387 1421 10 58
1387 1422 10 59
1387 1423 10 60
1387 1424 10 1
1387 1425 10 2
1387 1426 10 3
1387 1427 10 4
1387 1428 10 35
1387 1429 10 36
1387 1430 10 37
1387 1431 10 38
1387 1432 10 39
1387 1433 10 40
1387 1434 10 41
1387 1435 10 42
1387 1436 10 43
1387 1437 10 44
1387 1438 10 45
1388 1399 10 36
1388 1400 10 37
1388 1401 10 38
1388 1402 10 39
1388 1403 10 40
1388 1404 10 41
1388 1405 10 42
1388 1406 10 43
1388 1407 10 44
1388 1408 10 45
1388 1409 10 46
1388 1410 10 47
1388 1411 10 48
1388 1412 10 49
1388 1413 10 50
1388 1414 10 51
1388 1415 10 52
1388 1416 10 53
1388 1417 10 54
1388 1418 10 55
1388 1419 10 56
1388 1420 10 57
1388 1421 10 58
1388 1422 10 59
1388 1423 10 60
1388 1424 10 1
1388 1425 10 2
1388 1426 10 3
1388 1427 10 4
1388 1428 10 35
1388 1429 10 36
1388 1430 10 37
1388 1431 10 38
1388 1432 10 39
1388 1433 10 40
1388 1434 10 41
1388 1435 10 42
1388 1436 10 43
1388 1437 10 44
1388 1438 10 45
1389 1399 10 36
1389 1400 10 37
1389 1401 10 38
1389 1402 10 39
1389 1403 10 40
1389 1404 10 41
1389 1405 10 42
1389 1406 10 43
1389 1407 10 44
1389 1408 10 45
1389 1409 10 46
1389 1410 10 47
1389 1411 10 48
1389 1412 10 49
1389 1413 10 50
1389 1414 10 51
1389 1415 10 52
1389 1416 10 53
1389 1417 10 54
1389 1418 10 55
1389 1419 10 56
1389 1420 10 57
1389 1421 10 58
1389 1422 10 59
1389 1423 10 60
1389 1424 10 1
1389 1425 10 2
1389 1426 10 3
1389 1427 10 4
1389 1428 10 35
1389 1429 10 36
1389 1430 10 37
1389 1431 10 38
1389 1432 10 39
1389 1433 10 40
1389 1434 10 41
1389 1435 10 42
1389 1436 10 43
1389 1437 10 44
1389 1438 10 45
1390 1399 10 36
1390 1400 10 37
1390 1401 10 38
1390 1402 10 39
1390 1403 10 40
1390 1404 10 41
1390 1405 10 42
1390 1406 10 43
1390 1407 10 44
1390 1408 10 45
1390 1409 10 46
1390 1410 10 47
1390 1411 10 48
1390 1412 10 49
1390 1413 10 50
1390 1414 10 51
1390 1415 10 52
1390 1416 10 53
1390 1417 10 54
1390 1418 10 55
1390 1419 10 56
1390 1420 10 57
1390 1421 10 58
1390 1422 10 59
1390 1423 10 60
1390 1424 10 1
1390 1425 10 2
1390 1426 10 3
1390 1427 10 4
1390 1428 10 35
1390 1429 10 36
1390 1430 10 37
1390 1431 10 38
1390 1432 10 39
1390 1433 10 40
1390 1434 10 41
1390 1435 10 42
1390 1436 10 43
1390 1437 10 44
1390 1438 10 45
1391 1399 10 36
1391 1400 10 37
1391 1401 10 38
1391 1402 10 39
1391 1403 10 40
1391 1404 10 41
1391 1405 10 42
1391 1406 10 43
1391 1407 10 44
1391 1408 10 45
1391 1409 10 46
1391 1410 10 47
1391 1411 10 48
1391 1412 10 49
1391 1413 10 50
1391 1414 10 51
1391 1415 10 52
1391 1416 10 53
1391 1417 10 54
1391 1418 10 55
1391 1419 10 56
1391 1420 10 57
1391 1421 10 58
1391 1422 10 59
1391 1423 10 60
1391 1424 10 1
1391 1425 10 2
1391 1426 10 3
1391 1427 10 4
1391 1428 10 35
1391 1429 10 36
1391 1430 10 37
1391 1431 10 38
1391 1432 10 39
1391 1433 10 40
1391 1434 10 41
1391 1435 10 42
1391 1436 10 43
1391 1437 10 44
1391 1438 10 45
1392 1399 10 36
1392 1400 10 37
1392 1401 10 38
1392 1402 10 39
1392 1403 10 40
1392 1404 10 41
1392 1405 10 42
1392 1406 10 43
1392 1407 10 44
1392 1408 10 45
1392 1409 10 46
1392 1410 10 47
1392 1411 10 48
1392 1412 10 49
1392 1413 10 50
1392 1414 10 51
1392 1415 10 52
1392 1416 10 53
1392 1417 10 54
1392 1418 10 55
1392 1419 10 56
1392 1420 10 57
1392 1421 10 58
1392 1422 10 59
1392 1423 10 60
1392 1424 10 1
1392 1425 10 2
1392 1426 10 3
1392 1427 10 4
1392 1428 10 35
1392 1429 10 36
1392 1430 10 37
1392 1431 10 38
1392 1432 10 39
1392 1433 10 40
1392 1434 10 41
1392 1435 10 42
1392 1436 10 43
1392 1437 10 44
1392 1438 10 45
1393 1399 10 36
1393 1400 10 37
1393 1401 10 38
1393 1402 10 39
1393 1403 10 40
1393 1404 10 41
1393 1405 10 42
1393 1406 10 43
1393 1407 10 44
1393 1408 10 45
1393 1409 10 46
1393 1410 10 47
1393 1411 10 48
1393 1412 10 49
1393 1413 10 50
1393 1414 10 51
1393 1415 10 52
1393 1416 10 53
1393 1417 10 54
1393 1418 10 55
1393 1419 10 56
1393 1420 10 57
1393 1421 10 58
1393 1422 10 59
1393 1423 10 60
1393 1424 10 1
1393 1425 10 2
1393 1426 10 3
1393 1427 10 4
1393 1428 10 35
1393 1429 10 36
1393 1430 10 37
1393 1431 10 38
1393 1432 10 39
1393 1433 10 40
1393 1434 10 41
1393 1435 10 42
1393 1436 10 43
1393 1437 10 44
1393 1438 10 45
1394 1399 10 36
1394 1400 10 37
1394 1401 10 38
1394 1402 10 39
1394 1403 10 40
1394 1404 10 41
1394 1405 10 42
1394 1406 10 43
1394 1407 10 44
1394 1408 10 45
1394 1409 10 46
1394 1410 10 47
1394 1411 10 48
1394 1412 10 49
1394 1413 10 50
1394 1414 10 51
1394 1415 10 52
1394 1416 10 53
1394 1417 10 54
1394 1418 10 55
1394 1419 10 56
1394 1420 10 57
1394 1421 10 58
1394 1422 10 59
1394 1423 10 60
1394 1424 10 1
1394 1425 10 2
1394 1426 10 3
1394 1427 10 4
1394 1428 10 35
1394 1429 10 36
1394 1430 10 37
1394 1431 10 38
1394 1432 10 39
1394 1433 10 40
1394 1434 10 41
1394 1435 10 42
1394 1436 10 43
1394 1437 10 44
1394 1438 10 45
1395 1399 10 36
1395 1400 10 37
1395 1401 10 38
1395 1402 10 39
1395 1403 10 40
1395 1404 10 41
1395 1405 10 42
1395 1406 10 43
1395 1407 10 44
1395 1408 10 45
1395 1409 10 46
1395 1410 10 47
1395 1411 10 48
1395 1412 10 49
1395 1413 10 50
1395 1414 10 51
1395 1415 10 52
1395 1416 10 53
1395 1417 10 54
1395 1418 10 55
1395 1419 10 56
1395 1420 10 57
1395 1421 10 58
1395 1422 10 59
1395 1423 10 60
1395 1424 10 1
1395 1425 10 2
1395 1426 10 3
1395 1427 10 4
1395 1428 10 35
1395 1429 10 36
1395 1430 10 37
1395 1431 10 38
1395 1432 10 39
1395 1433 10 40
1395 1434 10 41
1395 1435 10 42
1395 1436 10 43
1395 1437 10 44
1395 1438 10 45
1396 1399 10 36
1396 1400 10 37
1396 1401 10 38
1396 1402 10 39
1396 1403 10 40
1396 1404 10 41
1396 1405 10 42
1396 1406 10 43
1396 1407 10 44
1396 1408 10 45
1396 1409 10 46
1396 1410 10 47
1396 1411 10 48
1396 1412 10 49
1396 1413 10 50
1396 1414 10 51
1396 1415 10 52
1396 1416 10 53
1396 1417 10 54
1396 1418 10 55
1396 1419 10 56
1396 1420 10 57
1396 1421 10 58
1396 1422 10 59
1396 1423 10 60
1396 1424 10 1
1396 1425 10 2
1396 1426 10 3
1396 1427 10 4
1396 1428 10 35
1396 1429 10 36
1396 1430 10 37
1396 1431 10 38
1396 1432 10 39
1396 1433 10 40
1396 1434 10 41
1396 1435 10 42
1396 1436 10 43
1396 1437 10 44
1396 1438 10 45
1397 1399 10 36
1397 1400 10 37
1397 1401 10 38
1397 1402 10 39
1397 1403 10 40
1397 1404 10 41
1397 1405 10 42
1397 1406 10 43
1397 1407 10 44
1397 1408 10 45
1397 1409 10 46
1397 1410 10 47
1397 1411 10 48
1397 1412 10 49
1397 1413 10 50
1397 1414 10 51
1397 1415 10 52
1397 1416 10 53
1397 1417 10 54
1397 1418 10 55
1397 1419 10 56
1397 1420 10 57
1397 1421 10 58
1397 1422 10 59
1397 1423 10 60
1397 1424 10 1
1397 1425 10 2
1397 1426 10 3
1397 1427 10 4
1397 1428 10 35
1397 1429 10 36
1397 1430 10 37
1397 1431 10 38
1397 1432 10 39
1397 1433 10 40
1397 1434 10 41
1397 1435 10 42
1397 1436 10 43
1397 1437 10 44
1397 1438 10 45
1398 1399 10 36
1398 1400 10 37
1398 1401 10 38
1398 1402 10 39
1398 1403 10 40
1398 1404 10 41
1398 1405 10 42
1398 1406 10 43
1398 1407 10 44
1398 1408 10 45
1398 1409 10 46
1398 1410 10 47
1398 1411 10 48
1398 1412 10 49
1398 1413 10 50
1398 1414 10 51
1398 1415 10 52
1398 1416 10 53
1398 1417 10 54
1398 1418 10 55
1398 1419 10 56
1398 1420 10 57
1398 1421 10 58
1398 1422 10 59
1398 1423 10 60
1398 1424 10 1
1398 1425 10 2
1398 1426 10 3
1398 1427 10 4
1398 1428 10 35
1398 1429 10 36
1398 1430 10 37
1398 1431 10 38
1398 1432 10 39
1398 1433 10 40
1398 1434 10 41
1398 1435 10 42
1398 1436 10 43
1398 1437 10 44
1398 1438 10 45
1399 2 10 1
1400 2 10 1
1401 2 10 1
1402 2 10 1
1403 2 10 1
1404 2 10 1
1405 2 10 1
1406 2 10 1
1407 2 10 1
1408 2 10 1
1409 2 10 1
1410 2 10 1
1411 2 10 1
1412 2 10 1
1413 2 10 1
1414 2 10 1
1415 2 10 1
1416 2 10 1
1417 2 10 1
1418 2 10 1
1419 2 10 1
1420 2 10 1
1421 2 10 1
1422 2 10 1
1423 2 10 1
1424 2 10 1
1425 2 10 1
1426 2 10 1
1427 2 10 1
1428 2 10 1
1429 2 10 1
1430 2 10 1
1431 2 10 1
1432 2 10 1
1433 2 10 1
1434 2 10 1
1435 2 10 1
1436 2 10 1
1437 2 10 1
1438 2 10 1
